date,jobcountry,remote_share_postings
2019-01-01,AU,2.86197162172201
2019-01-01,CA,2.69728351054022
2019-01-01,DE,3.3822108240001
2019-01-01,FR,1.93027721553712
2019-01-01,GB,2.84124667672434
2019-01-01,IE,4.02926342625949
2019-01-01,US,2.49601839486266
2019-01-02,AU,2.86632583315755
2019-01-02,CA,2.70142955726434
2019-01-02,DE,3.39167181992833
2019-01-02,FR,1.93551119493001
2019-01-02,GB,2.84707717081607
2019-01-02,IE,4.03342933283944
2019-01-02,US,2.50257420922096
2019-01-03,AU,2.86166997417069
2019-01-03,CA,2.69835716234615
2019-01-03,DE,3.3933351239734
2019-01-03,FR,1.93587917339254
2019-01-03,GB,2.83330630415923
2019-01-03,IE,4.01057883387667
2019-01-03,US,2.50851500210983
2019-01-04,AU,2.8552273756452
2019-01-04,CA,2.70591613083298
2019-01-04,DE,3.3975685617906
2019-01-04,FR,1.9394858169844
2019-01-04,GB,2.82112556617371
2019-01-04,IE,3.98937214546298
2019-01-04,US,2.49479690901628
2019-01-05,AU,2.85750216461336
2019-01-05,CA,2.71093516309003
2019-01-05,DE,3.40232668305939
2019-01-05,FR,1.94685671747162
2019-01-05,GB,2.80159186310738
2019-01-05,IE,3.95251311915039
2019-01-05,US,2.48692202056439
2019-01-06,AU,2.86198554563232
2019-01-06,CA,2.71144388155902
2019-01-06,DE,3.40550602047092
2019-01-06,FR,1.94970959820252
2019-01-06,GB,2.79937185156342
2019-01-06,IE,3.93979642523832
2019-01-06,US,2.48417910800851
2019-01-07,AU,2.8678132300278
2019-01-07,CA,2.71126698162163
2019-01-07,DE,3.40739257157551
2019-01-07,FR,1.9527299799726
2019-01-07,GB,2.79868832842724
2019-01-07,IE,3.94385574134056
2019-01-07,US,2.48063540951398
2019-01-08,AU,2.86558272269615
2019-01-08,CA,2.71225328222668
2019-01-08,DE,3.41627419821369
2019-01-08,FR,1.95758435780643
2019-01-08,GB,2.78958582864811
2019-01-08,IE,3.93804725024692
2019-01-08,US,2.47365376256648
2019-01-09,AU,2.85605696208274
2019-01-09,CA,2.71546639621947
2019-01-09,DE,3.41727409131201
2019-01-09,FR,1.96183885967938
2019-01-09,GB,2.77137326947152
2019-01-09,IE,3.92024767759062
2019-01-09,US,2.46319902722648
2019-01-10,AU,2.85099513944148
2019-01-10,CA,2.72060843348976
2019-01-10,DE,3.42222014895183
2019-01-10,FR,1.96394118580473
2019-01-10,GB,2.76070642943532
2019-01-10,IE,3.90077071288376
2019-01-10,US,2.45272091285867
2019-01-11,AU,2.84791306112961
2019-01-11,CA,2.71974611013871
2019-01-11,DE,3.42695507985402
2019-01-11,FR,1.96520001583878
2019-01-11,GB,2.76144709409017
2019-01-11,IE,3.88353431544143
2019-01-11,US,2.45288386128485
2019-01-12,AU,2.84262024302205
2019-01-12,CA,2.71891028768375
2019-01-12,DE,3.42695630173995
2019-01-12,FR,1.96631054009621
2019-01-12,GB,2.75987182515452
2019-01-12,IE,3.86324349169732
2019-01-12,US,2.44986683963825
2019-01-13,AU,2.83381854281491
2019-01-13,CA,2.71735410815099
2019-01-13,DE,3.42880955097999
2019-01-13,FR,1.96844440191208
2019-01-13,GB,2.7584494616737
2019-01-13,IE,3.84626821097284
2019-01-13,US,2.44753000150484
2019-01-14,AU,2.8213690612099
2019-01-14,CA,2.72033476381649
2019-01-14,DE,3.42911838217101
2019-01-14,FR,1.96985043420992
2019-01-14,GB,2.7578437071571
2019-01-14,IE,3.81962146021734
2019-01-14,US,2.44620654454329
2019-01-15,AU,2.80692193911951
2019-01-15,CA,2.72689211375594
2019-01-15,DE,3.42940578313701
2019-01-15,FR,1.97342251723796
2019-01-15,GB,2.75913223923916
2019-01-15,IE,3.78565236672985
2019-01-15,US,2.44707372107868
2019-01-16,AU,2.79228350096503
2019-01-16,CA,2.72906815177995
2019-01-16,DE,3.43306391311714
2019-01-16,FR,1.97401711480889
2019-01-16,GB,2.75163946913584
2019-01-16,IE,3.75706984309755
2019-01-16,US,2.45011261048946
2019-01-17,AU,2.77510387012497
2019-01-17,CA,2.73180638960039
2019-01-17,DE,3.43405554389868
2019-01-17,FR,1.9815351208597
2019-01-17,GB,2.76060509057902
2019-01-17,IE,3.73392656365205
2019-01-17,US,2.45271404059203
2019-01-18,AU,2.75450925903489
2019-01-18,CA,2.73419714773228
2019-01-18,DE,3.43468638828891
2019-01-18,FR,1.9908984952051
2019-01-18,GB,2.7600291817719
2019-01-18,IE,3.72045060969363
2019-01-18,US,2.45403580251312
2019-01-19,AU,2.73642441517063
2019-01-19,CA,2.73645474957789
2019-01-19,DE,3.43788340913724
2019-01-19,FR,1.99632135088984
2019-01-19,GB,2.76196658224322
2019-01-19,IE,3.72147699926214
2019-01-19,US,2.4541459235273
2019-01-20,AU,2.71668964727017
2019-01-20,CA,2.74434723948068
2019-01-20,DE,3.4400765347524
2019-01-20,FR,2.00322721090116
2019-01-20,GB,2.76101471685228
2019-01-20,IE,3.70973454970343
2019-01-20,US,2.45628870674633
2019-01-21,AU,2.69358340453739
2019-01-21,CA,2.7477407591857
2019-01-21,DE,3.44475208397047
2019-01-21,FR,2.00919506356383
2019-01-21,GB,2.76210439163899
2019-01-21,IE,3.70046737493578
2019-01-21,US,2.4590554083565
2019-01-22,AU,2.67638184423315
2019-01-22,CA,2.74716199646681
2019-01-22,DE,3.44264984033962
2019-01-22,FR,2.01523801851845
2019-01-22,GB,2.75807028462513
2019-01-22,IE,3.68520755049564
2019-01-22,US,2.46020604216667
2019-01-23,AU,2.66679055178426
2019-01-23,CA,2.74896862721569
2019-01-23,DE,3.45118776200009
2019-01-23,FR,2.02335932530325
2019-01-23,GB,2.76803582556976
2019-01-23,IE,3.66939947060143
2019-01-23,US,2.46336975166622
2019-01-24,AU,2.65282607567551
2019-01-24,CA,2.75152142782914
2019-01-24,DE,3.45974385266014
2019-01-24,FR,2.02638657644849
2019-01-24,GB,2.76162016069678
2019-01-24,IE,3.66059910508436
2019-01-24,US,2.46527325840469
2019-01-25,AU,2.6455392307181
2019-01-25,CA,2.75194691816402
2019-01-25,DE,3.46530130742018
2019-01-25,FR,2.0268354295068
2019-01-25,GB,2.75650678108448
2019-01-25,IE,3.6343036491872
2019-01-25,US,2.47806776330553
2019-01-26,AU,2.63931272773807
2019-01-26,CA,2.75299767458954
2019-01-26,DE,3.47363300796554
2019-01-26,FR,2.0272903156143
2019-01-26,GB,2.7539059049351
2019-01-26,IE,3.60798758012026
2019-01-26,US,2.4924179584596
2019-01-27,AU,2.63421300366136
2019-01-27,CA,2.75103921458451
2019-01-27,DE,3.4832215530626
2019-01-27,FR,2.0244066593774
2019-01-27,GB,2.75087968434217
2019-01-27,IE,3.58385482071793
2019-01-27,US,2.5040517697421
2019-01-28,AU,2.63653488242963
2019-01-28,CA,2.74071151562582
2019-01-28,DE,3.49408003206586
2019-01-28,FR,2.02487034332825
2019-01-28,GB,2.74701649646181
2019-01-28,IE,3.54792071954878
2019-01-28,US,2.51429363817114
2019-01-29,AU,2.64581703348767
2019-01-29,CA,2.73349553752282
2019-01-29,DE,3.51147215628294
2019-01-29,FR,2.02138655013595
2019-01-29,GB,2.74923020585941
2019-01-29,IE,3.51317847234638
2019-01-29,US,2.52407749529598
2019-01-30,AU,2.65300413281441
2019-01-30,CA,2.71412290743282
2019-01-30,DE,3.51654236439672
2019-01-30,FR,2.01776146357395
2019-01-30,GB,2.75235727127482
2019-01-30,IE,3.49034246952583
2019-01-30,US,2.53229085616211
2019-01-31,AU,2.66611230769608
2019-01-31,CA,2.70554913912007
2019-01-31,DE,3.52240398436734
2019-01-31,FR,2.01278475476011
2019-01-31,GB,2.75384125759348
2019-01-31,IE,3.46676053278106
2019-01-31,US,2.54067793301965
2019-02-01,AU,2.67396619826648
2019-02-01,CA,2.70141486353446
2019-02-01,DE,3.52798996261362
2019-02-01,FR,2.00861968105222
2019-02-01,GB,2.75334068233876
2019-02-01,IE,3.46641087982783
2019-02-01,US,2.53899056266676
2019-02-02,AU,2.67941314628599
2019-02-02,CA,2.69648201566763
2019-02-02,DE,3.52355835868995
2019-02-02,FR,2.00537089456584
2019-02-02,GB,2.75270598373446
2019-02-02,IE,3.46230646877857
2019-02-02,US,2.53678409942894
2019-02-03,AU,2.68485586930016
2019-02-03,CA,2.68915304633508
2019-02-03,DE,3.49819965895293
2019-02-03,FR,2.00421346835568
2019-02-03,GB,2.75436685704658
2019-02-03,IE,3.46044432922992
2019-02-03,US,2.53486890241455
2019-02-04,AU,2.67878816623128
2019-02-04,CA,2.69246146506946
2019-02-04,DE,3.47133979709575
2019-02-04,FR,2.00094489891458
2019-02-04,GB,2.75845159010477
2019-02-04,IE,3.4663237839447
2019-02-04,US,2.5341776226066
2019-02-05,AU,2.66805824423476
2019-02-05,CA,2.69817506009012
2019-02-05,DE,3.4658203995264
2019-02-05,FR,2.00240042598159
2019-02-05,GB,2.76178375784659
2019-02-05,IE,3.47879377982134
2019-02-05,US,2.53285607659162
2019-02-06,AU,2.65364932208091
2019-02-06,CA,2.71016211525351
2019-02-06,DE,3.4695112193646
2019-02-06,FR,2.00207727984477
2019-02-06,GB,2.76532641831337
2019-02-06,IE,3.47059911966526
2019-02-06,US,2.53178785376635
2019-02-07,AU,2.64236529761516
2019-02-07,CA,2.71216580650925
2019-02-07,DE,3.46396484158143
2019-02-07,FR,2.00410762177979
2019-02-07,GB,2.77032584874186
2019-02-07,IE,3.46704419056469
2019-02-07,US,2.53070180407478
2019-02-08,AU,2.63420243262283
2019-02-08,CA,2.71260509169862
2019-02-08,DE,3.46436108521927
2019-02-08,FR,2.0064952254967
2019-02-08,GB,2.7780113755239
2019-02-08,IE,3.45481360053613
2019-02-08,US,2.52806507796188
2019-02-09,AU,2.62265285759239
2019-02-09,CA,2.70975255204453
2019-02-09,DE,3.4722208038113
2019-02-09,FR,2.00755433933884
2019-02-09,GB,2.78304171147826
2019-02-09,IE,3.44933976467886
2019-02-09,US,2.52669554090909
2019-02-10,AU,2.61226485044061
2019-02-10,CA,2.71059391672157
2019-02-10,DE,3.4972961920388
2019-02-10,FR,2.0088131160799
2019-02-10,GB,2.78832011158895
2019-02-10,IE,3.4348649402241
2019-02-10,US,2.52431249562035
2019-02-11,AU,2.61185399481051
2019-02-11,CA,2.71008854719286
2019-02-11,DE,3.52245843124078
2019-02-11,FR,2.01125008152729
2019-02-11,GB,2.78662406484185
2019-02-11,IE,3.43272449957398
2019-02-11,US,2.52242608041694
2019-02-12,AU,2.61178216355712
2019-02-12,CA,2.70374239425719
2019-02-12,DE,3.52367034190355
2019-02-12,FR,2.00543050217266
2019-02-12,GB,2.78750616417005
2019-02-12,IE,3.43406197128653
2019-02-12,US,2.5240148630936
2019-02-13,AU,2.61867718167266
2019-02-13,CA,2.69816897948203
2019-02-13,DE,3.5227443545144
2019-02-13,FR,2.00157574857868
2019-02-13,GB,2.78797811850556
2019-02-13,IE,3.44525863826037
2019-02-13,US,2.52557517884575
2019-02-14,AU,2.63243891571368
2019-02-14,CA,2.69281845540183
2019-02-14,DE,3.53143660240551
2019-02-14,FR,2.0004803221114
2019-02-14,GB,2.78917471014936
2019-02-14,IE,3.45261837305937
2019-02-14,US,2.52714700183609
2019-02-15,AU,2.64307666628406
2019-02-15,CA,2.68435853046706
2019-02-15,DE,3.53421700233759
2019-02-15,FR,1.99902392442753
2019-02-15,GB,2.78861582868376
2019-02-15,IE,3.45973124316045
2019-02-15,US,2.53048663935269
2019-02-16,AU,2.65070197448518
2019-02-16,CA,2.67942459288513
2019-02-16,DE,3.53718826611792
2019-02-16,FR,1.99958284154752
2019-02-16,GB,2.78907291694778
2019-02-16,IE,3.46958302524195
2019-02-16,US,2.5291709256586
2019-02-17,AU,2.66189273518882
2019-02-17,CA,2.67404006787381
2019-02-17,DE,3.54027436731105
2019-02-17,FR,1.99977952462784
2019-02-17,GB,2.78967133885741
2019-02-17,IE,3.49170074958912
2019-02-17,US,2.53007140725091
2019-02-18,AU,2.67063728439707
2019-02-18,CA,2.66893251032246
2019-02-18,DE,3.54421389201689
2019-02-18,FR,1.99975147323983
2019-02-18,GB,2.79341770714083
2019-02-18,IE,3.49717936170437
2019-02-18,US,2.53061844547308
2019-02-19,AU,2.67759901520302
2019-02-19,CA,2.66524549320346
2019-02-19,DE,3.54837754858695
2019-02-19,FR,2.00456532544505
2019-02-19,GB,2.78366769416441
2019-02-19,IE,3.48314543525699
2019-02-19,US,2.52815199942191
2019-02-20,AU,2.68871948083432
2019-02-20,CA,2.66780213401106
2019-02-20,DE,3.54921841960931
2019-02-20,FR,2.01089777914019
2019-02-20,GB,2.78532752506714
2019-02-20,IE,3.48504160294801
2019-02-20,US,2.52555305262838
2019-02-21,AU,2.68951969719325
2019-02-21,CA,2.67259479611071
2019-02-21,DE,3.54703468258998
2019-02-21,FR,2.01198382443393
2019-02-21,GB,2.7835451517735
2019-02-21,IE,3.48167122743163
2019-02-21,US,2.52692952041067
2019-02-22,AU,2.68506320252054
2019-02-22,CA,2.68071145506905
2019-02-22,DE,3.54884659349343
2019-02-22,FR,2.01373874321043
2019-02-22,GB,2.78531422123892
2019-02-22,IE,3.48171685953028
2019-02-22,US,2.52737196671858
2019-02-23,AU,2.69752267487692
2019-02-23,CA,2.69106805978601
2019-02-23,DE,3.55248598037281
2019-02-23,FR,2.016262275655
2019-02-23,GB,2.7891068663153
2019-02-23,IE,3.47773594040348
2019-02-23,US,2.53213438366331
2019-02-24,AU,2.70818208645032
2019-02-24,CA,2.70140356653087
2019-02-24,DE,3.55898175423988
2019-02-24,FR,2.01776074883873
2019-02-24,GB,2.791782252061
2019-02-24,IE,3.46966789223
2019-02-24,US,2.53565139823225
2019-02-25,AU,2.72223916920404
2019-02-25,CA,2.71281854067804
2019-02-25,DE,3.56310815305671
2019-02-25,FR,2.01905443390377
2019-02-25,GB,2.79496976740373
2019-02-25,IE,3.46689929047949
2019-02-25,US,2.54001861467517
2019-02-26,AU,2.7361197079836
2019-02-26,CA,2.72328967649967
2019-02-26,DE,3.56587429807841
2019-02-26,FR,2.0223539479525
2019-02-26,GB,2.80973946233291
2019-02-26,IE,3.46978203901467
2019-02-26,US,2.54208534715595
2019-02-27,AU,2.74073590891483
2019-02-27,CA,2.72995725746291
2019-02-27,DE,3.56838201268387
2019-02-27,FR,2.02881398402968
2019-02-27,GB,2.81370122236468
2019-02-27,IE,3.45760557706365
2019-02-27,US,2.54181611390958
2019-02-28,AU,2.7446581428504
2019-02-28,CA,2.72853883133784
2019-02-28,DE,3.57287322987996
2019-02-28,FR,2.03723978574625
2019-02-28,GB,2.82048063848943
2019-02-28,IE,3.45279045835092
2019-02-28,US,2.54016158723875
2019-03-01,AU,2.75587247505003
2019-03-01,CA,2.73117505456179
2019-03-01,DE,3.58002720477263
2019-03-01,FR,2.04157880752541
2019-03-01,GB,2.82670597969558
2019-03-01,IE,3.44794952154724
2019-03-01,US,2.53736643100285
2019-03-02,AU,2.75600421047673
2019-03-02,CA,2.73164621944895
2019-03-02,DE,3.58825633006121
2019-03-02,FR,2.04606104913644
2019-03-02,GB,2.82736908716976
2019-03-02,IE,3.43981979007294
2019-03-02,US,2.53625158921842
2019-03-03,AU,2.7573707895769
2019-03-03,CA,2.7288215427389
2019-03-03,DE,3.59494573398731
2019-03-03,FR,2.05157667861522
2019-03-03,GB,2.82769374905691
2019-03-03,IE,3.43247851335473
2019-03-03,US,2.53500963377878
2019-03-04,AU,2.75618090140524
2019-03-04,CA,2.72700862032607
2019-03-04,DE,3.6034474567002
2019-03-04,FR,2.05678278236795
2019-03-04,GB,2.8279300618847
2019-03-04,IE,3.42204472733201
2019-03-04,US,2.53358261468542
2019-03-05,AU,2.75328203724488
2019-03-05,CA,2.72761793408316
2019-03-05,DE,3.61633301475755
2019-03-05,FR,2.06295317057294
2019-03-05,GB,2.82908884755556
2019-03-05,IE,3.4122349846775
2019-03-05,US,2.53642368896779
2019-03-06,AU,2.76092546976143
2019-03-06,CA,2.74172241934034
2019-03-06,DE,3.63085409585179
2019-03-06,FR,2.0660569786889
2019-03-06,GB,2.85948377675684
2019-03-06,IE,3.40830136282725
2019-03-06,US,2.54354562297058
2019-03-07,AU,2.77277058414427
2019-03-07,CA,2.7455199763416
2019-03-07,DE,3.64591641725704
2019-03-07,FR,2.06968680828645
2019-03-07,GB,2.85659771676455
2019-03-07,IE,3.39179605045405
2019-03-07,US,2.54309912963917
2019-03-08,AU,2.78337219035096
2019-03-08,CA,2.74324986881188
2019-03-08,DE,3.65926884635366
2019-03-08,FR,2.07863970707592
2019-03-08,GB,2.85261045585767
2019-03-08,IE,3.3679991118932
2019-03-08,US,2.54179552046634
2019-03-09,AU,2.79124434148181
2019-03-09,CA,2.74117288540645
2019-03-09,DE,3.6702108314152
2019-03-09,FR,2.08652199250289
2019-03-09,GB,2.85250788775266
2019-03-09,IE,3.34770837005593
2019-03-09,US,2.53807749411195
2019-03-10,AU,2.79607225148389
2019-03-10,CA,2.7416027019257
2019-03-10,DE,3.68082613143808
2019-03-10,FR,2.09269991580919
2019-03-10,GB,2.85232427241914
2019-03-10,IE,3.32682362120313
2019-03-10,US,2.53500791379069
2019-03-11,AU,2.80153434616776
2019-03-11,CA,2.73948261032574
2019-03-11,DE,3.69024473359598
2019-03-11,FR,2.0975360736822
2019-03-11,GB,2.85213557187375
2019-03-11,IE,3.3077639980252
2019-03-11,US,2.53108657471475
2019-03-12,AU,2.81672973845277
2019-03-12,CA,2.7310742534722
2019-03-12,DE,3.69854976580728
2019-03-12,FR,2.10259458807058
2019-03-12,GB,2.84783736823314
2019-03-12,IE,3.29602221381719
2019-03-12,US,2.52545296089017
2019-03-13,AU,2.81900347282927
2019-03-13,CA,2.71225974182564
2019-03-13,DE,3.70414359316265
2019-03-13,FR,2.10887348205753
2019-03-13,GB,2.81404544414948
2019-03-13,IE,3.28833980135371
2019-03-13,US,2.51892020909541
2019-03-14,AU,2.82552208954266
2019-03-14,CA,2.70272921552645
2019-03-14,DE,3.71416553306958
2019-03-14,FR,2.11307505469327
2019-03-14,GB,2.81157066075391
2019-03-14,IE,3.29027439270492
2019-03-14,US,2.51452816642482
2019-03-15,AU,2.82920597279351
2019-03-15,CA,2.69414268704207
2019-03-15,DE,3.72073705463051
2019-03-15,FR,2.11080468033008
2019-03-15,GB,2.80467555319349
2019-03-15,IE,3.28449946342499
2019-03-15,US,2.51133766997183
2019-03-16,AU,2.83518451790356
2019-03-16,CA,2.68238964554148
2019-03-16,DE,3.72767343895403
2019-03-16,FR,2.10976235896758
2019-03-16,GB,2.8000298774386
2019-03-16,IE,3.27242908751787
2019-03-16,US,2.51019644196243
2019-03-17,AU,2.84177047483886
2019-03-17,CA,2.67515712265923
2019-03-17,DE,3.73395181709081
2019-03-17,FR,2.11089941484526
2019-03-17,GB,2.79203864971271
2019-03-17,IE,3.26500226451116
2019-03-17,US,2.5077700818934
2019-03-18,AU,2.85086680806952
2019-03-18,CA,2.6676946761905
2019-03-18,DE,3.74143655224555
2019-03-18,FR,2.11369656736477
2019-03-18,GB,2.78767780885122
2019-03-18,IE,3.25533441006329
2019-03-18,US,2.50505536455975
2019-03-19,AU,2.84964427372296
2019-03-19,CA,2.64648544396479
2019-03-19,DE,3.74272338879334
2019-03-19,FR,2.11501963665918
2019-03-19,GB,2.77588690919674
2019-03-19,IE,3.24455639285532
2019-03-19,US,2.48346710726758
2019-03-20,AU,2.84750689840697
2019-03-20,CA,2.6258169826176
2019-03-20,DE,3.7476664534638
2019-03-20,FR,2.11186217829648
2019-03-20,GB,2.76378328276173
2019-03-20,IE,3.22809641122942
2019-03-20,US,2.45933080386969
2019-03-21,AU,2.84088706999497
2019-03-21,CA,2.6095078747172
2019-03-21,DE,3.75550552366332
2019-03-21,FR,2.10879406012106
2019-03-21,GB,2.75550857938258
2019-03-21,IE,3.20415019144171
2019-03-21,US,2.43751907176602
2019-03-22,AU,2.8381591458103
2019-03-22,CA,2.59071935221959
2019-03-22,DE,3.76762860281227
2019-03-22,FR,2.10830730153262
2019-03-22,GB,2.75208231680974
2019-03-22,IE,3.18449677594261
2019-03-22,US,2.41588987623382
2019-03-23,AU,2.8375545634334
2019-03-23,CA,2.57293858315457
2019-03-23,DE,3.77844591503656
2019-03-23,FR,2.10664928022374
2019-03-23,GB,2.75101091886396
2019-03-23,IE,3.16994590049867
2019-03-23,US,2.39442306953403
2019-03-24,AU,2.83081024669515
2019-03-24,CA,2.55481846324617
2019-03-24,DE,3.79114569877493
2019-03-24,FR,2.10613916177805
2019-03-24,GB,2.75751013645963
2019-03-24,IE,3.15328072526175
2019-03-24,US,2.37287445934425
2019-03-25,AU,2.81980161969385
2019-03-25,CA,2.53576680094627
2019-03-25,DE,3.80383566265305
2019-03-25,FR,2.10695152889572
2019-03-25,GB,2.75819023069407
2019-03-25,IE,3.13667565172448
2019-03-25,US,2.35131605638066
2019-03-26,AU,2.81401482634042
2019-03-26,CA,2.53755801675277
2019-03-26,DE,3.82154983519416
2019-03-26,FR,2.10838703884391
2019-03-26,GB,2.76621161170058
2019-03-26,IE,3.12355706974908
2019-03-26,US,2.35023831532972
2019-03-27,AU,2.81920189100104
2019-03-27,CA,2.53853437771778
2019-03-27,DE,3.84444078723963
2019-03-27,FR,2.11211849311697
2019-03-27,GB,2.77114585915615
2019-03-27,IE,3.10841063158796
2019-03-27,US,2.35288868716387
2019-03-28,AU,2.81689064526629
2019-03-28,CA,2.54229894183794
2019-03-28,DE,3.8586007122841
2019-03-28,FR,2.1177098644903
2019-03-28,GB,2.7740704030122
2019-03-28,IE,3.10261788925983
2019-03-28,US,2.35791614134401
2019-03-29,AU,2.80902207416866
2019-03-29,CA,2.54580825825684
2019-03-29,DE,3.86763982446979
2019-03-29,FR,2.12459683702288
2019-03-29,GB,2.77278747260478
2019-03-29,IE,3.10145847860116
2019-03-29,US,2.36631607052011
2019-03-30,AU,2.79700102458778
2019-03-30,CA,2.54933426451345
2019-03-30,DE,3.87562631975917
2019-03-30,FR,2.12983031190039
2019-03-30,GB,2.76647800479166
2019-03-30,IE,3.10938639439218
2019-03-30,US,2.37309649906414
2019-03-31,AU,2.79395017813325
2019-03-31,CA,2.55449051169321
2019-03-31,DE,3.88508016445338
2019-03-31,FR,2.13403722574517
2019-03-31,GB,2.75554412519981
2019-03-31,IE,3.11394731138959
2019-03-31,US,2.38162743975367
2019-04-01,AU,2.79227844949263
2019-04-01,CA,2.56167677787872
2019-04-01,DE,3.89712652467657
2019-04-01,FR,2.13369782801311
2019-04-01,GB,2.74841818028051
2019-04-01,IE,3.11996775510627
2019-04-01,US,2.39067676645708
2019-04-02,AU,2.78811669812157
2019-04-02,CA,2.56550717632095
2019-04-02,DE,3.9066195964766
2019-04-02,FR,2.1344876938676
2019-04-02,GB,2.74712168088667
2019-04-02,IE,3.120075756304
2019-04-02,US,2.39777161008638
2019-04-03,AU,2.77929769611845
2019-04-03,CA,2.56782151552867
2019-04-03,DE,3.90833434405652
2019-04-03,FR,2.1334979846882
2019-04-03,GB,2.75349604418076
2019-04-03,IE,3.13406996381748
2019-04-03,US,2.4023201565828
2019-04-04,AU,2.77744398149815
2019-04-04,CA,2.56801018059877
2019-04-04,DE,3.90943781432843
2019-04-04,FR,2.13036968511178
2019-04-04,GB,2.75581521303195
2019-04-04,IE,3.14699954486771
2019-04-04,US,2.40412513959859
2019-04-05,AU,2.77972767789724
2019-04-05,CA,2.57223539088728
2019-04-05,DE,3.91091015026999
2019-04-05,FR,2.12889239079569
2019-04-05,GB,2.76102730784866
2019-04-05,IE,3.15830828282286
2019-04-05,US,2.40442985606421
2019-04-06,AU,2.77643905238207
2019-04-06,CA,2.57182616521037
2019-04-06,DE,3.91319461173612
2019-04-06,FR,2.12882584192405
2019-04-06,GB,2.76460023001046
2019-04-06,IE,3.15782868844755
2019-04-06,US,2.40468196120202
2019-04-07,AU,2.77086532964953
2019-04-07,CA,2.57272929966303
2019-04-07,DE,3.91373184100788
2019-04-07,FR,2.1285458534788
2019-04-07,GB,2.77519284055561
2019-04-07,IE,3.15769835351803
2019-04-07,US,2.40424311123809
2019-04-08,AU,2.77030982974638
2019-04-08,CA,2.57244754850692
2019-04-08,DE,3.91451429380544
2019-04-08,FR,2.13196803303847
2019-04-08,GB,2.78009060176535
2019-04-08,IE,3.15336079885258
2019-04-08,US,2.40368441521275
2019-04-09,AU,2.77472385975262
2019-04-09,CA,2.5724623572462
2019-04-09,DE,3.91914315080798
2019-04-09,FR,2.1363461212996
2019-04-09,GB,2.78157439068822
2019-04-09,IE,3.15926402847376
2019-04-09,US,2.40378602178017
2019-04-10,AU,2.78008888752096
2019-04-10,CA,2.57327139023252
2019-04-10,DE,3.92644748152058
2019-04-10,FR,2.14421045561951
2019-04-10,GB,2.77849198235646
2019-04-10,IE,3.14875123618514
2019-04-10,US,2.40399790816188
2019-04-11,AU,2.78659945806443
2019-04-11,CA,2.57401640016499
2019-04-11,DE,3.93462305544858
2019-04-11,FR,2.15081420132854
2019-04-11,GB,2.77813639445729
2019-04-11,IE,3.12928033273543
2019-04-11,US,2.40523312800509
2019-04-12,AU,2.79050439626175
2019-04-12,CA,2.57335664107228
2019-04-12,DE,3.94528112068831
2019-04-12,FR,2.15725166077037
2019-04-12,GB,2.77910505077614
2019-04-12,IE,3.12125291601988
2019-04-12,US,2.40636172900869
2019-04-13,AU,2.79053281404476
2019-04-13,CA,2.57186955866586
2019-04-13,DE,3.95448426573309
2019-04-13,FR,2.16243190367916
2019-04-13,GB,2.78180960550352
2019-04-13,IE,3.13253626616789
2019-04-13,US,2.40791183915248
2019-04-14,AU,2.79257510919603
2019-04-14,CA,2.57047043329921
2019-04-14,DE,3.96330122254225
2019-04-14,FR,2.16682782616475
2019-04-14,GB,2.78010474770051
2019-04-14,IE,3.15227495214732
2019-04-14,US,2.41081280513098
2019-04-15,AU,2.79063825560511
2019-04-15,CA,2.57107437215367
2019-04-15,DE,3.97189092053073
2019-04-15,FR,2.1684884415782
2019-04-15,GB,2.78160427695136
2019-04-15,IE,3.17476212454557
2019-04-15,US,2.41255651932149
2019-04-16,AU,2.78274930015322
2019-04-16,CA,2.57184935988277
2019-04-16,DE,3.97398840171915
2019-04-16,FR,2.17057823150319
2019-04-16,GB,2.78183589007918
2019-04-16,IE,3.18470946442117
2019-04-16,US,2.41933329523634
2019-04-17,AU,2.77826162279743
2019-04-17,CA,2.57319455625043
2019-04-17,DE,3.98104438147401
2019-04-17,FR,2.16818527323094
2019-04-17,GB,2.78308949340607
2019-04-17,IE,3.17274399043373
2019-04-17,US,2.42665146333463
2019-04-18,AU,2.77601871114718
2019-04-18,CA,2.57546573487946
2019-04-18,DE,3.98669948952056
2019-04-18,FR,2.16954908396117
2019-04-18,GB,2.8005485019832
2019-04-18,IE,3.17442229471987
2019-04-18,US,2.4340092009401
2019-04-19,AU,2.77534672011306
2019-04-19,CA,2.5740961636505
2019-04-19,DE,3.98244764505583
2019-04-19,FR,2.16712232543915
2019-04-19,GB,2.81434462385262
2019-04-19,IE,3.1773395327534
2019-04-19,US,2.4422096686851
2019-04-20,AU,2.78517540270927
2019-04-20,CA,2.5770285814266
2019-04-20,DE,3.98016236598518
2019-04-20,FR,2.16537481613908
2019-04-20,GB,2.83657353506439
2019-04-20,IE,3.17052871635007
2019-04-20,US,2.44779810387513
2019-04-21,AU,2.79347268754669
2019-04-21,CA,2.57691073781069
2019-04-21,DE,3.97649502371369
2019-04-21,FR,2.16700505230662
2019-04-21,GB,2.84943020256107
2019-04-21,IE,3.15460763153714
2019-04-21,US,2.45223919017058
2019-04-22,AU,2.80465806858984
2019-04-22,CA,2.57283506094992
2019-04-22,DE,3.96990401177097
2019-04-22,FR,2.16958868708863
2019-04-22,GB,2.86159955983183
2019-04-22,IE,3.1399582463282
2019-04-22,US,2.4571024092963
2019-04-23,AU,2.8209795430461
2019-04-23,CA,2.57375502819929
2019-04-23,DE,3.9685707392511
2019-04-23,FR,2.166721778037
2019-04-23,GB,2.87308990091409
2019-04-23,IE,3.12155191695686
2019-04-23,US,2.45770718716908
2019-04-24,AU,2.83158432828097
2019-04-24,CA,2.57233528535068
2019-04-24,DE,3.96146062240325
2019-04-24,FR,2.16685029237063
2019-04-24,GB,2.8869341054781
2019-04-24,IE,3.13587134795119
2019-04-24,US,2.45684917768371
2019-04-25,AU,2.83764139924149
2019-04-25,CA,2.56405489128127
2019-04-25,DE,3.94824611336085
2019-04-25,FR,2.16408284157802
2019-04-25,GB,2.884521396849
2019-04-25,IE,3.15726050455431
2019-04-25,US,2.45104651999437
2019-04-26,AU,2.84916252639424
2019-04-26,CA,2.56097751379235
2019-04-26,DE,3.94179299612043
2019-04-26,FR,2.16194834505277
2019-04-26,GB,2.887165329732
2019-04-26,IE,3.15223266064874
2019-04-26,US,2.44704976589358
2019-04-27,AU,2.86035481171654
2019-04-27,CA,2.55961973616038
2019-04-27,DE,3.93775956098304
2019-04-27,FR,2.1636173311392
2019-04-27,GB,2.88449476445167
2019-04-27,IE,3.14489416533656
2019-04-27,US,2.45182211754813
2019-04-28,AU,2.8680791127142
2019-04-28,CA,2.55995936064502
2019-04-28,DE,3.93521116698999
2019-04-28,FR,2.15877090387208
2019-04-28,GB,2.89145430779442
2019-04-28,IE,3.13610338215153
2019-04-28,US,2.4572931991717
2019-04-29,AU,2.88127588276981
2019-04-29,CA,2.56470567499903
2019-04-29,DE,3.9390833466369
2019-04-29,FR,2.15716829506618
2019-04-29,GB,2.89942081037684
2019-04-29,IE,3.12896269789425
2019-04-29,US,2.46292501718289
2019-04-30,AU,2.89562274876555
2019-04-30,CA,2.56369775391346
2019-04-30,DE,3.94886226416124
2019-04-30,FR,2.15643285139569
2019-04-30,GB,2.91221015506475
2019-04-30,IE,3.12915680551304
2019-04-30,US,2.46913403911135
2019-05-01,AU,2.89888895570403
2019-05-01,CA,2.56509167713952
2019-05-01,DE,3.94341275703602
2019-05-01,FR,2.15729728031462
2019-05-01,GB,2.91485792829592
2019-05-01,IE,3.12295481705343
2019-05-01,US,2.46868664178841
2019-05-02,AU,2.90456926607891
2019-05-02,CA,2.57074788978083
2019-05-02,DE,3.94325539873268
2019-05-02,FR,2.15841805434907
2019-05-02,GB,2.92346261250051
2019-05-02,IE,3.09329268746734
2019-05-02,US,2.47325875994993
2019-05-03,AU,2.90846337621141
2019-05-03,CA,2.57807907121145
2019-05-03,DE,3.95032800844854
2019-05-03,FR,2.1627945332522
2019-05-03,GB,2.92987961622246
2019-05-03,IE,3.08333053788516
2019-05-03,US,2.47466372905316
2019-05-04,AU,2.90832339584374
2019-05-04,CA,2.58002544051042
2019-05-04,DE,3.95119113853886
2019-05-04,FR,2.16336163140229
2019-05-04,GB,2.93726621273131
2019-05-04,IE,3.07613391421584
2019-05-04,US,2.46687341021164
2019-05-05,AU,2.90991956445821
2019-05-05,CA,2.58103728881783
2019-05-05,DE,3.95262619170392
2019-05-05,FR,2.16578767611322
2019-05-05,GB,2.94387804468343
2019-05-05,IE,3.07264923576506
2019-05-05,US,2.45849596966789
2019-05-06,AU,2.90176900867912
2019-05-06,CA,2.58129548266969
2019-05-06,DE,3.95663329421826
2019-05-06,FR,2.16581817219557
2019-05-06,GB,2.94968272569421
2019-05-06,IE,3.06407950987057
2019-05-06,US,2.44902356353314
2019-05-07,AU,2.89592710980914
2019-05-07,CA,2.58463740784472
2019-05-07,DE,3.95469862055674
2019-05-07,FR,2.1666121783151
2019-05-07,GB,2.9611592426386
2019-05-07,IE,3.06515976848892
2019-05-07,US,2.44312028593839
2019-05-08,AU,2.89420842140274
2019-05-08,CA,2.58334287083507
2019-05-08,DE,3.95778731337741
2019-05-08,FR,2.16504707441098
2019-05-08,GB,2.97704505030132
2019-05-08,IE,3.07013502331846
2019-05-08,US,2.44171041538807
2019-05-09,AU,2.8916319072168
2019-05-09,CA,2.58257653687615
2019-05-09,DE,3.96254315442847
2019-05-09,FR,2.16921984463782
2019-05-09,GB,2.98683740382001
2019-05-09,IE,3.09273067368324
2019-05-09,US,2.44037778675126
2019-05-10,AU,2.89295644327814
2019-05-10,CA,2.58097282238759
2019-05-10,DE,3.96934898933263
2019-05-10,FR,2.17361763058259
2019-05-10,GB,2.99623621185404
2019-05-10,IE,3.10229074649701
2019-05-10,US,2.43977225336419
2019-05-11,AU,2.89368906245454
2019-05-11,CA,2.57971099665494
2019-05-11,DE,3.98039694068249
2019-05-11,FR,2.17913657599971
2019-05-11,GB,3.00631900560714
2019-05-11,IE,3.1021398922566
2019-05-11,US,2.44224797160492
2019-05-12,AU,2.8939385079962
2019-05-12,CA,2.58040525700403
2019-05-12,DE,3.98193126983499
2019-05-12,FR,2.1861804380157
2019-05-12,GB,3.01627804052004
2019-05-12,IE,3.10388888219669
2019-05-12,US,2.44477497206072
2019-05-13,AU,2.89536449695944
2019-05-13,CA,2.57884218321674
2019-05-13,DE,3.97468927436111
2019-05-13,FR,2.19254507521311
2019-05-13,GB,3.02875084224036
2019-05-13,IE,3.11061599856879
2019-05-13,US,2.44868640894828
2019-05-14,AU,2.8885463211464
2019-05-14,CA,2.5774561264299
2019-05-14,DE,3.9646502692776
2019-05-14,FR,2.19125225686791
2019-05-14,GB,3.03129237480819
2019-05-14,IE,3.12267583690621
2019-05-14,US,2.44915972594894
2019-05-15,AU,2.8868339429715
2019-05-15,CA,2.57898349493224
2019-05-15,DE,3.96395283724472
2019-05-15,FR,2.18898116669999
2019-05-15,GB,3.03490691617137
2019-05-15,IE,3.12368641290008
2019-05-15,US,2.44991910743635
2019-05-16,AU,2.88044397810005
2019-05-16,CA,2.58301250035857
2019-05-16,DE,3.96510955868079
2019-05-16,FR,2.18602135022756
2019-05-16,GB,3.04126494051676
2019-05-16,IE,3.12415438194719
2019-05-16,US,2.44895130034316
2019-05-17,AU,2.87326893959234
2019-05-17,CA,2.58848221434062
2019-05-17,DE,3.95727376808624
2019-05-17,FR,2.18108039003063
2019-05-17,GB,3.04518581482126
2019-05-17,IE,3.13584565342934
2019-05-17,US,2.44866567111773
2019-05-18,AU,2.86444938081708
2019-05-18,CA,2.59576910847586
2019-05-18,DE,3.94836525161944
2019-05-18,FR,2.17478604344584
2019-05-18,GB,3.03797226772742
2019-05-18,IE,3.14098459074155
2019-05-18,US,2.44679153862846
2019-05-19,AU,2.85768687014305
2019-05-19,CA,2.60230016576871
2019-05-19,DE,3.94718748788574
2019-05-19,FR,2.16727771813481
2019-05-19,GB,3.02821192509308
2019-05-19,IE,3.14742177760006
2019-05-19,US,2.4465082746865
2019-05-20,AU,2.85277283300657
2019-05-20,CA,2.60903893089343
2019-05-20,DE,3.94632340181134
2019-05-20,FR,2.16186183446114
2019-05-20,GB,3.01711680651964
2019-05-20,IE,3.15643183447458
2019-05-20,US,2.44298427998246
2019-05-21,AU,2.85378375637458
2019-05-21,CA,2.61193287131786
2019-05-21,DE,3.94490555695654
2019-05-21,FR,2.16282850030824
2019-05-21,GB,3.00790884182832
2019-05-21,IE,3.15244692181601
2019-05-21,US,2.43989931029988
2019-05-22,AU,2.85590660246222
2019-05-22,CA,2.61532514327484
2019-05-22,DE,3.9449299919787
2019-05-22,FR,2.16205867234032
2019-05-22,GB,3.00265335857175
2019-05-22,IE,3.15530053040621
2019-05-22,US,2.43833067455636
2019-05-23,AU,2.86707066631013
2019-05-23,CA,2.61693727486687
2019-05-23,DE,3.95377571947749
2019-05-23,FR,2.1647732653921
2019-05-23,GB,2.99241873221567
2019-05-23,IE,3.14750642650963
2019-05-23,US,2.44014079852333
2019-05-24,AU,2.86651002749606
2019-05-24,CA,2.61521440892763
2019-05-24,DE,3.96173426352979
2019-05-24,FR,2.16429026806106
2019-05-24,GB,2.98395620025545
2019-05-24,IE,3.13858154146488
2019-05-24,US,2.43924567541835
2019-05-25,AU,2.87339456365065
2019-05-25,CA,2.6110949965237
2019-05-25,DE,3.96574933048868
2019-05-25,FR,2.16326746325001
2019-05-25,GB,2.99017162530615
2019-05-25,IE,3.14343826265846
2019-05-25,US,2.43777814828471
2019-05-26,AU,2.87856976257765
2019-05-26,CA,2.6049244367334
2019-05-26,DE,3.96925599156675
2019-05-26,FR,2.1651239128646
2019-05-26,GB,2.99331773279169
2019-05-26,IE,3.13751979483698
2019-05-26,US,2.43453783469071
2019-05-27,AU,2.91823320586321
2019-05-27,CA,2.59905730500304
2019-05-27,DE,3.97502114184048
2019-05-27,FR,2.16290973706228
2019-05-27,GB,2.99528148999542
2019-05-27,IE,3.12626340602476
2019-05-27,US,2.43445616463495
2019-05-28,AU,2.96846665806256
2019-05-28,CA,2.59464491002883
2019-05-28,DE,3.98454560187267
2019-05-28,FR,2.16264430338497
2019-05-28,GB,2.99859344499446
2019-05-28,IE,3.12540890696944
2019-05-28,US,2.43351795297126
2019-05-29,AU,3.01902065623014
2019-05-29,CA,2.59011090328365
2019-05-29,DE,3.99364550562478
2019-05-29,FR,2.16332121415535
2019-05-29,GB,2.9984501503004
2019-05-29,IE,3.11465983889837
2019-05-29,US,2.43199872832876
2019-05-30,AU,3.0598779570939
2019-05-30,CA,2.58355639783788
2019-05-30,DE,3.98913077373734
2019-05-30,FR,2.15809911468554
2019-05-30,GB,2.99637009125156
2019-05-30,IE,3.10791548927557
2019-05-30,US,2.42589131381967
2019-05-31,AU,3.1093750503814
2019-05-31,CA,2.57859114149312
2019-05-31,DE,3.98699228290072
2019-05-31,FR,2.15531443820036
2019-05-31,GB,2.99707452417088
2019-05-31,IE,3.10921190851802
2019-05-31,US,2.4170266805057
2019-06-01,AU,3.1550320526482
2019-06-01,CA,2.57874014920896
2019-06-01,DE,3.99025074525274
2019-06-01,FR,2.15237755580835
2019-06-01,GB,3.0019227540914
2019-06-01,IE,3.11937091245396
2019-06-01,US,2.40910638466881
2019-06-02,AU,3.20140730734045
2019-06-02,CA,2.58150143446021
2019-06-02,DE,3.99599089598402
2019-06-02,FR,2.14871921272588
2019-06-02,GB,3.00404516480154
2019-06-02,IE,3.13005211012652
2019-06-02,US,2.40084832180195
2019-06-03,AU,3.20218723655703
2019-06-03,CA,2.58550331239597
2019-06-03,DE,3.99990897270949
2019-06-03,FR,2.14751200160566
2019-06-03,GB,3.009939777655
2019-06-03,IE,3.14261203885296
2019-06-03,US,2.39203610064729
2019-06-04,AU,3.18985504649092
2019-06-04,CA,2.59098669888643
2019-06-04,DE,4.00255566008691
2019-06-04,FR,2.14700508554286
2019-06-04,GB,3.02112845992833
2019-06-04,IE,3.15302499731432
2019-06-04,US,2.38240506936552
2019-06-05,AU,3.18685991517035
2019-06-05,CA,2.59857656724755
2019-06-05,DE,4.00223049423717
2019-06-05,FR,2.14767692093316
2019-06-05,GB,3.0304215799942
2019-06-05,IE,3.16857696334578
2019-06-05,US,2.37498854043048
2019-06-06,AU,3.17987861367537
2019-06-06,CA,2.6071001351254
2019-06-06,DE,4.00461873695359
2019-06-06,FR,2.14571461694416
2019-06-06,GB,3.04739651967707
2019-06-06,IE,3.18634068089219
2019-06-06,US,2.37020878591088
2019-06-07,AU,3.17261466616794
2019-06-07,CA,2.61649643890001
2019-06-07,DE,4.00692885222018
2019-06-07,FR,2.14470094640891
2019-06-07,GB,3.06283799786998
2019-06-07,IE,3.19135575338196
2019-06-07,US,2.37890670819881
2019-06-08,AU,3.11803723329304
2019-06-08,CA,2.62205640083525
2019-06-08,DE,4.00929671220487
2019-06-08,FR,2.14598775238031
2019-06-08,GB,3.06652258863553
2019-06-08,IE,3.17450334136973
2019-06-08,US,2.38554799535132
2019-06-09,AU,3.05521707177054
2019-06-09,CA,2.62703299249076
2019-06-09,DE,4.01002836391825
2019-06-09,FR,2.14743353909738
2019-06-09,GB,3.0776425723068
2019-06-09,IE,3.16398202205151
2019-06-09,US,2.39628942534747
2019-06-10,AU,3.01036572420551
2019-06-10,CA,2.63088651399877
2019-06-10,DE,4.0106449712924
2019-06-10,FR,2.14927851671655
2019-06-10,GB,3.06776404057558
2019-06-10,IE,3.15342872541858
2019-06-10,US,2.4061564235477
2019-06-11,AU,2.96692727016435
2019-06-11,CA,2.63004784882961
2019-06-11,DE,4.01196087443603
2019-06-11,FR,2.14809141304029
2019-06-11,GB,3.07173418679751
2019-06-11,IE,3.14076770418857
2019-06-11,US,2.4175276620994
2019-06-12,AU,2.91017054333659
2019-06-12,CA,2.62396890176405
2019-06-12,DE,4.01139601267605
2019-06-12,FR,2.14631577181912
2019-06-12,GB,3.07787295980127
2019-06-12,IE,3.13259309257864
2019-06-12,US,2.42757202921148
2019-06-13,AU,2.86257437640344
2019-06-13,CA,2.61729051554443
2019-06-13,DE,4.0095376782965
2019-06-13,FR,2.14574591414026
2019-06-13,GB,3.07937525535359
2019-06-13,IE,3.11719136492542
2019-06-13,US,2.4391619224432
2019-06-14,AU,2.81180069586095
2019-06-14,CA,2.60943333157414
2019-06-14,DE,4.0063005646165
2019-06-14,FR,2.14937919686183
2019-06-14,GB,3.07521298135267
2019-06-14,IE,3.10787028564691
2019-06-14,US,2.44016901774732
2019-06-15,AU,2.81265892495146
2019-06-15,CA,2.60516910090822
2019-06-15,DE,4.00295077579289
2019-06-15,FR,2.14801943733438
2019-06-15,GB,3.07308466994215
2019-06-15,IE,3.11387217078422
2019-06-15,US,2.44267665171893
2019-06-16,AU,2.81972636733828
2019-06-16,CA,2.59956959645507
2019-06-16,DE,4.00140318681373
2019-06-16,FR,2.14510322465022
2019-06-16,GB,3.06809245102443
2019-06-16,IE,3.1242059129383
2019-06-16,US,2.44284199185946
2019-06-17,AU,2.81906849756279
2019-06-17,CA,2.5951210633043
2019-06-17,DE,3.99892534653093
2019-06-17,FR,2.13991471671154
2019-06-17,GB,3.0813333945681
2019-06-17,IE,3.12702463517924
2019-06-17,US,2.44540877568009
2019-06-18,AU,2.81662369346115
2019-06-18,CA,2.59314258214427
2019-06-18,DE,3.99519710263149
2019-06-18,FR,2.13897733076543
2019-06-18,GB,3.06958546687085
2019-06-18,IE,3.1347742786708
2019-06-18,US,2.44772640280224
2019-06-19,AU,2.81525333718304
2019-06-19,CA,2.5937001763076
2019-06-19,DE,3.9928308320992
2019-06-19,FR,2.14094308013145
2019-06-19,GB,3.05720108133239
2019-06-19,IE,3.13751409681675
2019-06-19,US,2.45022762658999
2019-06-20,AU,2.81253281419673
2019-06-20,CA,2.59633897809019
2019-06-20,DE,3.98976877405621
2019-06-20,FR,2.14347943708052
2019-06-20,GB,3.04384141041817
2019-06-20,IE,3.15491259474306
2019-06-20,US,2.45268493174528
2019-06-21,AU,2.81606961375854
2019-06-21,CA,2.60030672696326
2019-06-21,DE,3.99355883603552
2019-06-21,FR,2.14184831058219
2019-06-21,GB,3.036012765357
2019-06-21,IE,3.16523725567735
2019-06-21,US,2.45610032946036
2019-06-22,AU,2.81375925603238
2019-06-22,CA,2.60500533779012
2019-06-22,DE,3.99368090442495
2019-06-22,FR,2.1402014231831
2019-06-22,GB,3.030966093899
2019-06-22,IE,3.16787320630272
2019-06-22,US,2.45848449550046
2019-06-23,AU,2.8145462031064
2019-06-23,CA,2.61254465612126
2019-06-23,DE,3.99270273955144
2019-06-23,FR,2.13966613190999
2019-06-23,GB,3.01992716199363
2019-06-23,IE,3.16897522683852
2019-06-23,US,2.45939325619615
2019-06-24,AU,2.82039961076291
2019-06-24,CA,2.62055267804912
2019-06-24,DE,3.99223425969678
2019-06-24,FR,2.14203457450125
2019-06-24,GB,3.00698638276824
2019-06-24,IE,3.17775123377045
2019-06-24,US,2.46248977574078
2019-06-25,AU,2.82568633851463
2019-06-25,CA,2.63157327569818
2019-06-25,DE,3.9929209272188
2019-06-25,FR,2.14360897611155
2019-06-25,GB,3.00439202213032
2019-06-25,IE,3.18375994523128
2019-06-25,US,2.46487722556687
2019-06-26,AU,2.83452882050477
2019-06-26,CA,2.64248374022717
2019-06-26,DE,3.99391762071115
2019-06-26,FR,2.14100190157489
2019-06-26,GB,3.00494363157506
2019-06-26,IE,3.18593956039121
2019-06-26,US,2.46840170719947
2019-06-27,AU,2.83871574187478
2019-06-27,CA,2.65190151942129
2019-06-27,DE,3.99780372211994
2019-06-27,FR,2.14028651333816
2019-06-27,GB,3.00692218539547
2019-06-27,IE,3.18082843489554
2019-06-27,US,2.472326829586
2019-06-28,AU,2.84163127260136
2019-06-28,CA,2.65341764577628
2019-06-28,DE,4.00117888752643
2019-06-28,FR,2.14036650878863
2019-06-28,GB,3.00991139708679
2019-06-28,IE,3.18075828315769
2019-06-28,US,2.47738135468248
2019-06-29,AU,2.84544694294108
2019-06-29,CA,2.6506013312896
2019-06-29,DE,4.00484081174955
2019-06-29,FR,2.14320411716404
2019-06-29,GB,3.0137684047599
2019-06-29,IE,3.17877823189243
2019-06-29,US,2.50063323824457
2019-06-30,AU,2.84961866807813
2019-06-30,CA,2.6464108889901
2019-06-30,DE,4.00995986981004
2019-06-30,FR,2.14809359071019
2019-06-30,GB,3.01575091538743
2019-06-30,IE,3.17961089062906
2019-06-30,US,2.52310099751417
2019-07-01,AU,2.85326779767712
2019-07-01,CA,2.64305576831788
2019-07-01,DE,4.01227856381884
2019-07-01,FR,2.14973541632212
2019-07-01,GB,3.01935241040729
2019-07-01,IE,3.18036492255707
2019-07-01,US,2.54432376730792
2019-07-02,AU,2.85910205630181
2019-07-02,CA,2.63935084772664
2019-07-02,DE,4.01348101563235
2019-07-02,FR,2.15327042134686
2019-07-02,GB,3.01800958406238
2019-07-02,IE,3.18085802295643
2019-07-02,US,2.55034377829185
2019-07-03,AU,2.86256042857014
2019-07-03,CA,2.63997953742283
2019-07-03,DE,4.02083732133769
2019-07-03,FR,2.15866347443338
2019-07-03,GB,3.01436029168085
2019-07-03,IE,3.19531733472817
2019-07-03,US,2.56132555961508
2019-07-04,AU,2.86548230083827
2019-07-04,CA,2.64163415427231
2019-07-04,DE,4.02869521258713
2019-07-04,FR,2.16402077408475
2019-07-04,GB,3.01555685189095
2019-07-04,IE,3.20193766878997
2019-07-04,US,2.57075930627799
2019-07-05,AU,2.86835026467684
2019-07-05,CA,2.64944732949187
2019-07-05,DE,4.0296021442599
2019-07-05,FR,2.16856417647649
2019-07-05,GB,3.01865466344069
2019-07-05,IE,3.21091206060601
2019-07-05,US,2.57847196157844
2019-07-06,AU,2.87344853914531
2019-07-06,CA,2.6564908276221
2019-07-06,DE,4.03198048640155
2019-07-06,FR,2.17433439699743
2019-07-06,GB,3.0203520681273
2019-07-06,IE,3.2153639565167
2019-07-06,US,2.56983783282871
2019-07-07,AU,2.87918596247519
2019-07-07,CA,2.66400360798283
2019-07-07,DE,4.03166764644016
2019-07-07,FR,2.17927745164852
2019-07-07,GB,3.02411318197607
2019-07-07,IE,3.23280123647101
2019-07-07,US,2.5639340588137
2019-07-08,AU,2.88314650786668
2019-07-08,CA,2.66993629888654
2019-07-08,DE,4.03527024122252
2019-07-08,FR,2.18557807681872
2019-07-08,GB,3.03213860099429
2019-07-08,IE,3.2505609925568
2019-07-08,US,2.55362426906251
2019-07-09,AU,2.88662831122678
2019-07-09,CA,2.67387684174933
2019-07-09,DE,4.04454235817739
2019-07-09,FR,2.18670488108431
2019-07-09,GB,3.03803352693255
2019-07-09,IE,3.26821677381913
2019-07-09,US,2.55869763510767
2019-07-10,AU,2.89258329275024
2019-07-10,CA,2.6717377532912
2019-07-10,DE,4.04989279063229
2019-07-10,FR,2.18497294960103
2019-07-10,GB,3.04794831456535
2019-07-10,IE,3.27264577105268
2019-07-10,US,2.55508605089019
2019-07-11,AU,2.90203678008416
2019-07-11,CA,2.6688502358699
2019-07-11,DE,4.05108943921585
2019-07-11,FR,2.1818157224181
2019-07-11,GB,3.05528337355724
2019-07-11,IE,3.28868909905236
2019-07-11,US,2.55302345154994
2019-07-12,AU,2.90712180337644
2019-07-12,CA,2.66622488209333
2019-07-12,DE,4.06820109289341
2019-07-12,FR,2.17832109653609
2019-07-12,GB,3.05961913428613
2019-07-12,IE,3.30258875965149
2019-07-12,US,2.55151262635281
2019-07-13,AU,2.91436885912962
2019-07-13,CA,2.6644639662468
2019-07-13,DE,4.08260325355175
2019-07-13,FR,2.17198188693473
2019-07-13,GB,3.06067894081382
2019-07-13,IE,3.29995517945079
2019-07-13,US,2.54749135099012
2019-07-14,AU,2.9180751992047
2019-07-14,CA,2.66062892070693
2019-07-14,DE,4.10007303815729
2019-07-14,FR,2.1641581103484
2019-07-14,GB,3.06507611609655
2019-07-14,IE,3.30634709334962
2019-07-14,US,2.54632019152002
2019-07-15,AU,2.91687387899349
2019-07-15,CA,2.66009134724615
2019-07-15,DE,4.11713298966267
2019-07-15,FR,2.16268624595657
2019-07-15,GB,3.06863106232213
2019-07-15,IE,3.31798448104769
2019-07-15,US,2.5458432347099
2019-07-16,AU,2.91867545022096
2019-07-16,CA,2.6599358571637
2019-07-16,DE,4.1271873053497
2019-07-16,FR,2.16182505780948
2019-07-16,GB,3.07434333890328
2019-07-16,IE,3.33267689862984
2019-07-16,US,2.54744597094333
2019-07-17,AU,2.91591678760953
2019-07-17,CA,2.66080452458922
2019-07-17,DE,4.13627284076988
2019-07-17,FR,2.16440529014801
2019-07-17,GB,3.07903718999165
2019-07-17,IE,3.3593161178728
2019-07-17,US,2.552941630907
2019-07-18,AU,2.91221187028532
2019-07-18,CA,2.66360420887544
2019-07-18,DE,4.15045808031792
2019-07-18,FR,2.1696894663255
2019-07-18,GB,3.08345196763832
2019-07-18,IE,3.37878329246385
2019-07-18,US,2.55530829897952
2019-07-19,AU,2.91098420746573
2019-07-19,CA,2.66220836769917
2019-07-19,DE,4.14901331212936
2019-07-19,FR,2.17478294826494
2019-07-19,GB,3.08711238691276
2019-07-19,IE,3.38549416390657
2019-07-19,US,2.56017001229585
2019-07-20,AU,2.90582459055752
2019-07-20,CA,2.65929630724221
2019-07-20,DE,4.15108404817766
2019-07-20,FR,2.18182077933308
2019-07-20,GB,3.09432041673868
2019-07-20,IE,3.38651196802839
2019-07-20,US,2.56779695896446
2019-07-21,AU,2.90499235798743
2019-07-21,CA,2.65982734654949
2019-07-21,DE,4.14952446886408
2019-07-21,FR,2.18799279866913
2019-07-21,GB,3.10257532944534
2019-07-21,IE,3.38829723431677
2019-07-21,US,2.57294167934797
2019-07-22,AU,2.90769104376611
2019-07-22,CA,2.6586723624055
2019-07-22,DE,4.15873508740699
2019-07-22,FR,2.18373224232877
2019-07-22,GB,3.10715198905886
2019-07-22,IE,3.3827313885872
2019-07-22,US,2.57830324709242
2019-07-23,AU,2.90198599431131
2019-07-23,CA,2.65953015553757
2019-07-23,DE,4.16997495418106
2019-07-23,FR,2.18350466762311
2019-07-23,GB,3.11297315090452
2019-07-23,IE,3.36769877866779
2019-07-23,US,2.58222762275809
2019-07-24,AU,2.89453898365373
2019-07-24,CA,2.65850052175099
2019-07-24,DE,4.17120092164643
2019-07-24,FR,2.18420431447068
2019-07-24,GB,3.10445327004267
2019-07-24,IE,3.36046010583808
2019-07-24,US,2.58457285919159
2019-07-25,AU,2.88861519336527
2019-07-25,CA,2.65921150471444
2019-07-25,DE,4.17730809693678
2019-07-25,FR,2.18184262232271
2019-07-25,GB,3.09676788575498
2019-07-25,IE,3.35508732071494
2019-07-25,US,2.59011333979494
2019-07-26,AU,2.89026186779127
2019-07-26,CA,2.66518764837261
2019-07-26,DE,4.19070206740791
2019-07-26,FR,2.18289729642799
2019-07-26,GB,3.09359331707344
2019-07-26,IE,3.35195596169075
2019-07-26,US,2.59435550741191
2019-07-27,AU,2.89840624893922
2019-07-27,CA,2.67464013870942
2019-07-27,DE,4.20363584267667
2019-07-27,FR,2.183856925091
2019-07-27,GB,3.09004406954933
2019-07-27,IE,3.37715504155621
2019-07-27,US,2.59886517192197
2019-07-28,AU,2.90235521716685
2019-07-28,CA,2.68074818731449
2019-07-28,DE,4.21955095217916
2019-07-28,FR,2.18701658750837
2019-07-28,GB,3.08749686260526
2019-07-28,IE,3.3881911892637
2019-07-28,US,2.60137040111548
2019-07-29,AU,2.90110702792432
2019-07-29,CA,2.68333218738381
2019-07-29,DE,4.21330718556991
2019-07-29,FR,2.19276888389202
2019-07-29,GB,3.08540177250369
2019-07-29,IE,3.41005118624682
2019-07-29,US,2.60524732727425
2019-07-30,AU,2.89802020466691
2019-07-30,CA,2.68530024264459
2019-07-30,DE,4.20609736744545
2019-07-30,FR,2.19555781456056
2019-07-30,GB,3.07621743587837
2019-07-30,IE,3.43525827729242
2019-07-30,US,2.60868167133454
2019-07-31,AU,2.90024385485526
2019-07-31,CA,2.68867540966529
2019-07-31,DE,4.21123455371228
2019-07-31,FR,2.19699342926764
2019-07-31,GB,3.07288483132635
2019-07-31,IE,3.44906729062492
2019-07-31,US,2.61377358300261
2019-08-01,AU,2.90031095209959
2019-08-01,CA,2.6903341870429
2019-08-01,DE,4.20871932027459
2019-08-01,FR,2.20017893670848
2019-08-01,GB,3.06965687495073
2019-08-01,IE,3.46397076278682
2019-08-01,US,2.61864968034255
2019-08-02,AU,2.89108091502919
2019-08-02,CA,2.69375556949097
2019-08-02,DE,4.19970760247421
2019-08-02,FR,2.19965456464773
2019-08-02,GB,3.06020636894076
2019-08-02,IE,3.49568961952404
2019-08-02,US,2.62038437858122
2019-08-03,AU,2.87313647879709
2019-08-03,CA,2.69494410704714
2019-08-03,DE,4.19018486353645
2019-08-03,FR,2.19577874258931
2019-08-03,GB,3.05146175421591
2019-08-03,IE,3.51638408694806
2019-08-03,US,2.62503137173811
2019-08-04,AU,2.8562319073307
2019-08-04,CA,2.69590887748663
2019-08-04,DE,4.18067982544438
2019-08-04,FR,2.19217957397322
2019-08-04,GB,3.04181319759681
2019-08-04,IE,3.53901668128433
2019-08-04,US,2.62778498344933
2019-08-05,AU,2.84476854058972
2019-08-05,CA,2.69764852423832
2019-08-05,DE,4.1819730288839
2019-08-05,FR,2.19046082367918
2019-08-05,GB,3.02943854753379
2019-08-05,IE,3.55264881081166
2019-08-05,US,2.63148146976872
2019-08-06,AU,2.83653919131264
2019-08-06,CA,2.69858862767428
2019-08-06,DE,4.19422235067944
2019-08-06,FR,2.19042715089527
2019-08-06,GB,3.02740206433249
2019-08-06,IE,3.57813866487295
2019-08-06,US,2.6372927242185
2019-08-07,AU,2.83388993919287
2019-08-07,CA,2.69964424799258
2019-08-07,DE,4.20452024675877
2019-08-07,FR,2.18702094365549
2019-08-07,GB,3.02914801155909
2019-08-07,IE,3.60177185032087
2019-08-07,US,2.64461092745145
2019-08-08,AU,2.8370476630664
2019-08-08,CA,2.69704638896934
2019-08-08,DE,4.21336080575794
2019-08-08,FR,2.18339998339392
2019-08-08,GB,3.02661463570434
2019-08-08,IE,3.58856176305802
2019-08-08,US,2.64159012358319
2019-08-09,AU,2.84657775085965
2019-08-09,CA,2.69744369499892
2019-08-09,DE,4.22422025754442
2019-08-09,FR,2.18005005698315
2019-08-09,GB,3.02491419059503
2019-08-09,IE,3.59967304474463
2019-08-09,US,2.6421283962274
2019-08-10,AU,2.85996935704466
2019-08-10,CA,2.69743179318488
2019-08-10,DE,4.23756533057556
2019-08-10,FR,2.17944350593063
2019-08-10,GB,3.02356458010426
2019-08-10,IE,3.59725646974681
2019-08-10,US,2.63869999660215
2019-08-11,AU,2.8731048615791
2019-08-11,CA,2.69885637548595
2019-08-11,DE,4.24967668031963
2019-08-11,FR,2.18112042239018
2019-08-11,GB,3.0225674548103
2019-08-11,IE,3.60733142005454
2019-08-11,US,2.63706636538758
2019-08-12,AU,2.88544150015198
2019-08-12,CA,2.69994359744545
2019-08-12,DE,4.26237811580195
2019-08-12,FR,2.18306768639328
2019-08-12,GB,3.02183902414148
2019-08-12,IE,3.62184997829491
2019-08-12,US,2.63461644763672
2019-08-13,AU,2.90020537106411
2019-08-13,CA,2.69852202765648
2019-08-13,DE,4.2589704396395
2019-08-13,FR,2.18432525142086
2019-08-13,GB,3.01653217860609
2019-08-13,IE,3.62785913443478
2019-08-13,US,2.62884582758324
2019-08-14,AU,2.91344668610402
2019-08-14,CA,2.69730179320368
2019-08-14,DE,4.24194794100311
2019-08-14,FR,2.19450638733067
2019-08-14,GB,3.0114745210839
2019-08-14,IE,3.6246121795354
2019-08-14,US,2.61870738600044
2019-08-15,AU,2.91896123972042
2019-08-15,CA,2.69626802992878
2019-08-15,DE,4.22894216979129
2019-08-15,FR,2.20390502095475
2019-08-15,GB,3.01016372762291
2019-08-15,IE,3.66412010788322
2019-08-15,US,2.61825683926566
2019-08-16,AU,2.91411172743473
2019-08-16,CA,2.69076168436742
2019-08-16,DE,4.21792867217033
2019-08-16,FR,2.21402864436408
2019-08-16,GB,3.01140205733743
2019-08-16,IE,3.67055221343778
2019-08-16,US,2.61711641677799
2019-08-17,AU,2.90841625820515
2019-08-17,CA,2.68414455844114
2019-08-17,DE,4.20667804373459
2019-08-17,FR,2.22008391052121
2019-08-17,GB,3.01392075180068
2019-08-17,IE,3.67430213933895
2019-08-17,US,2.61708379293326
2019-08-18,AU,2.90562116734635
2019-08-18,CA,2.67777059636239
2019-08-18,DE,4.19518271095265
2019-08-18,FR,2.2248159937235
2019-08-18,GB,3.01558112690438
2019-08-18,IE,3.67002143885953
2019-08-18,US,2.61632283573431
2019-08-19,AU,2.90355591341101
2019-08-19,CA,2.67718540090559
2019-08-19,DE,4.18417419046913
2019-08-19,FR,2.22983025593343
2019-08-19,GB,3.01989411883194
2019-08-19,IE,3.66331481326421
2019-08-19,US,2.61682552512849
2019-08-20,AU,2.90292402796235
2019-08-20,CA,2.67281229641298
2019-08-20,DE,4.17755826829561
2019-08-20,FR,2.2364909481678
2019-08-20,GB,3.02165054039448
2019-08-20,IE,3.65741778795321
2019-08-20,US,2.61974631650554
2019-08-21,AU,2.89444784076892
2019-08-21,CA,2.66665555043183
2019-08-21,DE,4.18271547581043
2019-08-21,FR,2.23943274044923
2019-08-21,GB,3.02440818272946
2019-08-21,IE,3.6602892816064
2019-08-21,US,2.62600046523349
2019-08-22,AU,2.88807572320504
2019-08-22,CA,2.66480594352904
2019-08-22,DE,4.18581797084554
2019-08-22,FR,2.24447629967337
2019-08-22,GB,3.02488824557709
2019-08-22,IE,3.65111132670121
2019-08-22,US,2.62804987281651
2019-08-23,AU,2.8850542816419
2019-08-23,CA,2.66338330230735
2019-08-23,DE,4.18442462481395
2019-08-23,FR,2.24698039566133
2019-08-23,GB,3.02613504311883
2019-08-23,IE,3.64600963722735
2019-08-23,US,2.63048497686105
2019-08-24,AU,2.8835494911531
2019-08-24,CA,2.66427374089561
2019-08-24,DE,4.18117261375426
2019-08-24,FR,2.25339253718831
2019-08-24,GB,3.02103504773588
2019-08-24,IE,3.64545484177796
2019-08-24,US,2.6336217596784
2019-08-25,AU,2.87968476893488
2019-08-25,CA,2.66345720416203
2019-08-25,DE,4.17876146360219
2019-08-25,FR,2.25695673607369
2019-08-25,GB,3.01387159546215
2019-08-25,IE,3.63972053230834
2019-08-25,US,2.63695029376767
2019-08-26,AU,2.8650315163821
2019-08-26,CA,2.65776369275946
2019-08-26,DE,4.17739941908778
2019-08-26,FR,2.25769249428631
2019-08-26,GB,3.00765864353581
2019-08-26,IE,3.6353239562315
2019-08-26,US,2.63971272207822
2019-08-27,AU,2.8579612203578
2019-08-27,CA,2.65814967830981
2019-08-27,DE,4.1760771910202
2019-08-27,FR,2.26010352341524
2019-08-27,GB,3.00498470181274
2019-08-27,IE,3.61986458631072
2019-08-27,US,2.6439807547248
2019-08-28,AU,2.84838976549877
2019-08-28,CA,2.66074192657608
2019-08-28,DE,4.17591204392635
2019-08-28,FR,2.26027380134324
2019-08-28,GB,3.00347076770535
2019-08-28,IE,3.60148585075353
2019-08-28,US,2.64861001254698
2019-08-29,AU,2.83684937253316
2019-08-29,CA,2.66136929020585
2019-08-29,DE,4.17796687468675
2019-08-29,FR,2.25754988316101
2019-08-29,GB,3.00250343175057
2019-08-29,IE,3.58722761413903
2019-08-29,US,2.65705251300427
2019-08-30,AU,2.82409478510166
2019-08-30,CA,2.65685154488505
2019-08-30,DE,4.18301016559232
2019-08-30,FR,2.2567890145144
2019-08-30,GB,2.99898818248611
2019-08-30,IE,3.56915190137341
2019-08-30,US,2.66774133658669
2019-08-31,AU,2.80832715959504
2019-08-31,CA,2.6537382333233
2019-08-31,DE,4.18795356561157
2019-08-31,FR,2.25733765988214
2019-08-31,GB,3.00234367416815
2019-08-31,IE,3.57224436784666
2019-08-31,US,2.67806727253654
2019-09-01,AU,2.79286996193229
2019-09-01,CA,2.65286570623933
2019-09-01,DE,4.1959241438856
2019-09-01,FR,2.26006650344163
2019-09-01,GB,3.0054501690979
2019-09-01,IE,3.56799141947229
2019-09-01,US,2.68912273824406
2019-09-02,AU,2.78709399149431
2019-09-02,CA,2.65052521179677
2019-09-02,DE,4.20175119141419
2019-09-02,FR,2.26692398700919
2019-09-02,GB,3.0078646806718
2019-09-02,IE,3.56374316956711
2019-09-02,US,2.69866571132781
2019-09-03,AU,2.77251473198589
2019-09-03,CA,2.65007688796289
2019-09-03,DE,4.20492166244707
2019-09-03,FR,2.26558371019781
2019-09-03,GB,3.00894296528963
2019-09-03,IE,3.56766710538914
2019-09-03,US,2.70595519569623
2019-09-04,AU,2.76568295816913
2019-09-04,CA,2.6493492581851
2019-09-04,DE,4.20493591399228
2019-09-04,FR,2.26685562518922
2019-09-04,GB,3.00872957616547
2019-09-04,IE,3.57535040750581
2019-09-04,US,2.71241859684848
2019-09-05,AU,2.75694059869491
2019-09-05,CA,2.64574042559886
2019-09-05,DE,4.20248593881312
2019-09-05,FR,2.26954563510665
2019-09-05,GB,3.00947748494269
2019-09-05,IE,3.58777831641074
2019-09-05,US,2.720409886439
2019-09-06,AU,2.75152664777028
2019-09-06,CA,2.64496035115113
2019-09-06,DE,4.19585512850754
2019-09-06,FR,2.27295187523579
2019-09-06,GB,3.00869775743481
2019-09-06,IE,3.59498389247815
2019-09-06,US,2.72470527405193
2019-09-07,AU,2.74762486666939
2019-09-07,CA,2.64600498732018
2019-09-07,DE,4.18947334482185
2019-09-07,FR,2.27225383679884
2019-09-07,GB,3.00411742553285
2019-09-07,IE,3.58816582922122
2019-09-07,US,2.7323829725031
2019-09-08,AU,2.74313840661627
2019-09-08,CA,2.64609149729828
2019-09-08,DE,4.17957790897474
2019-09-08,FR,2.27180699953602
2019-09-08,GB,3.00215181379737
2019-09-08,IE,3.57933885144715
2019-09-08,US,2.73616054497867
2019-09-09,AU,2.73328221268282
2019-09-09,CA,2.64756066447767
2019-09-09,DE,4.16994821200925
2019-09-09,FR,2.27227679440728
2019-09-09,GB,2.99993159931462
2019-09-09,IE,3.57494994501045
2019-09-09,US,2.740221971897
2019-09-10,AU,2.72141606456222
2019-09-10,CA,2.64796522742034
2019-09-10,DE,4.16235690420479
2019-09-10,FR,2.27327252459494
2019-09-10,GB,2.9987618997042
2019-09-10,IE,3.56773755247258
2019-09-10,US,2.74274877220219
2019-09-11,AU,2.71072589944697
2019-09-11,CA,2.6537917853888
2019-09-11,DE,4.15912915712413
2019-09-11,FR,2.27399440839953
2019-09-11,GB,2.99555058922659
2019-09-11,IE,3.55989549808463
2019-09-11,US,2.74453916804644
2019-09-12,AU,2.70188565849483
2019-09-12,CA,2.66499387470383
2019-09-12,DE,4.15932808675869
2019-09-12,FR,2.275174460097
2019-09-12,GB,2.99158059304947
2019-09-12,IE,3.55905246420351
2019-09-12,US,2.74211773172429
2019-09-13,AU,2.69680644077223
2019-09-13,CA,2.68107094272642
2019-09-13,DE,4.16293407423403
2019-09-13,FR,2.27628894188211
2019-09-13,GB,2.98787159133212
2019-09-13,IE,3.56098352180723
2019-09-13,US,2.74295649693261
2019-09-14,AU,2.69182286619132
2019-09-14,CA,2.69815006120992
2019-09-14,DE,4.16646052694267
2019-09-14,FR,2.28285111636495
2019-09-14,GB,2.98786836967611
2019-09-14,IE,3.58859426335457
2019-09-14,US,2.74155293576361
2019-09-15,AU,2.68577731115274
2019-09-15,CA,2.71316941572917
2019-09-15,DE,4.16946090845781
2019-09-15,FR,2.2873711024682
2019-09-15,GB,2.98483034500879
2019-09-15,IE,3.61586005573448
2019-09-15,US,2.74129976783217
2019-09-16,AU,2.688398364903
2019-09-16,CA,2.72737854243375
2019-09-16,DE,4.1735618308232
2019-09-16,FR,2.28510720020496
2019-09-16,GB,2.9817700249312
2019-09-16,IE,3.635593380517
2019-09-16,US,2.74303161918078
2019-09-17,AU,2.69054772503796
2019-09-17,CA,2.7420949812702
2019-09-17,DE,4.17857311712033
2019-09-17,FR,2.28973293948466
2019-09-17,GB,2.97854221178305
2019-09-17,IE,3.65445034620143
2019-09-17,US,2.74701318906991
2019-09-18,AU,2.68936846256737
2019-09-18,CA,2.75121633684689
2019-09-18,DE,4.18272332213042
2019-09-18,FR,2.29303464972177
2019-09-18,GB,2.9817945820123
2019-09-18,IE,3.66570164716207
2019-09-18,US,2.75137379090383
2019-09-19,AU,2.69130985707917
2019-09-19,CA,2.75917868134531
2019-09-19,DE,4.18488981853205
2019-09-19,FR,2.29578479695716
2019-09-19,GB,2.98569263799147
2019-09-19,IE,3.66109201325939
2019-09-19,US,2.75847151254056
2019-09-20,AU,2.69452120021373
2019-09-20,CA,2.76396054436738
2019-09-20,DE,4.19065314309717
2019-09-20,FR,2.2985689569218
2019-09-20,GB,2.99603558391676
2019-09-20,IE,3.6747666095007
2019-09-20,US,2.7666151889017
2019-09-21,AU,2.69944611200524
2019-09-21,CA,2.76332859764213
2019-09-21,DE,4.19502782904936
2019-09-21,FR,2.30221619507628
2019-09-21,GB,3.00514658662312
2019-09-21,IE,3.67024783683242
2019-09-21,US,2.77645921533536
2019-09-22,AU,2.70732362458285
2019-09-22,CA,2.76522944403146
2019-09-22,DE,4.20312581067412
2019-09-22,FR,2.30504546504409
2019-09-22,GB,3.01382637535252
2019-09-22,IE,3.67173549172115
2019-09-22,US,2.78631288368733
2019-09-23,AU,2.71541720109391
2019-09-23,CA,2.768512109082
2019-09-23,DE,4.2095813675569
2019-09-23,FR,2.30787914514369
2019-09-23,GB,3.02159304175713
2019-09-23,IE,3.67611829937975
2019-09-23,US,2.7959182179926
2019-09-24,AU,2.72058492108343
2019-09-24,CA,2.77153687465496
2019-09-24,DE,4.21753708155371
2019-09-24,FR,2.31046389115515
2019-09-24,GB,3.02654811713929
2019-09-24,IE,3.67574277278905
2019-09-24,US,2.80380827090425
2019-09-25,AU,2.72630708071026
2019-09-25,CA,2.77285728893091
2019-09-25,DE,4.22380165874308
2019-09-25,FR,2.31158233548233
2019-09-25,GB,3.02831373921655
2019-09-25,IE,3.67910045658608
2019-09-25,US,2.80967565876885
2019-09-26,AU,2.72444963424147
2019-09-26,CA,2.77438209058379
2019-09-26,DE,4.22881364378898
2019-09-26,FR,2.30880560611765
2019-09-26,GB,3.02785840445429
2019-09-26,IE,3.6764908793804
2019-09-26,US,2.81244424736389
2019-09-27,AU,2.72484103719539
2019-09-27,CA,2.78097343642636
2019-09-27,DE,4.22903913809494
2019-09-27,FR,2.30874431139311
2019-09-27,GB,3.02504841387877
2019-09-27,IE,3.65809655318939
2019-09-27,US,2.80701924088604
2019-09-28,AU,2.72490614802588
2019-09-28,CA,2.79248361527267
2019-09-28,DE,4.23554369088262
2019-09-28,FR,2.30853046201967
2019-09-28,GB,3.02311507687427
2019-09-28,IE,3.64658263249448
2019-09-28,US,2.79805538227569
2019-09-29,AU,2.72287336166462
2019-09-29,CA,2.80118742840717
2019-09-29,DE,4.23900814714453
2019-09-29,FR,2.30739174210872
2019-09-29,GB,3.02143705893275
2019-09-29,IE,3.6240744845242
2019-09-29,US,2.78979104787711
2019-09-30,AU,2.71504837407773
2019-09-30,CA,2.80794673947392
2019-09-30,DE,4.24037014066416
2019-09-30,FR,2.31068453059734
2019-09-30,GB,3.02206971276356
2019-09-30,IE,3.60127639719626
2019-09-30,US,2.78189224303094
2019-10-01,AU,2.70952360130775
2019-10-01,CA,2.81199785899416
2019-10-01,DE,4.24370160559288
2019-10-01,FR,2.31206551293738
2019-10-01,GB,3.02769670673361
2019-10-01,IE,3.57770809784414
2019-10-01,US,2.77372755387627
2019-10-02,AU,2.70793734340751
2019-10-02,CA,2.82050490303797
2019-10-02,DE,4.25298736771106
2019-10-02,FR,2.3146880191582
2019-10-02,GB,3.03479057774005
2019-10-02,IE,3.56337647449365
2019-10-02,US,2.76720882533327
2019-10-03,AU,2.71513677026886
2019-10-03,CA,2.81799312159147
2019-10-03,DE,4.2677556261835
2019-10-03,FR,2.31951929283773
2019-10-03,GB,3.04175001014765
2019-10-03,IE,3.55144798394564
2019-10-03,US,2.75461908584914
2019-10-04,AU,2.71472882370487
2019-10-04,CA,2.81749203091239
2019-10-04,DE,4.28168182268744
2019-10-04,FR,2.32138700515891
2019-10-04,GB,3.04748701559516
2019-10-04,IE,3.54319940297782
2019-10-04,US,2.7455790932984
2019-10-05,AU,2.71057097766573
2019-10-05,CA,2.82429215598619
2019-10-05,DE,4.29097543736367
2019-10-05,FR,2.32739605287358
2019-10-05,GB,3.04929192796729
2019-10-05,IE,3.52620469195067
2019-10-05,US,2.74065670213687
2019-10-06,AU,2.71137708471272
2019-10-06,CA,2.82830476695537
2019-10-06,DE,4.30639138679862
2019-10-06,FR,2.33216117249932
2019-10-06,GB,3.05272995195445
2019-10-06,IE,3.52343394448359
2019-10-06,US,2.73619720850828
2019-10-07,AU,2.71270783206477
2019-10-07,CA,2.83441986086918
2019-10-07,DE,4.32287692252062
2019-10-07,FR,2.32347007987482
2019-10-07,GB,3.05478005580715
2019-10-07,IE,3.51972037071446
2019-10-07,US,2.73039644449951
2019-10-08,AU,2.72217678073761
2019-10-08,CA,2.84447613436766
2019-10-08,DE,4.33373854145965
2019-10-08,FR,2.31291281977856
2019-10-08,GB,3.05450185678263
2019-10-08,IE,3.5252325833055
2019-10-08,US,2.73239493338854
2019-10-09,AU,2.7302175895775
2019-10-09,CA,2.85116688333535
2019-10-09,DE,4.33885299061687
2019-10-09,FR,2.29889163496041
2019-10-09,GB,3.0522270485445
2019-10-09,IE,3.51469599184003
2019-10-09,US,2.74366456117168
2019-10-10,AU,2.73840027722439
2019-10-10,CA,2.86670229439812
2019-10-10,DE,4.34106499959747
2019-10-10,FR,2.29102893317993
2019-10-10,GB,3.05784977936733
2019-10-10,IE,3.50664213835258
2019-10-10,US,2.75367776601508
2019-10-11,AU,2.75070345686028
2019-10-11,CA,2.86966550533125
2019-10-11,DE,4.33985041656129
2019-10-11,FR,2.29452497373683
2019-10-11,GB,3.06093552126024
2019-10-11,IE,3.50110206561605
2019-10-11,US,2.76390481140126
2019-10-12,AU,2.76487776145273
2019-10-12,CA,2.86618437120639
2019-10-12,DE,4.33684153588845
2019-10-12,FR,2.28759860379916
2019-10-12,GB,3.06624872788647
2019-10-12,IE,3.50455582984642
2019-10-12,US,2.77218668458702
2019-10-13,AU,2.77494870284902
2019-10-13,CA,2.86509083843672
2019-10-13,DE,4.32786553410941
2019-10-13,FR,2.28262209225688
2019-10-13,GB,3.07203900605558
2019-10-13,IE,3.49783635840868
2019-10-13,US,2.78141303770964
2019-10-14,AU,2.78799134089061
2019-10-14,CA,2.86222137628945
2019-10-14,DE,4.31942782942004
2019-10-14,FR,2.28950782837135
2019-10-14,GB,3.0778488000319
2019-10-14,IE,3.49077988980605
2019-10-14,US,2.78998097950212
2019-10-15,AU,2.7951596621771
2019-10-15,CA,2.86087391923391
2019-10-15,DE,4.31467478003286
2019-10-15,FR,2.2978846434893
2019-10-15,GB,3.08233068611186
2019-10-15,IE,3.48385072623589
2019-10-15,US,2.78984967383636
2019-10-16,AU,2.79438577948424
2019-10-16,CA,2.85710235278879
2019-10-16,DE,4.31456062235273
2019-10-16,FR,2.31859869765563
2019-10-16,GB,3.08417009143003
2019-10-16,IE,3.49164529358543
2019-10-16,US,2.78348461176285
2019-10-17,AU,2.78488527236464
2019-10-17,CA,2.85613349993144
2019-10-17,DE,4.31385427589277
2019-10-17,FR,2.37216589263989
2019-10-17,GB,3.07734966870045
2019-10-17,IE,3.50308059597163
2019-10-17,US,2.78668045780454
2019-10-18,AU,2.77196094923168
2019-10-18,CA,2.86251751695992
2019-10-18,DE,4.31632408902291
2019-10-18,FR,2.36941869155706
2019-10-18,GB,3.06885563800806
2019-10-18,IE,3.51329144713139
2019-10-18,US,2.79040775547882
2019-10-19,AU,2.75338618598907
2019-10-19,CA,2.86927208481983
2019-10-19,DE,4.32261571222647
2019-10-19,FR,2.3746815206127
2019-10-19,GB,3.06069788403219
2019-10-19,IE,3.50079455471768
2019-10-19,US,2.79064805449804
2019-10-20,AU,2.74625265196982
2019-10-20,CA,2.87617529334317
2019-10-20,DE,4.32929498003185
2019-10-20,FR,2.37563311340312
2019-10-20,GB,3.05509196419991
2019-10-20,IE,3.51153953940143
2019-10-20,US,2.79120795448267
2019-10-21,AU,2.73419306375033
2019-10-21,CA,2.88613031639802
2019-10-21,DE,4.33501831869558
2019-10-21,FR,2.38686743556456
2019-10-21,GB,3.05000335145668
2019-10-21,IE,3.5218615185577
2019-10-21,US,2.79220210343481
2019-10-22,AU,2.72070643587237
2019-10-22,CA,2.89338805759343
2019-10-22,DE,4.3394736689037
2019-10-22,FR,2.39248617891859
2019-10-22,GB,3.04545390751738
2019-10-22,IE,3.53189354570674
2019-10-22,US,2.79385043136217
2019-10-23,AU,2.71803376885078
2019-10-23,CA,2.90460097277823
2019-10-23,DE,4.34118407672394
2019-10-23,FR,2.38841034889956
2019-10-23,GB,3.04722954363791
2019-10-23,IE,3.52984778388883
2019-10-23,US,2.7921017550612
2019-10-24,AU,2.71742686484729
2019-10-24,CA,2.91223172365447
2019-10-24,DE,4.33976422015651
2019-10-24,FR,2.34380783829407
2019-10-24,GB,3.05303265271609
2019-10-24,IE,3.52523674511399
2019-10-24,US,2.79033989909547
2019-10-25,AU,2.72052813247186
2019-10-25,CA,2.91984118558774
2019-10-25,DE,4.34479175872196
2019-10-25,FR,2.34563569166388
2019-10-25,GB,3.06345920128056
2019-10-25,IE,3.53145748639978
2019-10-25,US,2.78816935766997
2019-10-26,AU,2.73147121150876
2019-10-26,CA,2.92578826579006
2019-10-26,DE,4.34582350586324
2019-10-26,FR,2.33957425054346
2019-10-26,GB,3.07308545499169
2019-10-26,IE,3.54887518104139
2019-10-26,US,2.7892905568943
2019-10-27,AU,2.73040329295858
2019-10-27,CA,2.93790209330932
2019-10-27,DE,4.3480940553925
2019-10-27,FR,2.34082888730606
2019-10-27,GB,3.08381328337827
2019-10-27,IE,3.54917389487596
2019-10-27,US,2.78862506855824
2019-10-28,AU,2.73020054441202
2019-10-28,CA,2.94972755490667
2019-10-28,DE,4.35118599997808
2019-10-28,FR,2.33053021010675
2019-10-28,GB,3.09098763466295
2019-10-28,IE,3.55316986957246
2019-10-28,US,2.78816906316527
2019-10-29,AU,2.73322840697571
2019-10-29,CA,2.95948946577055
2019-10-29,DE,4.35663776307393
2019-10-29,FR,2.32673766531367
2019-10-29,GB,3.09986943557624
2019-10-29,IE,3.55746796916299
2019-10-29,US,2.78015591364718
2019-10-30,AU,2.73425565226729
2019-10-30,CA,2.96438690649109
2019-10-30,DE,4.3606721566794
2019-10-30,FR,2.32591656201692
2019-10-30,GB,3.10761990195989
2019-10-30,IE,3.5730507324842
2019-10-30,US,2.77279357885832
2019-10-31,AU,2.74652710699383
2019-10-31,CA,2.97013156611166
2019-10-31,DE,4.36614931098444
2019-10-31,FR,2.32772471125273
2019-10-31,GB,3.11585105891261
2019-10-31,IE,3.60258123182562
2019-10-31,US,2.76524825383237
2019-11-01,AU,2.7555130045095
2019-11-01,CA,2.97199790778567
2019-11-01,DE,4.36973579347203
2019-11-01,FR,2.32896224766996
2019-11-01,GB,3.12413685927014
2019-11-01,IE,3.61384898804716
2019-11-01,US,2.75737398108823
2019-11-02,AU,2.75785806379578
2019-11-02,CA,2.97351858693335
2019-11-02,DE,4.37845150382568
2019-11-02,FR,2.3337707721258
2019-11-02,GB,3.12947802398032
2019-11-02,IE,3.63650070267497
2019-11-02,US,2.74815159848592
2019-11-03,AU,2.77058623160433
2019-11-03,CA,2.97266346542655
2019-11-03,DE,4.38518552623491
2019-11-03,FR,2.33718314533176
2019-11-03,GB,3.13364862636215
2019-11-03,IE,3.64919623110442
2019-11-03,US,2.74017360575849
2019-11-04,AU,2.79162110501522
2019-11-04,CA,2.97106757701099
2019-11-04,DE,4.39325553066954
2019-11-04,FR,2.34427940429427
2019-11-04,GB,3.13898240325072
2019-11-04,IE,3.6430022580193
2019-11-04,US,2.73182207437641
2019-11-05,AU,2.81117236310589
2019-11-05,CA,2.96982794014505
2019-11-05,DE,4.39996777379452
2019-11-05,FR,2.35234850694085
2019-11-05,GB,3.14191377348906
2019-11-05,IE,3.63086347854115
2019-11-05,US,2.73178358322468
2019-11-06,AU,2.83213960386202
2019-11-06,CA,2.97333337113643
2019-11-06,DE,4.41500466764419
2019-11-06,FR,2.35613797624931
2019-11-06,GB,3.14174324534281
2019-11-06,IE,3.61437594815304
2019-11-06,US,2.73180215703357
2019-11-07,AU,2.84331640778229
2019-11-07,CA,2.97704274829325
2019-11-07,DE,4.42817123959958
2019-11-07,FR,2.36780738563382
2019-11-07,GB,3.14416027253998
2019-11-07,IE,3.58157483473284
2019-11-07,US,2.73665489957067
2019-11-08,AU,2.85628604909667
2019-11-08,CA,2.98208800627845
2019-11-08,DE,4.43987845178369
2019-11-08,FR,2.37986869643398
2019-11-08,GB,3.14349255227191
2019-11-08,IE,3.56587166115583
2019-11-08,US,2.73788667991781
2019-11-09,AU,2.87231963251909
2019-11-09,CA,2.98761294069129
2019-11-09,DE,4.45087904607277
2019-11-09,FR,2.39822002588206
2019-11-09,GB,3.14273924663919
2019-11-09,IE,3.5473329311655
2019-11-09,US,2.73919402205357
2019-11-10,AU,2.87944804065603
2019-11-10,CA,2.98906944232231
2019-11-10,DE,4.46226017455926
2019-11-10,FR,2.41525535072906
2019-11-10,GB,3.14748313234012
2019-11-10,IE,3.54274691298527
2019-11-10,US,2.74142619133435
2019-11-11,AU,2.88428774839858
2019-11-11,CA,2.9902357230366
2019-11-11,DE,4.47451380699252
2019-11-11,FR,2.43138687213135
2019-11-11,GB,3.14662177660422
2019-11-11,IE,3.54498924798149
2019-11-11,US,2.74381155431276
2019-11-12,AU,2.88788820452966
2019-11-12,CA,2.99328974267665
2019-11-12,DE,4.48041048085966
2019-11-12,FR,2.43908950003257
2019-11-12,GB,3.15130076058032
2019-11-12,IE,3.56025739726682
2019-11-12,US,2.74703885538522
2019-11-13,AU,2.885122519002
2019-11-13,CA,2.9884927141085
2019-11-13,DE,4.48311793397445
2019-11-13,FR,2.45192027848719
2019-11-13,GB,3.14927138832054
2019-11-13,IE,3.57698206094381
2019-11-13,US,2.75146863615915
2019-11-14,AU,2.88924706770274
2019-11-14,CA,2.98966364979178
2019-11-14,DE,4.48687872588399
2019-11-14,FR,2.45335195065075
2019-11-14,GB,3.15544582603318
2019-11-14,IE,3.59864323635426
2019-11-14,US,2.752672953362
2019-11-15,AU,2.89312644794598
2019-11-15,CA,2.99324543035551
2019-11-15,DE,4.48969635396975
2019-11-15,FR,2.4525301194772
2019-11-15,GB,3.16441388894534
2019-11-15,IE,3.61181733958914
2019-11-15,US,2.75936057903273
2019-11-16,AU,2.89604556797493
2019-11-16,CA,2.99960585939761
2019-11-16,DE,4.49960048492832
2019-11-16,FR,2.45086384927492
2019-11-16,GB,3.17523133310243
2019-11-16,IE,3.61489228764546
2019-11-16,US,2.7675534063854
2019-11-17,AU,2.90656608167068
2019-11-17,CA,3.00551433373705
2019-11-17,DE,4.504343011673
2019-11-17,FR,2.44820870588282
2019-11-17,GB,3.18268799651383
2019-11-17,IE,3.6237483695521
2019-11-17,US,2.77540318765205
2019-11-18,AU,2.91631343184503
2019-11-18,CA,3.01113232190148
2019-11-18,DE,4.50777296808812
2019-11-18,FR,2.44300818319655
2019-11-18,GB,3.19875311684798
2019-11-18,IE,3.64398842908323
2019-11-18,US,2.7802106366442
2019-11-19,AU,2.92566961135002
2019-11-19,CA,3.0154065725389
2019-11-19,DE,4.52137960740156
2019-11-19,FR,2.44489606443495
2019-11-19,GB,3.2110068092707
2019-11-19,IE,3.6491235968064
2019-11-19,US,2.78436168546788
2019-11-20,AU,2.93356078900357
2019-11-20,CA,3.03053307541808
2019-11-20,DE,4.53366846333755
2019-11-20,FR,2.44454186784891
2019-11-20,GB,3.22905687275609
2019-11-20,IE,3.66890066006173
2019-11-20,US,2.79014019051723
2019-11-21,AU,2.93977472113643
2019-11-21,CA,3.04437652215304
2019-11-21,DE,4.54529423725101
2019-11-21,FR,2.44640759465385
2019-11-21,GB,3.23373725102402
2019-11-21,IE,3.68307248982321
2019-11-21,US,2.79748904337271
2019-11-22,AU,2.94568578101729
2019-11-22,CA,3.06021261512036
2019-11-22,DE,4.56508455120318
2019-11-22,FR,2.4507062765293
2019-11-22,GB,3.2324141295485
2019-11-22,IE,3.70306759096747
2019-11-22,US,2.80431345661286
2019-11-23,AU,2.9527315818099
2019-11-23,CA,3.06977142955583
2019-11-23,DE,4.57500551588628
2019-11-23,FR,2.45527104957011
2019-11-23,GB,3.23835886516704
2019-11-23,IE,3.71944638132995
2019-11-23,US,2.81245854465891
2019-11-24,AU,2.95318621446246
2019-11-24,CA,3.08399162226976
2019-11-24,DE,4.59776978853996
2019-11-24,FR,2.46349791729
2019-11-24,GB,3.23777991789818
2019-11-24,IE,3.73166861298135
2019-11-24,US,2.82134866031511
2019-11-25,AU,2.95111113028738
2019-11-25,CA,3.09599486270447
2019-11-25,DE,4.61377844214512
2019-11-25,FR,2.47337891937134
2019-11-25,GB,3.23539549805403
2019-11-25,IE,3.74348604120787
2019-11-25,US,2.83268282621763
2019-11-26,AU,2.94691731881782
2019-11-26,CA,3.10260041655011
2019-11-26,DE,4.62910418644674
2019-11-26,FR,2.4803254149444
2019-11-26,GB,3.23471375506495
2019-11-26,IE,3.76066770279857
2019-11-26,US,2.84400735631223
2019-11-27,AU,2.95304007580014
2019-11-27,CA,3.10821272408149
2019-11-27,DE,4.63869007547796
2019-11-27,FR,2.48388825694118
2019-11-27,GB,3.24051984940693
2019-11-27,IE,3.76614513298502
2019-11-27,US,2.85345387693029
2019-11-28,AU,2.96522433747709
2019-11-28,CA,3.10967775514998
2019-11-28,DE,4.65605045483686
2019-11-28,FR,2.48638214032216
2019-11-28,GB,3.25182713527193
2019-11-28,IE,3.78752881178646
2019-11-28,US,2.86094027744372
2019-11-29,AU,2.97578941053707
2019-11-29,CA,3.10987334417491
2019-11-29,DE,4.66414209065131
2019-11-29,FR,2.48854062117603
2019-11-29,GB,3.27111551436907
2019-11-29,IE,3.7975136735391
2019-11-29,US,2.86727330068618
2019-11-30,AU,2.98904094435185
2019-11-30,CA,3.12826943093758
2019-11-30,DE,4.67318357138252
2019-11-30,FR,2.48281173633723
2019-11-30,GB,3.28549623526716
2019-11-30,IE,3.8298584247221
2019-11-30,US,2.87004112178104
2019-12-01,AU,3.00121148663352
2019-12-01,CA,3.14302644539227
2019-12-01,DE,4.6883076433832
2019-12-01,FR,2.47468623829867
2019-12-01,GB,3.30844365186823
2019-12-01,IE,3.85741563995957
2019-12-01,US,2.87016217253258
2019-12-02,AU,3.01565151104352
2019-12-02,CA,3.16145003830351
2019-12-02,DE,4.70726423933207
2019-12-02,FR,2.46583354018554
2019-12-02,GB,3.33255170025886
2019-12-02,IE,3.87956625460293
2019-12-02,US,2.87026001289422
2019-12-03,AU,3.04481062089382
2019-12-03,CA,3.18721353752202
2019-12-03,DE,4.72902065814681
2019-12-03,FR,2.45772236178905
2019-12-03,GB,3.35496242071593
2019-12-03,IE,3.91877384760862
2019-12-03,US,2.87732649786227
2019-12-04,AU,3.07230288735914
2019-12-04,CA,3.20955211950332
2019-12-04,DE,4.73820586287891
2019-12-04,FR,2.45101599969429
2019-12-04,GB,3.37340102409785
2019-12-04,IE,3.95029593389197
2019-12-04,US,2.88219899757354
2019-12-05,AU,3.09583678014677
2019-12-05,CA,3.23666113389897
2019-12-05,DE,4.74445403420184
2019-12-05,FR,2.44691893401923
2019-12-05,GB,3.38745210388645
2019-12-05,IE,3.97916748342898
2019-12-05,US,2.88749444969129
2019-12-06,AU,3.11655046452401
2019-12-06,CA,3.26290051677893
2019-12-06,DE,4.75109220255993
2019-12-06,FR,2.44185503743373
2019-12-06,GB,3.39865095200582
2019-12-06,IE,3.99650992483071
2019-12-06,US,2.89411665767316
2019-12-07,AU,3.13769334706488
2019-12-07,CA,3.27587608038206
2019-12-07,DE,4.75778077182632
2019-12-07,FR,2.43259880430279
2019-12-07,GB,3.40740019192586
2019-12-07,IE,4.00188174373934
2019-12-07,US,2.90715714599422
2019-12-08,AU,3.1569351596587
2019-12-08,CA,3.28677777370023
2019-12-08,DE,4.75313016504525
2019-12-08,FR,2.42461039565219
2019-12-08,GB,3.41023163057689
2019-12-08,IE,4.00231916961481
2019-12-08,US,2.91722900037152
2019-12-09,AU,3.1764852206607
2019-12-09,CA,3.29623092023312
2019-12-09,DE,4.74957165295139
2019-12-09,FR,2.42275765100193
2019-12-09,GB,3.41927904114851
2019-12-09,IE,4.00164890903343
2019-12-09,US,2.92745270309336
2019-12-10,AU,3.18148757762918
2019-12-10,CA,3.30346715889486
2019-12-10,DE,4.73786198231615
2019-12-10,FR,2.42507036799242
2019-12-10,GB,3.4283907284356
2019-12-10,IE,3.98923246913168
2019-12-10,US,2.93130430161779
2019-12-11,AU,3.18025742363526
2019-12-11,CA,3.3057272446923
2019-12-11,DE,4.74791846100287
2019-12-11,FR,2.42848117805118
2019-12-11,GB,3.43973909480718
2019-12-11,IE,3.9903612781248
2019-12-11,US,2.9350683918448
2019-12-12,AU,3.17697995537888
2019-12-12,CA,3.31319076697916
2019-12-12,DE,4.75675583982025
2019-12-12,FR,2.43557438877718
2019-12-12,GB,3.45124685438245
2019-12-12,IE,3.98717101271663
2019-12-12,US,2.93526934167524
2019-12-13,AU,3.17955821532231
2019-12-13,CA,3.31645670356897
2019-12-13,DE,4.76846692536824
2019-12-13,FR,2.44459985929687
2019-12-13,GB,3.46503422143463
2019-12-13,IE,4.0048602499004
2019-12-13,US,2.9335625056451
2019-12-14,AU,3.18589637289818
2019-12-14,CA,3.32157798004242
2019-12-14,DE,4.7767828268936
2019-12-14,FR,2.45898160660735
2019-12-14,GB,3.47592864633494
2019-12-14,IE,4.01298670414889
2019-12-14,US,2.92548409593937
2019-12-15,AU,3.19722176222264
2019-12-15,CA,3.32431908391526
2019-12-15,DE,4.783371673776
2019-12-15,FR,2.47373018168501
2019-12-15,GB,3.4950766380188
2019-12-15,IE,4.04399403469934
2019-12-15,US,2.92122044653137
2019-12-16,AU,3.20711478349427
2019-12-16,CA,3.3343164029475
2019-12-16,DE,4.79687342663367
2019-12-16,FR,2.48235880382476
2019-12-16,GB,3.50822021588163
2019-12-16,IE,4.07978435037053
2019-12-16,US,2.91941415687612
2019-12-17,AU,3.23100797665027
2019-12-17,CA,3.34514097469558
2019-12-17,DE,4.80836434735884
2019-12-17,FR,2.48189587589184
2019-12-17,GB,3.51958025036813
2019-12-17,IE,4.09742044529739
2019-12-17,US,2.91731362330151
2019-12-18,AU,3.25748829142684
2019-12-18,CA,3.36293103523303
2019-12-18,DE,4.81084092438284
2019-12-18,FR,2.48417863174506
2019-12-18,GB,3.53276610920018
2019-12-18,IE,4.11043804375416
2019-12-18,US,2.91528693739658
2019-12-19,AU,3.28896524244534
2019-12-19,CA,3.37253217926828
2019-12-19,DE,4.81331499579989
2019-12-19,FR,2.4861687086002
2019-12-19,GB,3.5513532775827
2019-12-19,IE,4.13079492755475
2019-12-19,US,2.91415010738022
2019-12-20,AU,3.30642336504538
2019-12-20,CA,3.38634738023096
2019-12-20,DE,4.82059043248623
2019-12-20,FR,2.48599882929567
2019-12-20,GB,3.56998125556831
2019-12-20,IE,4.15249305919305
2019-12-20,US,2.91562185491252
2019-12-21,AU,3.32405511200416
2019-12-21,CA,3.39956313750316
2019-12-21,DE,4.82970135449035
2019-12-21,FR,2.48694294830903
2019-12-21,GB,3.60227458869905
2019-12-21,IE,4.19469486386948
2019-12-21,US,2.9203669430577
2019-12-22,AU,3.33919583931353
2019-12-22,CA,3.414958494017
2019-12-22,DE,4.84834305113445
2019-12-22,FR,2.48411251707467
2019-12-22,GB,3.62820508677646
2019-12-22,IE,4.20400926060443
2019-12-22,US,2.92351895164463
2019-12-23,AU,3.34728043391032
2019-12-23,CA,3.4211237228637
2019-12-23,DE,4.85175284537219
2019-12-23,FR,2.48407152333933
2019-12-23,GB,3.65471810056377
2019-12-23,IE,4.2148676921843
2019-12-23,US,2.92205966131129
2019-12-24,AU,3.37033642238791
2019-12-24,CA,3.42573834694989
2019-12-24,DE,4.86333952084363
2019-12-24,FR,2.48691224292974
2019-12-24,GB,3.69206009756557
2019-12-24,IE,4.23952948470773
2019-12-24,US,2.922750199333
2019-12-25,AU,3.39418513657187
2019-12-25,CA,3.43370835339808
2019-12-25,DE,4.87711579298932
2019-12-25,FR,2.48423603888201
2019-12-25,GB,3.72730320555812
2019-12-25,IE,4.26616692495517
2019-12-25,US,2.92292106075448
2019-12-26,AU,3.41066738130246
2019-12-26,CA,3.43981530174987
2019-12-26,DE,4.89025890827093
2019-12-26,FR,2.48009446040041
2019-12-26,GB,3.75911424267882
2019-12-26,IE,4.28868117798628
2019-12-26,US,2.92435323606232
2019-12-27,AU,3.44578364672884
2019-12-27,CA,3.44829736176619
2019-12-27,DE,4.89686185252717
2019-12-27,FR,2.47273078606381
2019-12-27,GB,3.78995852076335
2019-12-27,IE,4.30670766620698
2019-12-27,US,2.92400089711039
2019-12-28,AU,3.48008671460188
2019-12-28,CA,3.45680805347106
2019-12-28,DE,4.90467091988506
2019-12-28,FR,2.46970546617021
2019-12-28,GB,3.81248179855683
2019-12-28,IE,4.32536158233867
2019-12-28,US,2.92229523638882
2019-12-29,AU,3.51546450405062
2019-12-29,CA,3.46810526293901
2019-12-29,DE,4.90234052058627
2019-12-29,FR,2.46733733155157
2019-12-29,GB,3.83397318958629
2019-12-29,IE,4.34160007652813
2019-12-29,US,2.92238049246123
2019-12-30,AU,3.55823504580959
2019-12-30,CA,3.48341859113125
2019-12-30,DE,4.90934583279168
2019-12-30,FR,2.47033428980544
2019-12-30,GB,3.85421138467829
2019-12-30,IE,4.35067558418976
2019-12-30,US,2.92528679749257
2019-12-31,AU,3.57275222700148
2019-12-31,CA,3.49106080910002
2019-12-31,DE,4.91325688948852
2019-12-31,FR,2.48015822935786
2019-12-31,GB,3.85880931263813
2019-12-31,IE,4.35553450131131
2019-12-31,US,2.91808382009216
2020-01-01,AU,3.58211792309538
2020-01-01,CA,3.48725795692483
2020-01-01,DE,4.91768317895301
2020-01-01,FR,2.48992415443413
2020-01-01,GB,3.8656789482496
2020-01-01,IE,4.35777750194321
2020-01-01,US,2.91495917278139
2020-01-02,AU,3.59488669528504
2020-01-02,CA,3.49200695185236
2020-01-02,DE,4.92242008580571
2020-01-02,FR,2.49848234973965
2020-01-02,GB,3.87062001111296
2020-01-02,IE,4.36454481984599
2020-01-02,US,2.90861963859008
2020-01-03,AU,3.59676155940893
2020-01-03,CA,3.49546019307568
2020-01-03,DE,4.92697302591344
2020-01-03,FR,2.51177131739092
2020-01-03,GB,3.87146790037083
2020-01-03,IE,4.35284774818299
2020-01-03,US,2.90184952478356
2020-01-04,AU,3.61518045947588
2020-01-04,CA,3.50049929753443
2020-01-04,DE,4.9316721918455
2020-01-04,FR,2.5250639858327
2020-01-04,GB,3.8669692012637
2020-01-04,IE,4.33437786279677
2020-01-04,US,2.8959624496601
2020-01-05,AU,3.62790700926115
2020-01-05,CA,3.50157961994939
2020-01-05,DE,4.93881726804838
2020-01-05,FR,2.53810313930192
2020-01-05,GB,3.86139431670345
2020-01-05,IE,4.31671697373961
2020-01-05,US,2.89156282328226
2020-01-06,AU,3.64156212720304
2020-01-06,CA,3.49968012761013
2020-01-06,DE,4.94320282434117
2020-01-06,FR,2.54264114630869
2020-01-06,GB,3.8573036745248
2020-01-06,IE,4.31176791325515
2020-01-06,US,2.88572961867422
2020-01-07,AU,3.64943984806612
2020-01-07,CA,3.50852770531917
2020-01-07,DE,4.94813422939973
2020-01-07,FR,2.54242057561389
2020-01-07,GB,3.85805041860241
2020-01-07,IE,4.30347268569884
2020-01-07,US,2.89490043367173
2020-01-08,AU,3.65973770432376
2020-01-08,CA,3.51665135822005
2020-01-08,DE,4.94839755747599
2020-01-08,FR,2.54588000360909
2020-01-08,GB,3.85402527069247
2020-01-08,IE,4.28860156162688
2020-01-08,US,2.89920741637011
2020-01-09,AU,3.66396512341643
2020-01-09,CA,3.52522315614153
2020-01-09,DE,4.95016931069374
2020-01-09,FR,2.55061735266937
2020-01-09,GB,3.85021369354371
2020-01-09,IE,4.2532429551488
2020-01-09,US,2.9102662114297
2020-01-10,AU,3.66338492764653
2020-01-10,CA,3.52989343259926
2020-01-10,DE,4.95140178847914
2020-01-10,FR,2.55001733238857
2020-01-10,GB,3.8482005763342
2020-01-10,IE,4.22347708349664
2020-01-10,US,2.9216617989793
2020-01-11,AU,3.64027084855794
2020-01-11,CA,3.5346551244514
2020-01-11,DE,4.95129528842964
2020-01-11,FR,2.5425749456214
2020-01-11,GB,3.84707417337793
2020-01-11,IE,4.18919608908383
2020-01-11,US,2.9326414586851
2020-01-12,AU,3.62215324381638
2020-01-12,CA,3.54105750848316
2020-01-12,DE,4.94983606139555
2020-01-12,FR,2.54212162149728
2020-01-12,GB,3.84881064468093
2020-01-12,IE,4.15178329515182
2020-01-12,US,2.94184194460284
2020-01-13,AU,3.60213824006548
2020-01-13,CA,3.55017464672581
2020-01-13,DE,4.9493167309742
2020-01-13,FR,2.54838026582832
2020-01-13,GB,3.84799616652214
2020-01-13,IE,4.10920904940529
2020-01-13,US,2.9539853362275
2020-01-14,AU,3.5890144145468
2020-01-14,CA,3.55443387162099
2020-01-14,DE,4.94699573278106
2020-01-14,FR,2.55389183620483
2020-01-14,GB,3.85093112634757
2020-01-14,IE,4.08108992208671
2020-01-14,US,2.9603735751922
2020-01-15,AU,3.57421824605139
2020-01-15,CA,3.57363815234806
2020-01-15,DE,4.94831413383665
2020-01-15,FR,2.55701028539462
2020-01-15,GB,3.85701591005299
2020-01-15,IE,4.06461208900322
2020-01-15,US,2.96829830921068
2020-01-16,AU,3.55921428190915
2020-01-16,CA,3.5800526886432
2020-01-16,DE,4.95090804173267
2020-01-16,FR,2.55834847081887
2020-01-16,GB,3.86000486446574
2020-01-16,IE,4.05598212331519
2020-01-16,US,2.97262738302449
2020-01-17,AU,3.55314638618026
2020-01-17,CA,3.58632031374266
2020-01-17,DE,4.95291195413982
2020-01-17,FR,2.56301083392641
2020-01-17,GB,3.86314944771552
2020-01-17,IE,4.05499118695358
2020-01-17,US,2.97676546789251
2020-01-18,AU,3.54942658251472
2020-01-18,CA,3.58950160895924
2020-01-18,DE,4.95672201263737
2020-01-18,FR,2.57039802859581
2020-01-18,GB,3.87226449138231
2020-01-18,IE,4.06660068259388
2020-01-18,US,2.98114132531649
2020-01-19,AU,3.54081584052349
2020-01-19,CA,3.59539626579787
2020-01-19,DE,4.96311953930285
2020-01-19,FR,2.57706206887035
2020-01-19,GB,3.87534380387671
2020-01-19,IE,4.10336497865695
2020-01-19,US,2.98663007687207
2020-01-20,AU,3.52958606916601
2020-01-20,CA,3.60521144172984
2020-01-20,DE,4.97434849869377
2020-01-20,FR,2.57695759538795
2020-01-20,GB,3.87714671334366
2020-01-20,IE,4.13730632458327
2020-01-20,US,2.99256120078876
2020-01-21,AU,3.52950860333525
2020-01-21,CA,3.61929943737483
2020-01-21,DE,4.98695269765586
2020-01-21,FR,2.57865666924051
2020-01-21,GB,3.87892360514379
2020-01-21,IE,4.17285405545113
2020-01-21,US,2.99877203060628
2020-01-22,AU,3.52814290085504
2020-01-22,CA,3.62830630079948
2020-01-22,DE,5.0009619132891
2020-01-22,FR,2.5904440173449
2020-01-22,GB,3.88214813565362
2020-01-22,IE,4.20986394578279
2020-01-22,US,3.00483627220864
2020-01-23,AU,3.53046506162841
2020-01-23,CA,3.64422283057995
2020-01-23,DE,5.01290019801345
2020-01-23,FR,2.59423213505149
2020-01-23,GB,3.88659437991588
2020-01-23,IE,4.24807337082212
2020-01-23,US,3.0113665315845
2020-01-24,AU,3.51405429764947
2020-01-24,CA,3.65839543023721
2020-01-24,DE,5.0258291120609
2020-01-24,FR,2.60373476039561
2020-01-24,GB,3.8852635874252
2020-01-24,IE,4.2922105002309
2020-01-24,US,3.01859363202441
2020-01-25,AU,3.49784966797049
2020-01-25,CA,3.67151781409974
2020-01-25,DE,5.0354997027452
2020-01-25,FR,2.61350612716217
2020-01-25,GB,3.87816654070389
2020-01-25,IE,4.32622886508478
2020-01-25,US,3.02568291875197
2020-01-26,AU,3.47785978965852
2020-01-26,CA,3.68111393256371
2020-01-26,DE,5.04440413319432
2020-01-26,FR,2.61904504480919
2020-01-26,GB,3.87982719045668
2020-01-26,IE,4.34358014251145
2020-01-26,US,3.03267503172474
2020-01-27,AU,3.46740354398719
2020-01-27,CA,3.68676290139014
2020-01-27,DE,5.05066063447085
2020-01-27,FR,2.62589640827957
2020-01-27,GB,3.88601832837147
2020-01-27,IE,4.359544953349
2020-01-27,US,3.03813698453339
2020-01-28,AU,3.44624864154723
2020-01-28,CA,3.69029141126168
2020-01-28,DE,5.05757028248407
2020-01-28,FR,2.6323101936954
2020-01-28,GB,3.88739143032819
2020-01-28,IE,4.37368086426455
2020-01-28,US,3.04465399947514
2020-01-29,AU,3.43861849609165
2020-01-29,CA,3.69256123586328
2020-01-29,DE,5.06785329862513
2020-01-29,FR,2.63207183717872
2020-01-29,GB,3.88485062853291
2020-01-29,IE,4.38284327515733
2020-01-29,US,3.05265486247348
2020-01-30,AU,3.43411928442324
2020-01-30,CA,3.68932544907098
2020-01-30,DE,5.07259154348977
2020-01-30,FR,2.63894720875139
2020-01-30,GB,3.8874770857932
2020-01-30,IE,4.39694836753728
2020-01-30,US,3.05841495616031
2020-01-31,AU,3.44415163761141
2020-01-31,CA,3.68610510359067
2020-01-31,DE,5.08013044840211
2020-01-31,FR,2.6411699690394
2020-01-31,GB,3.89996571548001
2020-01-31,IE,4.39941996147847
2020-01-31,US,3.05956496635632
2020-02-01,AU,3.45160962921185
2020-02-01,CA,3.68497273496933
2020-02-01,DE,5.09445846081252
2020-02-01,FR,2.64725714886798
2020-02-01,GB,3.9140008580526
2020-02-01,IE,4.35820810307718
2020-02-01,US,3.06217976755215
2020-02-02,AU,3.46630291858691
2020-02-02,CA,3.6851473511887
2020-02-02,DE,5.10565129920152
2020-02-02,FR,2.65349648995054
2020-02-02,GB,3.92755142286298
2020-02-02,IE,4.36736152624674
2020-02-02,US,3.06276720418177
2020-02-03,AU,3.47764642365374
2020-02-03,CA,3.68562793766176
2020-02-03,DE,5.11699184731982
2020-02-03,FR,2.66238299032098
2020-02-03,GB,3.93751654309363
2020-02-03,IE,4.37803260603454
2020-02-03,US,3.06399605276018
2020-02-04,AU,3.48736199038058
2020-02-04,CA,3.68668692678818
2020-02-04,DE,5.12912414530831
2020-02-04,FR,2.67241744640298
2020-02-04,GB,3.95219685638952
2020-02-04,IE,4.39305470220166
2020-02-04,US,3.06078310528072
2020-02-05,AU,3.48705101723963
2020-02-05,CA,3.68857301916058
2020-02-05,DE,5.1397528975577
2020-02-05,FR,2.67960683400912
2020-02-05,GB,3.96716226287084
2020-02-05,IE,4.40186787407519
2020-02-05,US,3.0617612235838
2020-02-06,AU,3.48681326175046
2020-02-06,CA,3.69310332735671
2020-02-06,DE,5.15486293989079
2020-02-06,FR,2.68927780188061
2020-02-06,GB,3.97629347163287
2020-02-06,IE,4.42002983202919
2020-02-06,US,3.06461606460494
2020-02-07,AU,3.45699086428333
2020-02-07,CA,3.69879119605382
2020-02-07,DE,5.16841441193584
2020-02-07,FR,2.69684036292207
2020-02-07,GB,3.98370987113847
2020-02-07,IE,4.44758954003639
2020-02-07,US,3.07758002426645
2020-02-08,AU,3.44048172856229
2020-02-08,CA,3.70221512566334
2020-02-08,DE,5.1779757202265
2020-02-08,FR,2.70175787420662
2020-02-08,GB,3.99191629376968
2020-02-08,IE,4.55223170795479
2020-02-08,US,3.08478232423724
2020-02-09,AU,3.42071255655825
2020-02-09,CA,3.70709874036708
2020-02-09,DE,5.18755749964466
2020-02-09,FR,2.70821739804125
2020-02-09,GB,3.99782980396593
2020-02-09,IE,4.59865548446624
2020-02-09,US,3.09351547092863
2020-02-10,AU,3.40369958613603
2020-02-10,CA,3.71179937876601
2020-02-10,DE,5.19811509304865
2020-02-10,FR,2.71243123384499
2020-02-10,GB,4.0079797431536
2020-02-10,IE,4.64132125578649
2020-02-10,US,3.10033500975433
2020-02-11,AU,3.39446138615154
2020-02-11,CA,3.71266704081061
2020-02-11,DE,5.20917490878234
2020-02-11,FR,2.71579802560775
2020-02-11,GB,4.01714146709271
2020-02-11,IE,4.68797247475003
2020-02-11,US,3.10943103583685
2020-02-12,AU,3.38481014561031
2020-02-12,CA,3.71270349907179
2020-02-12,DE,5.22167472329887
2020-02-12,FR,2.72165309873865
2020-02-12,GB,4.03001721801472
2020-02-12,IE,4.73759600943198
2020-02-12,US,3.11503331024745
2020-02-13,AU,3.36839177717158
2020-02-13,CA,3.71805615120391
2020-02-13,DE,5.23581162800464
2020-02-13,FR,2.7220838197991
2020-02-13,GB,4.04640012802384
2020-02-13,IE,4.78137660846127
2020-02-13,US,3.12099666169695
2020-02-14,AU,3.39097236493644
2020-02-14,CA,3.72275724462732
2020-02-14,DE,5.24960461005475
2020-02-14,FR,2.72500931628719
2020-02-14,GB,4.05822971523796
2020-02-14,IE,4.82639970360964
2020-02-14,US,3.12137796671905
2020-02-15,AU,3.40298185699373
2020-02-15,CA,3.73275384474971
2020-02-15,DE,5.26232743497029
2020-02-15,FR,2.72802663872586
2020-02-15,GB,4.07810011092952
2020-02-15,IE,4.87039488278073
2020-02-15,US,3.13213438376067
2020-02-16,AU,3.41716795032844
2020-02-16,CA,3.74308914039857
2020-02-16,DE,5.27238472554142
2020-02-16,FR,2.72957543135025
2020-02-16,GB,4.09712729535407
2020-02-16,IE,4.91292204144617
2020-02-16,US,3.14073578375822
2020-02-17,AU,3.42814378239892
2020-02-17,CA,3.75323779476119
2020-02-17,DE,5.27901601600943
2020-02-17,FR,2.72972839749289
2020-02-17,GB,4.11658683958734
2020-02-17,IE,4.95730069184054
2020-02-17,US,3.14995120728359
2020-02-18,AU,3.43007111022786
2020-02-18,CA,3.76936165479946
2020-02-18,DE,5.28662758781558
2020-02-18,FR,2.72237353434004
2020-02-18,GB,4.13044421443536
2020-02-18,IE,4.97927783541003
2020-02-18,US,3.15455138840549
2020-02-19,AU,3.43380010455384
2020-02-19,CA,3.78755318611813
2020-02-19,DE,5.29316889970794
2020-02-19,FR,2.71238438746584
2020-02-19,GB,4.14118061339192
2020-02-19,IE,4.98941602330884
2020-02-19,US,3.15840762341528
2020-02-20,AU,3.44102306140566
2020-02-20,CA,3.80209534405563
2020-02-20,DE,5.29821930562112
2020-02-20,FR,2.70356328284244
2020-02-20,GB,4.15000149383992
2020-02-20,IE,5.00072300775788
2020-02-20,US,3.1627579894644
2020-02-21,AU,3.44634590044656
2020-02-21,CA,3.80156437392596
2020-02-21,DE,5.30666299063407
2020-02-21,FR,2.69463876902522
2020-02-21,GB,4.1630132740887
2020-02-21,IE,5.01253538538057
2020-02-21,US,3.16574755336201
2020-02-22,AU,3.44892886729747
2020-02-22,CA,3.80033746077692
2020-02-22,DE,5.3157560935477
2020-02-22,FR,2.68538572434229
2020-02-22,GB,4.16460680905255
2020-02-22,IE,4.99922794630022
2020-02-22,US,3.16012720023477
2020-02-23,AU,3.46366705315929
2020-02-23,CA,3.80033060227343
2020-02-23,DE,5.33060258548441
2020-02-23,FR,2.67676664310793
2020-02-23,GB,4.16926305007192
2020-02-23,IE,4.99668872931815
2020-02-23,US,3.15776133223111
2020-02-24,AU,3.47448236070558
2020-02-24,CA,3.80084005578455
2020-02-24,DE,5.34765393082312
2020-02-24,FR,2.66933875697768
2020-02-24,GB,4.17205344560304
2020-02-24,IE,4.98408477904163
2020-02-24,US,3.15454673797904
2020-02-25,AU,3.49100058193235
2020-02-25,CA,3.79842513399163
2020-02-25,DE,5.36092275697097
2020-02-25,FR,2.66948294788048
2020-02-25,GB,4.17420862045993
2020-02-25,IE,4.9777888702886
2020-02-25,US,3.15589640286762
2020-02-26,AU,3.50507811432904
2020-02-26,CA,3.80837827614027
2020-02-26,DE,5.37247118186133
2020-02-26,FR,2.67000530032898
2020-02-26,GB,4.17332657057844
2020-02-26,IE,4.97274316638576
2020-02-26,US,3.15585427827084
2020-02-27,AU,3.51439952159324
2020-02-27,CA,3.81284019074803
2020-02-27,DE,5.43910235971628
2020-02-27,FR,2.67678352534536
2020-02-27,GB,4.17163233199695
2020-02-27,IE,4.96461197240447
2020-02-27,US,3.15498055546653
2020-02-28,AU,3.51396587053206
2020-02-28,CA,3.83276419803231
2020-02-28,DE,5.49978838732441
2020-02-28,FR,2.68149972513609
2020-02-28,GB,4.16752433663139
2020-02-28,IE,4.93375022034139
2020-02-28,US,3.15457947136364
2020-02-29,AU,3.53616092043903
2020-02-29,CA,3.85194587710137
2020-02-29,DE,5.56217542084882
2020-02-29,FR,2.68967745284395
2020-02-29,GB,4.16846312869527
2020-02-29,IE,4.90756642327824
2020-02-29,US,3.15811102429764
2020-03-01,AU,3.54447060362787
2020-03-01,CA,3.86884415603752
2020-03-01,DE,5.623629485448
2020-03-01,FR,2.69536782791268
2020-03-01,GB,4.16458046942906
2020-03-01,IE,4.87253448795634
2020-03-01,US,3.1594205031705
2020-03-02,AU,3.55859916227228
2020-03-02,CA,3.88335033987607
2020-03-02,DE,5.68445073457077
2020-03-02,FR,2.70231633130745
2020-03-02,GB,4.15861400167201
2020-03-02,IE,4.8519717218936
2020-03-02,US,3.16144849029663
2020-03-03,AU,3.56538160873553
2020-03-03,CA,3.90179570905646
2020-03-03,DE,5.75275710448134
2020-03-03,FR,2.71292445920563
2020-03-03,GB,4.15884252492474
2020-03-03,IE,4.86045358267531
2020-03-03,US,3.16446174557726
2020-03-04,AU,3.56848500830039
2020-03-04,CA,3.89717253551775
2020-03-04,DE,5.82178152884993
2020-03-04,FR,2.71920930167431
2020-03-04,GB,4.15849871253452
2020-03-04,IE,4.89966218988308
2020-03-04,US,3.17031781083685
2020-03-05,AU,3.57340530950502
2020-03-05,CA,3.89728032779288
2020-03-05,DE,5.8380150132972
2020-03-05,FR,2.7232731376865
2020-03-05,GB,4.16097801824863
2020-03-05,IE,4.92843211937359
2020-03-05,US,3.17687240651204
2020-03-06,AU,3.59173694543772
2020-03-06,CA,3.90192716894474
2020-03-06,DE,5.86105447728551
2020-03-06,FR,2.72962069523815
2020-03-06,GB,4.16504172241493
2020-03-06,IE,4.97502920683307
2020-03-06,US,3.18468358532102
2020-03-07,AU,3.589680285266
2020-03-07,CA,3.90677448938941
2020-03-07,DE,5.88570817458416
2020-03-07,FR,2.73383970234836
2020-03-07,GB,4.16466968694203
2020-03-07,IE,5.00429964228007
2020-03-07,US,3.19450574804843
2020-03-08,AU,3.59205400846437
2020-03-08,CA,3.90994336157572
2020-03-08,DE,5.91236209224282
2020-03-08,FR,2.73990169767256
2020-03-08,GB,4.16534576480635
2020-03-08,IE,5.04354716581938
2020-03-08,US,3.20048452681226
2020-03-09,AU,3.58845372533564
2020-03-09,CA,3.91375739829676
2020-03-09,DE,5.93769487263565
2020-03-09,FR,2.74391676404932
2020-03-09,GB,4.16717243226474
2020-03-09,IE,5.07659819131538
2020-03-09,US,3.20668869448273
2020-03-10,AU,3.59247237899465
2020-03-10,CA,3.92054713100197
2020-03-10,DE,5.95396268322858
2020-03-10,FR,2.74790253768887
2020-03-10,GB,4.16715993936738
2020-03-10,IE,5.08389465840497
2020-03-10,US,3.21261023096964
2020-03-11,AU,3.60132170323155
2020-03-11,CA,3.93363867471477
2020-03-11,DE,5.96896719518698
2020-03-11,FR,2.75657020660333
2020-03-11,GB,4.16924572537425
2020-03-11,IE,5.08182723354614
2020-03-11,US,3.21571724136702
2020-03-12,AU,3.6175600890453
2020-03-12,CA,3.95449733016793
2020-03-12,DE,5.988527923923
2020-03-12,FR,2.76081863221286
2020-03-12,GB,4.17228525608275
2020-03-12,IE,5.08421195635873
2020-03-12,US,3.22167053675594
2020-03-13,AU,3.60779616671152
2020-03-13,CA,3.97426361191592
2020-03-13,DE,5.99354849001575
2020-03-13,FR,2.76532528362318
2020-03-13,GB,4.17600136488486
2020-03-13,IE,5.05665764273401
2020-03-13,US,3.22756189035603
2020-03-14,AU,3.59361616589723
2020-03-14,CA,3.9870975978202
2020-03-14,DE,6.00214339509886
2020-03-14,FR,2.76760086254695
2020-03-14,GB,4.18594176034029
2020-03-14,IE,5.00594703183673
2020-03-14,US,3.22415036183961
2020-03-15,AU,3.57914273629825
2020-03-15,CA,4.00230373092684
2020-03-15,DE,6.00675437176384
2020-03-15,FR,2.76997095109098
2020-03-15,GB,4.1946023212813
2020-03-15,IE,4.97419913662095
2020-03-15,US,3.22531603771913
2020-03-16,AU,3.57129953747207
2020-03-16,CA,4.01763166748417
2020-03-16,DE,6.0120148339854
2020-03-16,FR,2.77573997808813
2020-03-16,GB,4.20402746601237
2020-03-16,IE,4.9424111636939
2020-03-16,US,3.22587586377283
2020-03-17,AU,3.57393478940953
2020-03-17,CA,4.02829626695855
2020-03-17,DE,6.02369646213061
2020-03-17,FR,2.77828844796459
2020-03-17,GB,4.21268436596597
2020-03-17,IE,4.92690472982516
2020-03-17,US,3.22815774471443
2020-03-18,AU,3.5695474302337
2020-03-18,CA,4.04415984811346
2020-03-18,DE,6.03704072412761
2020-03-18,FR,2.77888433620883
2020-03-18,GB,4.23257883526151
2020-03-18,IE,4.91349192914737
2020-03-18,US,3.23143762432893
2020-03-19,AU,3.55963730858605
2020-03-19,CA,4.05049229338665
2020-03-19,DE,5.99291156667246
2020-03-19,FR,2.78646342594127
2020-03-19,GB,4.25456479194715
2020-03-19,IE,4.90721603164163
2020-03-19,US,3.2269680785637
2020-03-20,AU,3.58833321269755
2020-03-20,CA,4.05658516509696
2020-03-20,DE,5.96038707054008
2020-03-20,FR,2.7920540896733
2020-03-20,GB,4.29854631596177
2020-03-20,IE,4.94741593588351
2020-03-20,US,3.22335922543891
2020-03-21,AU,3.61989412513893
2020-03-21,CA,4.07653036425442
2020-03-21,DE,5.92813570509848
2020-03-21,FR,2.79961108992651
2020-03-21,GB,4.35463116136543
2020-03-21,IE,5.04166494730263
2020-03-21,US,3.22947746188753
2020-03-22,AU,3.65747487488123
2020-03-22,CA,4.08919175132054
2020-03-22,DE,5.89902868244776
2020-03-22,FR,2.80902573714774
2020-03-22,GB,4.42337943628471
2020-03-22,IE,5.12051512207875
2020-03-22,US,3.23295551157156
2020-03-23,AU,3.70033308802801
2020-03-23,CA,4.10215748486688
2020-03-23,DE,5.87078480858377
2020-03-23,FR,2.82076097411753
2020-03-23,GB,4.49055654017783
2020-03-23,IE,5.21171867360158
2020-03-23,US,3.23727975703034
2020-03-24,AU,3.7361954872507
2020-03-24,CA,4.11502508097107
2020-03-24,DE,5.8380263645674
2020-03-24,FR,2.82523788691107
2020-03-24,GB,4.56066074005166
2020-03-24,IE,5.28525418673788
2020-03-24,US,3.24324191300885
2020-03-25,AU,3.78891884767243
2020-03-25,CA,4.13156188196172
2020-03-25,DE,5.80439001281602
2020-03-25,FR,2.83428562900406
2020-03-25,GB,4.63020641812276
2020-03-25,IE,5.37024537636443
2020-03-25,US,3.25285272446282
2020-03-26,AU,3.85016912843777
2020-03-26,CA,4.14468935096847
2020-03-26,DE,5.81968812896089
2020-03-26,FR,2.84231327853093
2020-03-26,GB,4.71141579422194
2020-03-26,IE,5.44739761199942
2020-03-26,US,3.27324611725897
2020-03-27,AU,3.89482864896612
2020-03-27,CA,4.16171534609033
2020-03-27,DE,5.83371881009537
2020-03-27,FR,2.85211878266767
2020-03-27,GB,4.78565525275631
2020-03-27,IE,5.52472111121287
2020-03-27,US,3.28663159284156
2020-03-28,AU,3.94178397946034
2020-03-28,CA,4.17707112071419
2020-03-28,DE,5.83793792519224
2020-03-28,FR,2.86621063896831
2020-03-28,GB,4.85176734983163
2020-03-28,IE,5.57858659242446
2020-03-28,US,3.29049193772835
2020-03-29,AU,3.96354689798087
2020-03-29,CA,4.19695413372233
2020-03-29,DE,5.8405719593008
2020-03-29,FR,2.87614347158535
2020-03-29,GB,4.90969303110482
2020-03-29,IE,5.64774455046613
2020-03-29,US,3.29712650078371
2020-03-30,AU,3.97944552170992
2020-03-30,CA,4.21966413180223
2020-03-30,DE,5.845947202912
2020-03-30,FR,2.88305630257604
2020-03-30,GB,4.96588727989656
2020-03-30,IE,5.71621689543605
2020-03-30,US,3.30450415832751
2020-03-31,AU,4.02569341353201
2020-03-31,CA,4.24674834160214
2020-03-31,DE,5.85183847586945
2020-03-31,FR,2.90704862132983
2020-03-31,GB,5.02689124476633
2020-03-31,IE,5.77795923086729
2020-03-31,US,3.30381700132913
2020-04-01,AU,4.10157309301128
2020-04-01,CA,4.27482230032339
2020-04-01,DE,5.86156336247682
2020-04-01,FR,2.93818820288702
2020-04-01,GB,5.09171192183923
2020-04-01,IE,5.83058935045592
2020-04-01,US,3.30138881999883
2020-04-02,AU,4.18071478549446
2020-04-02,CA,4.32161539533978
2020-04-02,DE,5.87865465618785
2020-04-02,FR,2.97639451360851
2020-04-02,GB,5.15368158121591
2020-04-02,IE,5.87862092830067
2020-04-02,US,3.29707912584273
2020-04-03,AU,4.26902126240918
2020-04-03,CA,4.38458846198588
2020-04-03,DE,5.90018002459734
2020-04-03,FR,3.01909291314971
2020-04-03,GB,5.21122263607615
2020-04-03,IE,6.00736157733982
2020-04-03,US,3.32500312025377
2020-04-04,AU,4.37252591185082
2020-04-04,CA,4.45718289642549
2020-04-04,DE,5.92794222255188
2020-04-04,FR,3.0584686203366
2020-04-04,GB,5.26037162948077
2020-04-04,IE,6.14200853544645
2020-04-04,US,3.3729613821563
2020-04-05,AU,4.48908822075373
2020-04-05,CA,4.52489164689824
2020-04-05,DE,5.95864463806744
2020-04-05,FR,3.10864525097195
2020-04-05,GB,5.3174855380093
2020-04-05,IE,6.26134356354219
2020-04-05,US,3.42229500339849
2020-04-06,AU,4.61739548232086
2020-04-06,CA,4.59215436615813
2020-04-06,DE,5.98927677506753
2020-04-06,FR,3.15950961007901
2020-04-06,GB,5.38039169215184
2020-04-06,IE,6.38592657952387
2020-04-06,US,3.4604883286032
2020-04-07,AU,4.71801951969281
2020-04-07,CA,4.66849908826092
2020-04-07,DE,6.01913296709761
2020-04-07,FR,3.21700233543683
2020-04-07,GB,5.44293834173882
2020-04-07,IE,6.4827635067708
2020-04-07,US,3.51113823206787
2020-04-08,AU,4.80716798903636
2020-04-08,CA,4.73631834154238
2020-04-08,DE,6.04153648442591
2020-04-08,FR,3.27055705275026
2020-04-08,GB,5.49378688635007
2020-04-08,IE,6.58718733002117
2020-04-08,US,3.55751154520112
2020-04-09,AU,4.91496232438979
2020-04-09,CA,4.80293326785871
2020-04-09,DE,6.06923848989625
2020-04-09,FR,3.32152761118864
2020-04-09,GB,5.54050530716505
2020-04-09,IE,6.69951360557908
2020-04-09,US,3.60923192450903
2020-04-10,AU,5.01774232864798
2020-04-10,CA,4.85902032089362
2020-04-10,DE,6.08726447964807
2020-04-10,FR,3.37059963466997
2020-04-10,GB,5.58699781565175
2020-04-10,IE,6.72524202332892
2020-04-10,US,3.63911024336888
2020-04-11,AU,5.10923878313429
2020-04-11,CA,4.90897483290964
2020-04-11,DE,6.10015282813867
2020-04-11,FR,3.41965558071609
2020-04-11,GB,5.64496630802534
2020-04-11,IE,6.75469998576087
2020-04-11,US,3.66011563228385
2020-04-12,AU,5.21708687813433
2020-04-12,CA,4.96579335842292
2020-04-12,DE,6.10683680331429
2020-04-12,FR,3.46712504708854
2020-04-12,GB,5.69452329668498
2020-04-12,IE,6.79830678240444
2020-04-12,US,3.67921969261844
2020-04-13,AU,5.31529705504248
2020-04-13,CA,5.02081819762646
2020-04-13,DE,6.10813390570302
2020-04-13,FR,3.51586081865056
2020-04-13,GB,5.74929055194272
2020-04-13,IE,6.83032524974197
2020-04-13,US,3.70788127419968
2020-04-14,AU,5.42125265769324
2020-04-14,CA,5.06264643849904
2020-04-14,DE,6.10553191693679
2020-04-14,FR,3.54976328681813
2020-04-14,GB,5.80258231274909
2020-04-14,IE,6.88013481411592
2020-04-14,US,3.72776928657439
2020-04-15,AU,5.50084033761385
2020-04-15,CA,5.12942618216361
2020-04-15,DE,6.11199952227248
2020-04-15,FR,3.58548536710143
2020-04-15,GB,5.86022289880964
2020-04-15,IE,6.91682614190556
2020-04-15,US,3.75531043297744
2020-04-16,AU,5.57257974754878
2020-04-16,CA,5.18681693512704
2020-04-16,DE,6.1069272428557
2020-04-16,FR,3.62442977741761
2020-04-16,GB,5.91315536900711
2020-04-16,IE,6.95860817382715
2020-04-16,US,3.78089815701168
2020-04-17,AU,5.65459006793736
2020-04-17,CA,5.2531734992354
2020-04-17,DE,6.10955558097336
2020-04-17,FR,3.67147993107195
2020-04-17,GB,5.96923950643435
2020-04-17,IE,6.98913838761973
2020-04-17,US,3.8079025549751
2020-04-18,AU,5.73744407135308
2020-04-18,CA,5.32648305619456
2020-04-18,DE,6.11867350065716
2020-04-18,FR,3.7171902922073
2020-04-18,GB,6.02643378590088
2020-04-18,IE,7.01216718151295
2020-04-18,US,3.83336863745994
2020-04-19,AU,5.80929494866989
2020-04-19,CA,5.40707251291094
2020-04-19,DE,6.13659460095024
2020-04-19,FR,3.76533982031819
2020-04-19,GB,6.08928608233678
2020-04-19,IE,7.02341849810939
2020-04-19,US,3.85799221329102
2020-04-20,AU,5.9023823345782
2020-04-20,CA,5.47994774998809
2020-04-20,DE,6.15600283162221
2020-04-20,FR,3.80810956957797
2020-04-20,GB,6.11361184237369
2020-04-20,IE,7.02546108838621
2020-04-20,US,3.88048058436455
2020-04-21,AU,5.98225157160864
2020-04-21,CA,5.5621383657475
2020-04-21,DE,6.17892203823982
2020-04-21,FR,3.85552669687691
2020-04-21,GB,6.14690237704072
2020-04-21,IE,7.03695391625979
2020-04-21,US,3.9073804357938
2020-04-22,AU,5.99569832361347
2020-04-22,CA,5.63864236335209
2020-04-22,DE,6.14483758628332
2020-04-22,FR,3.90654254584858
2020-04-22,GB,6.19334110568689
2020-04-22,IE,7.07679144130427
2020-04-22,US,3.9360246197963
2020-04-23,AU,6.00607534094583
2020-04-23,CA,5.7236107552417
2020-04-23,DE,6.10929852100233
2020-04-23,FR,3.95197386986153
2020-04-23,GB,6.20509984336642
2020-04-23,IE,7.1040553111557
2020-04-23,US,3.96605311355891
2020-04-24,AU,6.00242079135052
2020-04-24,CA,5.79867868683508
2020-04-24,DE,6.0717419688437
2020-04-24,FR,3.99648209047678
2020-04-24,GB,6.21157742034625
2020-04-24,IE,7.14934675472354
2020-04-24,US,3.99097906437841
2020-04-25,AU,5.98598613233872
2020-04-25,CA,5.87085912082838
2020-04-25,DE,6.03069298396442
2020-04-25,FR,4.04167316227823
2020-04-25,GB,6.21443971008976
2020-04-25,IE,7.18129844017145
2020-04-25,US,4.01643968062319
2020-04-26,AU,5.97553662537592
2020-04-26,CA,5.92304260024986
2020-04-26,DE,5.98192451338997
2020-04-26,FR,4.08886256585412
2020-04-26,GB,6.21218948571423
2020-04-26,IE,7.21377345707361
2020-04-26,US,4.04402708836192
2020-04-27,AU,5.94515237096834
2020-04-27,CA,5.98339816852391
2020-04-27,DE,5.93698905446333
2020-04-27,FR,4.13567757682646
2020-04-27,GB,6.23977082988549
2020-04-27,IE,7.27044299857488
2020-04-27,US,4.06975995791055
2020-04-28,AU,5.91583010851091
2020-04-28,CA,6.03585053911611
2020-04-28,DE,5.88839776024285
2020-04-28,FR,4.18851930457169
2020-04-28,GB,6.25902312050178
2020-04-28,IE,7.32948061715365
2020-04-28,US,4.0921089224656
2020-04-29,AU,5.97299242240006
2020-04-29,CA,6.08378041459076
2020-04-29,DE,5.88960704713248
2020-04-29,FR,4.2329797434717
2020-04-29,GB,6.27365102811019
2020-04-29,IE,7.35309879655171
2020-04-29,US,4.1086647038512
2020-04-30,AU,6.0121865148302
2020-04-30,CA,6.12893842963753
2020-04-30,DE,5.90226964186791
2020-04-30,FR,4.28089340910719
2020-04-30,GB,6.3187580212142
2020-04-30,IE,7.4119558480088
2020-04-30,US,4.1170421666959
2020-05-01,AU,6.06238922082028
2020-05-01,CA,6.16836481266445
2020-05-01,DE,5.92301779171256
2020-05-01,FR,4.32799447872032
2020-05-01,GB,6.36861047733917
2020-05-01,IE,7.44729716152162
2020-05-01,US,4.12530474185004
2020-05-02,AU,6.12120025481507
2020-05-02,CA,6.19249953760223
2020-05-02,DE,5.94096906762478
2020-05-02,FR,4.37143456675088
2020-05-02,GB,6.41191543260573
2020-05-02,IE,7.51318867791021
2020-05-02,US,4.12565161710709
2020-05-03,AU,6.1795303809187
2020-05-03,CA,6.22369967988359
2020-05-03,DE,5.96133195638548
2020-05-03,FR,4.40018462783654
2020-05-03,GB,6.45863095270469
2020-05-03,IE,7.58600753833423
2020-05-03,US,4.12249814249826
2020-05-04,AU,6.24032731027627
2020-05-04,CA,6.24391188340366
2020-05-04,DE,5.98488319328876
2020-05-04,FR,4.4328915976579
2020-05-04,GB,6.49935531063537
2020-05-04,IE,7.62206665942981
2020-05-04,US,4.12391659835251
2020-05-05,AU,6.29467475422926
2020-05-05,CA,6.27726242062711
2020-05-05,DE,6.01127012236865
2020-05-05,FR,4.44922377917012
2020-05-05,GB,6.55422405427814
2020-05-05,IE,7.67075435394139
2020-05-05,US,4.12161796069759
2020-05-06,AU,6.33420843571958
2020-05-06,CA,6.31373783272246
2020-05-06,DE,6.0363913007942
2020-05-06,FR,4.47459653596416
2020-05-06,GB,6.60538158952448
2020-05-06,IE,7.71079977613536
2020-05-06,US,4.1253660960593
2020-05-07,AU,6.37454621861698
2020-05-07,CA,6.35328188233854
2020-05-07,DE,6.0382113663962
2020-05-07,FR,4.49829863739884
2020-05-07,GB,6.67471609132794
2020-05-07,IE,7.74439628207045
2020-05-07,US,4.14220648790441
2020-05-08,AU,6.3973699602899
2020-05-08,CA,6.39543383428944
2020-05-08,DE,6.03019106016692
2020-05-08,FR,4.51793752215373
2020-05-08,GB,6.73800333572508
2020-05-08,IE,7.78644263470178
2020-05-08,US,4.14782394959977
2020-05-09,AU,6.44133287598391
2020-05-09,CA,6.45357436598162
2020-05-09,DE,6.02651402037465
2020-05-09,FR,4.53498247649088
2020-05-09,GB,6.81081328134486
2020-05-09,IE,7.81708303565669
2020-05-09,US,4.15610923564846
2020-05-10,AU,6.4576870051585
2020-05-10,CA,6.51444220917625
2020-05-10,DE,6.02413194500789
2020-05-10,FR,4.55767530357513
2020-05-10,GB,6.87460637117046
2020-05-10,IE,7.84856659868538
2020-05-10,US,4.16612344418649
2020-05-11,AU,6.47302307899134
2020-05-11,CA,6.58254267037416
2020-05-11,DE,6.01739847302754
2020-05-11,FR,4.57748961060986
2020-05-11,GB,6.94664283182364
2020-05-11,IE,7.90076638925827
2020-05-11,US,4.17667532348783
2020-05-12,AU,6.49110769997066
2020-05-12,CA,6.6498817421323
2020-05-12,DE,6.00965557141323
2020-05-12,FR,4.60914810411647
2020-05-12,GB,6.99785704100741
2020-05-12,IE,7.9600361754808
2020-05-12,US,4.18795926823938
2020-05-13,AU,6.51784744670187
2020-05-13,CA,6.7110219766622
2020-05-13,DE,6.01160373520675
2020-05-13,FR,4.61945838359093
2020-05-13,GB,7.05687372002002
2020-05-13,IE,8.02101022213969
2020-05-13,US,4.19504477264068
2020-05-14,AU,6.5455123585602
2020-05-14,CA,6.76566151945999
2020-05-14,DE,6.0385209809679
2020-05-14,FR,4.63474671848594
2020-05-14,GB,7.09994372977843
2020-05-14,IE,8.06584708485124
2020-05-14,US,4.18887589167448
2020-05-15,AU,6.56989192403935
2020-05-15,CA,6.82125638245559
2020-05-15,DE,6.06901361580875
2020-05-15,FR,4.64935536209423
2020-05-15,GB,7.14620905745679
2020-05-15,IE,8.1424400644157
2020-05-15,US,4.19209862843017
2020-05-16,AU,6.55432672117366
2020-05-16,CA,6.89776285005776
2020-05-16,DE,6.09955235703663
2020-05-16,FR,4.68529734423812
2020-05-16,GB,7.19662873008402
2020-05-16,IE,8.20752199121106
2020-05-16,US,4.19928219775546
2020-05-17,AU,6.5598346566219
2020-05-17,CA,6.96567567999166
2020-05-17,DE,6.12792302599095
2020-05-17,FR,4.69698685323997
2020-05-17,GB,7.24270598716495
2020-05-17,IE,8.2913577701163
2020-05-17,US,4.20190283151374
2020-05-18,AU,6.56277427261773
2020-05-18,CA,7.03567938730752
2020-05-18,DE,6.15649982339507
2020-05-18,FR,4.70091561053344
2020-05-18,GB,7.29089721805993
2020-05-18,IE,8.3695931010234
2020-05-18,US,4.20289599342493
2020-05-19,AU,6.5607800309024
2020-05-19,CA,7.08488118708119
2020-05-19,DE,6.17430235706388
2020-05-19,FR,4.71065170847358
2020-05-19,GB,7.34185882772481
2020-05-19,IE,8.43748775975031
2020-05-19,US,4.20918886161583
2020-05-20,AU,6.53748924562076
2020-05-20,CA,7.1182416264388
2020-05-20,DE,6.18890686213064
2020-05-20,FR,4.75052576820326
2020-05-20,GB,7.38051763058567
2020-05-20,IE,8.49963969727065
2020-05-20,US,4.21607314693204
2020-05-21,AU,6.5076922450019
2020-05-21,CA,7.13844083623872
2020-05-21,DE,6.19442828083387
2020-05-21,FR,4.79251562867028
2020-05-21,GB,7.42150343568969
2020-05-21,IE,8.54922913001186
2020-05-21,US,4.22213407470952
2020-05-22,AU,6.48363110980197
2020-05-22,CA,7.15389700572581
2020-05-22,DE,6.17854770324676
2020-05-22,FR,4.81046869732199
2020-05-22,GB,7.4985460321322
2020-05-22,IE,8.54667467254299
2020-05-22,US,4.22890281445913
2020-05-23,AU,6.45983251315012
2020-05-23,CA,7.14479202418245
2020-05-23,DE,6.15921779059538
2020-05-23,FR,4.82752528127573
2020-05-23,GB,7.57643459613671
2020-05-23,IE,8.55198893720317
2020-05-23,US,4.22919726114873
2020-05-24,AU,6.42571410990774
2020-05-24,CA,7.14279727346119
2020-05-24,DE,6.13691506723737
2020-05-24,FR,4.84612473142212
2020-05-24,GB,7.6561049786821
2020-05-24,IE,8.56927273911143
2020-05-24,US,4.23274341786969
2020-05-25,AU,6.38206071458733
2020-05-25,CA,7.13856644043259
2020-05-25,DE,6.1147570327537
2020-05-25,FR,4.8714194230203
2020-05-25,GB,7.74121609213539
2020-05-25,IE,8.60202226122673
2020-05-25,US,4.23787346341436
2020-05-26,AU,6.35389289924439
2020-05-26,CA,7.14149765991945
2020-05-26,DE,6.10370061239181
2020-05-26,FR,4.89127957266778
2020-05-26,GB,7.82370374212189
2020-05-26,IE,8.6596492393218
2020-05-26,US,4.24012972835878
2020-05-27,AU,6.32529004946113
2020-05-27,CA,7.15617626189631
2020-05-27,DE,6.09832940657238
2020-05-27,FR,4.89832014915163
2020-05-27,GB,7.91240843088044
2020-05-27,IE,8.72784024630872
2020-05-27,US,4.23768957354588
2020-05-28,AU,6.30629912991778
2020-05-28,CA,7.18077135314196
2020-05-28,DE,6.09390055086896
2020-05-28,FR,4.89614258154906
2020-05-28,GB,7.99664662419395
2020-05-28,IE,8.83098492543236
2020-05-28,US,4.24120597809532
2020-05-29,AU,6.27805953861005
2020-05-29,CA,7.19163581492386
2020-05-29,DE,6.10759824248205
2020-05-29,FR,4.91460159426623
2020-05-29,GB,8.04009839979055
2020-05-29,IE,8.95301206981314
2020-05-29,US,4.23727285280917
2020-05-30,AU,6.26389711498432
2020-05-30,CA,7.18967666468317
2020-05-30,DE,6.12251969798012
2020-05-30,FR,4.91622460708012
2020-05-30,GB,8.07097119428168
2020-05-30,IE,9.07892406193647
2020-05-30,US,4.2368352241063
2020-05-31,AU,6.2136119946477
2020-05-31,CA,7.19910074974408
2020-05-31,DE,6.13818702728351
2020-05-31,FR,4.93353619232453
2020-05-31,GB,8.10784323213864
2020-05-31,IE,9.23817596102377
2020-05-31,US,4.23808737080075
2020-06-01,AU,6.16340322819107
2020-06-01,CA,7.20412406927133
2020-06-01,DE,6.14834867042912
2020-06-01,FR,4.94988085227253
2020-06-01,GB,8.1329712332993
2020-06-01,IE,9.39924983629759
2020-06-01,US,4.23519355664314
2020-06-02,AU,6.10407787338387
2020-06-02,CA,7.21478538305962
2020-06-02,DE,6.1626084971807
2020-06-02,FR,4.96092326927055
2020-06-02,GB,8.16613221302726
2020-06-02,IE,9.50752625488278
2020-06-02,US,4.23459774756601
2020-06-03,AU,6.03529235666818
2020-06-03,CA,7.23424969562746
2020-06-03,DE,6.16582593110369
2020-06-03,FR,4.97639724589468
2020-06-03,GB,8.19148415955422
2020-06-03,IE,9.64123824162991
2020-06-03,US,4.23553985920643
2020-06-04,AU,5.96803310324362
2020-06-04,CA,7.25846344672081
2020-06-04,DE,6.15976377903303
2020-06-04,FR,4.99705097458017
2020-06-04,GB,8.22740031072119
2020-06-04,IE,9.73735607785631
2020-06-04,US,4.23182630592866
2020-06-05,AU,5.91721560932576
2020-06-05,CA,7.27901164619364
2020-06-05,DE,6.1597373063631
2020-06-05,FR,5.02074794573897
2020-06-05,GB,8.25837831591046
2020-06-05,IE,9.76532951441633
2020-06-05,US,4.23939024184349
2020-06-06,AU,5.87817610249313
2020-06-06,CA,7.30399685006557
2020-06-06,DE,6.16710060134027
2020-06-06,FR,5.07000180218267
2020-06-06,GB,8.29949369306978
2020-06-06,IE,9.82102374325678
2020-06-06,US,4.24831157171437
2020-06-07,AU,5.87998795710739
2020-06-07,CA,7.31650565979925
2020-06-07,DE,6.17393033938666
2020-06-07,FR,5.10802956724813
2020-06-07,GB,8.33906439173802
2020-06-07,IE,9.78607644906107
2020-06-07,US,4.26179914002585
2020-06-08,AU,5.88779316212855
2020-06-08,CA,7.32873894037067
2020-06-08,DE,6.17251562308774
2020-06-08,FR,5.14895045132245
2020-06-08,GB,8.3590984648133
2020-06-08,IE,9.72906890031165
2020-06-08,US,4.26390228709198
2020-06-09,AU,5.88584473919512
2020-06-09,CA,7.33175528644089
2020-06-09,DE,6.17344527305368
2020-06-09,FR,5.18799390667283
2020-06-09,GB,8.34432097959301
2020-06-09,IE,9.67031249548701
2020-06-09,US,4.26476687820327
2020-06-10,AU,5.89811446548666
2020-06-10,CA,7.32642498987904
2020-06-10,DE,6.17520571480121
2020-06-10,FR,5.22341787340602
2020-06-10,GB,8.33962509866446
2020-06-10,IE,9.5951245255622
2020-06-10,US,4.26626765213945
2020-06-11,AU,5.89696163775507
2020-06-11,CA,7.31119256454031
2020-06-11,DE,6.1795140664011
2020-06-11,FR,5.24504239244394
2020-06-11,GB,8.32362549141186
2020-06-11,IE,9.53836473239644
2020-06-11,US,4.26603552323696
2020-06-12,AU,5.88830724024172
2020-06-12,CA,7.30670652042047
2020-06-12,DE,6.18242629247764
2020-06-12,FR,5.26515197110448
2020-06-12,GB,8.30237560483966
2020-06-12,IE,9.58187111225744
2020-06-12,US,4.26279914827238
2020-06-13,AU,5.86878816730426
2020-06-13,CA,7.32497677353158
2020-06-13,DE,6.1737949041747
2020-06-13,FR,5.27983192319395
2020-06-13,GB,8.27283917858393
2020-06-13,IE,9.59334835670623
2020-06-13,US,4.25376603772068
2020-06-14,AU,5.8606014914371
2020-06-14,CA,7.32462604278868
2020-06-14,DE,6.17053526850454
2020-06-14,FR,5.29293379830615
2020-06-14,GB,8.24668131614386
2020-06-14,IE,9.62092437719857
2020-06-14,US,4.240227102986
2020-06-15,AU,5.86016501460069
2020-06-15,CA,7.31925632826944
2020-06-15,DE,6.18304161172984
2020-06-15,FR,5.30416283553136
2020-06-15,GB,8.23604515292883
2020-06-15,IE,9.66810572085214
2020-06-15,US,4.23937887460777
2020-06-16,AU,5.87195720591978
2020-06-16,CA,7.32419289595365
2020-06-16,DE,6.20516732783411
2020-06-16,FR,5.31565640957178
2020-06-16,GB,8.2626084937962
2020-06-16,IE,9.72322559927795
2020-06-16,US,4.23802785315836
2020-06-17,AU,5.8783265259917
2020-06-17,CA,7.31970444424516
2020-06-17,DE,6.22895312292547
2020-06-17,FR,5.32585839570219
2020-06-17,GB,8.27603422445102
2020-06-17,IE,9.77970519533462
2020-06-17,US,4.2389171019667
2020-06-18,AU,5.88447754113097
2020-06-18,CA,7.32339920425969
2020-06-18,DE,6.25493915044629
2020-06-18,FR,5.3372838674157
2020-06-18,GB,8.29825956340404
2020-06-18,IE,9.84835026131995
2020-06-18,US,4.24366414851698
2020-06-19,AU,5.90165545826744
2020-06-19,CA,7.32273634473237
2020-06-19,DE,6.27228998545669
2020-06-19,FR,5.34847768843712
2020-06-19,GB,8.32075388350773
2020-06-19,IE,9.85962700468307
2020-06-19,US,4.24811372021117
2020-06-20,AU,5.90776420746356
2020-06-20,CA,7.29735830482984
2020-06-20,DE,6.29464812033577
2020-06-20,FR,5.35744496261342
2020-06-20,GB,8.35080242257428
2020-06-20,IE,9.86786347026836
2020-06-20,US,4.25382514033016
2020-06-21,AU,5.90488302137964
2020-06-21,CA,7.29049330733795
2020-06-21,DE,6.31220949240381
2020-06-21,FR,5.36551128304704
2020-06-21,GB,8.37202451088251
2020-06-21,IE,9.85502494962185
2020-06-21,US,4.25545610131313
2020-06-22,AU,5.94261017974707
2020-06-22,CA,7.29192476538222
2020-06-22,DE,6.32543975344275
2020-06-22,FR,5.37845608663508
2020-06-22,GB,8.3977898406784
2020-06-22,IE,9.82630686405513
2020-06-22,US,4.25741292542723
2020-06-23,AU,5.97363816101325
2020-06-23,CA,7.28843835537771
2020-06-23,DE,6.32667214426213
2020-06-23,FR,5.38597899031984
2020-06-23,GB,8.41349988425891
2020-06-23,IE,9.84328837823395
2020-06-23,US,4.27263926730073
2020-06-24,AU,6.00705887633644
2020-06-24,CA,7.29577704950025
2020-06-24,DE,6.3313299113073
2020-06-24,FR,5.39098560949118
2020-06-24,GB,8.44167856530445
2020-06-24,IE,9.85780739307403
2020-06-24,US,4.2853820074588
2020-06-25,AU,6.04093185909938
2020-06-25,CA,7.29083812144962
2020-06-25,DE,6.33886306019335
2020-06-25,FR,5.3864479136289
2020-06-25,GB,8.46048284252058
2020-06-25,IE,9.84509855648587
2020-06-25,US,4.29502386786781
2020-06-26,AU,6.06528253395495
2020-06-26,CA,7.29333935792177
2020-06-26,DE,6.35179192259205
2020-06-26,FR,5.37666187722434
2020-06-26,GB,8.48487569382096
2020-06-26,IE,9.86832793604879
2020-06-26,US,4.3065837348148
2020-06-27,AU,6.10636150705045
2020-06-27,CA,7.29329361133504
2020-06-27,DE,6.35812613789631
2020-06-27,FR,5.36467390673877
2020-06-27,GB,8.50261261733054
2020-06-27,IE,9.89160403963868
2020-06-27,US,4.32572861757638
2020-06-28,AU,6.14255230824912
2020-06-28,CA,7.29073472574835
2020-06-28,DE,6.3652879483386
2020-06-28,FR,5.35120713006455
2020-06-28,GB,8.51507613312491
2020-06-28,IE,9.92569146733901
2020-06-28,US,4.34775096475522
2020-06-29,AU,6.13420721222939
2020-06-29,CA,7.29696492173942
2020-06-29,DE,6.36881669208082
2020-06-29,FR,5.32952281120788
2020-06-29,GB,8.52618753678928
2020-06-29,IE,9.97571588507985
2020-06-29,US,4.36841153252374
2020-06-30,AU,6.13982038860861
2020-06-30,CA,7.30786377308936
2020-06-30,DE,6.37282262305631
2020-06-30,FR,5.31570933278106
2020-06-30,GB,8.5447730717519
2020-06-30,IE,10.0476747761632
2020-06-30,US,4.38823698181764
2020-07-01,AU,6.14585574803439
2020-07-01,CA,7.31531242111121
2020-07-01,DE,6.37969943969019
2020-07-01,FR,5.30027652232598
2020-07-01,GB,8.56364400613361
2020-07-01,IE,10.157777770272
2020-07-01,US,4.41504015449468
2020-07-02,AU,6.16031127977815
2020-07-02,CA,7.3205188717374
2020-07-02,DE,6.3867614075139
2020-07-02,FR,5.28893931434769
2020-07-02,GB,8.59013083115564
2020-07-02,IE,10.2821576104002
2020-07-02,US,4.44588828729235
2020-07-03,AU,6.1648529785915
2020-07-03,CA,7.3397067994339
2020-07-03,DE,6.39586558624445
2020-07-03,FR,5.29054507923733
2020-07-03,GB,8.61163377991985
2020-07-03,IE,10.3697867048912
2020-07-03,US,4.48098379316286
2020-07-04,AU,6.17386997857392
2020-07-04,CA,7.35469896931217
2020-07-04,DE,6.40803548934496
2020-07-04,FR,5.2928111115097
2020-07-04,GB,8.63415295203039
2020-07-04,IE,10.4442357462612
2020-07-04,US,4.5115074085649
2020-07-05,AU,6.18491622433698
2020-07-05,CA,7.37814372578195
2020-07-05,DE,6.41738016125958
2020-07-05,FR,5.29356614297854
2020-07-05,GB,8.65940558249636
2020-07-05,IE,10.5002467958863
2020-07-05,US,4.54241794278253
2020-07-06,AU,6.18927773341283
2020-07-06,CA,7.39037832004974
2020-07-06,DE,6.43018489435205
2020-07-06,FR,5.29364082033531
2020-07-06,GB,8.68675951197545
2020-07-06,IE,10.544854432503
2020-07-06,US,4.57499919346601
2020-07-07,AU,6.17916453052513
2020-07-07,CA,7.39383097989093
2020-07-07,DE,6.43653543484463
2020-07-07,FR,5.28778451380776
2020-07-07,GB,8.71085526071712
2020-07-07,IE,10.5567945726006
2020-07-07,US,4.60869362218609
2020-07-08,AU,6.17364080560085
2020-07-08,CA,7.38885514770301
2020-07-08,DE,6.43693941284939
2020-07-08,FR,5.28145716713816
2020-07-08,GB,8.73449096664845
2020-07-08,IE,10.5418878853621
2020-07-08,US,4.62452189695891
2020-07-09,AU,6.17193715896902
2020-07-09,CA,7.3931278561169
2020-07-09,DE,6.43751196064923
2020-07-09,FR,5.29022682407844
2020-07-09,GB,8.75647943679958
2020-07-09,IE,10.5255744716835
2020-07-09,US,4.64248584261026
2020-07-10,AU,6.19774889333228
2020-07-10,CA,7.3842584023061
2020-07-10,DE,6.4338278012375
2020-07-10,FR,5.27618898329442
2020-07-10,GB,8.78618709366039
2020-07-10,IE,10.5254419623979
2020-07-10,US,4.65781359309665
2020-07-11,AU,6.22657642173946
2020-07-11,CA,7.38175936700967
2020-07-11,DE,6.43596532926427
2020-07-11,FR,5.2726694965789
2020-07-11,GB,8.81644632786109
2020-07-11,IE,10.5535062444992
2020-07-11,US,4.67587595207857
2020-07-12,AU,6.2568929166021
2020-07-12,CA,7.37098843785145
2020-07-12,DE,6.44112300101197
2020-07-12,FR,5.27418933858305
2020-07-12,GB,8.85334362123092
2020-07-12,IE,10.5902106211099
2020-07-12,US,4.69072961493988
2020-07-13,AU,6.28541575571072
2020-07-13,CA,7.36393479404946
2020-07-13,DE,6.44498457623813
2020-07-13,FR,5.28021327072032
2020-07-13,GB,8.88445739658139
2020-07-13,IE,10.6258489192954
2020-07-13,US,4.70978258990294
2020-07-14,AU,6.31685553928993
2020-07-14,CA,7.35359257975876
2020-07-14,DE,6.44811870219601
2020-07-14,FR,5.28679412196972
2020-07-14,GB,8.90691447491383
2020-07-14,IE,10.6262141005279
2020-07-14,US,4.7182149485125
2020-07-15,AU,6.34063790696859
2020-07-15,CA,7.358030398914
2020-07-15,DE,6.4589533619271
2020-07-15,FR,5.28856332056633
2020-07-15,GB,8.91661472606347
2020-07-15,IE,10.5535290797212
2020-07-15,US,4.70165589410631
2020-07-16,AU,6.3691736173057
2020-07-16,CA,7.3630190662893
2020-07-16,DE,6.46804783562633
2020-07-16,FR,5.28872262669938
2020-07-16,GB,8.92866242631651
2020-07-16,IE,10.4745731674734
2020-07-16,US,4.68226881490765
2020-07-17,AU,6.39044470065532
2020-07-17,CA,7.36735602616952
2020-07-17,DE,6.47817310788206
2020-07-17,FR,5.30468656828389
2020-07-17,GB,8.94282563085503
2020-07-17,IE,10.4268583895017
2020-07-17,US,4.66230231891032
2020-07-18,AU,6.38008480283234
2020-07-18,CA,7.3839695865082
2020-07-18,DE,6.48259988329846
2020-07-18,FR,5.31569217078045
2020-07-18,GB,8.94953538196352
2020-07-18,IE,10.2928003716789
2020-07-18,US,4.6367683638535
2020-07-19,AU,6.40911647192373
2020-07-19,CA,7.39265798660409
2020-07-19,DE,6.49131147363923
2020-07-19,FR,5.32951929631485
2020-07-19,GB,8.96062859705063
2020-07-19,IE,10.2402889917552
2020-07-19,US,4.61290818933979
2020-07-20,AU,6.42606876881068
2020-07-20,CA,7.40029694257666
2020-07-20,DE,6.5018416657827
2020-07-20,FR,5.33663512412169
2020-07-20,GB,8.96754211595648
2020-07-20,IE,10.1909892192143
2020-07-20,US,4.58846965077317
2020-07-21,AU,6.44243322714153
2020-07-21,CA,7.41461618696704
2020-07-21,DE,6.51742758037624
2020-07-21,FR,5.35074631343689
2020-07-21,GB,8.98029109338794
2020-07-21,IE,10.1315755575066
2020-07-21,US,4.56496722300523
2020-07-22,AU,6.47159569860428
2020-07-22,CA,7.41689437923191
2020-07-22,DE,6.52550251908362
2020-07-22,FR,5.36928366364458
2020-07-22,GB,8.98604576228452
2020-07-22,IE,10.1196399090952
2020-07-22,US,4.57908772244908
2020-07-23,AU,6.47551743205665
2020-07-23,CA,7.43680600924963
2020-07-23,DE,6.53203723093401
2020-07-23,FR,5.3894261364357
2020-07-23,GB,8.98711307992306
2020-07-23,IE,10.1002444536239
2020-07-23,US,4.59467402312899
2020-07-24,AU,6.47797343741198
2020-07-24,CA,7.45556403395147
2020-07-24,DE,6.53805060573971
2020-07-24,FR,5.40595046229666
2020-07-24,GB,8.98077060361129
2020-07-24,IE,10.0489584277392
2020-07-24,US,4.61054494135195
2020-07-25,AU,6.49521877976276
2020-07-25,CA,7.46748081602106
2020-07-25,DE,6.54199538283944
2020-07-25,FR,5.41984002356222
2020-07-25,GB,8.9784054107169
2020-07-25,IE,10.0640825608684
2020-07-25,US,4.62985608441112
2020-07-26,AU,6.47869583979664
2020-07-26,CA,7.49235556474948
2020-07-26,DE,6.53895446425692
2020-07-26,FR,5.43165959147312
2020-07-26,GB,8.96514039335482
2020-07-26,IE,9.99144616795504
2020-07-26,US,4.65195371418894
2020-07-27,AU,6.48106535144245
2020-07-27,CA,7.50678562076194
2020-07-27,DE,6.53986141684064
2020-07-27,FR,5.446458943568
2020-07-27,GB,8.95625551727633
2020-07-27,IE,9.91858758621091
2020-07-27,US,4.66954590470091
2020-07-28,AU,6.48692589222177
2020-07-28,CA,7.51257406379449
2020-07-28,DE,6.53302612490026
2020-07-28,FR,5.46153877797198
2020-07-28,GB,8.94202649225116
2020-07-28,IE,9.87459870889067
2020-07-28,US,4.68328001813599
2020-07-29,AU,6.48190254362275
2020-07-29,CA,7.53509616966122
2020-07-29,DE,6.53990950280198
2020-07-29,FR,5.47712552264062
2020-07-29,GB,8.94925083690941
2020-07-29,IE,9.81915485216163
2020-07-29,US,4.70548635962035
2020-07-30,AU,6.49782034305213
2020-07-30,CA,7.54603165227001
2020-07-30,DE,6.54981623463959
2020-07-30,FR,5.49362331883804
2020-07-30,GB,8.9518784800539
2020-07-30,IE,9.78364788935424
2020-07-30,US,4.72306747434607
2020-07-31,AU,6.49229561619561
2020-07-31,CA,7.56867812877559
2020-07-31,DE,6.55501641259955
2020-07-31,FR,5.50019058052795
2020-07-31,GB,8.94587395286057
2020-07-31,IE,9.77169133519212
2020-07-31,US,4.73930063452095
2020-08-01,AU,6.50087779837698
2020-08-01,CA,7.59608224487519
2020-08-01,DE,6.57671298945875
2020-08-01,FR,5.51345984390817
2020-08-01,GB,8.95006530193967
2020-08-01,IE,9.78019851901492
2020-08-01,US,4.75897118949561
2020-08-02,AU,6.49942877960764
2020-08-02,CA,7.6150255341233
2020-08-02,DE,6.59929423600147
2020-08-02,FR,5.52295456133016
2020-08-02,GB,8.9556558731125
2020-08-02,IE,9.803989706649
2020-08-02,US,4.77397881624604
2020-08-03,AU,6.51288039318485
2020-08-03,CA,7.64587000841351
2020-08-03,DE,6.62479165519519
2020-08-03,FR,5.53382350216612
2020-08-03,GB,8.96009159808424
2020-08-03,IE,9.83044774369076
2020-08-03,US,4.79250607881557
2020-08-04,AU,6.52142461052935
2020-08-04,CA,7.67963017823582
2020-08-04,DE,6.65599781249431
2020-08-04,FR,5.54368969370219
2020-08-04,GB,8.96759702833619
2020-08-04,IE,9.8533027560496
2020-08-04,US,4.81419547132909
2020-08-05,AU,6.52816586377636
2020-08-05,CA,7.7037804632723
2020-08-05,DE,6.66988123210515
2020-08-05,FR,5.53753614942707
2020-08-05,GB,8.95770165645173
2020-08-05,IE,9.87785083210376
2020-08-05,US,4.79617309583165
2020-08-06,AU,6.52602282357427
2020-08-06,CA,7.72256451342928
2020-08-06,DE,6.6852032664892
2020-08-06,FR,5.52688589918833
2020-08-06,GB,8.94811422580784
2020-08-06,IE,9.88627556999505
2020-08-06,US,4.79320835744348
2020-08-07,AU,6.54660369909658
2020-08-07,CA,7.7284881303241
2020-08-07,DE,6.70915613361763
2020-08-07,FR,5.52622177243947
2020-08-07,GB,8.95302498740311
2020-08-07,IE,9.85886122708679
2020-08-07,US,4.78822151743019
2020-08-08,AU,6.55739246336081
2020-08-08,CA,7.72953780870321
2020-08-08,DE,6.72022710939773
2020-08-08,FR,5.51130450039021
2020-08-08,GB,8.94865278591238
2020-08-08,IE,9.82529221672003
2020-08-08,US,4.7746304281414
2020-08-09,AU,6.57546394374476
2020-08-09,CA,7.73917763588597
2020-08-09,DE,6.72826447905223
2020-08-09,FR,5.49672109275668
2020-08-09,GB,8.94588143114249
2020-08-09,IE,9.77432846730876
2020-08-09,US,4.76701383117088
2020-08-10,AU,6.58823651377696
2020-08-10,CA,7.74972610120712
2020-08-10,DE,6.71855617853325
2020-08-10,FR,5.48446587010348
2020-08-10,GB,8.93949838907804
2020-08-10,IE,9.73813573757899
2020-08-10,US,4.75834857672204
2020-08-11,AU,6.59718448539816
2020-08-11,CA,7.76353593509538
2020-08-11,DE,6.71401587022136
2020-08-11,FR,5.47017334974107
2020-08-11,GB,8.93764206155924
2020-08-11,IE,9.69677066094007
2020-08-11,US,4.74719365389841
2020-08-12,AU,6.61603675726544
2020-08-12,CA,7.77822929490826
2020-08-12,DE,6.71584151155038
2020-08-12,FR,5.47023856282916
2020-08-12,GB,8.92567744891248
2020-08-12,IE,9.66513027233526
2020-08-12,US,4.76290358135456
2020-08-13,AU,6.63844123603366
2020-08-13,CA,7.79302180414419
2020-08-13,DE,6.71237863569747
2020-08-13,FR,5.46280971892551
2020-08-13,GB,8.92123206109038
2020-08-13,IE,9.63215350474839
2020-08-13,US,4.7723262364764
2020-08-14,AU,6.65725468866265
2020-08-14,CA,7.80019750074712
2020-08-14,DE,6.7082506422561
2020-08-14,FR,5.45250075072254
2020-08-14,GB,8.91979641380727
2020-08-14,IE,9.61508620191183
2020-08-14,US,4.78594342953842
2020-08-15,AU,6.64956371053101
2020-08-15,CA,7.81295236879267
2020-08-15,DE,6.70142797576978
2020-08-15,FR,5.44792439606937
2020-08-15,GB,8.91097301521971
2020-08-15,IE,9.52413818386697
2020-08-15,US,4.80372795751202
2020-08-16,AU,6.67512924341612
2020-08-16,CA,7.81894116220506
2020-08-16,DE,6.70064636209944
2020-08-16,FR,5.44183415528258
2020-08-16,GB,8.9032509267751
2020-08-16,IE,9.52009263000007
2020-08-16,US,4.8250557387218
2020-08-17,AU,6.69211618473402
2020-08-17,CA,7.81512560697612
2020-08-17,DE,6.71542995622775
2020-08-17,FR,5.43189079412662
2020-08-17,GB,8.89252203086321
2020-08-17,IE,9.47937657358157
2020-08-17,US,4.8465941453362
2020-08-18,AU,6.72302942198214
2020-08-18,CA,7.81415858120489
2020-08-18,DE,6.72181369899963
2020-08-18,FR,5.41934538992113
2020-08-18,GB,8.86222848379315
2020-08-18,IE,9.43460520268987
2020-08-18,US,4.87012309652132
2020-08-19,AU,6.74022285889248
2020-08-19,CA,7.80396156935867
2020-08-19,DE,6.72828951642305
2020-08-19,FR,5.41508878419058
2020-08-19,GB,8.8474860122444
2020-08-19,IE,9.38428683624088
2020-08-19,US,4.89274132892715
2020-08-20,AU,6.74889421452503
2020-08-20,CA,7.79749404572157
2020-08-20,DE,6.72768257277968
2020-08-20,FR,5.41996556781356
2020-08-20,GB,8.82786278687918
2020-08-20,IE,9.34987862928749
2020-08-20,US,4.90748332642754
2020-08-21,AU,6.76034829309061
2020-08-21,CA,7.79881809954653
2020-08-21,DE,6.73338874764115
2020-08-21,FR,5.42747597539035
2020-08-21,GB,8.79523059950325
2020-08-21,IE,9.31566862802554
2020-08-21,US,4.9179021328854
2020-08-22,AU,6.81250886779249
2020-08-22,CA,7.78414975545388
2020-08-22,DE,6.74652029185248
2020-08-22,FR,5.42873699289956
2020-08-22,GB,8.76197859608762
2020-08-22,IE,9.3863159297348
2020-08-22,US,4.92686591743713
2020-08-23,AU,6.83500041023492
2020-08-23,CA,7.76754255365254
2020-08-23,DE,6.75393003084796
2020-08-23,FR,5.43310797188033
2020-08-23,GB,8.72630749731014
2020-08-23,IE,9.37644813013394
2020-08-23,US,4.93096718857522
2020-08-24,AU,6.85719577789543
2020-08-24,CA,7.76012909779849
2020-08-24,DE,6.75889686633302
2020-08-24,FR,5.43616388134489
2020-08-24,GB,8.69565720509541
2020-08-24,IE,9.38650575960671
2020-08-24,US,4.93266615429374
2020-08-25,AU,6.86704198039422
2020-08-25,CA,7.73905016625075
2020-08-25,DE,6.76738862813633
2020-08-25,FR,5.43976969895128
2020-08-25,GB,8.67975112347838
2020-08-25,IE,9.39710349585434
2020-08-25,US,4.92820019390137
2020-08-26,AU,6.88832635255543
2020-08-26,CA,7.72781839369623
2020-08-26,DE,6.76909485838677
2020-08-26,FR,5.44772036645708
2020-08-26,GB,8.65910034766986
2020-08-26,IE,9.39730159255936
2020-08-26,US,4.93224433249003
2020-08-27,AU,6.91158487459366
2020-08-27,CA,7.71379551813429
2020-08-27,DE,6.77714190051732
2020-08-27,FR,5.45362454672932
2020-08-27,GB,8.63147474281196
2020-08-27,IE,9.37214205724652
2020-08-27,US,4.93960565559888
2020-08-28,AU,6.91867728253923
2020-08-28,CA,7.69630672980608
2020-08-28,DE,6.77869990950747
2020-08-28,FR,5.46469552147402
2020-08-28,GB,8.60360471663006
2020-08-28,IE,9.36478460440568
2020-08-28,US,4.9492317877556
2020-08-29,AU,6.90517478478887
2020-08-29,CA,7.6804537076471
2020-08-29,DE,6.77985645553381
2020-08-29,FR,5.47549409678342
2020-08-29,GB,8.58327128339863
2020-08-29,IE,9.34624195966248
2020-08-29,US,4.9607486119854
2020-08-30,AU,6.89047115520246
2020-08-30,CA,7.66074726526654
2020-08-30,DE,6.78388068641688
2020-08-30,FR,5.48376808710979
2020-08-30,GB,8.55960315741414
2020-08-30,IE,9.33831532246018
2020-08-30,US,4.97072292957935
2020-08-31,AU,6.87396370599015
2020-08-31,CA,7.64360940711667
2020-08-31,DE,6.78470182741501
2020-08-31,FR,5.49741606894258
2020-08-31,GB,8.5439163493114
2020-08-31,IE,9.33040881046115
2020-08-31,US,4.98361938582799
2020-09-01,AU,6.8613137340359
2020-09-01,CA,7.63967050961994
2020-09-01,DE,6.79014883038259
2020-09-01,FR,5.51028840631165
2020-09-01,GB,8.53760021304459
2020-09-01,IE,9.31799398602499
2020-09-01,US,5.00360472102707
2020-09-02,AU,6.83849647943394
2020-09-02,CA,7.62518748988508
2020-09-02,DE,6.80835632631952
2020-09-02,FR,5.51204810256551
2020-09-02,GB,8.5269446475658
2020-09-02,IE,9.31805598725558
2020-09-02,US,5.02568192596736
2020-09-03,AU,6.82048787299109
2020-09-03,CA,7.62160483771661
2020-09-03,DE,6.83368330737537
2020-09-03,FR,5.51553086950185
2020-09-03,GB,8.51351987824544
2020-09-03,IE,9.30275727999634
2020-09-03,US,5.04254198704062
2020-09-04,AU,6.80348080341204
2020-09-04,CA,7.63007307444166
2020-09-04,DE,6.85469022078009
2020-09-04,FR,5.51663959599583
2020-09-04,GB,8.49033660335686
2020-09-04,IE,9.3051359944714
2020-09-04,US,5.04974738838157
2020-09-05,AU,6.77402555728434
2020-09-05,CA,7.64147589848817
2020-09-05,DE,6.87069655119443
2020-09-05,FR,5.52476905489927
2020-09-05,GB,8.46916952002946
2020-09-05,IE,9.29913793131677
2020-09-05,US,5.05584965195509
2020-09-06,AU,6.76353501640599
2020-09-06,CA,7.66557079063659
2020-09-06,DE,6.88721106256391
2020-09-06,FR,5.52808072245011
2020-09-06,GB,8.44880326652597
2020-09-06,IE,9.28565895400148
2020-09-06,US,5.06045244710141
2020-09-07,AU,6.74633709010212
2020-09-07,CA,7.67455222926911
2020-09-07,DE,6.90652813084325
2020-09-07,FR,5.52916277911711
2020-09-07,GB,8.4216226327937
2020-09-07,IE,9.2756009096441
2020-09-07,US,5.07351437329146
2020-09-08,AU,6.75945838285341
2020-09-08,CA,7.6801203579817
2020-09-08,DE,6.92211445702546
2020-09-08,FR,5.5322409731025
2020-09-08,GB,8.37218499684548
2020-09-08,IE,9.28606225631554
2020-09-08,US,5.06941552256013
2020-09-09,AU,6.78176706772086
2020-09-09,CA,7.69460024588705
2020-09-09,DE,6.93111382820131
2020-09-09,FR,5.53388394298303
2020-09-09,GB,8.33337481477923
2020-09-09,IE,9.29412905859158
2020-09-09,US,5.07169603174142
2020-09-10,AU,6.8010770248298
2020-09-10,CA,7.7047105703513
2020-09-10,DE,6.93569019954229
2020-09-10,FR,5.53566872402662
2020-09-10,GB,8.30078979046561
2020-09-10,IE,9.3281525441026
2020-09-10,US,5.07823612702283
2020-09-11,AU,6.82644915706288
2020-09-11,CA,7.70844821490868
2020-09-11,DE,6.93895415281408
2020-09-11,FR,5.5431910630648
2020-09-11,GB,8.28263835080542
2020-09-11,IE,9.33495088175037
2020-09-11,US,5.10046986232017
2020-09-12,AU,6.87292401468554
2020-09-12,CA,7.70550889511755
2020-09-12,DE,6.94726863902215
2020-09-12,FR,5.54392390861721
2020-09-12,GB,8.2545986901816
2020-09-12,IE,9.3197944792775
2020-09-12,US,5.11844917860902
2020-09-13,AU,6.89752761738653
2020-09-13,CA,7.70073873283016
2020-09-13,DE,6.94973499887022
2020-09-13,FR,5.55310310677997
2020-09-13,GB,8.22890589985866
2020-09-13,IE,9.30651584571494
2020-09-13,US,5.14001579476364
2020-09-14,AU,6.92680511895397
2020-09-14,CA,7.70424841507265
2020-09-14,DE,6.95254605333944
2020-09-14,FR,5.56892828656132
2020-09-14,GB,8.20076222943028
2020-09-14,IE,9.28391412504136
2020-09-14,US,5.15349994418676
2020-09-15,AU,6.92683946457238
2020-09-15,CA,7.72059027496821
2020-09-15,DE,6.95851521826655
2020-09-15,FR,5.59027536651732
2020-09-15,GB,8.18239267207463
2020-09-15,IE,9.24729712721222
2020-09-15,US,5.17761979213175
2020-09-16,AU,6.93443219324666
2020-09-16,CA,7.73528744224538
2020-09-16,DE,6.9603155858295
2020-09-16,FR,5.61304601773517
2020-09-16,GB,8.15420486617406
2020-09-16,IE,9.2198409960548
2020-09-16,US,5.18761057376645
2020-09-17,AU,6.95197599058816
2020-09-17,CA,7.75785548256999
2020-09-17,DE,6.96280139530487
2020-09-17,FR,5.62833686918623
2020-09-17,GB,8.12996967968787
2020-09-17,IE,9.19499132740338
2020-09-17,US,5.19629917309101
2020-09-18,AU,6.95387379157495
2020-09-18,CA,7.7785882529253
2020-09-18,DE,6.96393313444108
2020-09-18,FR,5.6381699587385
2020-09-18,GB,8.1045714372725
2020-09-18,IE,9.1857088128484
2020-09-18,US,5.19261333551736
2020-09-19,AU,6.95044624501445
2020-09-19,CA,7.80800956602594
2020-09-19,DE,6.96293394799161
2020-09-19,FR,5.65698103815605
2020-09-19,GB,8.08607728448965
2020-09-19,IE,9.1635106091151
2020-09-19,US,5.19822824424353
2020-09-20,AU,6.95255377052455
2020-09-20,CA,7.83960925124418
2020-09-20,DE,6.97553654716695
2020-09-20,FR,5.67715482718971
2020-09-20,GB,8.06128872200618
2020-09-20,IE,9.15141407660185
2020-09-20,US,5.20322202335935
2020-09-21,AU,6.94851811129983
2020-09-21,CA,7.87206115654504
2020-09-21,DE,6.9851594454403
2020-09-21,FR,5.68988833869493
2020-09-21,GB,8.0366223877928
2020-09-21,IE,9.14024658643381
2020-09-21,US,5.20542294244003
2020-09-22,AU,6.94421711896184
2020-09-22,CA,7.89488646796137
2020-09-22,DE,6.98948329081406
2020-09-22,FR,5.70210209480247
2020-09-22,GB,8.02388734517955
2020-09-22,IE,9.14190510473256
2020-09-22,US,5.20904442627036
2020-09-23,AU,6.93722443578271
2020-09-23,CA,7.91678870307403
2020-09-23,DE,6.99791476458541
2020-09-23,FR,5.72058908097781
2020-09-23,GB,8.02641214972997
2020-09-23,IE,9.12611404784658
2020-09-23,US,5.21486196677961
2020-09-24,AU,6.92049892760405
2020-09-24,CA,7.92965450472206
2020-09-24,DE,7.00906134403788
2020-09-24,FR,5.74374140886676
2020-09-24,GB,8.04164021202056
2020-09-24,IE,9.12004019073498
2020-09-24,US,5.22156538216852
2020-09-25,AU,6.91673146603408
2020-09-25,CA,7.94083598159015
2020-09-25,DE,7.0239326012949
2020-09-25,FR,5.76305175129649
2020-09-25,GB,8.06622315972059
2020-09-25,IE,9.08792815120079
2020-09-25,US,5.23373957763415
2020-09-26,AU,6.92331388146218
2020-09-26,CA,7.94737070975012
2020-09-26,DE,7.04121078236833
2020-09-26,FR,5.7853872332529
2020-09-26,GB,8.09613291797788
2020-09-26,IE,9.0749558217425
2020-09-26,US,5.24419984792834
2020-09-27,AU,6.92723866467211
2020-09-27,CA,7.96589956059004
2020-09-27,DE,7.05416767516809
2020-09-27,FR,5.80693922464673
2020-09-27,GB,8.13661173977214
2020-09-27,IE,9.06008160810692
2020-09-27,US,5.25816890084073
2020-09-28,AU,6.93974553665495
2020-09-28,CA,7.98547468001462
2020-09-28,DE,7.0675578735221
2020-09-28,FR,5.83156795173191
2020-09-28,GB,8.17942570787033
2020-09-28,IE,9.04429711732148
2020-09-28,US,5.26998526531112
2020-09-29,AU,6.95401223078276
2020-09-29,CA,7.99702612589754
2020-09-29,DE,7.08281152483195
2020-09-29,FR,5.86031193930461
2020-09-29,GB,8.22295376351492
2020-09-29,IE,9.0216770724084
2020-09-29,US,5.28370971152137
2020-09-30,AU,6.96370996706359
2020-09-30,CA,8.0154676595348
2020-09-30,DE,7.0939170648481
2020-09-30,FR,5.88487748655211
2020-09-30,GB,8.26558722836169
2020-09-30,IE,8.98516520014035
2020-09-30,US,5.30096508934007
2020-10-01,AU,6.97395342924265
2020-10-01,CA,8.02810988508472
2020-10-01,DE,7.09310338174376
2020-10-01,FR,5.90436743181513
2020-10-01,GB,8.31649174146869
2020-10-01,IE,8.96372128768839
2020-10-01,US,5.31826358677748
2020-10-02,AU,6.95429126911667
2020-10-02,CA,8.06790536820548
2020-10-02,DE,7.09103622280598
2020-10-02,FR,5.92124113178569
2020-10-02,GB,8.36311101645352
2020-10-02,IE,8.93475680823297
2020-10-02,US,5.33349685236603
2020-10-03,AU,6.9244472606339
2020-10-03,CA,8.11766214359464
2020-10-03,DE,7.09185490834405
2020-10-03,FR,5.94078054015286
2020-10-03,GB,8.4147495228049
2020-10-03,IE,8.91103635167311
2020-10-03,US,5.35130531517146
2020-10-04,AU,6.89850121044218
2020-10-04,CA,8.14664987778558
2020-10-04,DE,7.09058629342817
2020-10-04,FR,5.95275259975623
2020-10-04,GB,8.45980778231813
2020-10-04,IE,8.88853873918287
2020-10-04,US,5.3606587528957
2020-10-05,AU,6.86504842654965
2020-10-05,CA,8.17617912132276
2020-10-05,DE,7.09062255385064
2020-10-05,FR,5.95905599320592
2020-10-05,GB,8.51487663509397
2020-10-05,IE,8.87488079940121
2020-10-05,US,5.37058714384211
2020-10-06,AU,6.83258861427404
2020-10-06,CA,8.22171527141437
2020-10-06,DE,7.09138244695287
2020-10-06,FR,5.96276868611958
2020-10-06,GB,8.55909138443596
2020-10-06,IE,8.86699676433369
2020-10-06,US,5.38466992075742
2020-10-07,AU,6.76102924924783
2020-10-07,CA,8.26261883947731
2020-10-07,DE,7.09004655476072
2020-10-07,FR,5.96956547529416
2020-10-07,GB,8.60109843358581
2020-10-07,IE,8.91189193402888
2020-10-07,US,5.40169967171614
2020-10-08,AU,6.70808258818448
2020-10-08,CA,8.30794508158936
2020-10-08,DE,7.09679466143116
2020-10-08,FR,5.98541311356427
2020-10-08,GB,8.63136691302925
2020-10-08,IE,8.95439974553219
2020-10-08,US,5.40998538056461
2020-10-09,AU,6.68630566107909
2020-10-09,CA,8.33822608599296
2020-10-09,DE,7.10528200320473
2020-10-09,FR,6.01082722030394
2020-10-09,GB,8.66292660513758
2020-10-09,IE,9.00308926953246
2020-10-09,US,5.42166427272091
2020-10-10,AU,6.66704727668553
2020-10-10,CA,8.38171265517597
2020-10-10,DE,7.11229174720666
2020-10-10,FR,6.04149336575356
2020-10-10,GB,8.70917026016263
2020-10-10,IE,9.05708664827825
2020-10-10,US,5.42888733845564
2020-10-11,AU,6.63804510342789
2020-10-11,CA,8.42962397360526
2020-10-11,DE,7.12661641093303
2020-10-11,FR,6.07872143079559
2020-10-11,GB,8.76024455499198
2020-10-11,IE,9.11409930770125
2020-10-11,US,5.44034326738462
2020-10-12,AU,6.61633963718065
2020-10-12,CA,8.47344002063146
2020-10-12,DE,7.1420488861427
2020-10-12,FR,6.12101884764908
2020-10-12,GB,8.81317337038091
2020-10-12,IE,9.16803085898755
2020-10-12,US,5.44998349776342
2020-10-13,AU,6.60128774080106
2020-10-13,CA,8.50434401080811
2020-10-13,DE,7.153208917482
2020-10-13,FR,6.15194074638227
2020-10-13,GB,8.85835484413186
2020-10-13,IE,9.21209103767469
2020-10-13,US,5.45480181764276
2020-10-14,AU,6.62868223400302
2020-10-14,CA,8.53527326088617
2020-10-14,DE,7.16793237033315
2020-10-14,FR,6.17983229912792
2020-10-14,GB,8.89811149805218
2020-10-14,IE,9.25193674947886
2020-10-14,US,5.44003126565527
2020-10-15,AU,6.64678427349633
2020-10-15,CA,8.56768743825699
2020-10-15,DE,7.18606840269805
2020-10-15,FR,6.20397142177116
2020-10-15,GB,8.92776615380165
2020-10-15,IE,9.28845422062803
2020-10-15,US,5.43739726704158
2020-10-16,AU,6.66442766445208
2020-10-16,CA,8.59767395202163
2020-10-16,DE,7.18057944371883
2020-10-16,FR,6.22420319527807
2020-10-16,GB,8.95671188212905
2020-10-16,IE,9.37258771753086
2020-10-16,US,5.43348295417445
2020-10-17,AU,6.69414501978322
2020-10-17,CA,8.62081112830534
2020-10-17,DE,7.17239802164024
2020-10-17,FR,6.2355602009408
2020-10-17,GB,8.97997128604569
2020-10-17,IE,9.43270589076908
2020-10-17,US,5.43092769387561
2020-10-18,AU,6.72092753909827
2020-10-18,CA,8.6516030973405
2020-10-18,DE,7.16108782698448
2020-10-18,FR,6.2467888503637
2020-10-18,GB,9.00252661849128
2020-10-18,IE,9.48929179962272
2020-10-18,US,5.42930949952317
2020-10-19,AU,6.75513798856078
2020-10-19,CA,8.68239608198849
2020-10-19,DE,7.14649106598467
2020-10-19,FR,6.2510510163772
2020-10-19,GB,9.01958083359785
2020-10-19,IE,9.54354884641108
2020-10-19,US,5.43448677033496
2020-10-20,AU,6.77480640150227
2020-10-20,CA,8.70842746391521
2020-10-20,DE,7.14167977755732
2020-10-20,FR,6.27457555130183
2020-10-20,GB,9.05441151179396
2020-10-20,IE,9.59456200713768
2020-10-20,US,5.43904778206168
2020-10-21,AU,6.78135347785832
2020-10-21,CA,8.73527982182808
2020-10-21,DE,7.13888547606998
2020-10-21,FR,6.29844213663526
2020-10-21,GB,9.08754511090039
2020-10-21,IE,9.66019425285682
2020-10-21,US,5.45530518530673
2020-10-22,AU,6.79395774353646
2020-10-22,CA,8.76075384313932
2020-10-22,DE,7.13863562418554
2020-10-22,FR,6.32923268973657
2020-10-22,GB,9.13108714347012
2020-10-22,IE,9.72565413039606
2020-10-22,US,5.46964641223535
2020-10-23,AU,6.81875152910853
2020-10-23,CA,8.77259189085149
2020-10-23,DE,7.1632606978668
2020-10-23,FR,6.36294339489986
2020-10-23,GB,9.17116613958026
2020-10-23,IE,9.80643408987986
2020-10-23,US,5.48160690275816
2020-10-24,AU,6.80871948510642
2020-10-24,CA,8.77113018094968
2020-10-24,DE,7.18755781505316
2020-10-24,FR,6.39123226779798
2020-10-24,GB,9.19692630571535
2020-10-24,IE,9.90817345397197
2020-10-24,US,5.49030829291217
2020-10-25,AU,6.8065066045756
2020-10-25,CA,8.76645466385741
2020-10-25,DE,7.20898517730967
2020-10-25,FR,6.42048960017016
2020-10-25,GB,9.22439885390584
2020-10-25,IE,10.0087330761642
2020-10-25,US,5.49686588884892
2020-10-26,AU,6.78488145792505
2020-10-26,CA,8.77317419995975
2020-10-26,DE,7.23308175149428
2020-10-26,FR,6.44766847902482
2020-10-26,GB,9.24489917820868
2020-10-26,IE,10.1212561138777
2020-10-26,US,5.50122054584316
2020-10-27,AU,6.76549556386854
2020-10-27,CA,8.79248951292411
2020-10-27,DE,7.25183552549515
2020-10-27,FR,6.47132425468728
2020-10-27,GB,9.25777816294317
2020-10-27,IE,10.2565063906425
2020-10-27,US,5.5076030064834
2020-10-28,AU,6.76102919426223
2020-10-28,CA,8.80872396625756
2020-10-28,DE,7.27035200527539
2020-10-28,FR,6.50360077067453
2020-10-28,GB,9.25986257934237
2020-10-28,IE,10.3377748960065
2020-10-28,US,5.51498889772331
2020-10-29,AU,6.73733640944647
2020-10-29,CA,8.82180764849992
2020-10-29,DE,7.29030108194983
2020-10-29,FR,6.53089201997243
2020-10-29,GB,9.26119115337155
2020-10-29,IE,10.4234271378091
2020-10-29,US,5.52081991651187
2020-10-30,AU,6.69955202335194
2020-10-30,CA,8.84874245112237
2020-10-30,DE,7.31260182058918
2020-10-30,FR,6.55863731862356
2020-10-30,GB,9.25800798134862
2020-10-30,IE,10.4605293008689
2020-10-30,US,5.52462574653766
2020-10-31,AU,6.686054394482
2020-10-31,CA,8.89113057003315
2020-10-31,DE,7.33614862625538
2020-10-31,FR,6.59163874056335
2020-10-31,GB,9.24198488718308
2020-10-31,IE,10.4902888226256
2020-10-31,US,5.53440250336031
2020-11-01,AU,6.66990872534181
2020-11-01,CA,8.93842187224609
2020-11-01,DE,7.36392198443371
2020-11-01,FR,6.62068337322275
2020-11-01,GB,9.25624423873709
2020-11-01,IE,10.5359063952669
2020-11-01,US,5.54774062109643
2020-11-02,AU,6.65743156305189
2020-11-02,CA,8.98026048348471
2020-11-02,DE,7.38339839546569
2020-11-02,FR,6.65567822525171
2020-11-02,GB,9.28282082998986
2020-11-02,IE,10.5720274650171
2020-11-02,US,5.55722190274228
2020-11-03,AU,6.64465355328068
2020-11-03,CA,9.02501336781172
2020-11-03,DE,7.39994004286545
2020-11-03,FR,6.70327416462807
2020-11-03,GB,9.3189017985988
2020-11-03,IE,10.6407514387698
2020-11-03,US,5.56882039306748
2020-11-04,AU,6.63478553707324
2020-11-04,CA,9.06899928818082
2020-11-04,DE,7.41660543705163
2020-11-04,FR,6.7539893090384
2020-11-04,GB,9.37012384634541
2020-11-04,IE,10.7206566022971
2020-11-04,US,5.57852368253395
2020-11-05,AU,6.62825324059247
2020-11-05,CA,9.11570329197184
2020-11-05,DE,7.43000174855556
2020-11-05,FR,6.81805939787371
2020-11-05,GB,9.41132819664741
2020-11-05,IE,10.7959496670949
2020-11-05,US,5.58891857877112
2020-11-06,AU,6.62556628875267
2020-11-06,CA,9.16013405889077
2020-11-06,DE,7.44292395548338
2020-11-06,FR,6.883435464842
2020-11-06,GB,9.47232235888338
2020-11-06,IE,10.8600919731701
2020-11-06,US,5.60119156085994
2020-11-07,AU,6.63638495118961
2020-11-07,CA,9.19907923956109
2020-11-07,DE,7.45071123086661
2020-11-07,FR,6.95937675938043
2020-11-07,GB,9.54072527383328
2020-11-07,IE,10.9409052758879
2020-11-07,US,5.61785311021832
2020-11-08,AU,6.641735468925
2020-11-08,CA,9.22589763536551
2020-11-08,DE,7.452931505062
2020-11-08,FR,7.03330901032646
2020-11-08,GB,9.5887967912139
2020-11-08,IE,11.004925160011
2020-11-08,US,5.62668815053049
2020-11-09,AU,6.6475234396553
2020-11-09,CA,9.24836738937879
2020-11-09,DE,7.46362542443846
2020-11-09,FR,7.10094099406049
2020-11-09,GB,9.6362864651965
2020-11-09,IE,11.0715717449125
2020-11-09,US,5.63470429695384
2020-11-10,AU,6.65600940543533
2020-11-10,CA,9.26600645938104
2020-11-10,DE,7.48164819917866
2020-11-10,FR,7.16073240440641
2020-11-10,GB,9.67652419513482
2020-11-10,IE,11.1250204262456
2020-11-10,US,5.63773565962989
2020-11-11,AU,6.66934099264047
2020-11-11,CA,9.28845227346048
2020-11-11,DE,7.49761219530316
2020-11-11,FR,7.2227693447014
2020-11-11,GB,9.7263070347994
2020-11-11,IE,11.1507556739903
2020-11-11,US,5.64346833468349
2020-11-12,AU,6.68522227144522
2020-11-12,CA,9.3082508506489
2020-11-12,DE,7.51256953831956
2020-11-12,FR,7.25931439596816
2020-11-12,GB,9.79001543119349
2020-11-12,IE,11.1822229515993
2020-11-12,US,5.64627288325225
2020-11-13,AU,6.70079390728617
2020-11-13,CA,9.31473815394962
2020-11-13,DE,7.52869834880624
2020-11-13,FR,7.29266770011216
2020-11-13,GB,9.83744452830786
2020-11-13,IE,11.2168698901683
2020-11-13,US,5.6495548024098
2020-11-14,AU,6.69833475204461
2020-11-14,CA,9.31330500084817
2020-11-14,DE,7.54060616627705
2020-11-14,FR,7.33080811922019
2020-11-14,GB,9.9310331681193
2020-11-14,IE,11.1907330854187
2020-11-14,US,5.64554745068562
2020-11-15,AU,6.71576686593319
2020-11-15,CA,9.33241614553863
2020-11-15,DE,7.55769908008729
2020-11-15,FR,7.35800544918237
2020-11-15,GB,10.0328152041849
2020-11-15,IE,11.2075586551813
2020-11-15,US,5.65019313967695
2020-11-16,AU,6.74140798992478
2020-11-16,CA,9.35833408799243
2020-11-16,DE,7.57263905691554
2020-11-16,FR,7.38965118362341
2020-11-16,GB,10.1419494842161
2020-11-16,IE,11.221584605354
2020-11-16,US,5.66250429852031
2020-11-17,AU,6.76698310555374
2020-11-17,CA,9.3844972406141
2020-11-17,DE,7.59071081344439
2020-11-17,FR,7.42330332766152
2020-11-17,GB,10.2603952773781
2020-11-17,IE,11.183862313156
2020-11-17,US,5.68023348734503
2020-11-18,AU,6.78258888503527
2020-11-18,CA,9.4201055493564
2020-11-18,DE,7.60973429489377
2020-11-18,FR,7.44861942389982
2020-11-18,GB,10.3868943809261
2020-11-18,IE,11.1898666338481
2020-11-18,US,5.6963684066228
2020-11-19,AU,6.79731496527437
2020-11-19,CA,9.46785635258547
2020-11-19,DE,7.62786996550454
2020-11-19,FR,7.48703401603666
2020-11-19,GB,10.5174132570934
2020-11-19,IE,11.1552531604285
2020-11-19,US,5.72071792395158
2020-11-20,AU,6.8123404820212
2020-11-20,CA,9.5269915598323
2020-11-20,DE,7.6453530271479
2020-11-20,FR,7.52856288706854
2020-11-20,GB,10.661307398368
2020-11-20,IE,11.1027910863044
2020-11-20,US,5.75167778836166
2020-11-21,AU,6.83041359679297
2020-11-21,CA,9.5892523223417
2020-11-21,DE,7.67289292704026
2020-11-21,FR,7.56156769335219
2020-11-21,GB,10.7569498452792
2020-11-21,IE,11.1175147803745
2020-11-21,US,5.78292641930033
2020-11-22,AU,6.84423537956034
2020-11-22,CA,9.63927742215639
2020-11-22,DE,7.70063986112106
2020-11-22,FR,7.60032547463674
2020-11-22,GB,10.851905707758
2020-11-22,IE,11.0840297558545
2020-11-22,US,5.81138276855069
2020-11-23,AU,6.859162044429
2020-11-23,CA,9.69106598553575
2020-11-23,DE,7.72955710493702
2020-11-23,FR,7.64127031936212
2020-11-23,GB,10.9337175869722
2020-11-23,IE,11.0309536246184
2020-11-23,US,5.84308256609988
2020-11-24,AU,6.86920442613008
2020-11-24,CA,9.7429492480963
2020-11-24,DE,7.76510588437265
2020-11-24,FR,7.6748477749098
2020-11-24,GB,11.0183902128242
2020-11-24,IE,10.9793394005125
2020-11-24,US,5.87215305571712
2020-11-25,AU,6.89086937351228
2020-11-25,CA,9.79667558480589
2020-11-25,DE,7.79129402824884
2020-11-25,FR,7.70672425742181
2020-11-25,GB,11.0909854473845
2020-11-25,IE,10.8997399801704
2020-11-25,US,5.90704818816449
2020-11-26,AU,6.92363218721257
2020-11-26,CA,9.84053465146417
2020-11-26,DE,7.81878957999005
2020-11-26,FR,7.7408357859808
2020-11-26,GB,11.1438465770546
2020-11-26,IE,10.8405596113473
2020-11-26,US,5.94280231488182
2020-11-27,AU,6.96290777228298
2020-11-27,CA,9.89314025639906
2020-11-27,DE,7.84194429568066
2020-11-27,FR,7.77290850484974
2020-11-27,GB,11.1494528000474
2020-11-27,IE,10.8169764723109
2020-11-27,US,5.97270115619251
2020-11-28,AU,7.00708838120571
2020-11-28,CA,9.95070802090403
2020-11-28,DE,7.82800062205378
2020-11-28,FR,7.80435808967784
2020-11-28,GB,11.2068335180058
2020-11-28,IE,10.761753076641
2020-11-28,US,5.99675980589573
2020-11-29,AU,7.05368370124327
2020-11-29,CA,9.99959693569934
2020-11-29,DE,7.81275783678505
2020-11-29,FR,7.83095148988374
2020-11-29,GB,11.2535458070451
2020-11-29,IE,10.7034077615429
2020-11-29,US,6.02058952841762
2020-11-30,AU,7.10123417398549
2020-11-30,CA,10.0505955066674
2020-11-30,DE,7.79425934412571
2020-11-30,FR,7.85918865130937
2020-11-30,GB,11.3127072996324
2020-11-30,IE,10.6572794784092
2020-11-30,US,6.04044469360619
2020-12-01,AU,7.15643785862202
2020-12-01,CA,10.1046836753529
2020-12-01,DE,7.76719875778623
2020-12-01,FR,7.88516144740408
2020-12-01,GB,11.381706883695
2020-12-01,IE,10.6388136418692
2020-12-01,US,6.06225758354428
2020-12-02,AU,7.20750685565605
2020-12-02,CA,10.1562446734633
2020-12-02,DE,7.75238819030444
2020-12-02,FR,7.90960930912657
2020-12-02,GB,11.4389052070152
2020-12-02,IE,10.6331519483076
2020-12-02,US,6.07482434634019
2020-12-03,AU,7.24260690229903
2020-12-03,CA,10.2218964233598
2020-12-03,DE,7.73823720313781
2020-12-03,FR,7.92771474777097
2020-12-03,GB,11.4924044588253
2020-12-03,IE,10.6161427757798
2020-12-03,US,6.08373347558697
2020-12-04,AU,7.26993161114854
2020-12-04,CA,10.2805038075087
2020-12-04,DE,7.72416059283231
2020-12-04,FR,7.95077348682323
2020-12-04,GB,11.5677365923869
2020-12-04,IE,10.5999719701361
2020-12-04,US,6.10140494147356
2020-12-05,AU,7.29233140767623
2020-12-05,CA,10.3462708860657
2020-12-05,DE,7.74537287408007
2020-12-05,FR,7.96941163949527
2020-12-05,GB,11.5984931292206
2020-12-05,IE,10.6109573745221
2020-12-05,US,6.12716450928224
2020-12-06,AU,7.31190326954675
2020-12-06,CA,10.4170990455957
2020-12-06,DE,7.76488931090034
2020-12-06,FR,7.98872672567909
2020-12-06,GB,11.6314504311477
2020-12-06,IE,10.6231284299775
2020-12-06,US,6.15562591575265
2020-12-07,AU,7.33809797950144
2020-12-07,CA,10.4806696997604
2020-12-07,DE,7.78732307691097
2020-12-07,FR,8.00085090228944
2020-12-07,GB,11.6686911826273
2020-12-07,IE,10.6500516953871
2020-12-07,US,6.18490237508607
2020-12-08,AU,7.35902905625788
2020-12-08,CA,10.5317605190204
2020-12-08,DE,7.80176648777849
2020-12-08,FR,8.02022855145358
2020-12-08,GB,11.6838743682781
2020-12-08,IE,10.6463330675716
2020-12-08,US,6.20896070290913
2020-12-09,AU,7.36967521960154
2020-12-09,CA,10.581315067435
2020-12-09,DE,7.81376436709545
2020-12-09,FR,8.02775171700782
2020-12-09,GB,11.6907484520537
2020-12-09,IE,10.6592126123336
2020-12-09,US,6.24261399445625
2020-12-10,AU,7.39054222405478
2020-12-10,CA,10.5983473101902
2020-12-10,DE,7.83205738666881
2020-12-10,FR,8.02676797241518
2020-12-10,GB,11.6994845870508
2020-12-10,IE,10.6969703649586
2020-12-10,US,6.27184143965862
2020-12-11,AU,7.40630313009633
2020-12-11,CA,10.6204617865654
2020-12-11,DE,7.85476294394773
2020-12-11,FR,8.02926122195388
2020-12-11,GB,11.706542217669
2020-12-11,IE,10.719456115708
2020-12-11,US,6.29853638438863
2020-12-12,AU,7.41479587487768
2020-12-12,CA,10.6155242183102
2020-12-12,DE,7.86337986737993
2020-12-12,FR,8.03011218442862
2020-12-12,GB,11.6948624640673
2020-12-12,IE,10.7121653958804
2020-12-12,US,6.31840955497266
2020-12-13,AU,7.41952526674455
2020-12-13,CA,10.6146240674592
2020-12-13,DE,7.88341794246212
2020-12-13,FR,8.04272848585638
2020-12-13,GB,11.689131182034
2020-12-13,IE,10.7319089723809
2020-12-13,US,6.33957947516071
2020-12-14,AU,7.4156328939378
2020-12-14,CA,10.62027942685
2020-12-14,DE,7.90118532202486
2020-12-14,FR,8.04382096980451
2020-12-14,GB,11.660583760624
2020-12-14,IE,10.7425394409022
2020-12-14,US,6.35829000098839
2020-12-15,AU,7.42187580797299
2020-12-15,CA,10.6243816875143
2020-12-15,DE,7.91498164079724
2020-12-15,FR,8.03879219316426
2020-12-15,GB,11.6274162736875
2020-12-15,IE,10.7811716908981
2020-12-15,US,6.38230758819225
2020-12-16,AU,7.42899192649502
2020-12-16,CA,10.6074662573381
2020-12-16,DE,7.93408493724371
2020-12-16,FR,8.02995037142522
2020-12-16,GB,11.5995889451618
2020-12-16,IE,10.8388198483899
2020-12-16,US,6.40137662854414
2020-12-17,AU,7.42263780508
2020-12-17,CA,10.598648904343
2020-12-17,DE,7.94730711028587
2020-12-17,FR,8.02792492622125
2020-12-17,GB,11.5654993428188
2020-12-17,IE,10.9117808000008
2020-12-17,US,6.40820748245901
2020-12-18,AU,7.41079350539455
2020-12-18,CA,10.5857292980491
2020-12-18,DE,7.96297201042866
2020-12-18,FR,8.00177372372195
2020-12-18,GB,11.4945587717891
2020-12-18,IE,10.9672088453602
2020-12-18,US,6.41692092238749
2020-12-19,AU,7.40629655823469
2020-12-19,CA,10.5881486295981
2020-12-19,DE,7.99203949902712
2020-12-19,FR,7.97351765044044
2020-12-19,GB,11.4311037157508
2020-12-19,IE,11.0909412926924
2020-12-19,US,6.42483799129576
2020-12-20,AU,7.39896837956947
2020-12-20,CA,10.5785790516097
2020-12-20,DE,8.01353509379069
2020-12-20,FR,7.93321974982571
2020-12-20,GB,11.3625013911335
2020-12-20,IE,11.1719220796847
2020-12-20,US,6.4269689733182
2020-12-21,AU,7.39066790491979
2020-12-21,CA,10.5603914783456
2020-12-21,DE,8.03374843213913
2020-12-21,FR,7.90485447380811
2020-12-21,GB,11.2961358298558
2020-12-21,IE,11.2590826684069
2020-12-21,US,6.42811874554094
2020-12-22,AU,7.4298488243245
2020-12-22,CA,10.549241042928
2020-12-22,DE,8.0662485438748
2020-12-22,FR,7.86470725354531
2020-12-22,GB,11.2515208383618
2020-12-22,IE,11.3621928540216
2020-12-22,US,6.42422261602503
2020-12-23,AU,7.4717102239118
2020-12-23,CA,10.5549282713226
2020-12-23,DE,8.09407035962585
2020-12-23,FR,7.83054882206302
2020-12-23,GB,11.2218248479909
2020-12-23,IE,11.469324341868
2020-12-23,US,6.42722488639165
2020-12-24,AU,7.51471768174708
2020-12-24,CA,10.5647481780054
2020-12-24,DE,8.12131786519516
2020-12-24,FR,7.79891620847877
2020-12-24,GB,11.2165681539021
2020-12-24,IE,11.5628928954789
2020-12-24,US,6.44549320693772
2020-12-25,AU,7.56804857061194
2020-12-25,CA,10.5649051204946
2020-12-25,DE,8.14203478278165
2020-12-25,FR,7.7680371082399
2020-12-25,GB,11.2583172675773
2020-12-25,IE,11.6763994375749
2020-12-25,US,6.45430703423306
2020-12-26,AU,7.63037819334095
2020-12-26,CA,10.5600802561863
2020-12-26,DE,8.15274900662439
2020-12-26,FR,7.74160283465852
2020-12-26,GB,11.2962955522261
2020-12-26,IE,11.7494738013714
2020-12-26,US,6.46391968670793
2020-12-27,AU,7.68878720208687
2020-12-27,CA,10.5632515121443
2020-12-27,DE,8.16009792062799
2020-12-27,FR,7.70744378474538
2020-12-27,GB,11.3336679685756
2020-12-27,IE,11.8314983166118
2020-12-27,US,6.47602302322487
2020-12-28,AU,7.74437106443626
2020-12-28,CA,10.565920106596
2020-12-28,DE,8.16792741516125
2020-12-28,FR,7.67092325186804
2020-12-28,GB,11.3801950191612
2020-12-28,IE,11.9181489362121
2020-12-28,US,6.48992773269596
2020-12-29,AU,7.74069042754822
2020-12-29,CA,10.5687867380243
2020-12-29,DE,8.17391569066577
2020-12-29,FR,7.63262514435632
2020-12-29,GB,11.4070515006394
2020-12-29,IE,11.9798562951669
2020-12-29,US,6.50553952298973
2020-12-30,AU,7.73644018886377
2020-12-30,CA,10.5621640264758
2020-12-30,DE,8.17738027497577
2020-12-30,FR,7.58103302549466
2020-12-30,GB,11.4204072686856
2020-12-30,IE,12.0289788025774
2020-12-30,US,6.51042155053016
2020-12-31,AU,7.73435736658602
2020-12-31,CA,10.5619888208933
2020-12-31,DE,8.17994461352424
2020-12-31,FR,7.54648326943826
2020-12-31,GB,11.4164755957918
2020-12-31,IE,12.0535905219386
2020-12-31,US,6.51477840001019
2021-01-01,AU,7.7361486123253
2021-01-01,CA,10.5582208225145
2021-01-01,DE,8.18943147122886
2021-01-01,FR,7.51100982096536
2021-01-01,GB,11.4217286522902
2021-01-01,IE,12.0953614624891
2021-01-01,US,6.51760075142714
2021-01-02,AU,7.73137150354351
2021-01-02,CA,10.5579428597315
2021-01-02,DE,8.20178401052504
2021-01-02,FR,7.47008065489162
2021-01-02,GB,11.4259838395061
2021-01-02,IE,12.1499290312016
2021-01-02,US,6.52080021190349
2021-01-03,AU,7.72888612561254
2021-01-03,CA,10.5473358585661
2021-01-03,DE,8.21371492617488
2021-01-03,FR,7.43210334590575
2021-01-03,GB,11.4308063962923
2021-01-03,IE,12.2095780359332
2021-01-03,US,6.52075253250766
2021-01-04,AU,7.74047813691238
2021-01-04,CA,10.5381555592504
2021-01-04,DE,8.22999986135301
2021-01-04,FR,7.3906658941949
2021-01-04,GB,11.4367768690153
2021-01-04,IE,12.2518937685217
2021-01-04,US,6.5147073860745
2021-01-05,AU,7.7454458678291
2021-01-05,CA,10.550129863129
2021-01-05,DE,8.24711212841396
2021-01-05,FR,7.37183699689884
2021-01-05,GB,11.4473265942379
2021-01-05,IE,12.3477451297356
2021-01-05,US,6.51279178500552
2021-01-06,AU,7.74090355316104
2021-01-06,CA,10.568702633581
2021-01-06,DE,8.27099809000073
2021-01-06,FR,7.38456346212762
2021-01-06,GB,11.4687763028041
2021-01-06,IE,12.4306563796481
2021-01-06,US,6.53076466429642
2021-01-07,AU,7.74502324765921
2021-01-07,CA,10.595333595204
2021-01-07,DE,8.29344819496817
2021-01-07,FR,7.39286145814284
2021-01-07,GB,11.5048713283183
2021-01-07,IE,12.5404474497007
2021-01-07,US,6.55825028174836
2021-01-08,AU,7.74476685644275
2021-01-08,CA,10.6394114694174
2021-01-08,DE,8.31369539689558
2021-01-08,FR,7.40961633626317
2021-01-08,GB,11.5290132148721
2021-01-08,IE,12.6552018967043
2021-01-08,US,6.59600102088409
2021-01-09,AU,7.73534091161359
2021-01-09,CA,10.6812321328305
2021-01-09,DE,8.33757546526275
2021-01-09,FR,7.43692653182136
2021-01-09,GB,11.5639460034578
2021-01-09,IE,12.7972060585779
2021-01-09,US,6.63546925490503
2021-01-10,AU,7.73655980768074
2021-01-10,CA,10.724664359594
2021-01-10,DE,8.36855071187584
2021-01-10,FR,7.47183814107257
2021-01-10,GB,11.6056744125908
2021-01-10,IE,12.9384012296583
2021-01-10,US,6.67514874654978
2021-01-11,AU,7.72649959119152
2021-01-11,CA,10.7749597210897
2021-01-11,DE,8.39517364326806
2021-01-11,FR,7.50453119203458
2021-01-11,GB,11.6343627426612
2021-01-11,IE,13.0995020106972
2021-01-11,US,6.72226569093392
2021-01-12,AU,7.72997529401677
2021-01-12,CA,10.7892389386847
2021-01-12,DE,8.41976774485806
2021-01-12,FR,7.52923020217326
2021-01-12,GB,11.672401991218
2021-01-12,IE,13.2447790365095
2021-01-12,US,6.75517398527991
2021-01-13,AU,7.7490238660737
2021-01-13,CA,10.8094173043041
2021-01-13,DE,8.44269850365064
2021-01-13,FR,7.55078730595053
2021-01-13,GB,11.724256445263
2021-01-13,IE,13.424980564377
2021-01-13,US,6.77339696272487
2021-01-14,AU,7.77324032564217
2021-01-14,CA,10.8206957147634
2021-01-14,DE,8.46615474267802
2021-01-14,FR,7.55818012055843
2021-01-14,GB,11.7695876268334
2021-01-14,IE,13.5814520097816
2021-01-14,US,6.7909233985948
2021-01-15,AU,7.79594084496584
2021-01-15,CA,10.8409286525596
2021-01-15,DE,8.48863259355772
2021-01-15,FR,7.54826046670301
2021-01-15,GB,11.8383985138293
2021-01-15,IE,13.745589755768
2021-01-15,US,6.80717855660918
2021-01-16,AU,7.83429338152248
2021-01-16,CA,10.8732079995017
2021-01-16,DE,8.51827958289939
2021-01-16,FR,7.52862763109469
2021-01-16,GB,11.9152865852287
2021-01-16,IE,13.8744589074871
2021-01-16,US,6.8311324442445
2021-01-17,AU,7.85667806006112
2021-01-17,CA,10.9114633142762
2021-01-17,DE,8.53417628305224
2021-01-17,FR,7.5099613512365
2021-01-17,GB,11.9822147506535
2021-01-17,IE,14.0098001900702
2021-01-17,US,6.85621915896303
2021-01-18,AU,7.87353284385325
2021-01-18,CA,10.9520582127581
2021-01-18,DE,8.55106554236185
2021-01-18,FR,7.49484362588641
2021-01-18,GB,12.0699878452171
2021-01-18,IE,14.1085353204508
2021-01-18,US,6.87610927322708
2021-01-19,AU,7.87920093928248
2021-01-19,CA,11.0204119509426
2021-01-19,DE,8.57271908690078
2021-01-19,FR,7.48101479038028
2021-01-19,GB,12.1586108179847
2021-01-19,IE,14.1903521831011
2021-01-19,US,6.9067026271193
2021-01-20,AU,7.87265134108539
2021-01-20,CA,11.0881158055483
2021-01-20,DE,8.59870028916504
2021-01-20,FR,7.46451951038789
2021-01-20,GB,12.2312466830498
2021-01-20,IE,14.2445160842792
2021-01-20,US,6.93807291455821
2021-01-21,AU,7.85573107188548
2021-01-21,CA,11.156114342584
2021-01-21,DE,8.62389320416499
2021-01-21,FR,7.44488182924252
2021-01-21,GB,12.3157781896438
2021-01-21,IE,14.2833722191874
2021-01-21,US,6.96896475656841
2021-01-22,AU,7.84255925777522
2021-01-22,CA,11.2061680710194
2021-01-22,DE,8.64869930907428
2021-01-22,FR,7.45091403282294
2021-01-22,GB,12.398484210123
2021-01-22,IE,14.3085821499339
2021-01-22,US,7.00079765261236
2021-01-23,AU,7.80138154834912
2021-01-23,CA,11.254019904275
2021-01-23,DE,8.66509020668546
2021-01-23,FR,7.46331990396184
2021-01-23,GB,12.4652811240295
2021-01-23,IE,14.3344859353656
2021-01-23,US,7.03173331966856
2021-01-24,AU,7.78944335894478
2021-01-24,CA,11.3002163386994
2021-01-24,DE,8.69599401620585
2021-01-24,FR,7.47731971545422
2021-01-24,GB,12.5458964591084
2021-01-24,IE,14.3360813564057
2021-01-24,US,7.06461020945038
2021-01-25,AU,7.78387328296042
2021-01-25,CA,11.3408116440475
2021-01-25,DE,8.72546292554457
2021-01-25,FR,7.50375053665659
2021-01-25,GB,12.611934004631
2021-01-25,IE,14.3479980111061
2021-01-25,US,7.10278550167356
2021-01-26,AU,7.76825256465699
2021-01-26,CA,11.3838455285414
2021-01-26,DE,8.75628626392179
2021-01-26,FR,7.52302130183793
2021-01-26,GB,12.6812321672788
2021-01-26,IE,14.3598506166492
2021-01-26,US,7.14799343451377
2021-01-27,AU,7.76643138646418
2021-01-27,CA,11.4211917839601
2021-01-27,DE,8.78529267883584
2021-01-27,FR,7.54079540362789
2021-01-27,GB,12.7412349508383
2021-01-27,IE,14.3645171174303
2021-01-27,US,7.19295401763838
2021-01-28,AU,7.76158575531941
2021-01-28,CA,11.471074486658
2021-01-28,DE,8.8166618245884
2021-01-28,FR,7.56096730400399
2021-01-28,GB,12.7926110863558
2021-01-28,IE,14.3897229385563
2021-01-28,US,7.22575926305158
2021-01-29,AU,7.75460852909226
2021-01-29,CA,11.5326491592319
2021-01-29,DE,8.85730220319803
2021-01-29,FR,7.58442686326253
2021-01-29,GB,12.8393312454932
2021-01-29,IE,14.4397904549273
2021-01-29,US,7.25589037722312
2021-01-30,AU,7.77757850748367
2021-01-30,CA,11.5860620230314
2021-01-30,DE,8.9038602908008
2021-01-30,FR,7.60843628626228
2021-01-30,GB,12.8997148166894
2021-01-30,IE,14.5046969949282
2021-01-30,US,7.27732644330243
2021-01-31,AU,7.77854428347504
2021-01-31,CA,11.6491955292653
2021-01-31,DE,8.94360161318556
2021-01-31,FR,7.63579703650786
2021-01-31,GB,12.9569815340411
2021-01-31,IE,14.5880563864479
2021-01-31,US,7.29795902781714
2021-02-01,AU,7.77952640000841
2021-02-01,CA,11.7232959939761
2021-02-01,DE,8.99384753834195
2021-02-01,FR,7.65674813270957
2021-02-01,GB,13.0336599023162
2021-02-01,IE,14.6950108753682
2021-02-01,US,7.3169621947889
2021-02-02,AU,7.81290740477858
2021-02-02,CA,11.7839053897298
2021-02-02,DE,9.04099249648113
2021-02-02,FR,7.68444412763222
2021-02-02,GB,13.0896391368582
2021-02-02,IE,14.7830309586403
2021-02-02,US,7.32380397801026
2021-02-03,AU,7.8453278811529
2021-02-03,CA,11.8345540050871
2021-02-03,DE,9.08890520560515
2021-02-03,FR,7.70740683325106
2021-02-03,GB,13.1484318177816
2021-02-03,IE,14.8810299826177
2021-02-03,US,7.28062424359888
2021-02-04,AU,7.88270111971466
2021-02-04,CA,11.8624252992924
2021-02-04,DE,9.13941725166416
2021-02-04,FR,7.73448184608274
2021-02-04,GB,13.1910952437224
2021-02-04,IE,15.0060433463768
2021-02-04,US,7.25572347017115
2021-02-05,AU,7.91879336344642
2021-02-05,CA,11.8691945340296
2021-02-05,DE,9.1729470352618
2021-02-05,FR,7.74933295590133
2021-02-05,GB,13.2181393481225
2021-02-05,IE,15.0558420215658
2021-02-05,US,7.22562052088645
2021-02-06,AU,7.93930113306942
2021-02-06,CA,11.8758765215568
2021-02-06,DE,9.20367364652492
2021-02-06,FR,7.7592146016239
2021-02-06,GB,13.259041888286
2021-02-06,IE,15.0776801617212
2021-02-06,US,7.20356484320971
2021-02-07,AU,7.97728603399966
2021-02-07,CA,11.8727271953239
2021-02-07,DE,9.23629603671914
2021-02-07,FR,7.76514354164185
2021-02-07,GB,13.2977654508304
2021-02-07,IE,15.1057299476152
2021-02-07,US,7.19008018253341
2021-02-08,AU,8.01707800026299
2021-02-08,CA,11.8603505555518
2021-02-08,DE,9.26390678348441
2021-02-08,FR,7.77116651546331
2021-02-08,GB,13.3235486693098
2021-02-08,IE,15.1354465063269
2021-02-08,US,7.16554983576906
2021-02-09,AU,8.04035051429875
2021-02-09,CA,11.8351791364763
2021-02-09,DE,9.29321029302158
2021-02-09,FR,7.78046815743368
2021-02-09,GB,13.3579721577176
2021-02-09,IE,15.1751191857873
2021-02-09,US,7.14615842425863
2021-02-10,AU,8.05850437914512
2021-02-10,CA,11.8177387446024
2021-02-10,DE,9.32105812362665
2021-02-10,FR,7.79133935475125
2021-02-10,GB,13.4045777641758
2021-02-10,IE,15.1942151621108
2021-02-10,US,7.17378920614245
2021-02-11,AU,8.09458052099202
2021-02-11,CA,11.8116883129722
2021-02-11,DE,9.34255473950475
2021-02-11,FR,7.80614889466669
2021-02-11,GB,13.4694699532441
2021-02-11,IE,15.1947407865469
2021-02-11,US,7.18741501636148
2021-02-12,AU,8.12787314612926
2021-02-12,CA,11.8075206780181
2021-02-12,DE,9.3808390999735
2021-02-12,FR,7.82848519901831
2021-02-12,GB,13.5546117833209
2021-02-12,IE,15.1711590817344
2021-02-12,US,7.2042401742041
2021-02-13,AU,8.17532577978264
2021-02-13,CA,11.810715769166
2021-02-13,DE,9.42446291789725
2021-02-13,FR,7.85483036358207
2021-02-13,GB,13.6098866107165
2021-02-13,IE,15.2065298307367
2021-02-13,US,7.2213458604157
2021-02-14,AU,8.22626678203578
2021-02-14,CA,11.8462444339785
2021-02-14,DE,9.4614834659242
2021-02-14,FR,7.88889083686303
2021-02-14,GB,13.7051764519167
2021-02-14,IE,15.2293385972875
2021-02-14,US,7.2240438417674
2021-02-15,AU,8.27202872414407
2021-02-15,CA,11.848614125437
2021-02-15,DE,9.49922312202905
2021-02-15,FR,7.92775165469172
2021-02-15,GB,13.7474275209293
2021-02-15,IE,15.235353223952
2021-02-15,US,7.23056235703293
2021-02-16,AU,8.3005507254768
2021-02-16,CA,11.8603909501644
2021-02-16,DE,9.52869064719475
2021-02-16,FR,7.97984133124263
2021-02-16,GB,13.7804799756312
2021-02-16,IE,15.2306338256578
2021-02-16,US,7.23130090711903
2021-02-17,AU,8.34999253567201
2021-02-17,CA,11.8712482379583
2021-02-17,DE,9.56409661747185
2021-02-17,FR,8.02651051691548
2021-02-17,GB,13.8061314913047
2021-02-17,IE,15.2486378866656
2021-02-17,US,7.23586712142712
2021-02-18,AU,8.37838147615956
2021-02-18,CA,11.8691460352561
2021-02-18,DE,9.59717480900426
2021-02-18,FR,8.06713304875056
2021-02-18,GB,13.8379111040882
2021-02-18,IE,15.2432805093228
2021-02-18,US,7.23725150761465
2021-02-19,AU,8.40075149149383
2021-02-19,CA,11.878733699153
2021-02-19,DE,9.61610708011009
2021-02-19,FR,8.10208061093556
2021-02-19,GB,13.851462703288
2021-02-19,IE,15.2920194045512
2021-02-19,US,7.23492448294453
2021-02-20,AU,8.41182086542083
2021-02-20,CA,11.8785937814886
2021-02-20,DE,9.62819840981855
2021-02-20,FR,8.12894834360042
2021-02-20,GB,13.8597421143192
2021-02-20,IE,15.3000964232929
2021-02-20,US,7.2218703804817
2021-02-21,AU,8.41782878409858
2021-02-21,CA,11.8408190541101
2021-02-21,DE,9.64926655959839
2021-02-21,FR,8.14269193454362
2021-02-21,GB,13.8278378869063
2021-02-21,IE,15.3191416566588
2021-02-21,US,7.21545474837306
2021-02-22,AU,8.42370192862482
2021-02-22,CA,11.8346007501711
2021-02-22,DE,9.66288614815921
2021-02-22,FR,8.15677183497856
2021-02-22,GB,13.8501912078577
2021-02-22,IE,15.334859891924
2021-02-22,US,7.21220892957348
2021-02-23,AU,8.45198584613338
2021-02-23,CA,11.8169361288428
2021-02-23,DE,9.67579434112434
2021-02-23,FR,8.14106316256069
2021-02-23,GB,13.8535580811772
2021-02-23,IE,15.3538840227056
2021-02-23,US,7.21561984177655
2021-02-24,AU,8.44955454772876
2021-02-24,CA,11.7941043241436
2021-02-24,DE,9.68253893549718
2021-02-24,FR,8.13030626738286
2021-02-24,GB,13.8644236805233
2021-02-24,IE,15.3579208767758
2021-02-24,US,7.22141555514827
2021-02-25,AU,8.45415700358144
2021-02-25,CA,11.7761433727515
2021-02-25,DE,9.70153835443772
2021-02-25,FR,8.11974693898103
2021-02-25,GB,13.8483846873655
2021-02-25,IE,15.4085075482673
2021-02-25,US,7.22657211561812
2021-02-26,AU,8.47326771534781
2021-02-26,CA,11.7510928400252
2021-02-26,DE,9.72279262200608
2021-02-26,FR,8.10853573273798
2021-02-26,GB,13.8381973169304
2021-02-26,IE,15.4268963932321
2021-02-26,US,7.23439282695395
2021-02-27,AU,8.49386637519852
2021-02-27,CA,11.7318754367283
2021-02-27,DE,9.74344740517537
2021-02-27,FR,8.10040264830097
2021-02-27,GB,13.8326938428902
2021-02-27,IE,15.4488891318064
2021-02-27,US,7.24931711102112
2021-02-28,AU,8.50425627947532
2021-02-28,CA,11.7178373999143
2021-02-28,DE,9.75570634463955
2021-02-28,FR,8.09644779068347
2021-02-28,GB,13.8300763319628
2021-02-28,IE,15.4504601398866
2021-02-28,US,7.25849842527697
2021-03-01,AU,8.52024104480131
2021-03-01,CA,11.6981957035108
2021-03-01,DE,9.76371943057272
2021-03-01,FR,8.08118975416363
2021-03-01,GB,13.8094569800335
2021-03-01,IE,15.4499874284145
2021-03-01,US,7.26533471448292
2021-03-02,AU,8.5475187348608
2021-03-02,CA,11.6927672315284
2021-03-02,DE,9.77639738858775
2021-03-02,FR,8.06592191230178
2021-03-02,GB,13.8247627133408
2021-03-02,IE,15.427197083092
2021-03-02,US,7.27131220586679
2021-03-03,AU,8.57679552047226
2021-03-03,CA,11.6801854534608
2021-03-03,DE,9.79157944002893
2021-03-03,FR,8.04755462524396
2021-03-03,GB,13.8093270144303
2021-03-03,IE,15.3899877521142
2021-03-03,US,7.27007501986255
2021-03-04,AU,8.59831982786709
2021-03-04,CA,11.6645445257895
2021-03-04,DE,9.80186536345725
2021-03-04,FR,8.02862984775762
2021-03-04,GB,13.799684725029
2021-03-04,IE,15.3239121719073
2021-03-04,US,7.27506060740559
2021-03-05,AU,8.60686739986395
2021-03-05,CA,11.6435105529913
2021-03-05,DE,9.81135953036801
2021-03-05,FR,8.01058008308428
2021-03-05,GB,13.7456585761579
2021-03-05,IE,15.2828728606412
2021-03-05,US,7.28494858537191
2021-03-06,AU,8.60766883813261
2021-03-06,CA,11.6102735686238
2021-03-06,DE,9.82474139012775
2021-03-06,FR,7.98791162517127
2021-03-06,GB,13.7110310244014
2021-03-06,IE,15.2447936139267
2021-03-06,US,7.27335576754575
2021-03-07,AU,8.61194881455631
2021-03-07,CA,11.5800769263331
2021-03-07,DE,9.83968042218243
2021-03-07,FR,7.96077623936104
2021-03-07,GB,13.6733935711028
2021-03-07,IE,15.2320402114515
2021-03-07,US,7.29286921086753
2021-03-08,AU,8.61319107578038
2021-03-08,CA,11.5582547750158
2021-03-08,DE,9.86736874263397
2021-03-08,FR,7.94471029950061
2021-03-08,GB,13.6564248740635
2021-03-08,IE,15.2189629735983
2021-03-08,US,7.31201634109845
2021-03-09,AU,8.60712270447176
2021-03-09,CA,11.5326279305714
2021-03-09,DE,9.90393761709925
2021-03-09,FR,7.92319115185631
2021-03-09,GB,13.6135987991014
2021-03-09,IE,15.2201968339843
2021-03-09,US,7.33021843389986
2021-03-10,AU,8.60501087573225
2021-03-10,CA,11.5237610314705
2021-03-10,DE,9.92877561095741
2021-03-10,FR,7.90819140068351
2021-03-10,GB,13.5824767994833
2021-03-10,IE,15.2384805405525
2021-03-10,US,7.35255027658659
2021-03-11,AU,8.6079424230833
2021-03-11,CA,11.515538626616
2021-03-11,DE,9.95928160650117
2021-03-11,FR,7.86370509746769
2021-03-11,GB,13.5435525357817
2021-03-11,IE,15.2125487598475
2021-03-11,US,7.36503029754578
2021-03-12,AU,8.60247950019526
2021-03-12,CA,11.5133001465233
2021-03-12,DE,9.99175469483201
2021-03-12,FR,7.84229336491549
2021-03-12,GB,13.5373879710227
2021-03-12,IE,15.202911077198
2021-03-12,US,7.37183281338079
2021-03-13,AU,8.59865317626788
2021-03-13,CA,11.5114123306263
2021-03-13,DE,10.0232894776501
2021-03-13,FR,7.79743292029276
2021-03-13,GB,13.5234688171642
2021-03-13,IE,15.2141274450611
2021-03-13,US,7.39262075775555
2021-03-14,AU,8.58769321646448
2021-03-14,CA,11.5126547348926
2021-03-14,DE,10.0533174993175
2021-03-14,FR,7.77254064022542
2021-03-14,GB,13.4980071433424
2021-03-14,IE,15.1948492672363
2021-03-14,US,7.38518769112823
2021-03-15,AU,8.57757213883314
2021-03-15,CA,11.5092485828741
2021-03-15,DE,10.0779596761381
2021-03-15,FR,7.74392836924314
2021-03-15,GB,13.4525011995365
2021-03-15,IE,15.1905197370345
2021-03-15,US,7.3802159523666
2021-03-16,AU,8.56964161170048
2021-03-16,CA,11.5132082541989
2021-03-16,DE,10.0962001987872
2021-03-16,FR,7.73741861742165
2021-03-16,GB,13.4260631632377
2021-03-16,IE,15.1763236447925
2021-03-16,US,7.37618113803593
2021-03-17,AU,8.56149520472735
2021-03-17,CA,11.5025364963672
2021-03-17,DE,10.1192001879085
2021-03-17,FR,7.73070351565227
2021-03-17,GB,13.4075818258711
2021-03-17,IE,15.2057587486567
2021-03-17,US,7.37191375547344
2021-03-18,AU,8.57036043302365
2021-03-18,CA,11.5003762877188
2021-03-18,DE,10.1372636826169
2021-03-18,FR,7.76488581870987
2021-03-18,GB,13.3939481643322
2021-03-18,IE,15.2491777527321
2021-03-18,US,7.36748451111167
2021-03-19,AU,8.59153608481713
2021-03-19,CA,11.4968066321238
2021-03-19,DE,10.1523036438692
2021-03-19,FR,7.77207800888549
2021-03-19,GB,13.3701405744555
2021-03-19,IE,15.2973217871175
2021-03-19,US,7.36658459865034
2021-03-20,AU,8.63415569816467
2021-03-20,CA,11.5728258788652
2021-03-20,DE,10.1781749656179
2021-03-20,FR,7.7959086547231
2021-03-20,GB,13.5513157169009
2021-03-20,IE,15.3361684614744
2021-03-20,US,7.39020313877061
2021-03-21,AU,8.67943281298631
2021-03-21,CA,11.6444730586379
2021-03-21,DE,10.2025390581607
2021-03-21,FR,7.80854109858923
2021-03-21,GB,13.7271136843879
2021-03-21,IE,15.4557742466016
2021-03-21,US,7.41081877823687
2021-03-22,AU,8.69996030012839
2021-03-22,CA,11.6395054387221
2021-03-22,DE,10.2184793593601
2021-03-22,FR,7.81731876137401
2021-03-22,GB,13.72718469974
2021-03-22,IE,15.5290731688353
2021-03-22,US,7.4089158858622
2021-03-23,AU,8.7184789459536
2021-03-23,CA,11.6248051447549
2021-03-23,DE,10.2352750143084
2021-03-23,FR,7.80780640861879
2021-03-23,GB,13.7262702758083
2021-03-23,IE,15.6494309073447
2021-03-23,US,7.40826215428388
2021-03-24,AU,8.73429430628066
2021-03-24,CA,11.613985933428
2021-03-24,DE,10.2587602743634
2021-03-24,FR,7.79479423307429
2021-03-24,GB,13.6997314753289
2021-03-24,IE,15.7323053695069
2021-03-24,US,7.40513829668857
2021-03-25,AU,8.73253810923863
2021-03-25,CA,11.5947009313865
2021-03-25,DE,10.2820926528526
2021-03-25,FR,7.7646191969542
2021-03-25,GB,13.6852390709467
2021-03-25,IE,15.8148600669367
2021-03-25,US,7.40764760705342
2021-03-26,AU,8.74826301339112
2021-03-26,CA,11.5854304571875
2021-03-26,DE,10.3052594703225
2021-03-26,FR,7.7404789401232
2021-03-26,GB,13.6621877272829
2021-03-26,IE,15.8796136548112
2021-03-26,US,7.40679555879401
2021-03-27,AU,8.74971104388489
2021-03-27,CA,11.499206424273
2021-03-27,DE,10.3272602906705
2021-03-27,FR,7.73354567714285
2021-03-27,GB,13.4354144336114
2021-03-27,IE,15.9210409823733
2021-03-27,US,7.38759437697348
2021-03-28,AU,8.73908595691782
2021-03-28,CA,11.4172604228132
2021-03-28,DE,10.346172303434
2021-03-28,FR,7.72335876455511
2021-03-28,GB,13.2095281173988
2021-03-28,IE,15.8814235686715
2021-03-28,US,7.37511977126675
2021-03-29,AU,8.74583597655378
2021-03-29,CA,11.4085687703276
2021-03-29,DE,10.3799182055747
2021-03-29,FR,7.714079448171
2021-03-29,GB,13.1658129249064
2021-03-29,IE,15.8758611457982
2021-03-29,US,7.38321926199938
2021-03-30,AU,8.74096324933896
2021-03-30,CA,11.3997364674586
2021-03-30,DE,10.4068180333814
2021-03-30,FR,7.70182196775121
2021-03-30,GB,13.1059737981085
2021-03-30,IE,15.869990888488
2021-03-30,US,7.38745831806039
2021-03-31,AU,8.73678506133047
2021-03-31,CA,11.4036788924616
2021-03-31,DE,10.4255458724234
2021-03-31,FR,7.68913338002
2021-03-31,GB,13.0751267040439
2021-03-31,IE,15.8940706689179
2021-03-31,US,7.37392248381576
2021-04-01,AU,8.72986535258982
2021-04-01,CA,11.4213531331441
2021-04-01,DE,10.4536920979464
2021-04-01,FR,7.70081998649564
2021-04-01,GB,13.038830670355
2021-04-01,IE,15.9625340455999
2021-04-01,US,7.36487125872466
2021-04-02,AU,8.70261477657088
2021-04-02,CA,11.432886227097
2021-04-02,DE,10.4865777766142
2021-04-02,FR,7.70898520941928
2021-04-02,GB,13.0341199745718
2021-04-02,IE,16.0658453250476
2021-04-02,US,7.36060352720178
2021-04-03,AU,8.67266863045404
2021-04-03,CA,11.4488681525268
2021-04-03,DE,10.5092761440792
2021-04-03,FR,7.71687216300336
2021-04-03,GB,13.0227858346072
2021-04-03,IE,16.1942399580222
2021-04-03,US,7.36220866341804
2021-04-04,AU,8.65136035136762
2021-04-04,CA,11.4720380578037
2021-04-04,DE,10.5361192480363
2021-04-04,FR,7.72550835678334
2021-04-04,GB,13.0187092245837
2021-04-04,IE,16.3458060193719
2021-04-04,US,7.36598983362643
2021-04-05,AU,8.63455471132097
2021-04-05,CA,11.496708544336
2021-04-05,DE,10.5599912433782
2021-04-05,FR,7.74449965447481
2021-04-05,GB,13.0209487832923
2021-04-05,IE,16.5038420910844
2021-04-05,US,7.37205563111492
2021-04-06,AU,8.63989459721002
2021-04-06,CA,11.528915774226
2021-04-06,DE,10.5719292776528
2021-04-06,FR,7.76555527710225
2021-04-06,GB,13.0549380310452
2021-04-06,IE,16.6280372173086
2021-04-06,US,7.36865839698191
2021-04-07,AU,8.6294768105021
2021-04-07,CA,11.5541395207674
2021-04-07,DE,10.5903691961147
2021-04-07,FR,7.78431697938477
2021-04-07,GB,13.0715894174106
2021-04-07,IE,16.6850340637147
2021-04-07,US,7.38814515733481
2021-04-08,AU,8.5904341814182
2021-04-08,CA,11.5751939705804
2021-04-08,DE,10.6047111673772
2021-04-08,FR,7.79378710357442
2021-04-08,GB,13.0861013254866
2021-04-08,IE,16.7308805191199
2021-04-08,US,7.40460746869092
2021-04-09,AU,8.55908731124124
2021-04-09,CA,11.5934800974681
2021-04-09,DE,10.6203737444542
2021-04-09,FR,7.82154014181255
2021-04-09,GB,13.0805807393713
2021-04-09,IE,16.7303968237078
2021-04-09,US,7.42677966542536
2021-04-10,AU,8.50239279719011
2021-04-10,CA,11.6260265093116
2021-04-10,DE,10.6368690821666
2021-04-10,FR,7.83815789871403
2021-04-10,GB,13.0689322451768
2021-04-10,IE,16.6769340590567
2021-04-10,US,7.43062941029145
2021-04-11,AU,8.45136452632436
2021-04-11,CA,11.6325117657167
2021-04-11,DE,10.6478181344157
2021-04-11,FR,7.84582196185724
2021-04-11,GB,13.0694261818611
2021-04-11,IE,16.6506650340723
2021-04-11,US,7.43837023104666
2021-04-12,AU,8.39903224597359
2021-04-12,CA,11.6412697373204
2021-04-12,DE,10.6553007424002
2021-04-12,FR,7.86391144116721
2021-04-12,GB,13.078088469364
2021-04-12,IE,16.6027801821901
2021-04-12,US,7.44653496789451
2021-04-13,AU,8.32826525708115
2021-04-13,CA,11.6455326456613
2021-04-13,DE,10.6772339264288
2021-04-13,FR,7.89248967613699
2021-04-13,GB,13.0496516290051
2021-04-13,IE,16.5664992636359
2021-04-13,US,7.46547835025342
2021-04-14,AU,8.26850539865607
2021-04-14,CA,11.6521973846031
2021-04-14,DE,10.6913440290066
2021-04-14,FR,7.92871217149102
2021-04-14,GB,13.0386034956445
2021-04-14,IE,16.5831484952162
2021-04-14,US,7.47255250507254
2021-04-15,AU,8.2406149640123
2021-04-15,CA,11.670552267112
2021-04-15,DE,10.6982718944211
2021-04-15,FR,7.95515760335991
2021-04-15,GB,13.0217036301687
2021-04-15,IE,16.5774269089627
2021-04-15,US,7.47595721119638
2021-04-16,AU,8.20053808513639
2021-04-16,CA,11.6936592029034
2021-04-16,DE,10.7055221883491
2021-04-16,FR,7.96278144205051
2021-04-16,GB,13.0061258007411
2021-04-16,IE,16.5755784870392
2021-04-16,US,7.47193507943855
2021-04-17,AU,8.1821892528695
2021-04-17,CA,11.7112365717693
2021-04-17,DE,10.7115031675913
2021-04-17,FR,7.9829913716662
2021-04-17,GB,12.9886005008942
2021-04-17,IE,16.6185477573817
2021-04-17,US,7.47955916931049
2021-04-18,AU,8.14540959009871
2021-04-18,CA,11.7494454232911
2021-04-18,DE,10.7263642089858
2021-04-18,FR,8.01651912419414
2021-04-18,GB,12.9447125997473
2021-04-18,IE,16.6393778237404
2021-04-18,US,7.47559530492017
2021-04-19,AU,8.11204708358469
2021-04-19,CA,11.7789359399587
2021-04-19,DE,10.7404544797548
2021-04-19,FR,8.03447052531428
2021-04-19,GB,12.8853194897272
2021-04-19,IE,16.660364594827
2021-04-19,US,7.47190945667599
2021-04-20,AU,8.08402350341676
2021-04-20,CA,11.8176680236997
2021-04-20,DE,10.7577366789166
2021-04-20,FR,8.04386810319712
2021-04-20,GB,12.8194912970377
2021-04-20,IE,16.6617341399858
2021-04-20,US,7.46607926369889
2021-04-21,AU,8.07707659874661
2021-04-21,CA,11.8519558153082
2021-04-21,DE,10.7749607416464
2021-04-21,FR,8.05234912808439
2021-04-21,GB,12.7441199944551
2021-04-21,IE,16.6407750101071
2021-04-21,US,7.46368555416328
2021-04-22,AU,8.06608162044459
2021-04-22,CA,11.8740024331067
2021-04-22,DE,10.792390919457
2021-04-22,FR,8.06188486180343
2021-04-22,GB,12.6713131573774
2021-04-22,IE,16.6324869618987
2021-04-22,US,7.45942597126599
2021-04-23,AU,8.06270328373814
2021-04-23,CA,11.8959310428467
2021-04-23,DE,10.8073048535449
2021-04-23,FR,8.07943389127842
2021-04-23,GB,12.5982844246443
2021-04-23,IE,16.6390599946504
2021-04-23,US,7.46214866837053
2021-04-24,AU,8.07735574817103
2021-04-24,CA,11.9160834259034
2021-04-24,DE,10.8244314554999
2021-04-24,FR,8.08574305858117
2021-04-24,GB,12.5147911198203
2021-04-24,IE,16.5548961331793
2021-04-24,US,7.45715143597479
2021-04-25,AU,8.10571108909548
2021-04-25,CA,11.9352709826486
2021-04-25,DE,10.8429506349379
2021-04-25,FR,8.08794538864833
2021-04-25,GB,12.4460334789816
2021-04-25,IE,16.4686653293913
2021-04-25,US,7.45784923392346
2021-04-26,AU,8.12412387548167
2021-04-26,CA,11.9670985356353
2021-04-26,DE,10.8607665492158
2021-04-26,FR,8.09059715084556
2021-04-26,GB,12.3782271964038
2021-04-26,IE,16.3992098872102
2021-04-26,US,7.4580412818883
2021-04-27,AU,8.1503651258902
2021-04-27,CA,11.9861901412631
2021-04-27,DE,10.8818895939385
2021-04-27,FR,8.09281004878282
2021-04-27,GB,12.3081059466146
2021-04-27,IE,16.3126625245879
2021-04-27,US,7.45456363951214
2021-04-28,AU,8.16562136596331
2021-04-28,CA,12.0079182366919
2021-04-28,DE,10.9144723720971
2021-04-28,FR,8.08161039721351
2021-04-28,GB,12.2439973002084
2021-04-28,IE,16.2289222961202
2021-04-28,US,7.45505400391809
2021-04-29,AU,8.17619000589576
2021-04-29,CA,12.0289804637612
2021-04-29,DE,10.9502273508477
2021-04-29,FR,8.06593347420296
2021-04-29,GB,12.1591018194257
2021-04-29,IE,16.1447464497267
2021-04-29,US,7.47862137499799
2021-04-30,AU,8.19031123644349
2021-04-30,CA,12.0534338335192
2021-04-30,DE,10.9893429134703
2021-04-30,FR,8.04558403124398
2021-04-30,GB,12.0643695253063
2021-04-30,IE,16.0449515161977
2021-04-30,US,7.48719629473856
2021-05-01,AU,8.19406095624715
2021-05-01,CA,12.0844994810106
2021-05-01,DE,11.0307485079359
2021-05-01,FR,8.02477615486322
2021-05-01,GB,11.9679523767314
2021-05-01,IE,15.9431049120557
2021-05-01,US,7.49747883293496
2021-05-02,AU,8.19209905221309
2021-05-02,CA,12.1087298653633
2021-05-02,DE,11.0687527444811
2021-05-02,FR,8.00245473150767
2021-05-02,GB,11.8891675321939
2021-05-02,IE,15.8434906765363
2021-05-02,US,7.50457306096009
2021-05-03,AU,8.20234985566754
2021-05-03,CA,12.1258724167101
2021-05-03,DE,11.1104949752709
2021-05-03,FR,7.97749757595336
2021-05-03,GB,11.8056097985399
2021-05-03,IE,15.739666165187
2021-05-03,US,7.50802955824556
2021-05-04,AU,8.19227849925595
2021-05-04,CA,12.1603087067544
2021-05-04,DE,11.1486899785675
2021-05-04,FR,7.9525348087759
2021-05-04,GB,11.7378835083307
2021-05-04,IE,15.6796300790482
2021-05-04,US,7.52033803926323
2021-05-05,AU,8.17682725662991
2021-05-05,CA,12.1953500364338
2021-05-05,DE,11.1913538204284
2021-05-05,FR,7.93469481734562
2021-05-05,GB,11.6608758147097
2021-05-05,IE,15.5845647706248
2021-05-05,US,7.52972915643186
2021-05-06,AU,8.16307695948759
2021-05-06,CA,12.2271447424254
2021-05-06,DE,11.2216868325378
2021-05-06,FR,7.91946075834063
2021-05-06,GB,11.5946452541751
2021-05-06,IE,15.4377520903461
2021-05-06,US,7.52014227235189
2021-05-07,AU,8.14711474281536
2021-05-07,CA,12.25065586222
2021-05-07,DE,11.2476426946777
2021-05-07,FR,7.92099817780753
2021-05-07,GB,11.5400031634063
2021-05-07,IE,15.2651285001985
2021-05-07,US,7.53016174813847
2021-05-08,AU,8.12886324909545
2021-05-08,CA,12.2617632814638
2021-05-08,DE,11.2723410741026
2021-05-08,FR,7.92455795886315
2021-05-08,GB,11.48511073306
2021-05-08,IE,15.1321596390455
2021-05-08,US,7.52743227239775
2021-05-09,AU,8.11169104597074
2021-05-09,CA,12.2736130897906
2021-05-09,DE,11.2937527643288
2021-05-09,FR,7.92931628813152
2021-05-09,GB,11.4262564442996
2021-05-09,IE,15.0181069227452
2021-05-09,US,7.52716004784865
2021-05-10,AU,8.08550985105144
2021-05-10,CA,12.2916359131115
2021-05-10,DE,11.3146978764962
2021-05-10,FR,7.92775824488418
2021-05-10,GB,11.3702511456987
2021-05-10,IE,14.8936803256305
2021-05-10,US,7.52896608889506
2021-05-11,AU,8.06958464963771
2021-05-11,CA,12.294615956525
2021-05-11,DE,11.3311960190332
2021-05-11,FR,7.93064972036916
2021-05-11,GB,11.3006845274616
2021-05-11,IE,14.7326659405557
2021-05-11,US,7.53749312807001
2021-05-12,AU,8.05054221210498
2021-05-12,CA,12.2845963281961
2021-05-12,DE,11.329885244063
2021-05-12,FR,7.93744004754397
2021-05-12,GB,11.2299417359311
2021-05-12,IE,14.5821680063181
2021-05-12,US,7.54393330289746
2021-05-13,AU,8.03455459180999
2021-05-13,CA,12.2733427504973
2021-05-13,DE,11.3432405122338
2021-05-13,FR,7.94679862696842
2021-05-13,GB,11.1816533438957
2021-05-13,IE,14.4839473846025
2021-05-13,US,7.55126535958736
2021-05-14,AU,8.02381580985579
2021-05-14,CA,12.2677006015958
2021-05-14,DE,11.3511706497315
2021-05-14,FR,7.93148123787372
2021-05-14,GB,11.1313529668498
2021-05-14,IE,14.4159501128637
2021-05-14,US,7.53934523855801
2021-05-15,AU,8.00868901929195
2021-05-15,CA,12.2548805976829
2021-05-15,DE,11.3588146666201
2021-05-15,FR,7.91143885230713
2021-05-15,GB,11.1122576377516
2021-05-15,IE,14.3418931349178
2021-05-15,US,7.54453556881431
2021-05-16,AU,7.99109709108109
2021-05-16,CA,12.2419134216945
2021-05-16,DE,11.3658889108733
2021-05-16,FR,7.89542907238721
2021-05-16,GB,11.0592204381251
2021-05-16,IE,14.2650270274276
2021-05-16,US,7.54806625290995
2021-05-17,AU,7.97714988697674
2021-05-17,CA,12.2238483726597
2021-05-17,DE,11.376593494227
2021-05-17,FR,7.88241190017737
2021-05-17,GB,11.0222262448695
2021-05-17,IE,14.2018010929976
2021-05-17,US,7.55291988498402
2021-05-18,AU,7.95533393355615
2021-05-18,CA,12.2006402276207
2021-05-18,DE,11.3860855678281
2021-05-18,FR,7.86412686839784
2021-05-18,GB,10.9952676994889
2021-05-18,IE,14.1612559809999
2021-05-18,US,7.53442034280438
2021-05-19,AU,7.91457164979654
2021-05-19,CA,12.1794017922193
2021-05-19,DE,11.4052391258902
2021-05-19,FR,7.84574796260013
2021-05-19,GB,10.9707365483073
2021-05-19,IE,14.1336812213085
2021-05-19,US,7.52036028122941
2021-05-20,AU,7.88197781928178
2021-05-20,CA,12.1635443082799
2021-05-20,DE,11.4167006896456
2021-05-20,FR,7.83952270670641
2021-05-20,GB,10.9344176125013
2021-05-20,IE,14.0911588200379
2021-05-20,US,7.50472420328578
2021-05-21,AU,7.84127779652777
2021-05-21,CA,12.1525645420134
2021-05-21,DE,11.4242374234693
2021-05-21,FR,7.84242870118313
2021-05-21,GB,10.9107505147054
2021-05-21,IE,14.0284550605995
2021-05-21,US,7.49855069002256
2021-05-22,AU,7.80949403318193
2021-05-22,CA,12.1407020505366
2021-05-22,DE,11.4185857279268
2021-05-22,FR,7.83791234497221
2021-05-22,GB,10.8684529776328
2021-05-22,IE,13.9803395665922
2021-05-22,US,7.48640114043007
2021-05-23,AU,7.78806672714517
2021-05-23,CA,12.1283887278489
2021-05-23,DE,11.4216170674285
2021-05-23,FR,7.83612672188291
2021-05-23,GB,10.8427082942354
2021-05-23,IE,13.9245301933439
2021-05-23,US,7.47905821246012
2021-05-24,AU,7.77211230991724
2021-05-24,CA,12.1165712296558
2021-05-24,DE,11.428414393804
2021-05-24,FR,7.84374416710062
2021-05-24,GB,10.8094849425923
2021-05-24,IE,13.8671828961444
2021-05-24,US,7.4563939482466
2021-05-25,AU,7.76013685974487
2021-05-25,CA,12.1102718461291
2021-05-25,DE,11.4312302344782
2021-05-25,FR,7.85268616494896
2021-05-25,GB,10.7861884455562
2021-05-25,IE,13.8021115941322
2021-05-25,US,7.44618701442193
2021-05-26,AU,7.7732819427601
2021-05-26,CA,12.1071800341033
2021-05-26,DE,11.4273001206135
2021-05-26,FR,7.85927664620358
2021-05-26,GB,10.7553805272216
2021-05-26,IE,13.7155568096108
2021-05-26,US,7.42513888951236
2021-05-27,AU,7.77852200474887
2021-05-27,CA,12.0897859341195
2021-05-27,DE,11.4188458349765
2021-05-27,FR,7.85714224106532
2021-05-27,GB,10.7409175943509
2021-05-27,IE,13.6211775450884
2021-05-27,US,7.41332963985231
2021-05-28,AU,7.7830747055792
2021-05-28,CA,12.0611983921063
2021-05-28,DE,11.4415794072878
2021-05-28,FR,7.84147475855813
2021-05-28,GB,10.7065681043207
2021-05-28,IE,13.5248303270179
2021-05-28,US,7.39994788907616
2021-05-29,AU,7.78156234712534
2021-05-29,CA,12.0255387974958
2021-05-29,DE,11.465845981662
2021-05-29,FR,7.83501429593901
2021-05-29,GB,10.6729299550952
2021-05-29,IE,13.4069104256479
2021-05-29,US,7.39506420047964
2021-05-30,AU,7.77802814158076
2021-05-30,CA,11.9935177527811
2021-05-30,DE,11.4903753648734
2021-05-30,FR,7.82885153560455
2021-05-30,GB,10.6426799428025
2021-05-30,IE,13.297521523836
2021-05-30,US,7.38540574274101
2021-05-31,AU,7.78256748015002
2021-05-31,CA,11.9692097255206
2021-05-31,DE,11.5047685639736
2021-05-31,FR,7.81817217641773
2021-05-31,GB,10.6239725893938
2021-05-31,IE,13.2002135281317
2021-05-31,US,7.38075098505311
2021-06-01,AU,7.77778338742238
2021-06-01,CA,11.9483407597986
2021-06-01,DE,11.5295179124688
2021-06-01,FR,7.81755417733394
2021-06-01,GB,10.6065402688789
2021-06-01,IE,13.1266177979356
2021-06-01,US,7.37557294133319
2021-06-02,AU,7.7721664793655
2021-06-02,CA,11.9399108921875
2021-06-02,DE,11.5568540649524
2021-06-02,FR,7.80901859355283
2021-06-02,GB,10.587396546286
2021-06-02,IE,13.0707356650882
2021-06-02,US,7.37126683783
2021-06-03,AU,7.76413528932248
2021-06-03,CA,11.9277638960692
2021-06-03,DE,11.5868934511265
2021-06-03,FR,7.78862102263648
2021-06-03,GB,10.5532276414147
2021-06-03,IE,13.0304226308138
2021-06-03,US,7.3601033866238
2021-06-04,AU,7.7660014901835
2021-06-04,CA,11.9092504027196
2021-06-04,DE,11.590202759374
2021-06-04,FR,7.77782098014127
2021-06-04,GB,10.5339741313232
2021-06-04,IE,12.9947083587006
2021-06-04,US,7.35484989935344
2021-06-05,AU,7.75759072848408
2021-06-05,CA,11.8952031741475
2021-06-05,DE,11.6013916725494
2021-06-05,FR,7.76584662251406
2021-06-05,GB,10.5283732246084
2021-06-05,IE,12.9738241804572
2021-06-05,US,7.34752168898916
2021-06-06,AU,7.75624221839291
2021-06-06,CA,11.8846483423037
2021-06-06,DE,11.606316032193
2021-06-06,FR,7.75176322071078
2021-06-06,GB,10.5287818639082
2021-06-06,IE,12.9559657881432
2021-06-06,US,7.34254945045938
2021-06-07,AU,7.74779052981604
2021-06-07,CA,11.8625383314104
2021-06-07,DE,11.6088277252017
2021-06-07,FR,7.73840831675062
2021-06-07,GB,10.5165475163969
2021-06-07,IE,12.9369930977775
2021-06-07,US,7.35759129132043
2021-06-08,AU,7.74364037357013
2021-06-08,CA,11.8456470166151
2021-06-08,DE,11.6017311864683
2021-06-08,FR,7.71411876854548
2021-06-08,GB,10.5053900662775
2021-06-08,IE,12.9000545104108
2021-06-08,US,7.362480934039
2021-06-09,AU,7.75383984406602
2021-06-09,CA,11.8198109132346
2021-06-09,DE,11.5937436770901
2021-06-09,FR,7.71473011822741
2021-06-09,GB,10.5056270109643
2021-06-09,IE,12.854086559341
2021-06-09,US,7.37159357760787
2021-06-10,AU,7.76668544571309
2021-06-10,CA,11.7937223695383
2021-06-10,DE,11.5921253510405
2021-06-10,FR,7.71527985376612
2021-06-10,GB,10.5053182444583
2021-06-10,IE,12.7389377143776
2021-06-10,US,7.37503294504147
2021-06-11,AU,7.77777171344254
2021-06-11,CA,11.7818610191692
2021-06-11,DE,11.586813558531
2021-06-11,FR,7.72255422784635
2021-06-11,GB,10.5197532170005
2021-06-11,IE,12.6348482334614
2021-06-11,US,7.37660129531073
2021-06-12,AU,7.79341126599543
2021-06-12,CA,11.7644746918719
2021-06-12,DE,11.5722807315105
2021-06-12,FR,7.72150531253563
2021-06-12,GB,10.503380321892
2021-06-12,IE,12.5278616901192
2021-06-12,US,7.36818605516488
2021-06-13,AU,7.81477566626004
2021-06-13,CA,11.748403161918
2021-06-13,DE,11.5585323271559
2021-06-13,FR,7.72698190128236
2021-06-13,GB,10.4958453693647
2021-06-13,IE,12.4231845116007
2021-06-13,US,7.36340186836177
2021-06-14,AU,7.82950130591769
2021-06-14,CA,11.7339346177163
2021-06-14,DE,11.5523727553713
2021-06-14,FR,7.74643023757932
2021-06-14,GB,10.4815806338415
2021-06-14,IE,12.3172371998392
2021-06-14,US,7.35944685016806
2021-06-15,AU,7.85447798492096
2021-06-15,CA,11.7046141471942
2021-06-15,DE,11.5506459573237
2021-06-15,FR,7.76772282005624
2021-06-15,GB,10.4723763124475
2021-06-15,IE,12.1990304777913
2021-06-15,US,7.3540580176225
2021-06-16,AU,7.86724026901246
2021-06-16,CA,11.6628051951245
2021-06-16,DE,11.5451261838088
2021-06-16,FR,7.76191457533971
2021-06-16,GB,10.4620576785652
2021-06-16,IE,12.0451950436218
2021-06-16,US,7.35510768164305
2021-06-17,AU,7.88064824144
2021-06-17,CA,11.6313353049154
2021-06-17,DE,11.5377901580569
2021-06-17,FR,7.76734552567528
2021-06-17,GB,10.4537738637331
2021-06-17,IE,11.9785470162182
2021-06-17,US,7.35818574225781
2021-06-18,AU,7.8900242155897
2021-06-18,CA,11.5861736111985
2021-06-18,DE,11.5279271827305
2021-06-18,FR,7.74003571118585
2021-06-18,GB,10.4389533562419
2021-06-18,IE,11.9182898710464
2021-06-18,US,7.34631054264184
2021-06-19,AU,7.89284594621015
2021-06-19,CA,11.5632839611983
2021-06-19,DE,11.5287158743416
2021-06-19,FR,7.71768617239969
2021-06-19,GB,10.445145601267
2021-06-19,IE,11.8609133579564
2021-06-19,US,7.3465833746935
2021-06-20,AU,7.89379026659672
2021-06-20,CA,11.5453021810477
2021-06-20,DE,11.5239364151216
2021-06-20,FR,7.6909326556277
2021-06-20,GB,10.4374005271284
2021-06-20,IE,11.8031407751643
2021-06-20,US,7.34760478655157
2021-06-21,AU,7.90208254314922
2021-06-21,CA,11.5300590121013
2021-06-21,DE,11.5199043196417
2021-06-21,FR,7.64910511190236
2021-06-21,GB,10.4341289886438
2021-06-21,IE,11.7486248545625
2021-06-21,US,7.35201988940116
2021-06-22,AU,7.90805799428527
2021-06-22,CA,11.5103138309153
2021-06-22,DE,11.5117880139557
2021-06-22,FR,7.60752167604264
2021-06-22,GB,10.3936919483703
2021-06-22,IE,11.698592829541
2021-06-22,US,7.35386666299965
2021-06-23,AU,7.91589391298272
2021-06-23,CA,11.4954116657792
2021-06-23,DE,11.5057799541403
2021-06-23,FR,7.57535865963916
2021-06-23,GB,10.3919735243729
2021-06-23,IE,11.7006222703937
2021-06-23,US,7.35909598412871
2021-06-24,AU,7.9039851296485
2021-06-24,CA,11.4885066935916
2021-06-24,DE,11.4941010334395
2021-06-24,FR,7.54097430690684
2021-06-24,GB,10.3923440206381
2021-06-24,IE,11.6674801385625
2021-06-24,US,7.35954236483708
2021-06-25,AU,7.90485411801432
2021-06-25,CA,11.4877187019111
2021-06-25,DE,11.5024446184583
2021-06-25,FR,7.53472896769582
2021-06-25,GB,10.4095981430353
2021-06-25,IE,11.6586346499447
2021-06-25,US,7.3652952785804
2021-06-26,AU,7.90321578998137
2021-06-26,CA,11.4831748650925
2021-06-26,DE,11.5035889631194
2021-06-26,FR,7.52648522531326
2021-06-26,GB,10.3937194779392
2021-06-26,IE,11.6488128953772
2021-06-26,US,7.39946318084183
2021-06-27,AU,7.89993461011626
2021-06-27,CA,11.4705169217346
2021-06-27,DE,11.5047466270468
2021-06-27,FR,7.51882348410689
2021-06-27,GB,10.3790146973013
2021-06-27,IE,11.6327014066358
2021-06-27,US,7.43123382289065
2021-06-28,AU,7.89467355926366
2021-06-28,CA,11.4629573303973
2021-06-28,DE,11.4828652412815
2021-06-28,FR,7.5175657467398
2021-06-28,GB,10.3515787588779
2021-06-28,IE,11.6080131164952
2021-06-28,US,7.44659880357234
2021-06-29,AU,7.89206947708299
2021-06-29,CA,11.4631178705188
2021-06-29,DE,11.4580874077406
2021-06-29,FR,7.51469310638008
2021-06-29,GB,10.3551890838557
2021-06-29,IE,11.5833094914993
2021-06-29,US,7.47218677987462
2021-06-30,AU,7.8840051317212
2021-06-30,CA,11.4786571292822
2021-06-30,DE,11.4425851973652
2021-06-30,FR,7.51457645194294
2021-06-30,GB,10.3407938511343
2021-06-30,IE,11.5626994532565
2021-06-30,US,7.49158569074308
2021-07-01,AU,7.90941930919798
2021-07-01,CA,11.4886159814651
2021-07-01,DE,11.4383481971318
2021-07-01,FR,7.51820614820248
2021-07-01,GB,10.3499007445482
2021-07-01,IE,11.5656574944802
2021-07-01,US,7.51542788062844
2021-07-02,AU,7.93031690482518
2021-07-02,CA,11.5062011178189
2021-07-02,DE,11.4273572052507
2021-07-02,FR,7.52127987057805
2021-07-02,GB,10.3423170163988
2021-07-02,IE,11.5657105855261
2021-07-02,US,7.54180578106717
2021-07-03,AU,7.96766205302747
2021-07-03,CA,11.5104319059777
2021-07-03,DE,11.4110246494516
2021-07-03,FR,7.53313173571856
2021-07-03,GB,10.3740359810938
2021-07-03,IE,11.5691169792851
2021-07-03,US,7.5350853804392
2021-07-04,AU,7.9963122477799
2021-07-04,CA,11.5193370294141
2021-07-04,DE,11.4016335938863
2021-07-04,FR,7.54780478251811
2021-07-04,GB,10.3974847708828
2021-07-04,IE,11.5716623526817
2021-07-04,US,7.52186843046676
2021-07-05,AU,8.03314486499294
2021-07-05,CA,11.5280918403702
2021-07-05,DE,11.4142028415932
2021-07-05,FR,7.558557245348
2021-07-05,GB,10.4254548599868
2021-07-05,IE,11.5750313809935
2021-07-05,US,7.51159045727631
2021-07-06,AU,8.0747947111434
2021-07-06,CA,11.5384064133742
2021-07-06,DE,11.4331389605547
2021-07-06,FR,7.58029037358531
2021-07-06,GB,10.4466324568797
2021-07-06,IE,11.591935735623
2021-07-06,US,7.51043353108299
2021-07-07,AU,8.09729218039235
2021-07-07,CA,11.5333271110574
2021-07-07,DE,11.439729952715
2021-07-07,FR,7.59599121131127
2021-07-07,GB,10.4605006408688
2021-07-07,IE,11.5917578227369
2021-07-07,US,7.5101694970262
2021-07-08,AU,8.12574640343754
2021-07-08,CA,11.5160599520328
2021-07-08,DE,11.4400340832279
2021-07-08,FR,7.60190998964208
2021-07-08,GB,10.4380373531912
2021-07-08,IE,11.5946238750948
2021-07-08,US,7.50079589974912
2021-07-09,AU,8.15443256645447
2021-07-09,CA,11.4897476922779
2021-07-09,DE,11.4416391370506
2021-07-09,FR,7.61194641948309
2021-07-09,GB,10.4246564506634
2021-07-09,IE,11.5787994356929
2021-07-09,US,7.49114903172662
2021-07-10,AU,8.18474539572791
2021-07-10,CA,11.4614676372258
2021-07-10,DE,11.4536058274185
2021-07-10,FR,7.59839911336371
2021-07-10,GB,10.3933004756668
2021-07-10,IE,11.5722002350269
2021-07-10,US,7.47880680832647
2021-07-11,AU,8.21633611859643
2021-07-11,CA,11.4354672539478
2021-07-11,DE,11.4627484555765
2021-07-11,FR,7.60221313549052
2021-07-11,GB,10.3838396324224
2021-07-11,IE,11.5515358199719
2021-07-11,US,7.47931002254753
2021-07-12,AU,8.23980498436975
2021-07-12,CA,11.4019290867469
2021-07-12,DE,11.4917851901275
2021-07-12,FR,7.60121733594204
2021-07-12,GB,10.396800457159
2021-07-12,IE,11.5413647982842
2021-07-12,US,7.47345905767884
2021-07-13,AU,8.257508111203
2021-07-13,CA,11.372045295575
2021-07-13,DE,11.5275275060462
2021-07-13,FR,7.596556963559
2021-07-13,GB,10.4032915945581
2021-07-13,IE,11.5223991610914
2021-07-13,US,7.46553672597943
2021-07-14,AU,8.27736343097188
2021-07-14,CA,11.3436735467473
2021-07-14,DE,11.5648555723307
2021-07-14,FR,7.59170214953073
2021-07-14,GB,10.389149287456
2021-07-14,IE,11.5188761825791
2021-07-14,US,7.45627315919915
2021-07-15,AU,8.28837412055466
2021-07-15,CA,11.3348571332051
2021-07-15,DE,11.6047728007008
2021-07-15,FR,7.58878727760415
2021-07-15,GB,10.3920937734363
2021-07-15,IE,11.5101594133156
2021-07-15,US,7.4558690438786
2021-07-16,AU,8.29810146154328
2021-07-16,CA,11.3263100301975
2021-07-16,DE,11.6369093429544
2021-07-16,FR,7.58661357770845
2021-07-16,GB,10.3859384102106
2021-07-16,IE,11.5110330560512
2021-07-16,US,7.44895957526699
2021-07-17,AU,8.29375069906511
2021-07-17,CA,11.3201154519798
2021-07-17,DE,11.6740342692537
2021-07-17,FR,7.63196654990626
2021-07-17,GB,10.3751047466179
2021-07-17,IE,11.476050310035
2021-07-17,US,7.45016910880083
2021-07-18,AU,8.29664649181716
2021-07-18,CA,11.3092500520491
2021-07-18,DE,11.7141967175145
2021-07-18,FR,7.69336349022233
2021-07-18,GB,10.3612328999212
2021-07-18,IE,11.4676915214137
2021-07-18,US,7.44759066481294
2021-07-19,AU,8.31271847806406
2021-07-19,CA,11.3014075644877
2021-07-19,DE,11.7344199455415
2021-07-19,FR,7.70928279444421
2021-07-19,GB,10.3350399832747
2021-07-19,IE,11.4602283127868
2021-07-19,US,7.4530831471399
2021-07-20,AU,8.32604225041399
2021-07-20,CA,11.2907231423564
2021-07-20,DE,11.7487800976213
2021-07-20,FR,7.71573443009014
2021-07-20,GB,10.3230474171299
2021-07-20,IE,11.4653628650108
2021-07-20,US,7.45780711153371
2021-07-21,AU,8.37116378175541
2021-07-21,CA,11.2746479734127
2021-07-21,DE,11.7629579866021
2021-07-21,FR,7.72461586201848
2021-07-21,GB,10.3158593593073
2021-07-21,IE,11.456752715715
2021-07-21,US,7.46299420469815
2021-07-22,AU,8.40963421275592
2021-07-22,CA,11.2475953615568
2021-07-22,DE,11.7718883715864
2021-07-22,FR,7.73377801119364
2021-07-22,GB,10.3021429252734
2021-07-22,IE,11.4555802330056
2021-07-22,US,7.47027656496174
2021-07-23,AU,8.44464732236475
2021-07-23,CA,11.221829192547
2021-07-23,DE,11.7838631446163
2021-07-23,FR,7.74190755635245
2021-07-23,GB,10.275762694207
2021-07-23,IE,11.4437478349195
2021-07-23,US,7.47820522736978
2021-07-24,AU,8.48790749519387
2021-07-24,CA,11.1932445753717
2021-07-24,DE,11.7872180112404
2021-07-24,FR,7.70333680772708
2021-07-24,GB,10.2612000892054
2021-07-24,IE,11.4345955800072
2021-07-24,US,7.47951518578373
2021-07-25,AU,8.53097700179742
2021-07-25,CA,11.1619560988766
2021-07-25,DE,11.7872193772569
2021-07-25,FR,7.64579961075962
2021-07-25,GB,10.2396246286638
2021-07-25,IE,11.4265199086652
2021-07-25,US,7.4764084754571
2021-07-26,AU,8.54989529985201
2021-07-26,CA,11.1238410060208
2021-07-26,DE,11.7793957952208
2021-07-26,FR,7.64106189588286
2021-07-26,GB,10.2111784462382
2021-07-26,IE,11.4028599339438
2021-07-26,US,7.46810878598055
2021-07-27,AU,8.57427918203432
2021-07-27,CA,11.0954255765627
2021-07-27,DE,11.7737870744756
2021-07-27,FR,7.65061990566192
2021-07-27,GB,10.1756475088015
2021-07-27,IE,11.3484414909226
2021-07-27,US,7.45682164005148
2021-07-28,AU,8.59405573901982
2021-07-28,CA,11.0751740691315
2021-07-28,DE,11.7676766831274
2021-07-28,FR,7.65705101659696
2021-07-28,GB,10.1526160243658
2021-07-28,IE,11.2966052846846
2021-07-28,US,7.44247502056246
2021-07-29,AU,8.62521775575933
2021-07-29,CA,11.0526776699681
2021-07-29,DE,11.7731334510876
2021-07-29,FR,7.664923720756
2021-07-29,GB,10.1393944485912
2021-07-29,IE,11.2578109477704
2021-07-29,US,7.43772292696257
2021-07-30,AU,8.65476400086637
2021-07-30,CA,11.0345699102152
2021-07-30,DE,11.7702011034723
2021-07-30,FR,7.66236055401189
2021-07-30,GB,10.1378814315628
2021-07-30,IE,11.2289735624011
2021-07-30,US,7.44123643720714
2021-07-31,AU,8.68850274253332
2021-07-31,CA,11.0261740790219
2021-07-31,DE,11.7717762278717
2021-07-31,FR,7.65783519664474
2021-07-31,GB,10.1531377552333
2021-07-31,IE,11.2491768627775
2021-07-31,US,7.44286961047739
2021-08-01,AU,8.72426905817324
2021-08-01,CA,11.0233544920521
2021-08-01,DE,11.7808725895095
2021-08-01,FR,7.65463142777525
2021-08-01,GB,10.169620585361
2021-08-01,IE,11.2413399129669
2021-08-01,US,7.44473760974966
2021-08-02,AU,8.76267911298265
2021-08-02,CA,11.0311579642633
2021-08-02,DE,11.8003576380687
2021-08-02,FR,7.65032651155895
2021-08-02,GB,10.195045568946
2021-08-02,IE,11.2474674018363
2021-08-02,US,7.45051042904092
2021-08-03,AU,8.797127057765
2021-08-03,CA,11.0395384819422
2021-08-03,DE,11.8239504643565
2021-08-03,FR,7.63563645895214
2021-08-03,GB,10.2167796431741
2021-08-03,IE,11.2741990757254
2021-08-03,US,7.4600481586155
2021-08-04,AU,8.8320540313933
2021-08-04,CA,11.0401484669924
2021-08-04,DE,11.8389096308455
2021-08-04,FR,7.63491853074909
2021-08-04,GB,10.2220850515718
2021-08-04,IE,11.3065204072599
2021-08-04,US,7.48003949099529
2021-08-05,AU,8.85915626208206
2021-08-05,CA,11.0467492096548
2021-08-05,DE,11.8416160484408
2021-08-05,FR,7.63940661752393
2021-08-05,GB,10.2229924786372
2021-08-05,IE,11.3254622086683
2021-08-05,US,7.48789790522042
2021-08-06,AU,8.89526368948966
2021-08-06,CA,11.03652424281
2021-08-06,DE,11.844221843055
2021-08-06,FR,7.64793356151284
2021-08-06,GB,10.2272853438343
2021-08-06,IE,11.3522516624525
2021-08-06,US,7.49513422547974
2021-08-07,AU,8.92618750237746
2021-08-07,CA,11.0239106679588
2021-08-07,DE,11.8463486211328
2021-08-07,FR,7.66138826302901
2021-08-07,GB,10.2091087429363
2021-08-07,IE,11.3414124948002
2021-08-07,US,7.49306893868714
2021-08-08,AU,8.95359706968502
2021-08-08,CA,11.01697794906
2021-08-08,DE,11.841216647996
2021-08-08,FR,7.67177936490016
2021-08-08,GB,10.1964557291044
2021-08-08,IE,11.3548631992231
2021-08-08,US,7.5094887750798
2021-08-09,AU,8.98697578952244
2021-08-09,CA,11.0071507506432
2021-08-09,DE,11.8338796200647
2021-08-09,FR,7.69573983577259
2021-08-09,GB,10.1808728001619
2021-08-09,IE,11.364787768354
2021-08-09,US,7.52826575741728
2021-08-10,AU,9.03870765584749
2021-08-10,CA,10.9757905531922
2021-08-10,DE,11.8228705316322
2021-08-10,FR,7.70325096030873
2021-08-10,GB,10.1762299449761
2021-08-10,IE,11.3617661510523
2021-08-10,US,7.54950894372826
2021-08-11,AU,9.07595120993794
2021-08-11,CA,10.9504803639899
2021-08-11,DE,11.8202173113582
2021-08-11,FR,7.6937584706657
2021-08-11,GB,10.1721899855145
2021-08-11,IE,11.3505365744914
2021-08-11,US,7.55360478887495
2021-08-12,AU,9.11297440658768
2021-08-12,CA,10.9253238403437
2021-08-12,DE,11.794266464489
2021-08-12,FR,7.67333146168284
2021-08-12,GB,10.1607732831253
2021-08-12,IE,11.3222661000836
2021-08-12,US,7.56239387741653
2021-08-13,AU,9.15829907325983
2021-08-13,CA,10.9111481119678
2021-08-13,DE,11.7755727067249
2021-08-13,FR,7.65293198110256
2021-08-13,GB,10.1411293587179
2021-08-13,IE,11.2858021176707
2021-08-13,US,7.57574939280817
2021-08-14,AU,9.21495192476652
2021-08-14,CA,10.9011399434674
2021-08-14,DE,11.7570501027987
2021-08-14,FR,7.62498594337298
2021-08-14,GB,10.1288093600998
2021-08-14,IE,11.2325648310681
2021-08-14,US,7.60712209394395
2021-08-15,AU,9.26267217128154
2021-08-15,CA,10.8809599914654
2021-08-15,DE,11.7424079013644
2021-08-15,FR,7.60240877592189
2021-08-15,GB,10.1027174529102
2021-08-15,IE,11.1780552955896
2021-08-15,US,7.6209629864545
2021-08-16,AU,9.32470555040558
2021-08-16,CA,10.8661750215003
2021-08-16,DE,11.7238604638122
2021-08-16,FR,7.56924260280545
2021-08-16,GB,10.0808404232877
2021-08-16,IE,11.1203351611222
2021-08-16,US,7.6302770967571
2021-08-17,AU,9.36868702439242
2021-08-17,CA,10.8585059323362
2021-08-17,DE,11.6802123926278
2021-08-17,FR,7.5489351708716
2021-08-17,GB,10.0703037396184
2021-08-17,IE,11.0656707033637
2021-08-17,US,7.63869511464824
2021-08-18,AU,9.41594548239645
2021-08-18,CA,10.8544605414746
2021-08-18,DE,11.6182908914267
2021-08-18,FR,7.53753277974881
2021-08-18,GB,10.0503957202026
2021-08-18,IE,11.0226796080026
2021-08-18,US,7.64366061768313
2021-08-19,AU,9.46841014815102
2021-08-19,CA,10.8600121351545
2021-08-19,DE,11.5859712476298
2021-08-19,FR,7.53262779161384
2021-08-19,GB,10.0427331789436
2021-08-19,IE,11.0002477611912
2021-08-19,US,7.65564856525803
2021-08-20,AU,9.50783933914239
2021-08-20,CA,10.864767712003
2021-08-20,DE,11.557442555702
2021-08-20,FR,7.53453908902359
2021-08-20,GB,10.0480424528638
2021-08-20,IE,10.9743845092747
2021-08-20,US,7.66836199967455
2021-08-21,AU,9.54306517236506
2021-08-21,CA,10.8679003622412
2021-08-21,DE,11.5250927928472
2021-08-21,FR,7.54104256247287
2021-08-21,GB,10.0399971059211
2021-08-21,IE,10.9547089835843
2021-08-21,US,7.66424561505712
2021-08-22,AU,9.58190087347024
2021-08-22,CA,10.8702910284503
2021-08-22,DE,11.4924734388036
2021-08-22,FR,7.53848563184605
2021-08-22,GB,10.0343831675963
2021-08-22,IE,10.942903937487
2021-08-22,US,7.6607218938735
2021-08-23,AU,9.61781429383963
2021-08-23,CA,10.8740937201144
2021-08-23,DE,11.4583689537595
2021-08-23,FR,7.53170076420834
2021-08-23,GB,10.0317368546961
2021-08-23,IE,10.9432284515517
2021-08-23,US,7.66449030151734
2021-08-24,AU,9.65633815857025
2021-08-24,CA,10.8791482961188
2021-08-24,DE,11.4498836691245
2021-08-24,FR,7.53015105935123
2021-08-24,GB,10.0210741179996
2021-08-24,IE,10.9316453860369
2021-08-24,US,7.66881556226581
2021-08-25,AU,9.70001594522846
2021-08-25,CA,10.8880441703856
2021-08-25,DE,11.460951873048
2021-08-25,FR,7.52309935480783
2021-08-25,GB,10.0341498993049
2021-08-25,IE,10.9451022575545
2021-08-25,US,7.6824348648992
2021-08-26,AU,9.74249405591575
2021-08-26,CA,10.8842694108634
2021-08-26,DE,11.4667145398883
2021-08-26,FR,7.51811108030981
2021-08-26,GB,10.0258884859963
2021-08-26,IE,10.9328563616485
2021-08-26,US,7.6894118585551
2021-08-27,AU,9.78439165920447
2021-08-27,CA,10.9199600400831
2021-08-27,DE,11.4670488286755
2021-08-27,FR,7.5013937132861
2021-08-27,GB,10.0136461707589
2021-08-27,IE,10.9478403914106
2021-08-27,US,7.69338590889471
2021-08-28,AU,9.8115435211352
2021-08-28,CA,10.940491828392
2021-08-28,DE,11.4729669309946
2021-08-28,FR,7.48497321682184
2021-08-28,GB,10.028465567221
2021-08-28,IE,10.9669926521215
2021-08-28,US,7.70439110776699
2021-08-29,AU,9.83804321817489
2021-08-29,CA,10.9612193070754
2021-08-29,DE,11.4739366005837
2021-08-29,FR,7.4722975860246
2021-08-29,GB,10.0330701078311
2021-08-29,IE,10.9837857652853
2021-08-29,US,7.71267239487969
2021-08-30,AU,9.85790123400885
2021-08-30,CA,10.9791177756702
2021-08-30,DE,11.4856229021379
2021-08-30,FR,7.46364657733387
2021-08-30,GB,10.0400164372717
2021-08-30,IE,10.9938966708747
2021-08-30,US,7.71687633902087
2021-08-31,AU,9.86631745548512
2021-08-31,CA,11.0044194847586
2021-08-31,DE,11.490382146778
2021-08-31,FR,7.4536703839697
2021-08-31,GB,10.0414711728749
2021-08-31,IE,11.0266986907439
2021-08-31,US,7.71828320849824
2021-09-01,AU,9.86893617422177
2021-09-01,CA,11.0278300911317
2021-09-01,DE,11.4957672389322
2021-09-01,FR,7.44661023981777
2021-09-01,GB,10.0368511384442
2021-09-01,IE,11.0466982271462
2021-09-01,US,7.72331376315989
2021-09-02,AU,9.876801190763
2021-09-02,CA,11.0643990616815
2021-09-02,DE,11.5021118345871
2021-09-02,FR,7.43592329814595
2021-09-02,GB,10.0514679807314
2021-09-02,IE,11.085417908225
2021-09-02,US,7.73087333817535
2021-09-03,AU,9.8921799089285
2021-09-03,CA,11.0832783649037
2021-09-03,DE,11.5085512240814
2021-09-03,FR,7.43082780941032
2021-09-03,GB,10.0639515129996
2021-09-03,IE,11.1018494912423
2021-09-03,US,7.74204513693849
2021-09-04,AU,9.92262615870417
2021-09-04,CA,11.1089782786726
2021-09-04,DE,11.5133912315067
2021-09-04,FR,7.41585170398161
2021-09-04,GB,10.0500223326266
2021-09-04,IE,11.1267969880909
2021-09-04,US,7.74721906024752
2021-09-05,AU,9.95113698022076
2021-09-05,CA,11.1531551287776
2021-09-05,DE,11.5239595500214
2021-09-05,FR,7.41010804880479
2021-09-05,GB,10.0552206941351
2021-09-05,IE,11.1582219311154
2021-09-05,US,7.76430480949467
2021-09-06,AU,9.98149740741628
2021-09-06,CA,11.1927604425529
2021-09-06,DE,11.5277051571189
2021-09-06,FR,7.4042020920915
2021-09-06,GB,10.0436486157302
2021-09-06,IE,11.1797575535406
2021-09-06,US,7.77816903811695
2021-09-07,AU,10.0066896981324
2021-09-07,CA,11.2244845008919
2021-09-07,DE,11.5360645889031
2021-09-07,FR,7.39431073953979
2021-09-07,GB,10.0272784884641
2021-09-07,IE,11.1831298924445
2021-09-07,US,7.79818150528135
2021-09-08,AU,10.0353285138379
2021-09-08,CA,11.2560617531751
2021-09-08,DE,11.5503360292717
2021-09-08,FR,7.38483418885263
2021-09-08,GB,10.0131328902032
2021-09-08,IE,11.1715744195693
2021-09-08,US,7.81109261670986
2021-09-09,AU,10.0400531726588
2021-09-09,CA,11.281924015739
2021-09-09,DE,11.5661587637091
2021-09-09,FR,7.38236769563903
2021-09-09,GB,9.98536113514927
2021-09-09,IE,11.1465693422572
2021-09-09,US,7.81360018867509
2021-09-10,AU,10.0319483118066
2021-09-10,CA,11.2900253187136
2021-09-10,DE,11.5867306454506
2021-09-10,FR,7.38127685301013
2021-09-10,GB,9.9427466590613
2021-09-10,IE,11.1183916600345
2021-09-10,US,7.81846297975237
2021-09-11,AU,10.0236622676369
2021-09-11,CA,11.29813760838
2021-09-11,DE,11.6079848788238
2021-09-11,FR,7.39221746451793
2021-09-11,GB,9.91559798302469
2021-09-11,IE,11.08520308235
2021-09-11,US,7.83422105329105
2021-09-12,AU,10.0196324036075
2021-09-12,CA,11.2968259226014
2021-09-12,DE,11.6233144207212
2021-09-12,FR,7.40065848890785
2021-09-12,GB,9.88266128715975
2021-09-12,IE,11.0480368093454
2021-09-12,US,7.84538920178879
2021-09-13,AU,10.0151055633055
2021-09-13,CA,11.293368494977
2021-09-13,DE,11.6176678781413
2021-09-13,FR,7.40928480146805
2021-09-13,GB,9.85745989990151
2021-09-13,IE,11.0198663082205
2021-09-13,US,7.86238332626379
2021-09-14,AU,10.0155104845344
2021-09-14,CA,11.3102704642741
2021-09-14,DE,11.6151221852648
2021-09-14,FR,7.42457203338938
2021-09-14,GB,9.83621175705691
2021-09-14,IE,11.0228072111326
2021-09-14,US,7.86858267113471
2021-09-15,AU,10.0127433356513
2021-09-15,CA,11.3268190609577
2021-09-15,DE,11.6072166658476
2021-09-15,FR,7.43549475793517
2021-09-15,GB,9.8127285250615
2021-09-15,IE,11.0262152655638
2021-09-15,US,7.88004474485455
2021-09-16,AU,10.0151784175384
2021-09-16,CA,11.3467367970885
2021-09-16,DE,11.5960159017067
2021-09-16,FR,7.43942361797842
2021-09-16,GB,9.79541398656179
2021-09-16,IE,11.0327742423188
2021-09-16,US,7.89950775469994
2021-09-17,AU,10.0160107259306
2021-09-17,CA,11.3748244694355
2021-09-17,DE,11.5802400176951
2021-09-17,FR,7.44714683718984
2021-09-17,GB,9.78340328041383
2021-09-17,IE,11.0295016816931
2021-09-17,US,7.91499471959942
2021-09-18,AU,10.0149295907856
2021-09-18,CA,11.4087571773963
2021-09-18,DE,11.5660562689177
2021-09-18,FR,7.45285863763697
2021-09-18,GB,9.76564243908087
2021-09-18,IE,11.020164287061
2021-09-18,US,7.92891001266529
2021-09-19,AU,10.0148848366672
2021-09-19,CA,11.445163944758
2021-09-19,DE,11.5521365038496
2021-09-19,FR,7.46054800709972
2021-09-19,GB,9.74666584981957
2021-09-19,IE,11.0119700778796
2021-09-19,US,7.93781125734112
2021-09-20,AU,10.0184362446562
2021-09-20,CA,11.4903030581745
2021-09-20,DE,11.5592834141906
2021-09-20,FR,7.46865338871051
2021-09-20,GB,9.72895371380028
2021-09-20,IE,11.0053760081601
2021-09-20,US,7.9459974471409
2021-09-21,AU,10.0329422887421
2021-09-21,CA,11.5246390955734
2021-09-21,DE,11.561622752617
2021-09-21,FR,7.47166559870186
2021-09-21,GB,9.70862943376268
2021-09-21,IE,10.982472975792
2021-09-21,US,7.96008692214866
2021-09-22,AU,10.0341795957808
2021-09-22,CA,11.5572138188199
2021-09-22,DE,11.5574932637437
2021-09-22,FR,7.47737775541013
2021-09-22,GB,9.69800915708749
2021-09-22,IE,10.9712634400836
2021-09-22,US,7.97601012704042
2021-09-23,AU,10.0418922579223
2021-09-23,CA,11.5800134752082
2021-09-23,DE,11.5523289991928
2021-09-23,FR,7.48133806333491
2021-09-23,GB,9.67851984248576
2021-09-23,IE,10.9672616914522
2021-09-23,US,7.99560577924001
2021-09-24,AU,10.0459823051695
2021-09-24,CA,11.6057176826453
2021-09-24,DE,11.5521127177738
2021-09-24,FR,7.48730209255612
2021-09-24,GB,9.66832943043195
2021-09-24,IE,10.9598339906238
2021-09-24,US,8.01144464980805
2021-09-25,AU,10.0573918330232
2021-09-25,CA,11.6305570026187
2021-09-25,DE,11.5477168316555
2021-09-25,FR,7.49513071537727
2021-09-25,GB,9.66623581514093
2021-09-25,IE,11.0058655949714
2021-09-25,US,8.03221668398561
2021-09-26,AU,10.0582926802118
2021-09-26,CA,11.6583247432135
2021-09-26,DE,11.5489408783715
2021-09-26,FR,7.49223495976568
2021-09-26,GB,9.66798590025575
2021-09-26,IE,11.0089878458227
2021-09-26,US,8.05378834499022
2021-09-27,AU,10.0555667731605
2021-09-27,CA,11.6785533389101
2021-09-27,DE,11.5484698494259
2021-09-27,FR,7.49055721530664
2021-09-27,GB,9.66144098761197
2021-09-27,IE,11.0125335839882
2021-09-27,US,8.07868821540164
2021-09-28,AU,10.0348636336591
2021-09-28,CA,11.7001783266136
2021-09-28,DE,11.5477855110553
2021-09-28,FR,7.488572791206
2021-09-28,GB,9.66836782285447
2021-09-28,IE,11.0320263743216
2021-09-28,US,8.09936712433513
2021-09-29,AU,10.017017814048
2021-09-29,CA,11.7292264428845
2021-09-29,DE,11.5514789061207
2021-09-29,FR,7.4882613236196
2021-09-29,GB,9.66893804320689
2021-09-29,IE,11.0489814913787
2021-09-29,US,8.12375315557857
2021-09-30,AU,9.99186088640075
2021-09-30,CA,11.7714637270175
2021-09-30,DE,11.5563210470025
2021-09-30,FR,7.51531589172066
2021-09-30,GB,9.68388837291065
2021-09-30,IE,11.050175142151
2021-09-30,US,8.13762684916532
2021-10-01,AU,9.97303765661176
2021-10-01,CA,11.8103861485138
2021-10-01,DE,11.5660925030745
2021-10-01,FR,7.52456480341005
2021-10-01,GB,9.73806485484023
2021-10-01,IE,11.142169894975
2021-10-01,US,8.1556395046283
2021-10-02,AU,9.93632671631818
2021-10-02,CA,11.8571991793707
2021-10-02,DE,11.5821416432988
2021-10-02,FR,7.53640838693205
2021-10-02,GB,9.79835974266457
2021-10-02,IE,11.2108760968995
2021-10-02,US,8.18296189787029
2021-10-03,AU,9.89824742012421
2021-10-03,CA,11.9071028008407
2021-10-03,DE,11.5973005395227
2021-10-03,FR,7.54613034278498
2021-10-03,GB,9.85061963099509
2021-10-03,IE,11.304980391801
2021-10-03,US,8.20940136280611
2021-10-04,AU,9.84813747761321
2021-10-04,CA,11.963493898491
2021-10-04,DE,11.6143730582882
2021-10-04,FR,7.55704676532617
2021-10-04,GB,9.91232096117726
2021-10-04,IE,11.3992011928467
2021-10-04,US,8.22858020906446
2021-10-05,AU,9.81646426429651
2021-10-05,CA,12.0076309939711
2021-10-05,DE,11.6277444960226
2021-10-05,FR,7.56761187487079
2021-10-05,GB,9.96048702020708
2021-10-05,IE,11.4841396357726
2021-10-05,US,8.24073528475836
2021-10-06,AU,9.79500119423851
2021-10-06,CA,12.050148891757
2021-10-06,DE,11.6414366358062
2021-10-06,FR,7.57104282067852
2021-10-06,GB,10.0021108231495
2021-10-06,IE,11.534035723835
2021-10-06,US,8.25045677921925
2021-10-07,AU,9.77433339819561
2021-10-07,CA,12.0832475668259
2021-10-07,DE,11.6563484565604
2021-10-07,FR,7.54595776948675
2021-10-07,GB,10.0454160328953
2021-10-07,IE,11.6333568356399
2021-10-07,US,8.27293972086536
2021-10-08,AU,9.74966909270925
2021-10-08,CA,12.108881349812
2021-10-08,DE,11.6812134972275
2021-10-08,FR,7.53574713300217
2021-10-08,GB,10.05303881724
2021-10-08,IE,11.6729722207609
2021-10-08,US,8.2928529086881
2021-10-09,AU,9.72775478368712
2021-10-09,CA,12.1280488443185
2021-10-09,DE,11.7027992479228
2021-10-09,FR,7.52568379915842
2021-10-09,GB,10.0551691106638
2021-10-09,IE,11.7220036042757
2021-10-09,US,8.30138766053786
2021-10-10,AU,9.71062361023068
2021-10-10,CA,12.1396378118883
2021-10-10,DE,11.7246815560799
2021-10-10,FR,7.52071033090492
2021-10-10,GB,10.0546444218254
2021-10-10,IE,11.7517966264399
2021-10-10,US,8.31382168820857
2021-10-11,AU,9.69261744615399
2021-10-11,CA,12.1447135734211
2021-10-11,DE,11.7446838119632
2021-10-11,FR,7.51662847617226
2021-10-11,GB,10.0572620183853
2021-10-11,IE,11.7938650957935
2021-10-11,US,8.32379041617602
2021-10-12,AU,9.66643360249208
2021-10-12,CA,12.1686873994317
2021-10-12,DE,11.766020614953
2021-10-12,FR,7.49410902671728
2021-10-12,GB,10.0600306996273
2021-10-12,IE,11.8217089187443
2021-10-12,US,8.35234878144978
2021-10-13,AU,9.63383356670516
2021-10-13,CA,12.1878736852394
2021-10-13,DE,11.7911298362809
2021-10-13,FR,7.47281230723799
2021-10-13,GB,10.0672797877465
2021-10-13,IE,11.8641858200724
2021-10-13,US,8.3730931129063
2021-10-14,AU,9.60241214133406
2021-10-14,CA,12.2094160086165
2021-10-14,DE,11.8158961467217
2021-10-14,FR,7.45482009608875
2021-10-14,GB,10.0703838478692
2021-10-14,IE,11.8763446985625
2021-10-14,US,8.38993015463668
2021-10-15,AU,9.59370861824451
2021-10-15,CA,12.2287358394453
2021-10-15,DE,11.8260597101736
2021-10-15,FR,7.43394086621385
2021-10-15,GB,10.073954194123
2021-10-15,IE,11.8837225015103
2021-10-15,US,8.41092190497825
2021-10-16,AU,9.58621059319493
2021-10-16,CA,12.2414544825036
2021-10-16,DE,11.837366203042
2021-10-16,FR,7.40551926735484
2021-10-16,GB,10.0688599539992
2021-10-16,IE,11.8830530436756
2021-10-16,US,8.43643767959163
2021-10-17,AU,9.58317666978215
2021-10-17,CA,12.2504738059814
2021-10-17,DE,11.849010482177
2021-10-17,FR,7.38986910699881
2021-10-17,GB,10.0757612959714
2021-10-17,IE,11.8874101846255
2021-10-17,US,8.45987935271593
2021-10-18,AU,9.59260285577222
2021-10-18,CA,12.2668808625964
2021-10-18,DE,11.8640025583376
2021-10-18,FR,7.36597790601207
2021-10-18,GB,10.078142276177
2021-10-18,IE,11.8861846514146
2021-10-18,US,8.48741847057086
2021-10-19,AU,9.5950893416913
2021-10-19,CA,12.2693382279182
2021-10-19,DE,11.88244569957
2021-10-19,FR,7.36380052533866
2021-10-19,GB,10.0855409682696
2021-10-19,IE,11.8746409583996
2021-10-19,US,8.49879016718207
2021-10-20,AU,9.60964394621793
2021-10-20,CA,12.2804349197593
2021-10-20,DE,11.8960139459357
2021-10-20,FR,7.36849393965836
2021-10-20,GB,10.092364331179
2021-10-20,IE,11.8900507851538
2021-10-20,US,8.51945725817074
2021-10-21,AU,9.62465986462638
2021-10-21,CA,12.2882688240711
2021-10-21,DE,11.9105745651615
2021-10-21,FR,7.37313112262616
2021-10-21,GB,10.0951563928043
2021-10-21,IE,11.894174337014
2021-10-21,US,8.53137553475784
2021-10-22,AU,9.62276504922892
2021-10-22,CA,12.3041695806094
2021-10-22,DE,11.9166455636604
2021-10-22,FR,7.389070128494
2021-10-22,GB,10.0977454781069
2021-10-22,IE,11.8724674109946
2021-10-22,US,8.5378329484264
2021-10-23,AU,9.61493809588843
2021-10-23,CA,12.3337278169372
2021-10-23,DE,11.9238846288707
2021-10-23,FR,7.42984988941039
2021-10-23,GB,10.1068657110908
2021-10-23,IE,11.8587309924694
2021-10-23,US,8.54445324058948
2021-10-24,AU,9.60712012090008
2021-10-24,CA,12.3662034482794
2021-10-24,DE,11.9302412167755
2021-10-24,FR,7.4645769080803
2021-10-24,GB,10.1068785428642
2021-10-24,IE,11.8425050102573
2021-10-24,US,8.5486207062562
2021-10-25,AU,9.59386214993053
2021-10-25,CA,12.3941075736859
2021-10-25,DE,11.9375625535134
2021-10-25,FR,7.49821151195458
2021-10-25,GB,10.1101117631094
2021-10-25,IE,11.8118036502057
2021-10-25,US,8.55245774435738
2021-10-26,AU,9.58230545341599
2021-10-26,CA,12.4296806063411
2021-10-26,DE,11.9427630841797
2021-10-26,FR,7.52338747339716
2021-10-26,GB,10.1178335666656
2021-10-26,IE,11.8125837636111
2021-10-26,US,8.56060146570168
2021-10-27,AU,9.55101676575672
2021-10-27,CA,12.4543920543303
2021-10-27,DE,11.949037396492
2021-10-27,FR,7.55549900016204
2021-10-27,GB,10.1236852339768
2021-10-27,IE,11.8148958541852
2021-10-27,US,8.56041917372822
2021-10-28,AU,9.52587929443223
2021-10-28,CA,12.475560317457
2021-10-28,DE,11.9582744390898
2021-10-28,FR,7.58280334128335
2021-10-28,GB,10.1329852572976
2021-10-28,IE,11.8159755666016
2021-10-28,US,8.56720346721902
2021-10-29,AU,9.50243028200812
2021-10-29,CA,12.4798232335724
2021-10-29,DE,11.9776226829032
2021-10-29,FR,7.60842294668933
2021-10-29,GB,10.1397011279226
2021-10-29,IE,11.827740347697
2021-10-29,US,8.57154146949346
2021-10-30,AU,9.48642662012268
2021-10-30,CA,12.4935767306684
2021-10-30,DE,11.9910101123669
2021-10-30,FR,7.59831933212141
2021-10-30,GB,10.1596840855454
2021-10-30,IE,11.8401212173968
2021-10-30,US,8.5749450786571
2021-10-31,AU,9.46973383839797
2021-10-31,CA,12.5200621611692
2021-10-31,DE,11.9983849253485
2021-10-31,FR,7.59310196455704
2021-10-31,GB,10.1837909590847
2021-10-31,IE,11.8474293548812
2021-10-31,US,8.58203513451802
2021-11-01,AU,9.47275055481314
2021-11-01,CA,12.545564040321
2021-11-01,DE,12.0190542183474
2021-11-01,FR,7.59413796766286
2021-11-01,GB,10.2177626657243
2021-11-01,IE,11.8748834867501
2021-11-01,US,8.56480582687851
2021-11-02,AU,9.4768021195919
2021-11-02,CA,12.57431925214
2021-11-02,DE,12.0514949036415
2021-11-02,FR,7.59997285031932
2021-11-02,GB,10.2505399543405
2021-11-02,IE,11.9010811613883
2021-11-02,US,8.57446489655526
2021-11-03,AU,9.50124891438902
2021-11-03,CA,12.596207514476
2021-11-03,DE,12.0896529684342
2021-11-03,FR,7.6086906439788
2021-11-03,GB,10.2826116391689
2021-11-03,IE,11.9232205836441
2021-11-03,US,8.59329781296567
2021-11-04,AU,9.5175152807897
2021-11-04,CA,12.6224014258643
2021-11-04,DE,12.1001370384164
2021-11-04,FR,7.62446986555227
2021-11-04,GB,10.3156782394595
2021-11-04,IE,11.9525675218839
2021-11-04,US,8.61207416147653
2021-11-05,AU,9.54264282202429
2021-11-05,CA,12.669223201694
2021-11-05,DE,12.107981263307
2021-11-05,FR,7.6422291540753
2021-11-05,GB,10.3513359350499
2021-11-05,IE,12.0003518386958
2021-11-05,US,8.63080165959266
2021-11-06,AU,9.55790236398703
2021-11-06,CA,12.7088692940125
2021-11-06,DE,12.1161993686236
2021-11-06,FR,7.67349870165673
2021-11-06,GB,10.3803951399291
2021-11-06,IE,12.0585760890007
2021-11-06,US,8.65134828038078
2021-11-07,AU,9.56880242508462
2021-11-07,CA,12.7359255743447
2021-11-07,DE,12.1296312893235
2021-11-07,FR,7.69863490068467
2021-11-07,GB,10.4065701004114
2021-11-07,IE,12.1197088507429
2021-11-07,US,8.67950297858071
2021-11-08,AU,9.57846533681886
2021-11-08,CA,12.7752829822704
2021-11-08,DE,12.1129294101829
2021-11-08,FR,7.72482117891347
2021-11-08,GB,10.432480277341
2021-11-08,IE,12.1770656250677
2021-11-08,US,8.72881822930091
2021-11-09,AU,9.57655437701203
2021-11-09,CA,12.8049543280432
2021-11-09,DE,12.0784715076971
2021-11-09,FR,7.75286727112416
2021-11-09,GB,10.4538656392342
2021-11-09,IE,12.211195714328
2021-11-09,US,8.75444015032214
2021-11-10,AU,9.57112801996991
2021-11-10,CA,12.8464895993118
2021-11-10,DE,12.0380681129444
2021-11-10,FR,7.76602228541094
2021-11-10,GB,10.4776633185435
2021-11-10,IE,12.2315041320701
2021-11-10,US,8.77710743500792
2021-11-11,AU,9.57893572742705
2021-11-11,CA,12.8847916271236
2021-11-11,DE,12.0220522481524
2021-11-11,FR,7.80475254549165
2021-11-11,GB,10.4999458005733
2021-11-11,IE,12.2585177039592
2021-11-11,US,8.85484667283928
2021-11-12,AU,9.56258881031922
2021-11-12,CA,12.9050982224929
2021-11-12,DE,11.9932525966394
2021-11-12,FR,7.83963564520872
2021-11-12,GB,10.5075949141369
2021-11-12,IE,12.2324270500482
2021-11-12,US,8.9244603850457
2021-11-13,AU,9.55849797732267
2021-11-13,CA,12.931526164143
2021-11-13,DE,11.9672171162667
2021-11-13,FR,7.86843971665746
2021-11-13,GB,10.5281998427905
2021-11-13,IE,12.2390402041953
2021-11-13,US,9.00607718369652
2021-11-14,AU,9.56089129996268
2021-11-14,CA,12.9529796075345
2021-11-14,DE,11.9459992403178
2021-11-14,FR,7.90426079627491
2021-11-14,GB,10.5548423401374
2021-11-14,IE,12.2651663866111
2021-11-14,US,9.07440857889715
2021-11-15,AU,9.55431315323107
2021-11-15,CA,12.9609283473519
2021-11-15,DE,11.9254720461509
2021-11-15,FR,7.93340913813604
2021-11-15,GB,10.5598194823023
2021-11-15,IE,12.2605155324733
2021-11-15,US,9.14128857747543
2021-11-16,AU,9.55951546238778
2021-11-16,CA,12.9726985505222
2021-11-16,DE,11.9182564733465
2021-11-16,FR,7.95874958087534
2021-11-16,GB,10.5749053340709
2021-11-16,IE,12.2624455320641
2021-11-16,US,9.20721785895094
2021-11-17,AU,9.56539372000589
2021-11-17,CA,12.9827108619068
2021-11-17,DE,11.9120472000109
2021-11-17,FR,7.96646531848661
2021-11-17,GB,10.5835648836335
2021-11-17,IE,12.2683930607548
2021-11-17,US,9.27513188055029
2021-11-18,AU,9.56846286575254
2021-11-18,CA,12.9971987724265
2021-11-18,DE,11.9123075942804
2021-11-18,FR,7.94726807479095
2021-11-18,GB,10.5952273598562
2021-11-18,IE,12.2881931531616
2021-11-18,US,9.28768041663009
2021-11-19,AU,9.57869178917891
2021-11-19,CA,13.0618249203581
2021-11-19,DE,11.9180046032353
2021-11-19,FR,7.92467075936902
2021-11-19,GB,10.6132272106944
2021-11-19,IE,12.348002529419
2021-11-19,US,9.30186607176176
2021-11-20,AU,9.59251021312148
2021-11-20,CA,13.1194579450757
2021-11-20,DE,11.9255567130664
2021-11-20,FR,7.91185706792927
2021-11-20,GB,10.6181022934887
2021-11-20,IE,12.3614945653907
2021-11-20,US,9.29726284589694
2021-11-21,AU,9.6035474709404
2021-11-21,CA,13.1793687108649
2021-11-21,DE,11.939034551734
2021-11-21,FR,7.89011504611762
2021-11-21,GB,10.6165152470354
2021-11-21,IE,12.363416005124
2021-11-21,US,9.30465728886785
2021-11-22,AU,9.61560793763596
2021-11-22,CA,13.2348447724638
2021-11-22,DE,11.9669456100676
2021-11-22,FR,7.86731294787743
2021-11-22,GB,10.6339895744472
2021-11-22,IE,12.3981958108771
2021-11-22,US,9.31487705882256
2021-11-23,AU,9.63431319291538
2021-11-23,CA,13.2801003627965
2021-11-23,DE,11.9897951199108
2021-11-23,FR,7.86191701455691
2021-11-23,GB,10.6416248875211
2021-11-23,IE,12.4357942351717
2021-11-23,US,9.33068911396681
2021-11-24,AU,9.66182616633384
2021-11-24,CA,13.3266154074534
2021-11-24,DE,12.0212719719472
2021-11-24,FR,7.87555798743184
2021-11-24,GB,10.6661189135723
2021-11-24,IE,12.5095789187982
2021-11-24,US,9.3545669363566
2021-11-25,AU,9.68917845248883
2021-11-25,CA,13.3766004989685
2021-11-25,DE,12.0446124679416
2021-11-25,FR,7.87268869701705
2021-11-25,GB,10.6900976931996
2021-11-25,IE,12.5478994687501
2021-11-25,US,9.37966998290912
2021-11-26,AU,9.72922683973222
2021-11-26,CA,13.3895454308753
2021-11-26,DE,12.0784022780713
2021-11-26,FR,7.88360129639736
2021-11-26,GB,10.7182179909759
2021-11-26,IE,12.5925050874344
2021-11-26,US,9.40933700766272
2021-11-27,AU,9.76425407563103
2021-11-27,CA,13.3960269619837
2021-11-27,DE,12.1385605895068
2021-11-27,FR,7.89131721079076
2021-11-27,GB,10.7452609131199
2021-11-27,IE,12.6424904499058
2021-11-27,US,9.43514678634111
2021-11-28,AU,9.8017337835819
2021-11-28,CA,13.4221647139397
2021-11-28,DE,12.1862038948592
2021-11-28,FR,7.90393227003213
2021-11-28,GB,10.7751277887431
2021-11-28,IE,12.6874881975313
2021-11-28,US,9.45129130191152
2021-11-29,AU,9.83977665241313
2021-11-29,CA,13.4523608217102
2021-11-29,DE,12.2340170448272
2021-11-29,FR,7.91564322419269
2021-11-29,GB,10.7976067312283
2021-11-29,IE,12.721495752945
2021-11-29,US,9.47213750470958
2021-11-30,AU,9.86501229451227
2021-11-30,CA,13.4995512983099
2021-11-30,DE,12.2857092000273
2021-11-30,FR,7.91824183229689
2021-11-30,GB,10.8281189249795
2021-11-30,IE,12.7797354651122
2021-11-30,US,9.48560813775642
2021-12-01,AU,9.87924734501443
2021-12-01,CA,13.5628874675905
2021-12-01,DE,12.3488575587794
2021-12-01,FR,7.93126073663111
2021-12-01,GB,10.8689608502845
2021-12-01,IE,12.7891319955108
2021-12-01,US,9.4849158290483
2021-12-02,AU,9.89221447150585
2021-12-02,CA,13.6352519201403
2021-12-02,DE,12.4212685991894
2021-12-02,FR,7.96179493825826
2021-12-02,GB,10.9080672102241
2021-12-02,IE,12.8288384320865
2021-12-02,US,9.48215529014442
2021-12-03,AU,9.90006965532732
2021-12-03,CA,13.6842121834456
2021-12-03,DE,12.4925381354783
2021-12-03,FR,7.98295215599811
2021-12-03,GB,10.9568508704344
2021-12-03,IE,12.8658874884221
2021-12-03,US,9.48361775163175
2021-12-04,AU,9.910633089902
2021-12-04,CA,13.7548699795458
2021-12-04,DE,12.5439129189518
2021-12-04,FR,8.00923360992175
2021-12-04,GB,11.0047428531156
2021-12-04,IE,12.9024957621468
2021-12-04,US,9.47718919180499
2021-12-05,AU,9.92268969674842
2021-12-05,CA,13.7983795399329
2021-12-05,DE,12.593873090039
2021-12-05,FR,8.03230157699929
2021-12-05,GB,11.0506893422262
2021-12-05,IE,12.9437082486011
2021-12-05,US,9.47553068673172
2021-12-06,AU,9.93765323487506
2021-12-06,CA,13.8357617520955
2021-12-06,DE,12.6368924148678
2021-12-06,FR,8.05806486025884
2021-12-06,GB,11.0999979968127
2021-12-06,IE,12.9795539908286
2021-12-06,US,9.4746804188072
2021-12-07,AU,9.96153104379975
2021-12-07,CA,13.8763251517187
2021-12-07,DE,12.6733761264537
2021-12-07,FR,8.09016934553093
2021-12-07,GB,11.144740153059
2021-12-07,IE,13.0099832491289
2021-12-07,US,9.4880519761557
2021-12-08,AU,9.98878958550242
2021-12-08,CA,13.8930523594436
2021-12-08,DE,12.6969445917463
2021-12-08,FR,8.11797445167017
2021-12-08,GB,11.168914237038
2021-12-08,IE,13.058621136884
2021-12-08,US,9.50046822586778
2021-12-09,AU,10.0137627614621
2021-12-09,CA,13.9019645824717
2021-12-09,DE,12.7163113476421
2021-12-09,FR,8.14025468015541
2021-12-09,GB,11.1961387257231
2021-12-09,IE,13.1021851254877
2021-12-09,US,9.51200523171044
2021-12-10,AU,10.0399264756646
2021-12-10,CA,13.9356368588055
2021-12-10,DE,12.7332228639371
2021-12-10,FR,8.15934613661838
2021-12-10,GB,11.2165214115727
2021-12-10,IE,13.1569879515787
2021-12-10,US,9.51600141011284
2021-12-11,AU,10.0642936818154
2021-12-11,CA,13.9274476836239
2021-12-11,DE,12.7340891209696
2021-12-11,FR,8.16899100175012
2021-12-11,GB,11.2340763592242
2021-12-11,IE,13.208081894769
2021-12-11,US,9.5302798498282
2021-12-12,AU,10.0880672378308
2021-12-12,CA,13.9390446170073
2021-12-12,DE,12.743282930187
2021-12-12,FR,8.18329866133834
2021-12-12,GB,11.2599318181693
2021-12-12,IE,13.277191719511
2021-12-12,US,9.54859160747121
2021-12-13,AU,10.1133709851928
2021-12-13,CA,13.9682922728843
2021-12-13,DE,12.7611866037242
2021-12-13,FR,8.20198862328734
2021-12-13,GB,11.2848078881911
2021-12-13,IE,13.3363640885085
2021-12-13,US,9.56709062928656
2021-12-14,AU,10.1377762086922
2021-12-14,CA,13.9772463916323
2021-12-14,DE,12.7859193848857
2021-12-14,FR,8.21227380373749
2021-12-14,GB,11.3188645429237
2021-12-14,IE,13.400834025436
2021-12-14,US,9.55836196266746
2021-12-15,AU,10.161819463538
2021-12-15,CA,13.9951693964987
2021-12-15,DE,12.8169299858658
2021-12-15,FR,8.22495907076875
2021-12-15,GB,11.3718970291448
2021-12-15,IE,13.4685133125173
2021-12-15,US,9.56929723108999
2021-12-16,AU,10.2077093080656
2021-12-16,CA,13.9988050985132
2021-12-16,DE,12.840452319097
2021-12-16,FR,8.24311102500696
2021-12-16,GB,11.4387762119997
2021-12-16,IE,13.5524747141974
2021-12-16,US,9.59071754980109
2021-12-17,AU,10.2540522480936
2021-12-17,CA,14.0045389511843
2021-12-17,DE,12.8864792144886
2021-12-17,FR,8.26003221601142
2021-12-17,GB,11.5103282327534
2021-12-17,IE,13.6411792876461
2021-12-17,US,9.61306125577405
2021-12-18,AU,10.3145574523083
2021-12-18,CA,14.0418513118309
2021-12-18,DE,12.951993580897
2021-12-18,FR,8.28933697907487
2021-12-18,GB,11.6030470558589
2021-12-18,IE,13.7445840334731
2021-12-18,US,9.64761426271685
2021-12-19,AU,10.376353512313
2021-12-19,CA,14.0597527706209
2021-12-19,DE,13.0129310729813
2021-12-19,FR,8.30796941148744
2021-12-19,GB,11.687488797963
2021-12-19,IE,13.8271740743581
2021-12-19,US,9.68508966416733
2021-12-20,AU,10.4234290238313
2021-12-20,CA,14.072113673929
2021-12-20,DE,13.0669180764416
2021-12-20,FR,8.32836533419019
2021-12-20,GB,11.7753099627454
2021-12-20,IE,13.9373392910648
2021-12-20,US,9.73395827628937
2021-12-21,AU,10.4896187823701
2021-12-21,CA,14.0852258475337
2021-12-21,DE,13.1053902691945
2021-12-21,FR,8.35211639771022
2021-12-21,GB,11.8776631110846
2021-12-21,IE,14.0498825819318
2021-12-21,US,9.75115590578301
2021-12-22,AU,10.5456816761883
2021-12-22,CA,14.1113615467319
2021-12-22,DE,13.1256670547518
2021-12-22,FR,8.36169390195888
2021-12-22,GB,11.9784986502429
2021-12-22,IE,14.1494743424675
2021-12-22,US,9.75569383227089
2021-12-23,AU,10.5720458555505
2021-12-23,CA,14.1433866898748
2021-12-23,DE,13.1527244604736
2021-12-23,FR,8.37116402677683
2021-12-23,GB,12.0720743505172
2021-12-23,IE,14.239598072748
2021-12-23,US,9.74961612277023
2021-12-24,AU,10.605371713018
2021-12-24,CA,14.176983064752
2021-12-24,DE,13.1553330309014
2021-12-24,FR,8.38953517101769
2021-12-24,GB,12.1816388738368
2021-12-24,IE,14.3367130812992
2021-12-24,US,9.7475750798689
2021-12-25,AU,10.6371138929623
2021-12-25,CA,14.2113731573482
2021-12-25,DE,13.1434995369468
2021-12-25,FR,8.40407304688162
2021-12-25,GB,12.2759931141824
2021-12-25,IE,14.4388573810284
2021-12-25,US,9.73110884120365
2021-12-26,AU,10.6576993173695
2021-12-26,CA,14.2333394429327
2021-12-26,DE,13.1311856006857
2021-12-26,FR,8.42416555302832
2021-12-26,GB,12.372176628962
2021-12-26,IE,14.5498908701377
2021-12-26,US,9.70800923378417
2021-12-27,AU,10.6767422551732
2021-12-27,CA,14.2556880082524
2021-12-27,DE,13.1250392456084
2021-12-27,FR,8.43953704275783
2021-12-27,GB,12.4579113428264
2021-12-27,IE,14.6276245147964
2021-12-27,US,9.66632706815599
2021-12-28,AU,10.6829802046732
2021-12-28,CA,14.2867881939631
2021-12-28,DE,13.1288435729461
2021-12-28,FR,8.45926273939439
2021-12-28,GB,12.5233283617372
2021-12-28,IE,14.694344908956
2021-12-28,US,9.6735581711569
2021-12-29,AU,10.7047290782551
2021-12-29,CA,14.304078154991
2021-12-29,DE,13.1592099586722
2021-12-29,FR,8.48506507850415
2021-12-29,GB,12.5774461153408
2021-12-29,IE,14.7685449278688
2021-12-29,US,9.6701018813513
2021-12-30,AU,10.7236421062469
2021-12-30,CA,14.3225142570851
2021-12-30,DE,13.1633802944202
2021-12-30,FR,8.50954701250916
2021-12-30,GB,12.6175491040729
2021-12-30,IE,14.8437204803526
2021-12-30,US,9.66242057492932
2021-12-31,AU,10.7260660491076
2021-12-31,CA,14.3317950327125
2021-12-31,DE,13.1738721793023
2021-12-31,FR,8.5224145053868
2021-12-31,GB,12.6318498072021
2021-12-31,IE,14.8908734184029
2021-12-31,US,9.65297292967887
2022-01-01,AU,10.7176640900774
2022-01-01,CA,14.3244907472493
2022-01-01,DE,13.1964475771436
2022-01-01,FR,8.53536161679967
2022-01-01,GB,12.6641464298658
2022-01-01,IE,14.9225771336217
2022-01-01,US,9.62185665235432
2022-01-02,AU,10.7161131168322
2022-01-02,CA,14.3417000917111
2022-01-02,DE,13.2193581466065
2022-01-02,FR,8.54674625606783
2022-01-02,GB,12.6950648631004
2022-01-02,IE,14.9588111980901
2022-01-02,US,9.61468206462694
2022-01-03,AU,10.7182037240739
2022-01-03,CA,14.3477736020849
2022-01-03,DE,13.2397304999438
2022-01-03,FR,8.56104511114087
2022-01-03,GB,12.7331140178479
2022-01-03,IE,15.0118599905761
2022-01-03,US,9.60960395131084
2022-01-04,AU,10.7396713571877
2022-01-04,CA,14.3545700583616
2022-01-04,DE,13.267010306425
2022-01-04,FR,8.57660033777606
2022-01-04,GB,12.7576844224012
2022-01-04,IE,15.0414224940266
2022-01-04,US,9.60019456160456
2022-01-05,AU,10.7434263251784
2022-01-05,CA,14.3788446019024
2022-01-05,DE,13.2744773212916
2022-01-05,FR,8.59040728083958
2022-01-05,GB,12.7801108026824
2022-01-05,IE,15.0885999412181
2022-01-05,US,9.6035184790717
2022-01-06,AU,10.7424914494895
2022-01-06,CA,14.3934211164842
2022-01-06,DE,13.306452352651
2022-01-06,FR,8.6139239584348
2022-01-06,GB,12.806403377353
2022-01-06,IE,15.0868191979877
2022-01-06,US,9.60660140142119
2022-01-07,AU,10.7568353143799
2022-01-07,CA,14.4186789917171
2022-01-07,DE,13.3327727810362
2022-01-07,FR,8.64124209875358
2022-01-07,GB,12.8276888073356
2022-01-07,IE,15.0587259199303
2022-01-07,US,9.61696267611069
2022-01-08,AU,10.7718726406737
2022-01-08,CA,14.4425957754416
2022-01-08,DE,13.3468510339986
2022-01-08,FR,8.66923081385691
2022-01-08,GB,12.8131096253962
2022-01-08,IE,15.0093222875864
2022-01-08,US,9.6415184945663
2022-01-09,AU,10.7842559939642
2022-01-09,CA,14.4693794606374
2022-01-09,DE,13.3618431648536
2022-01-09,FR,8.69870839509675
2022-01-09,GB,12.808993632698
2022-01-09,IE,14.9666604062313
2022-01-09,US,9.6613099018413
2022-01-10,AU,10.7951664155597
2022-01-10,CA,14.5105296412154
2022-01-10,DE,13.3928569838452
2022-01-10,FR,8.73504323347333
2022-01-10,GB,12.7974101138137
2022-01-10,IE,14.9281244737511
2022-01-10,US,9.6848797128932
2022-01-11,AU,10.7772362994051
2022-01-11,CA,14.5451084731321
2022-01-11,DE,13.4175313681331
2022-01-11,FR,8.78194010397526
2022-01-11,GB,12.793049830421
2022-01-11,IE,14.9042526755219
2022-01-11,US,9.70400956895847
2022-01-12,AU,10.7605804364579
2022-01-12,CA,14.5780280730845
2022-01-12,DE,13.4439735092749
2022-01-12,FR,8.82187523228781
2022-01-12,GB,12.7877569146096
2022-01-12,IE,14.8686483108921
2022-01-12,US,9.72043795077392
2022-01-13,AU,10.7625125584502
2022-01-13,CA,14.6321394227334
2022-01-13,DE,13.4648642002004
2022-01-13,FR,8.8645601398
2022-01-13,GB,12.784985402128
2022-01-13,IE,14.8807780129782
2022-01-13,US,9.74956487261556
2022-01-14,AU,10.7571172634188
2022-01-14,CA,14.6841415875577
2022-01-14,DE,13.4858764950386
2022-01-14,FR,8.90832506268402
2022-01-14,GB,12.7798268806356
2022-01-14,IE,14.9215390781359
2022-01-14,US,9.78749058267554
2022-01-15,AU,10.7491805183685
2022-01-15,CA,14.7384091979307
2022-01-15,DE,13.5018137582805
2022-01-15,FR,8.95149429521289
2022-01-15,GB,12.7860319780026
2022-01-15,IE,14.981287798487
2022-01-15,US,9.82854535645583
2022-01-16,AU,10.7445035936956
2022-01-16,CA,14.7892804833573
2022-01-16,DE,13.5111672318009
2022-01-16,FR,8.99020298088913
2022-01-16,GB,12.7809879577788
2022-01-16,IE,15.0228682117171
2022-01-16,US,9.85165414804719
2022-01-17,AU,10.7397326175245
2022-01-17,CA,14.8332748143324
2022-01-17,DE,13.5047829382874
2022-01-17,FR,9.02978110329783
2022-01-17,GB,12.7714406852017
2022-01-17,IE,15.0610123651165
2022-01-17,US,9.8768467970869
2022-01-18,AU,10.7436214732952
2022-01-18,CA,14.8970882893301
2022-01-18,DE,13.5025547220349
2022-01-18,FR,9.05044942963738
2022-01-18,GB,12.7533242235206
2022-01-18,IE,15.0834797538467
2022-01-18,US,9.90854048451484
2022-01-19,AU,10.7587923808082
2022-01-19,CA,14.9391107733521
2022-01-19,DE,13.5022223391994
2022-01-19,FR,9.09660130095713
2022-01-19,GB,12.7376621409542
2022-01-19,IE,15.1002085319704
2022-01-19,US,9.93444770517935
2022-01-20,AU,10.7642321060896
2022-01-20,CA,14.9810569509466
2022-01-20,DE,13.5069316489611
2022-01-20,FR,9.12503118911064
2022-01-20,GB,12.7160300816975
2022-01-20,IE,15.0963290403875
2022-01-20,US,9.9563597181525
2022-01-21,AU,10.7716211320932
2022-01-21,CA,14.9916940140217
2022-01-21,DE,13.5130090327126
2022-01-21,FR,9.14617331813394
2022-01-21,GB,12.7000024966204
2022-01-21,IE,15.0988389538438
2022-01-21,US,9.9733281401763
2022-01-22,AU,10.7860561489207
2022-01-22,CA,15.0190081769135
2022-01-22,DE,13.5195875043555
2022-01-22,FR,9.15997778456428
2022-01-22,GB,12.6808966915655
2022-01-22,IE,15.0803802042192
2022-01-22,US,9.98034474625367
2022-01-23,AU,10.8024895034682
2022-01-23,CA,15.0479377264352
2022-01-23,DE,13.5340858986217
2022-01-23,FR,9.17265119277564
2022-01-23,GB,12.6602216729409
2022-01-23,IE,15.0634590798058
2022-01-23,US,9.99901488763446
2022-01-24,AU,10.83069446579
2022-01-24,CA,15.0734850103886
2022-01-24,DE,13.5552171347033
2022-01-24,FR,9.16475955524181
2022-01-24,GB,12.6473359254675
2022-01-24,IE,15.043706005438
2022-01-24,US,10.018199875364
2022-01-25,AU,10.858370883283
2022-01-25,CA,15.0796184390975
2022-01-25,DE,13.5650843269251
2022-01-25,FR,9.15638579345777
2022-01-25,GB,12.651553707256
2022-01-25,IE,15.0479487888566
2022-01-25,US,10.0384302868785
2022-01-26,AU,10.8737877085301
2022-01-26,CA,15.1066815938313
2022-01-26,DE,13.5797498317024
2022-01-26,FR,9.13502992426846
2022-01-26,GB,12.6462615701739
2022-01-26,IE,15.0304187102098
2022-01-26,US,10.0629355939949
2022-01-27,AU,10.9039780023565
2022-01-27,CA,15.1231962541246
2022-01-27,DE,13.5982469947517
2022-01-27,FR,9.10780922901461
2022-01-27,GB,12.6475119803527
2022-01-27,IE,15.0172195786256
2022-01-27,US,10.0882704554048
2022-01-28,AU,10.9276795877749
2022-01-28,CA,15.1707578069722
2022-01-28,DE,13.6263639858434
2022-01-28,FR,9.10184443342136
2022-01-28,GB,12.6599351029369
2022-01-28,IE,14.9716952051982
2022-01-28,US,10.1172513482237
2022-01-29,AU,10.9457703505172
2022-01-29,CA,15.2129688474411
2022-01-29,DE,13.667847737125
2022-01-29,FR,9.10287046645076
2022-01-29,GB,12.6732465596046
2022-01-29,IE,14.9524626665002
2022-01-29,US,10.1660558901346
2022-01-30,AU,10.9638010155138
2022-01-30,CA,15.2445510765557
2022-01-30,DE,13.7128420184867
2022-01-30,FR,9.10461019694367
2022-01-30,GB,12.6867569718514
2022-01-30,IE,14.9170559626152
2022-01-30,US,10.2026282932071
2022-01-31,AU,10.9811160892101
2022-01-31,CA,15.2747089886801
2022-01-31,DE,13.7556798704438
2022-01-31,FR,9.11700566737972
2022-01-31,GB,12.6864321454382
2022-01-31,IE,14.875192052886
2022-01-31,US,10.2349783395752
2022-02-01,AU,10.9941615666578
2022-02-01,CA,15.3000007804602
2022-02-01,DE,13.8174290747267
2022-02-01,FR,9.13235934070972
2022-02-01,GB,12.6931025368667
2022-02-01,IE,14.8124266065711
2022-02-01,US,10.2666377576988
2022-02-02,AU,11.0135899407897
2022-02-02,CA,15.3136277342688
2022-02-02,DE,13.8814499728849
2022-02-02,FR,9.14007205132167
2022-02-02,GB,12.6984454582398
2022-02-02,IE,14.7671238567134
2022-02-02,US,10.299733223095
2022-02-03,AU,11.0175849408141
2022-02-03,CA,15.3236064208529
2022-02-03,DE,13.9383564404771
2022-02-03,FR,9.16928370579136
2022-02-03,GB,12.6993646320348
2022-02-03,IE,14.7033789395875
2022-02-03,US,10.3328465910602
2022-02-04,AU,11.0213342252629
2022-02-04,CA,15.3316172145072
2022-02-04,DE,13.9817710684908
2022-02-04,FR,9.17788097673847
2022-02-04,GB,12.6937736801201
2022-02-04,IE,14.6640264923307
2022-02-04,US,10.3517251916395
2022-02-05,AU,10.9602570221944
2022-02-05,CA,15.3440130479121
2022-02-05,DE,14.0296688644044
2022-02-05,FR,9.18005747379554
2022-02-05,GB,12.6956276587029
2022-02-05,IE,14.5998548016443
2022-02-05,US,10.3605973233861
2022-02-06,AU,10.8926388203035
2022-02-06,CA,15.3499539045788
2022-02-06,DE,14.0831542870961
2022-02-06,FR,9.18397966363552
2022-02-06,GB,12.6969608955968
2022-02-06,IE,14.5511237617412
2022-02-06,US,10.3628522773275
2022-02-07,AU,10.8228635195932
2022-02-07,CA,15.3586222961442
2022-02-07,DE,14.1351324783581
2022-02-07,FR,9.18516941616546
2022-02-07,GB,12.7073360213617
2022-02-07,IE,14.5243813369817
2022-02-07,US,10.3761409095167
2022-02-08,AU,10.761232526438
2022-02-08,CA,15.3712669204674
2022-02-08,DE,14.1855783869409
2022-02-08,FR,9.16823915776885
2022-02-08,GB,12.6943681556401
2022-02-08,IE,14.5131737299024
2022-02-08,US,10.3758281745652
2022-02-09,AU,10.7052466955238
2022-02-09,CA,15.371986270503
2022-02-09,DE,14.2279058873665
2022-02-09,FR,9.16622156888949
2022-02-09,GB,12.6784647180365
2022-02-09,IE,14.4700532744292
2022-02-09,US,10.366134363559
2022-02-10,AU,10.6576430600294
2022-02-10,CA,15.3771297595841
2022-02-10,DE,14.2770578560685
2022-02-10,FR,9.15774853412713
2022-02-10,GB,12.6672857722664
2022-02-10,IE,14.4522703514741
2022-02-10,US,10.3521542331299
2022-02-11,AU,10.6178477993292
2022-02-11,CA,15.3686484337881
2022-02-11,DE,14.3831625589795
2022-02-11,FR,9.1507898227346
2022-02-11,GB,12.6541810733375
2022-02-11,IE,14.4293797923444
2022-02-11,US,10.3364095874858
2022-02-12,AU,10.6463702210705
2022-02-12,CA,15.3405228360037
2022-02-12,DE,14.477438561981
2022-02-12,FR,9.14220385476612
2022-02-12,GB,12.6404654431021
2022-02-12,IE,14.3956415281089
2022-02-12,US,10.3241638101984
2022-02-13,AU,10.6559450242914
2022-02-13,CA,15.3267527241943
2022-02-13,DE,14.5199161991561
2022-02-13,FR,9.12482316840541
2022-02-13,GB,12.6238252709442
2022-02-13,IE,14.3576278056663
2022-02-13,US,10.3166273349205
2022-02-14,AU,10.6558897676565
2022-02-14,CA,15.303861398199
2022-02-14,DE,14.5669363629345
2022-02-14,FR,9.11016663409003
2022-02-14,GB,12.6069291773438
2022-02-14,IE,14.3001060111474
2022-02-14,US,10.2990430228231
2022-02-15,AU,10.650655623246
2022-02-15,CA,15.2422220824059
2022-02-15,DE,14.6067308574487
2022-02-15,FR,9.12330194659519
2022-02-15,GB,12.6048270798517
2022-02-15,IE,14.2476944564511
2022-02-15,US,10.293236095803
2022-02-16,AU,10.6486655626236
2022-02-16,CA,15.2014851037361
2022-02-16,DE,14.6573469347688
2022-02-16,FR,9.1156006391896
2022-02-16,GB,12.6083485001962
2022-02-16,IE,14.2562715965005
2022-02-16,US,10.295917800398
2022-02-17,AU,10.6515972595205
2022-02-17,CA,15.1671508866878
2022-02-17,DE,14.6880535211499
2022-02-17,FR,9.10166604119013
2022-02-17,GB,12.6133382710244
2022-02-17,IE,14.2609071730134
2022-02-17,US,10.303354527044
2022-02-18,AU,10.6592248851633
2022-02-18,CA,15.1300548758675
2022-02-18,DE,14.6552257890503
2022-02-18,FR,9.07888384550804
2022-02-18,GB,12.6201692058934
2022-02-18,IE,14.257193414685
2022-02-18,US,10.3168976460089
2022-02-19,AU,10.6365610904735
2022-02-19,CA,15.0774821638063
2022-02-19,DE,14.6229899082197
2022-02-19,FR,9.06569596387457
2022-02-19,GB,12.6111239417285
2022-02-19,IE,14.2551187036661
2022-02-19,US,10.3297401987497
2022-02-20,AU,10.6490290552092
2022-02-20,CA,15.0498889344401
2022-02-20,DE,14.6319193499161
2022-02-20,FR,9.05344691760943
2022-02-20,GB,12.6120678679434
2022-02-20,IE,14.2772860024107
2022-02-20,US,10.3542571092087
2022-02-21,AU,10.6839912059822
2022-02-21,CA,15.0207650624948
2022-02-21,DE,14.6380070591962
2022-02-21,FR,9.03843097598644
2022-02-21,GB,12.6163997545233
2022-02-21,IE,14.3116033808045
2022-02-21,US,10.3812952402291
2022-02-22,AU,10.7151526695258
2022-02-22,CA,15.0276763749599
2022-02-22,DE,14.6430656553938
2022-02-22,FR,9.00874423500039
2022-02-22,GB,12.6134910331822
2022-02-22,IE,14.3300087955152
2022-02-22,US,10.4169556005586
2022-02-23,AU,10.7424093808763
2022-02-23,CA,15.0158627910328
2022-02-23,DE,14.6377126604312
2022-02-23,FR,8.98584706595564
2022-02-23,GB,12.6163189700497
2022-02-23,IE,14.3183535927341
2022-02-23,US,10.4390716634475
2022-02-24,AU,10.7567806414613
2022-02-24,CA,14.9960618653377
2022-02-24,DE,14.6558430688489
2022-02-24,FR,8.96258347250384
2022-02-24,GB,12.6106699692762
2022-02-24,IE,14.2607687364172
2022-02-24,US,10.4500156746664
2022-02-25,AU,10.7546368250772
2022-02-25,CA,14.97795786175
2022-02-25,DE,14.6820373558095
2022-02-25,FR,8.94783115713238
2022-02-25,GB,12.6076543305962
2022-02-25,IE,14.2117535866202
2022-02-25,US,10.4584453753997
2022-02-26,AU,10.7736399917036
2022-02-26,CA,14.969576608983
2022-02-26,DE,14.7059290407213
2022-02-26,FR,8.92787916332163
2022-02-26,GB,12.6094981960382
2022-02-26,IE,14.1639661091434
2022-02-26,US,10.4731525054283
2022-02-27,AU,10.7678247453054
2022-02-27,CA,14.9460780645795
2022-02-27,DE,14.7209108975445
2022-02-27,FR,8.91405276946899
2022-02-27,GB,12.6008433370449
2022-02-27,IE,14.1137187999602
2022-02-27,US,10.4710171044853
2022-02-28,AU,10.7388211557758
2022-02-28,CA,14.9300028624344
2022-02-28,DE,14.7361754513948
2022-02-28,FR,8.90450938847095
2022-02-28,GB,12.5984651800299
2022-02-28,IE,14.0562699728563
2022-02-28,US,10.4725470112415
2022-03-01,AU,10.7095127083012
2022-03-01,CA,14.9025593688731
2022-03-01,DE,14.7499158200427
2022-03-01,FR,8.88072211002212
2022-03-01,GB,12.632417431401
2022-03-01,IE,14.041734478327
2022-03-01,US,10.4607952433567
2022-03-02,AU,10.6782105785573
2022-03-02,CA,14.873831018184
2022-03-02,DE,14.7640065067889
2022-03-02,FR,8.8600182226282
2022-03-02,GB,12.6355958917245
2022-03-02,IE,14.0403535488529
2022-03-02,US,10.4593677737639
2022-03-03,AU,10.6619343563786
2022-03-03,CA,14.8455505579334
2022-03-03,DE,14.7690337267756
2022-03-03,FR,8.83486662004277
2022-03-03,GB,12.6340383027956
2022-03-03,IE,14.0970700949328
2022-03-03,US,10.4575247287401
2022-03-04,AU,10.6522336965529
2022-03-04,CA,14.8072839310259
2022-03-04,DE,14.7599920566965
2022-03-04,FR,8.81044822999605
2022-03-04,GB,12.6208999536111
2022-03-04,IE,14.1387955175827
2022-03-04,US,10.4580154399211
2022-03-05,AU,10.6410719085064
2022-03-05,CA,14.766652081204
2022-03-05,DE,14.7578194387069
2022-03-05,FR,8.78894886252125
2022-03-05,GB,12.6174666063257
2022-03-05,IE,14.2006394733977
2022-03-05,US,10.4462649793374
2022-03-06,AU,10.6418322727855
2022-03-06,CA,14.7304958845383
2022-03-06,DE,14.7632114470566
2022-03-06,FR,8.76133116056215
2022-03-06,GB,12.6216737517467
2022-03-06,IE,14.2426541111489
2022-03-06,US,10.4422117914024
2022-03-07,AU,10.6346686527057
2022-03-07,CA,14.6868769068345
2022-03-07,DE,14.7581346478977
2022-03-07,FR,8.73310021055097
2022-03-07,GB,12.623111453149
2022-03-07,IE,14.2923719227274
2022-03-07,US,10.4398193871077
2022-03-08,AU,10.6473882150955
2022-03-08,CA,14.647471542507
2022-03-08,DE,14.7497610501041
2022-03-08,FR,8.72271792786351
2022-03-08,GB,12.5908400686677
2022-03-08,IE,14.3020858891517
2022-03-08,US,10.4268182257747
2022-03-09,AU,10.7301341607507
2022-03-09,CA,14.6092775291536
2022-03-09,DE,14.7457776284086
2022-03-09,FR,8.70820541409235
2022-03-09,GB,12.5885666864651
2022-03-09,IE,14.3224510674798
2022-03-09,US,10.4187830936763
2022-03-10,AU,10.8094689923303
2022-03-10,CA,14.56944410281
2022-03-10,DE,14.7399489949741
2022-03-10,FR,8.69318830632831
2022-03-10,GB,12.5899034452727
2022-03-10,IE,14.327882121674
2022-03-10,US,10.4125300571323
2022-03-11,AU,10.8786099979251
2022-03-11,CA,14.5377675825258
2022-03-11,DE,14.7526571128851
2022-03-11,FR,8.67571450891345
2022-03-11,GB,12.6003029700101
2022-03-11,IE,14.3641482498947
2022-03-11,US,10.401861580464
2022-03-12,AU,10.9514898349721
2022-03-12,CA,14.4940470113367
2022-03-12,DE,14.7614417840307
2022-03-12,FR,8.65196476119891
2022-03-12,GB,12.6052706837749
2022-03-12,IE,14.3768931279388
2022-03-12,US,10.4035754831983
2022-03-13,AU,11.0247431557364
2022-03-13,CA,14.4314936927163
2022-03-13,DE,14.7556624242645
2022-03-13,FR,8.63580708964697
2022-03-13,GB,12.6072263284614
2022-03-13,IE,14.4076012610887
2022-03-13,US,10.4031832256362
2022-03-14,AU,11.1166428292217
2022-03-14,CA,14.390016537361
2022-03-14,DE,14.7502884632885
2022-03-14,FR,8.62503096945708
2022-03-14,GB,12.6007541086993
2022-03-14,IE,14.4125677085193
2022-03-14,US,10.3890988853763
2022-03-15,AU,11.1758725661248
2022-03-15,CA,14.3589524896246
2022-03-15,DE,14.7101614478391
2022-03-15,FR,8.60561680423415
2022-03-15,GB,12.5916474716345
2022-03-15,IE,14.4274374346725
2022-03-15,US,10.3820183553468
2022-03-16,AU,11.1751967465337
2022-03-16,CA,14.3402628541475
2022-03-16,DE,14.6717399286956
2022-03-16,FR,8.58214594575994
2022-03-16,GB,12.5918193472333
2022-03-16,IE,14.4258416876809
2022-03-16,US,10.3612816131575
2022-03-17,AU,11.1774664108704
2022-03-17,CA,14.3130984507153
2022-03-17,DE,14.6345404839449
2022-03-17,FR,8.56737959800558
2022-03-17,GB,12.5987946301892
2022-03-17,IE,14.462912390372
2022-03-17,US,10.3345411706933
2022-03-18,AU,11.197123884217
2022-03-18,CA,14.2904228285428
2022-03-18,DE,14.5868278869423
2022-03-18,FR,8.554824276649
2022-03-18,GB,12.6125353703588
2022-03-18,IE,14.4994885817299
2022-03-18,US,10.3128961513045
2022-03-19,AU,11.2022255030763
2022-03-19,CA,14.3015439916998
2022-03-19,DE,14.5343541180045
2022-03-19,FR,8.54004103187323
2022-03-19,GB,12.6181495554661
2022-03-19,IE,14.5652289046942
2022-03-19,US,10.2832733536065
2022-03-20,AU,11.2153449217364
2022-03-20,CA,14.3185470258075
2022-03-20,DE,14.4931991538734
2022-03-20,FR,8.52723116607509
2022-03-20,GB,12.6267688754666
2022-03-20,IE,14.5962475611266
2022-03-20,US,10.2523252059067
2022-03-21,AU,11.2296480248724
2022-03-21,CA,14.3121514313143
2022-03-21,DE,14.4514004165552
2022-03-21,FR,8.511545658
2022-03-21,GB,12.6372514968831
2022-03-21,IE,14.6460055412828
2022-03-21,US,10.227643081384
2022-03-22,AU,11.2604571109698
2022-03-22,CA,14.3046392207244
2022-03-22,DE,14.4586114820209
2022-03-22,FR,8.48413750319048
2022-03-22,GB,12.6643865876266
2022-03-22,IE,14.6911930089447
2022-03-22,US,10.2096243364002
2022-03-23,AU,11.2781841825201
2022-03-23,CA,14.2862831261613
2022-03-23,DE,14.463183384205
2022-03-23,FR,8.46001844397946
2022-03-23,GB,12.6847518354049
2022-03-23,IE,14.7137570157667
2022-03-23,US,10.2009338288223
2022-03-24,AU,11.2940833419069
2022-03-24,CA,14.276954004005
2022-03-24,DE,14.4756984952865
2022-03-24,FR,8.43195589391103
2022-03-24,GB,12.7100494997322
2022-03-24,IE,14.7126707452707
2022-03-24,US,10.2036773076983
2022-03-25,AU,11.3197546448776
2022-03-25,CA,14.2622281705961
2022-03-25,DE,14.4930039510602
2022-03-25,FR,8.40077246060514
2022-03-25,GB,12.7341591712979
2022-03-25,IE,14.6874011513283
2022-03-25,US,10.203084005969
2022-03-26,AU,11.3508695208775
2022-03-26,CA,14.223433067588
2022-03-26,DE,14.5102401313237
2022-03-26,FR,8.38095547870999
2022-03-26,GB,12.7666038170346
2022-03-26,IE,14.6656748522884
2022-03-26,US,10.2094324005201
2022-03-27,AU,11.3871687147099
2022-03-27,CA,14.1909511051084
2022-03-27,DE,14.5263416427385
2022-03-27,FR,8.35447267245243
2022-03-27,GB,12.8023903891259
2022-03-27,IE,14.6634052482966
2022-03-27,US,10.2151569764046
2022-03-28,AU,11.4085114743428
2022-03-28,CA,14.1718217267762
2022-03-28,DE,14.533946372572
2022-03-28,FR,8.32979061454192
2022-03-28,GB,12.8397496762185
2022-03-28,IE,14.6741311058947
2022-03-28,US,10.2177500865666
2022-03-29,AU,11.4382464216261
2022-03-29,CA,14.157577586182
2022-03-29,DE,14.530258796757
2022-03-29,FR,8.31770814233096
2022-03-29,GB,12.8656050524332
2022-03-29,IE,14.6719039316047
2022-03-29,US,10.2192844321404
2022-03-30,AU,11.4796094800994
2022-03-30,CA,14.1354639111974
2022-03-30,DE,14.5273362364344
2022-03-30,FR,8.30632467472139
2022-03-30,GB,12.8932520969674
2022-03-30,IE,14.7275910620272
2022-03-30,US,10.222768077843
2022-03-31,AU,11.5134378363595
2022-03-31,CA,14.1154255409274
2022-03-31,DE,14.5218416027743
2022-03-31,FR,8.29376622705984
2022-03-31,GB,12.9179699039215
2022-03-31,IE,14.7678458495707
2022-03-31,US,10.2213315735586
2022-04-01,AU,11.5379281216734
2022-04-01,CA,14.1081596569148
2022-04-01,DE,14.5183542410194
2022-04-01,FR,8.27630815830207
2022-04-01,GB,12.9564992504579
2022-04-01,IE,14.8191806324874
2022-04-01,US,10.229374250295
2022-04-02,AU,11.5609092288881
2022-04-02,CA,14.1101670558646
2022-04-02,DE,14.5229368627585
2022-04-02,FR,8.25309283853197
2022-04-02,GB,13.0129321350398
2022-04-02,IE,14.8716902456916
2022-04-02,US,10.2373638240931
2022-04-03,AU,11.58373747434
2022-04-03,CA,14.1179086683077
2022-04-03,DE,14.5364786623741
2022-04-03,FR,8.23227943064747
2022-04-03,GB,13.061697814943
2022-04-03,IE,14.927002782386
2022-04-03,US,10.2456816529695
2022-04-04,AU,11.6244321282726
2022-04-04,CA,14.1296426039519
2022-04-04,DE,14.5609437989405
2022-04-04,FR,8.2185728819
2022-04-04,GB,13.1087101050221
2022-04-04,IE,14.9755514740881
2022-04-04,US,10.2574143620882
2022-04-05,AU,11.6513585814767
2022-04-05,CA,14.1290000208434
2022-04-05,DE,14.5840361275252
2022-04-05,FR,8.21089937971657
2022-04-05,GB,13.1455281461444
2022-04-05,IE,15.0536307756986
2022-04-05,US,10.2701254172587
2022-04-06,AU,11.6749917573743
2022-04-06,CA,14.1190481721298
2022-04-06,DE,14.5898102422488
2022-04-06,FR,8.19927241107892
2022-04-06,GB,13.1741234243861
2022-04-06,IE,15.0937610616035
2022-04-06,US,10.2811461727832
2022-04-07,AU,11.650554883442
2022-04-07,CA,14.0906821046464
2022-04-07,DE,14.5909176027929
2022-04-07,FR,8.18286743439815
2022-04-07,GB,13.1929200389634
2022-04-07,IE,15.1024572873126
2022-04-07,US,10.293066177382
2022-04-08,AU,11.6179103368264
2022-04-08,CA,14.062233033577
2022-04-08,DE,14.5939409451285
2022-04-08,FR,8.16246039208342
2022-04-08,GB,13.1953035635066
2022-04-08,IE,15.1096890440913
2022-04-08,US,10.2929583862428
2022-04-09,AU,11.5698271156868
2022-04-09,CA,14.0251277399166
2022-04-09,DE,14.5956915147862
2022-04-09,FR,8.1371379322105
2022-04-09,GB,13.1770956501984
2022-04-09,IE,15.1139850444536
2022-04-09,US,10.2814624674201
2022-04-10,AU,11.5088273122775
2022-04-10,CA,13.9633881014113
2022-04-10,DE,14.5881452652031
2022-04-10,FR,8.11454231919443
2022-04-10,GB,13.1532653180435
2022-04-10,IE,15.1204336789278
2022-04-10,US,10.2701912979611
2022-04-11,AU,11.4226676832792
2022-04-11,CA,13.8954938573086
2022-04-11,DE,14.5788551527982
2022-04-11,FR,8.083061328499
2022-04-11,GB,13.0874251007151
2022-04-11,IE,15.1242038913108
2022-04-11,US,10.2596907134681
2022-04-12,AU,11.3550372075014
2022-04-12,CA,13.8446271357232
2022-04-12,DE,14.5867093288573
2022-04-12,FR,8.04485683761582
2022-04-12,GB,13.0326236465215
2022-04-12,IE,15.1110851950521
2022-04-12,US,10.2525538379525
2022-04-13,AU,11.2875577312485
2022-04-13,CA,13.8116194037747
2022-04-13,DE,14.6093285340694
2022-04-13,FR,8.01399586449664
2022-04-13,GB,12.9872268792801
2022-04-13,IE,15.074552367508
2022-04-13,US,10.248070941207
2022-04-14,AU,11.2636122080409
2022-04-14,CA,13.7897473734713
2022-04-14,DE,14.6365067041126
2022-04-14,FR,7.98749498726882
2022-04-14,GB,12.9491802264881
2022-04-14,IE,15.0838505369537
2022-04-14,US,10.2414862267435
2022-04-15,AU,11.2490834654835
2022-04-15,CA,13.7513849148204
2022-04-15,DE,14.6674693287588
2022-04-15,FR,7.96952255598421
2022-04-15,GB,12.9175386306222
2022-04-15,IE,15.1259005491885
2022-04-15,US,10.2387362915813
2022-04-16,AU,11.2725004951299
2022-04-16,CA,13.7483077416501
2022-04-16,DE,14.6983266799335
2022-04-16,FR,7.95723207584136
2022-04-16,GB,12.8950763768035
2022-04-16,IE,15.1583316298686
2022-04-16,US,10.2497825975151
2022-04-17,AU,11.2898669445662
2022-04-17,CA,13.7418842157207
2022-04-17,DE,14.7296568721603
2022-04-17,FR,7.94549909166538
2022-04-17,GB,12.8762099877843
2022-04-17,IE,15.1812291942584
2022-04-17,US,10.2604386466148
2022-04-18,AU,11.3257099015832
2022-04-18,CA,13.7430315177031
2022-04-18,DE,14.7634153678388
2022-04-18,FR,7.93146890607529
2022-04-18,GB,12.8968121133743
2022-04-18,IE,15.1955902149645
2022-04-18,US,10.2682156154032
2022-04-19,AU,11.3610659170358
2022-04-19,CA,13.7148712397502
2022-04-19,DE,14.783807500075
2022-04-19,FR,7.9322717619746
2022-04-19,GB,12.923648220502
2022-04-19,IE,15.218435774096
2022-04-19,US,10.2736115897374
2022-04-20,AU,11.390344687141
2022-04-20,CA,13.6907964852012
2022-04-20,DE,14.7998018456804
2022-04-20,FR,7.92764595030367
2022-04-20,GB,12.9320752168243
2022-04-20,IE,15.260870576517
2022-04-20,US,10.2763622745808
2022-04-21,AU,11.4132195026224
2022-04-21,CA,13.6714961618749
2022-04-21,DE,14.8051493662936
2022-04-21,FR,7.92194683372454
2022-04-21,GB,12.9354225952488
2022-04-21,IE,15.2762019495845
2022-04-21,US,10.2800099272273
2022-04-22,AU,11.4317360809951
2022-04-22,CA,13.6640701508954
2022-04-22,DE,14.7996921719463
2022-04-22,FR,7.92100614897223
2022-04-22,GB,12.9322945837862
2022-04-22,IE,15.2655428319346
2022-04-22,US,10.2909778460791
2022-04-23,AU,11.4429964414054
2022-04-23,CA,13.6201675474437
2022-04-23,DE,14.806331805395
2022-04-23,FR,7.91634391889285
2022-04-23,GB,12.921334852712
2022-04-23,IE,15.258386015984
2022-04-23,US,10.2996962200276
2022-04-24,AU,11.4604421348515
2022-04-24,CA,13.5941163448682
2022-04-24,DE,14.8167193765697
2022-04-24,FR,7.91373773258732
2022-04-24,GB,12.9162756611313
2022-04-24,IE,15.2595940320799
2022-04-24,US,10.3025714976143
2022-04-25,AU,11.4663775819629
2022-04-25,CA,13.5546388144338
2022-04-25,DE,14.8266288275682
2022-04-25,FR,7.91305128222177
2022-04-25,GB,12.9046982203213
2022-04-25,IE,15.2688776446709
2022-04-25,US,10.306419399678
2022-04-26,AU,11.4891740685354
2022-04-26,CA,13.5418184462473
2022-04-26,DE,14.8420037642989
2022-04-26,FR,7.8990384196647
2022-04-26,GB,12.8819957172283
2022-04-26,IE,15.2480854430651
2022-04-26,US,10.3065642193221
2022-04-27,AU,11.4237658353696
2022-04-27,CA,13.4572368006647
2022-04-27,DE,14.797894567004
2022-04-27,FR,7.87533996882228
2022-04-27,GB,12.8009354218042
2022-04-27,IE,15.0559862487466
2022-04-27,US,10.239386455988
2022-04-28,AU,11.4319568037978
2022-04-28,CA,13.4362230031394
2022-04-28,DE,14.816607741549
2022-04-28,FR,7.87675977627208
2022-04-28,GB,12.7981081553006
2022-04-28,IE,15.0734001473991
2022-04-28,US,10.2420837072703
2022-04-29,AU,11.4483359976814
2022-04-29,CA,13.4197640467933
2022-04-29,DE,14.8577734843674
2022-04-29,FR,7.87373305371988
2022-04-29,GB,12.7937904381181
2022-04-29,IE,15.0947366763338
2022-04-29,US,10.234584581925
2022-04-30,AU,11.4690805318614
2022-04-30,CA,13.4068195569776
2022-04-30,DE,14.8839783890237
2022-04-30,FR,7.87593031478964
2022-04-30,GB,12.7925175236048
2022-04-30,IE,15.1043775146346
2022-04-30,US,10.2246722625398
2022-05-01,AU,11.4946972160437
2022-05-01,CA,13.4066385099315
2022-05-01,DE,14.9211601693432
2022-05-01,FR,7.8777998803204
2022-05-01,GB,12.7996497437117
2022-05-01,IE,15.1177018536422
2022-05-01,US,10.2030381726565
2022-05-02,AU,11.5309707560958
2022-05-02,CA,13.4193302449096
2022-05-02,DE,14.9593205750093
2022-05-02,FR,7.87833847215497
2022-05-02,GB,12.8291980342313
2022-05-02,IE,15.1430856192967
2022-05-02,US,10.2063008820871
2022-05-03,AU,11.528125650793
2022-05-03,CA,13.4241864464563
2022-05-03,DE,14.9916300325256
2022-05-03,FR,7.88437031633196
2022-05-03,GB,12.8568999305981
2022-05-03,IE,15.1951663183434
2022-05-03,US,10.216529403624
2022-05-04,AU,11.6041557561999
2022-05-04,CA,13.4883241879992
2022-05-04,DE,15.0780534470037
2022-05-04,FR,7.89998572666084
2022-05-04,GB,12.9517629195765
2022-05-04,IE,15.472369174873
2022-05-04,US,10.2933601870498
2022-05-05,AU,11.6195752282789
2022-05-05,CA,13.4863091352473
2022-05-05,DE,15.0954719959042
2022-05-05,FR,7.88962321979533
2022-05-05,GB,12.9664514171564
2022-05-05,IE,15.5172506982936
2022-05-05,US,10.3013742439218
2022-05-06,AU,11.625349487503
2022-05-06,CA,13.4922059178226
2022-05-06,DE,15.102814122923
2022-05-06,FR,7.87502873723641
2022-05-06,GB,12.9803417578117
2022-05-06,IE,15.551477446746
2022-05-06,US,10.3126363566093
2022-05-07,AU,11.5964658025661
2022-05-07,CA,13.4889316734594
2022-05-07,DE,15.1084119445283
2022-05-07,FR,7.85625908275448
2022-05-07,GB,12.9908188404328
2022-05-07,IE,15.568265688724
2022-05-07,US,10.3268160450478
2022-05-08,AU,11.5700256173541
2022-05-08,CA,13.4981781838376
2022-05-08,DE,15.0988027849025
2022-05-08,FR,7.82816456486968
2022-05-08,GB,12.9934794051269
2022-05-08,IE,15.5939782839049
2022-05-08,US,10.3582932475342
2022-05-09,AU,11.5543862632486
2022-05-09,CA,13.4866735860313
2022-05-09,DE,15.0905911866081
2022-05-09,FR,7.81680338347547
2022-05-09,GB,12.9821181306514
2022-05-09,IE,15.6094536320971
2022-05-09,US,10.3635367044879
2022-05-10,AU,11.5338707759313
2022-05-10,CA,13.4873802812518
2022-05-10,DE,15.0711478134328
2022-05-10,FR,7.79509624774227
2022-05-10,GB,12.9582693614026
2022-05-10,IE,15.6177874902357
2022-05-10,US,10.3660538996384
2022-05-11,AU,11.5342373484494
2022-05-11,CA,13.4935021168367
2022-05-11,DE,15.0481101219325
2022-05-11,FR,7.78328291990459
2022-05-11,GB,12.9656553645025
2022-05-11,IE,15.5979792463491
2022-05-11,US,10.3645388156478
2022-05-12,AU,11.5331111722661
2022-05-12,CA,13.5080034458912
2022-05-12,DE,15.0416372684467
2022-05-12,FR,7.77701198862268
2022-05-12,GB,12.9704377299884
2022-05-12,IE,15.5992436639492
2022-05-12,US,10.3595265074872
2022-05-13,AU,11.5132048533996
2022-05-13,CA,13.511360531151
2022-05-13,DE,15.0221770227605
2022-05-13,FR,7.77829867948751
2022-05-13,GB,12.9582137938474
2022-05-13,IE,15.6172075551304
2022-05-13,US,10.3539422967885
2022-05-14,AU,11.5449167744651
2022-05-14,CA,13.5331123667658
2022-05-14,DE,15.0022581957753
2022-05-14,FR,7.77570787823859
2022-05-14,GB,12.9515794572405
2022-05-14,IE,15.6505684421364
2022-05-14,US,10.3525140137589
2022-05-15,AU,11.5637060701501
2022-05-15,CA,13.5334251825002
2022-05-15,DE,14.9847829914444
2022-05-15,FR,7.77949950065433
2022-05-15,GB,12.9397919128947
2022-05-15,IE,15.6523504653299
2022-05-15,US,10.3491085924821
2022-05-16,AU,11.5652370374141
2022-05-16,CA,13.5396057426655
2022-05-16,DE,14.9659909053579
2022-05-16,FR,7.77422288703543
2022-05-16,GB,12.9305953636005
2022-05-16,IE,15.6473990753587
2022-05-16,US,10.3452091499546
2022-05-17,AU,11.5681202853089
2022-05-17,CA,13.5456774076188
2022-05-17,DE,14.9548587573106
2022-05-17,FR,7.77780251566994
2022-05-17,GB,12.9351585988573
2022-05-17,IE,15.6537519392875
2022-05-17,US,10.3363221338618
2022-05-18,AU,11.5668512219619
2022-05-18,CA,13.551383190878
2022-05-18,DE,14.9490685443309
2022-05-18,FR,7.77559223087935
2022-05-18,GB,12.9155693170335
2022-05-18,IE,15.6232522428505
2022-05-18,US,10.3304156234624
2022-05-19,AU,11.5554493168252
2022-05-19,CA,13.55068363042
2022-05-19,DE,14.9358505769718
2022-05-19,FR,7.77389118206165
2022-05-19,GB,12.9026027431769
2022-05-19,IE,15.6317569033921
2022-05-19,US,10.329827779384
2022-05-20,AU,11.5417091804006
2022-05-20,CA,13.5508340042862
2022-05-20,DE,14.9313333089078
2022-05-20,FR,7.76865305061407
2022-05-20,GB,12.9104653282218
2022-05-20,IE,15.6323037854108
2022-05-20,US,10.3220962249649
2022-05-21,AU,11.5033682759937
2022-05-21,CA,13.5422703388219
2022-05-21,DE,14.9191958538156
2022-05-21,FR,7.7654326443077
2022-05-21,GB,12.8990797075758
2022-05-21,IE,15.6241844160957
2022-05-21,US,10.2993308999869
2022-05-22,AU,11.4877633800911
2022-05-22,CA,13.5527427113989
2022-05-22,DE,14.9052421745887
2022-05-22,FR,7.76185659854758
2022-05-22,GB,12.9061465850943
2022-05-22,IE,15.6616711054131
2022-05-22,US,10.2905376190016
2022-05-23,AU,11.4752727186176
2022-05-23,CA,13.5746542191763
2022-05-23,DE,14.8915297945404
2022-05-23,FR,7.75437744796786
2022-05-23,GB,12.913710088379
2022-05-23,IE,15.6999188186813
2022-05-23,US,10.2781265981387
2022-05-24,AU,11.4866650505654
2022-05-24,CA,13.5857071323155
2022-05-24,DE,14.8914525238573
2022-05-24,FR,7.75255893016018
2022-05-24,GB,12.926343281645
2022-05-24,IE,15.7420981881729
2022-05-24,US,10.2664110216573
2022-05-25,AU,11.4788481651963
2022-05-25,CA,13.5921047422152
2022-05-25,DE,14.8952885434372
2022-05-25,FR,7.74766873228724
2022-05-25,GB,12.9406700006166
2022-05-25,IE,15.7918420480648
2022-05-25,US,10.2599069538534
2022-05-26,AU,11.4780408494692
2022-05-26,CA,13.5945420541163
2022-05-26,DE,14.908154205868
2022-05-26,FR,7.7425709324241
2022-05-26,GB,12.961295245748
2022-05-26,IE,15.7986448306582
2022-05-26,US,10.2537663483484
2022-05-27,AU,11.4961154277151
2022-05-27,CA,13.597943650034
2022-05-27,DE,14.928593742882
2022-05-27,FR,7.74140130087882
2022-05-27,GB,12.969853111676
2022-05-27,IE,15.8021094710042
2022-05-27,US,10.2494064200433
2022-05-28,AU,11.511006074821
2022-05-28,CA,13.6069199805419
2022-05-28,DE,14.947345425374
2022-05-28,FR,7.74961486560612
2022-05-28,GB,13.0032989405659
2022-05-28,IE,15.8036955725425
2022-05-28,US,10.2522172003375
2022-05-29,AU,11.5147848873512
2022-05-29,CA,13.6074783747972
2022-05-29,DE,14.9705776490698
2022-05-29,FR,7.75836035727637
2022-05-29,GB,13.016186716131
2022-05-29,IE,15.7921646471302
2022-05-29,US,10.2404817618908
2022-05-30,AU,11.5208183712746
2022-05-30,CA,13.6087061599886
2022-05-30,DE,14.9941141527951
2022-05-30,FR,7.76951382214766
2022-05-30,GB,13.0261315889951
2022-05-30,IE,15.7585220198773
2022-05-30,US,10.2366308485584
2022-05-31,AU,11.5086972798872
2022-05-31,CA,13.6149739597724
2022-05-31,DE,15.0064917526418
2022-05-31,FR,7.76839177103889
2022-05-31,GB,13.0465283059765
2022-05-31,IE,15.7524401257894
2022-05-31,US,10.2422802920654
2022-06-01,AU,11.5039117555031
2022-06-01,CA,13.6311069185649
2022-06-01,DE,15.0241611224938
2022-06-01,FR,7.76768564603018
2022-06-01,GB,13.0611140399111
2022-06-01,IE,15.7586468871447
2022-06-01,US,10.2357309225203
2022-06-02,AU,11.496771660144
2022-06-02,CA,13.6519102189101
2022-06-02,DE,15.0579319179328
2022-06-02,FR,7.75560138135747
2022-06-02,GB,13.0771638864881
2022-06-02,IE,15.7907807552672
2022-06-02,US,10.2203393521995
2022-06-03,AU,11.5028778943557
2022-06-03,CA,13.6697325483121
2022-06-03,DE,15.0879128212989
2022-06-03,FR,7.74598857372897
2022-06-03,GB,13.1042391516624
2022-06-03,IE,15.8215240164818
2022-06-03,US,10.2056531986685
2022-06-04,AU,11.5047217078694
2022-06-04,CA,13.7035398658416
2022-06-04,DE,15.1262155049793
2022-06-04,FR,7.73720537434129
2022-06-04,GB,13.1441014652819
2022-06-04,IE,15.8774998003799
2022-06-04,US,10.1937787032586
2022-06-05,AU,11.5054243521553
2022-06-05,CA,13.7243921239596
2022-06-05,DE,15.1610783890079
2022-06-05,FR,7.73015672588694
2022-06-05,GB,13.1809369270704
2022-06-05,IE,15.9157183552612
2022-06-05,US,10.1829117616065
2022-06-06,AU,11.4958851214191
2022-06-06,CA,13.7394507383489
2022-06-06,DE,15.1940348953744
2022-06-06,FR,7.72097115136897
2022-06-06,GB,13.2061108699117
2022-06-06,IE,15.9789396947735
2022-06-06,US,10.1680924779921
2022-06-07,AU,11.4772654641563
2022-06-07,CA,13.7497885910247
2022-06-07,DE,15.228040943398
2022-06-07,FR,7.71793952438466
2022-06-07,GB,13.2149181166035
2022-06-07,IE,16.0162837612109
2022-06-07,US,10.1467160503398
2022-06-08,AU,11.4681185341554
2022-06-08,CA,13.7597390778628
2022-06-08,DE,15.2542741973746
2022-06-08,FR,7.7129782524527
2022-06-08,GB,13.2181032794406
2022-06-08,IE,16.0304837782352
2022-06-08,US,10.1386452820987
2022-06-09,AU,11.4572327706214
2022-06-09,CA,13.7689825852817
2022-06-09,DE,15.2558509319616
2022-06-09,FR,7.71775420398315
2022-06-09,GB,13.2054433978617
2022-06-09,IE,16.0301060456844
2022-06-09,US,10.1385309467089
2022-06-10,AU,11.4273998469886
2022-06-10,CA,13.7707189017799
2022-06-10,DE,15.2465160115064
2022-06-10,FR,7.71531028385442
2022-06-10,GB,13.1882467165096
2022-06-10,IE,16.0155607740871
2022-06-10,US,10.1395861914584
2022-06-11,AU,11.4075050519358
2022-06-11,CA,13.7639488705649
2022-06-11,DE,15.2420792143219
2022-06-11,FR,7.71061582807575
2022-06-11,GB,13.1566679366784
2022-06-11,IE,16.0005643469992
2022-06-11,US,10.1438590315122
2022-06-12,AU,11.3773325126585
2022-06-12,CA,13.743366893449
2022-06-12,DE,15.2397329447285
2022-06-12,FR,7.7051961906561
2022-06-12,GB,13.1252974240362
2022-06-12,IE,15.9827513591053
2022-06-12,US,10.1434223933507
2022-06-13,AU,11.3687068733451
2022-06-13,CA,13.7487448445543
2022-06-13,DE,15.2414579312307
2022-06-13,FR,7.70278314412554
2022-06-13,GB,13.1173548951776
2022-06-13,IE,15.9938462410863
2022-06-13,US,10.1471514684914
2022-06-14,AU,11.4006227196938
2022-06-14,CA,13.7584320586224
2022-06-14,DE,15.2338016150685
2022-06-14,FR,7.69347735066227
2022-06-14,GB,13.1069099626449
2022-06-14,IE,15.9534577889904
2022-06-14,US,10.1472037370715
2022-06-15,AU,11.4069240803514
2022-06-15,CA,13.76791504318
2022-06-15,DE,15.2260734615718
2022-06-15,FR,7.68936741895614
2022-06-15,GB,13.1068281999841
2022-06-15,IE,15.937532600275
2022-06-15,US,10.1452157761801
2022-06-16,AU,11.4241160942719
2022-06-16,CA,13.7687764211723
2022-06-16,DE,15.2195055836472
2022-06-16,FR,7.68007325659851
2022-06-16,GB,13.1141855736231
2022-06-16,IE,15.9291835544825
2022-06-16,US,10.1362189725687
2022-06-17,AU,11.43661103611
2022-06-17,CA,13.7787219448812
2022-06-17,DE,15.2413373088484
2022-06-17,FR,7.66968471639363
2022-06-17,GB,13.1272342677171
2022-06-17,IE,15.9273975435901
2022-06-17,US,10.1280743384742
2022-06-18,AU,11.4313811029955
2022-06-18,CA,13.7749487882335
2022-06-18,DE,15.2326987909548
2022-06-18,FR,7.66277503211471
2022-06-18,GB,13.1262451900802
2022-06-18,IE,15.9251525471962
2022-06-18,US,10.1130475320631
2022-06-19,AU,11.4415665709854
2022-06-19,CA,13.7862428918128
2022-06-19,DE,15.2323035226621
2022-06-19,FR,7.6535741305505
2022-06-19,GB,13.1401026744289
2022-06-19,IE,15.9442836846539
2022-06-19,US,10.1080028577
2022-06-20,AU,11.4492935738598
2022-06-20,CA,13.7718511592681
2022-06-20,DE,15.2311225031279
2022-06-20,FR,7.6441142646167
2022-06-20,GB,13.1448112803355
2022-06-20,IE,15.922419676246
2022-06-20,US,10.1027821130752
2022-06-21,AU,11.4290856100979
2022-06-21,CA,13.7579288777017
2022-06-21,DE,15.2297142471418
2022-06-21,FR,7.63224973883085
2022-06-21,GB,13.1589882408797
2022-06-21,IE,15.9260231581103
2022-06-21,US,10.1000606069304
2022-06-22,AU,11.4289258671599
2022-06-22,CA,13.7387895726452
2022-06-22,DE,15.2362150883909
2022-06-22,FR,7.61244494606397
2022-06-22,GB,13.1751605491849
2022-06-22,IE,15.9206816692019
2022-06-22,US,10.0920125160421
2022-06-23,AU,11.4317592828266
2022-06-23,CA,13.7173122515838
2022-06-23,DE,15.2387876233178
2022-06-23,FR,7.60344425170279
2022-06-23,GB,13.192984907091
2022-06-23,IE,15.9227691795039
2022-06-23,US,10.0857292921869
2022-06-24,AU,11.459473403889
2022-06-24,CA,13.7083279754262
2022-06-24,DE,15.2193340867291
2022-06-24,FR,7.6020663348408
2022-06-24,GB,13.2060480431346
2022-06-24,IE,15.9189320304842
2022-06-24,US,10.0801219037887
2022-06-25,AU,11.4876482990027
2022-06-25,CA,13.6918648221044
2022-06-25,DE,15.2235509979209
2022-06-25,FR,7.59281876288246
2022-06-25,GB,13.2212815478639
2022-06-25,IE,15.9269887429532
2022-06-25,US,10.071136427309
2022-06-26,AU,11.5246908556606
2022-06-26,CA,13.6801448679562
2022-06-26,DE,15.2210092280823
2022-06-26,FR,7.59047910879922
2022-06-26,GB,13.2282952460446
2022-06-26,IE,15.9050523122304
2022-06-26,US,10.0690993628682
2022-06-27,AU,11.5446693458333
2022-06-27,CA,13.675303571138
2022-06-27,DE,15.2097592311114
2022-06-27,FR,7.5755600479815
2022-06-27,GB,13.2450462573721
2022-06-27,IE,15.9135521981469
2022-06-27,US,10.0641759476825
2022-06-28,AU,11.5752698023015
2022-06-28,CA,13.6677133889503
2022-06-28,DE,15.2086574525739
2022-06-28,FR,7.57874340125348
2022-06-28,GB,13.2535893040181
2022-06-28,IE,15.9207862856904
2022-06-28,US,10.0562643744237
2022-06-29,AU,11.5974975328074
2022-06-29,CA,13.6575265747775
2022-06-29,DE,15.1972347566578
2022-06-29,FR,7.58867560382579
2022-06-29,GB,13.2431797839643
2022-06-29,IE,15.9327352818633
2022-06-29,US,10.0423891553058
2022-06-30,AU,11.6313351843325
2022-06-30,CA,13.665719085396
2022-06-30,DE,15.1858043884309
2022-06-30,FR,7.58512300074061
2022-06-30,GB,13.232056780268
2022-06-30,IE,15.9571125207822
2022-06-30,US,10.0370135842314
2022-07-01,AU,11.6672398918391
2022-07-01,CA,13.6577430497682
2022-07-01,DE,15.180573362079
2022-07-01,FR,7.58628609976085
2022-07-01,GB,13.2332319346051
2022-07-01,IE,16.0101939403808
2022-07-01,US,10.0359590165098
2022-07-02,AU,11.7106710482591
2022-07-02,CA,13.6681499876988
2022-07-02,DE,15.1808277839229
2022-07-02,FR,7.5872474118812
2022-07-02,GB,13.2465394679558
2022-07-02,IE,16.037154259344
2022-07-02,US,10.0352650628529
2022-07-03,AU,11.7532067090683
2022-07-03,CA,13.6783548169372
2022-07-03,DE,15.1863440807563
2022-07-03,FR,7.59043001523132
2022-07-03,GB,13.2591424459287
2022-07-03,IE,16.0836909194744
2022-07-03,US,10.0266275154139
2022-07-04,AU,11.7876810410086
2022-07-04,CA,13.6798497561993
2022-07-04,DE,15.1944534845851
2022-07-04,FR,7.60639437015403
2022-07-04,GB,13.2557130206116
2022-07-04,IE,16.115604756249
2022-07-04,US,10.0198133682081
2022-07-05,AU,11.8119562744168
2022-07-05,CA,13.6824190365637
2022-07-05,DE,15.1987035212007
2022-07-05,FR,7.60889436764399
2022-07-05,GB,13.2493382250463
2022-07-05,IE,16.1659768952501
2022-07-05,US,10.0197095151522
2022-07-06,AU,11.8375767446271
2022-07-06,CA,13.6880189063383
2022-07-06,DE,15.2023100363982
2022-07-06,FR,7.61288867937473
2022-07-06,GB,13.2593155601646
2022-07-06,IE,16.2160141147372
2022-07-06,US,10.0129168965234
2022-07-07,AU,11.8562951621531
2022-07-07,CA,13.6820377921871
2022-07-07,DE,15.2148042369766
2022-07-07,FR,7.62596618428281
2022-07-07,GB,13.2501105273653
2022-07-07,IE,16.198230151421
2022-07-07,US,10.0076119915584
2022-07-08,AU,11.8579218607566
2022-07-08,CA,13.6731565678927
2022-07-08,DE,15.2060428947278
2022-07-08,FR,7.63475153926117
2022-07-08,GB,13.2264863583119
2022-07-08,IE,16.1708976406297
2022-07-08,US,9.98732070753671
2022-07-09,AU,11.8680406953896
2022-07-09,CA,13.6591829003868
2022-07-09,DE,15.1961602879338
2022-07-09,FR,7.64002934451098
2022-07-09,GB,13.2071545502304
2022-07-09,IE,16.1253005493365
2022-07-09,US,9.96710660228371
2022-07-10,AU,11.8659086126222
2022-07-10,CA,13.6401460105593
2022-07-10,DE,15.1771580588506
2022-07-10,FR,7.65649360646912
2022-07-10,GB,13.1927156863602
2022-07-10,IE,16.0950718055521
2022-07-10,US,9.94057935812527
2022-07-11,AU,11.8753927419672
2022-07-11,CA,13.62774291972
2022-07-11,DE,15.1709850971824
2022-07-11,FR,7.66658065522063
2022-07-11,GB,13.1786843927591
2022-07-11,IE,16.0717063137116
2022-07-11,US,9.91308489027201
2022-07-12,AU,11.8915279207391
2022-07-12,CA,13.6217839569174
2022-07-12,DE,15.1611352700901
2022-07-12,FR,7.68237744549588
2022-07-12,GB,13.1683872754321
2022-07-12,IE,16.0334014917825
2022-07-12,US,9.88482626851874
2022-07-13,AU,11.9107294500269
2022-07-13,CA,13.606590926009
2022-07-13,DE,15.1583290324035
2022-07-13,FR,7.70527544535585
2022-07-13,GB,13.1511708027664
2022-07-13,IE,15.9906341110848
2022-07-13,US,9.87001703052031
2022-07-14,AU,11.9283045136603
2022-07-14,CA,13.5874192892791
2022-07-14,DE,15.1431673795584
2022-07-14,FR,7.71864193386834
2022-07-14,GB,13.1510850021852
2022-07-14,IE,15.9803008099733
2022-07-14,US,9.85020616566105
2022-07-15,AU,11.9300984434812
2022-07-15,CA,13.5792965118702
2022-07-15,DE,15.1392144950644
2022-07-15,FR,7.73313957948714
2022-07-15,GB,13.1544325087789
2022-07-15,IE,15.9513646437737
2022-07-15,US,9.83912551173588
2022-07-16,AU,11.9121218857026
2022-07-16,CA,13.5450960106796
2022-07-16,DE,15.1362539877408
2022-07-16,FR,7.74523704050439
2022-07-16,GB,13.1494907428198
2022-07-16,IE,15.9329952305837
2022-07-16,US,9.83214791637862
2022-07-17,AU,11.9023891076998
2022-07-17,CA,13.5206268687519
2022-07-17,DE,15.1364403231841
2022-07-17,FR,7.74769239172149
2022-07-17,GB,13.1434652542223
2022-07-17,IE,15.8985683033481
2022-07-17,US,9.83166583408476
2022-07-18,AU,11.8861927577488
2022-07-18,CA,13.4962612018983
2022-07-18,DE,15.137307376603
2022-07-18,FR,7.75465284704078
2022-07-18,GB,13.1335444158798
2022-07-18,IE,15.8627638264297
2022-07-18,US,9.83180325740275
2022-07-19,AU,11.8664838210702
2022-07-19,CA,13.4605381143454
2022-07-19,DE,15.1433807560935
2022-07-19,FR,7.76467964564992
2022-07-19,GB,13.1336034648977
2022-07-19,IE,15.8291462136114
2022-07-19,US,9.8274645428681
2022-07-20,AU,11.8478416770787
2022-07-20,CA,13.4300597612313
2022-07-20,DE,15.1436938045767
2022-07-20,FR,7.76178266954288
2022-07-20,GB,13.1379621146244
2022-07-20,IE,15.7836242982716
2022-07-20,US,9.82727430543554
2022-07-21,AU,11.8185902350266
2022-07-21,CA,13.4003590249256
2022-07-21,DE,15.1424819688628
2022-07-21,FR,7.76662378876893
2022-07-21,GB,13.1413818755812
2022-07-21,IE,15.7303202901762
2022-07-21,US,9.82030765212892
2022-07-22,AU,11.7971140504612
2022-07-22,CA,13.361906040861
2022-07-22,DE,15.1446628317196
2022-07-22,FR,7.76264501922683
2022-07-22,GB,13.135677238193
2022-07-22,IE,15.6758277387093
2022-07-22,US,9.8141039139804
2022-07-23,AU,11.7610265568943
2022-07-23,CA,13.3174699804051
2022-07-23,DE,15.1491218543889
2022-07-23,FR,7.76732799721904
2022-07-23,GB,13.1030172016791
2022-07-23,IE,15.6338113997186
2022-07-23,US,9.79294262334355
2022-07-24,AU,11.7386844280567
2022-07-24,CA,13.2888654397429
2022-07-24,DE,15.1547235616969
2022-07-24,FR,7.77607782457026
2022-07-24,GB,13.0884625115896
2022-07-24,IE,15.6070909737229
2022-07-24,US,9.78625497741232
2022-07-25,AU,11.7250915962203
2022-07-25,CA,13.2657832389826
2022-07-25,DE,15.1472672249887
2022-07-25,FR,7.77133323619694
2022-07-25,GB,13.0760968046089
2022-07-25,IE,15.5665877100885
2022-07-25,US,9.77589290475467
2022-07-26,AU,11.698630165384
2022-07-26,CA,13.242280228021
2022-07-26,DE,15.1366463933491
2022-07-26,FR,7.76946730987808
2022-07-26,GB,13.0533636662604
2022-07-26,IE,15.535645487314
2022-07-26,US,9.76801749760348
2022-07-27,AU,11.682711991565
2022-07-27,CA,13.2242673449727
2022-07-27,DE,15.1371648374796
2022-07-27,FR,7.78015664968505
2022-07-27,GB,13.0264073489775
2022-07-27,IE,15.5080752348045
2022-07-27,US,9.75561454858529
2022-07-28,AU,11.6803960260284
2022-07-28,CA,13.213668821401
2022-07-28,DE,15.1516363566017
2022-07-28,FR,7.79093949427592
2022-07-28,GB,13.0064199622107
2022-07-28,IE,15.5224372002807
2022-07-28,US,9.75529180790908
2022-07-29,AU,11.6785421052019
2022-07-29,CA,13.1994998177827
2022-07-29,DE,15.1466956171761
2022-07-29,FR,7.80812134461119
2022-07-29,GB,12.9982438586073
2022-07-29,IE,15.5349094319534
2022-07-29,US,9.75810548388394
2022-07-30,AU,11.6958791370547
2022-07-30,CA,13.2170693510197
2022-07-30,DE,15.1386592750927
2022-07-30,FR,7.82317178145239
2022-07-30,GB,13.011904379428
2022-07-30,IE,15.541638412745
2022-07-30,US,9.78219737488046
2022-07-31,AU,11.6930991043457
2022-07-31,CA,13.2133090236202
2022-07-31,DE,15.1233063925219
2022-07-31,FR,7.82915242666914
2022-07-31,GB,13.003919269344
2022-07-31,IE,15.5367890254578
2022-07-31,US,9.78819841266392
2022-08-01,AU,11.6736111658654
2022-08-01,CA,13.2024180381223
2022-08-01,DE,15.1263951935364
2022-08-01,FR,7.84768619706011
2022-08-01,GB,12.9971174274016
2022-08-01,IE,15.5400651879803
2022-08-01,US,9.77862616636314
2022-08-02,AU,11.6499952374671
2022-08-02,CA,13.2005696419408
2022-08-02,DE,15.1261627273574
2022-08-02,FR,7.85510018676251
2022-08-02,GB,13.0037665803739
2022-08-02,IE,15.5614039991824
2022-08-02,US,9.78135145545576
2022-08-03,AU,11.6250107513854
2022-08-03,CA,13.2096147043834
2022-08-03,DE,15.101335464732
2022-08-03,FR,7.86063542061114
2022-08-03,GB,13.0151714663673
2022-08-03,IE,15.6058273270365
2022-08-03,US,9.78736039022805
2022-08-04,AU,11.5899932225581
2022-08-04,CA,13.205837512743
2022-08-04,DE,15.0818205520757
2022-08-04,FR,7.86440360884731
2022-08-04,GB,13.0170920055967
2022-08-04,IE,15.6399489456919
2022-08-04,US,9.78582886837683
2022-08-05,AU,11.5654231866869
2022-08-05,CA,13.2076164038337
2022-08-05,DE,15.0775743442629
2022-08-05,FR,7.86272884864707
2022-08-05,GB,13.0122136700273
2022-08-05,IE,15.6833342503941
2022-08-05,US,9.77999497906446
2022-08-06,AU,11.5220136255055
2022-08-06,CA,13.2005072029996
2022-08-06,DE,15.0697708901087
2022-08-06,FR,7.86081817846438
2022-08-06,GB,13.0120099439033
2022-08-06,IE,15.7305823907686
2022-08-06,US,9.76656182618532
2022-08-07,AU,11.4990870208233
2022-08-07,CA,13.1989966524298
2022-08-07,DE,15.0874520018679
2022-08-07,FR,7.86329141815379
2022-08-07,GB,13.0112588611447
2022-08-07,IE,15.7900870715801
2022-08-07,US,9.75628772957691
2022-08-08,AU,11.4852821469422
2022-08-08,CA,13.1997935265363
2022-08-08,DE,15.0895166562745
2022-08-08,FR,7.86538635462516
2022-08-08,GB,13.0134849878844
2022-08-08,IE,15.8496245073545
2022-08-08,US,9.76090335662295
2022-08-09,AU,11.486009100337
2022-08-09,CA,13.1911888412982
2022-08-09,DE,15.0922279115649
2022-08-09,FR,7.87042172079512
2022-08-09,GB,13.001600482243
2022-08-09,IE,15.8566793271979
2022-08-09,US,9.76044814383267
2022-08-10,AU,11.4771092047285
2022-08-10,CA,13.1673199024441
2022-08-10,DE,15.1144457033048
2022-08-10,FR,7.86795120553929
2022-08-10,GB,12.9882936947045
2022-08-10,IE,15.8605892063156
2022-08-10,US,9.76504363381319
2022-08-11,AU,11.4635255390618
2022-08-11,CA,13.1476349558891
2022-08-11,DE,15.1354097554752
2022-08-11,FR,7.85908488975144
2022-08-11,GB,12.9759949037022
2022-08-11,IE,15.8535170890228
2022-08-11,US,9.7633952800473
2022-08-12,AU,11.4452265207081
2022-08-12,CA,13.1269649545495
2022-08-12,DE,15.1474900450805
2022-08-12,FR,7.86365660902433
2022-08-12,GB,12.9674401545395
2022-08-12,IE,15.8473335325078
2022-08-12,US,9.76130100082122
2022-08-13,AU,11.4373488152879
2022-08-13,CA,13.107165151198
2022-08-13,DE,15.1505570038203
2022-08-13,FR,7.87062180287543
2022-08-13,GB,12.9244659232498
2022-08-13,IE,15.8325580676721
2022-08-13,US,9.75002006741087
2022-08-14,AU,11.4257699486911
2022-08-14,CA,13.0830816136285
2022-08-14,DE,15.1407780649595
2022-08-14,FR,7.87343230575338
2022-08-14,GB,12.9105550539801
2022-08-14,IE,15.8044648864691
2022-08-14,US,9.74853465806302
2022-08-15,AU,11.4306415175065
2022-08-15,CA,13.0566861309871
2022-08-15,DE,15.1351759514082
2022-08-15,FR,7.8751468784052
2022-08-15,GB,12.9056647460054
2022-08-15,IE,15.7766738477611
2022-08-15,US,9.75059313026463
2022-08-16,AU,11.4186462027731
2022-08-16,CA,13.0266013277591
2022-08-16,DE,15.134430798721
2022-08-16,FR,7.88174895542425
2022-08-16,GB,12.9023501917075
2022-08-16,IE,15.7564809925747
2022-08-16,US,9.74398629475156
2022-08-17,AU,11.4309128859211
2022-08-17,CA,13.0009237043741
2022-08-17,DE,15.1279554333765
2022-08-17,FR,7.88754784125667
2022-08-17,GB,12.90055491773
2022-08-17,IE,15.7274547907623
2022-08-17,US,9.73016501102408
2022-08-18,AU,11.444006689067
2022-08-18,CA,12.9924683651868
2022-08-18,DE,15.110686821644
2022-08-18,FR,7.90410440421482
2022-08-18,GB,12.9033415321635
2022-08-18,IE,15.6956381918783
2022-08-18,US,9.71944775697817
2022-08-19,AU,11.4553453774863
2022-08-19,CA,12.9925571654775
2022-08-19,DE,15.0993244559925
2022-08-19,FR,7.91535837840468
2022-08-19,GB,12.9086468936734
2022-08-19,IE,15.6550678809646
2022-08-19,US,9.71451127066029
2022-08-20,AU,11.4885469317755
2022-08-20,CA,13.0020797322038
2022-08-20,DE,15.103809642071
2022-08-20,FR,7.92370513146777
2022-08-20,GB,12.9508010190396
2022-08-20,IE,15.6106691115165
2022-08-20,US,9.72149194448389
2022-08-21,AU,11.5042835125343
2022-08-21,CA,13.0097051473871
2022-08-21,DE,15.0968180804222
2022-08-21,FR,7.92330216082359
2022-08-21,GB,12.9606719693355
2022-08-21,IE,15.5639563896506
2022-08-21,US,9.7184688935825
2022-08-22,AU,11.5105283400587
2022-08-22,CA,13.0124297796697
2022-08-22,DE,15.0875720951276
2022-08-22,FR,7.93700000250308
2022-08-22,GB,12.9645009259779
2022-08-22,IE,15.5217779816863
2022-08-22,US,9.71052187902698
2022-08-23,AU,11.5318023706759
2022-08-23,CA,13.0220340948902
2022-08-23,DE,15.0840916607439
2022-08-23,FR,7.94526559255151
2022-08-23,GB,12.9678175833775
2022-08-23,IE,15.486962476813
2022-08-23,US,9.7007920324467
2022-08-24,AU,11.5250466832945
2022-08-24,CA,13.0163889993218
2022-08-24,DE,15.0811163794851
2022-08-24,FR,7.94976341257633
2022-08-24,GB,12.9679948081399
2022-08-24,IE,15.4298996615607
2022-08-24,US,9.6887997167226
2022-08-25,AU,11.526500748716
2022-08-25,CA,13.0013736842958
2022-08-25,DE,15.084402629885
2022-08-25,FR,7.94253783406052
2022-08-25,GB,12.970453451871
2022-08-25,IE,15.3795033716334
2022-08-25,US,9.68685647806159
2022-08-26,AU,11.5327836672899
2022-08-26,CA,12.9787623880585
2022-08-26,DE,15.091175742324
2022-08-26,FR,7.921272089264
2022-08-26,GB,12.9685066152399
2022-08-26,IE,15.3310871000916
2022-08-26,US,9.67934483364817
2022-08-27,AU,11.5398737628788
2022-08-27,CA,12.9583413284123
2022-08-27,DE,15.0915276822772
2022-08-27,FR,7.90148856623958
2022-08-27,GB,12.9669752249948
2022-08-27,IE,15.2844359371368
2022-08-27,US,9.66900242143026
2022-08-28,AU,11.54270342002
2022-08-28,CA,12.9300658040404
2022-08-28,DE,15.0901403557838
2022-08-28,FR,7.89047172575639
2022-08-28,GB,12.9618097192107
2022-08-28,IE,15.2372130612474
2022-08-28,US,9.65766443828498
2022-08-29,AU,11.5429564507072
2022-08-29,CA,12.9046516570297
2022-08-29,DE,15.1036485893214
2022-08-29,FR,7.86464580628664
2022-08-29,GB,12.9519926796724
2022-08-29,IE,15.1799751376361
2022-08-29,US,9.64374882144487
2022-08-30,AU,11.557286026641
2022-08-30,CA,12.8803827976568
2022-08-30,DE,15.0905174740007
2022-08-30,FR,7.84270955658975
2022-08-30,GB,12.9500458750297
2022-08-30,IE,15.1378494578239
2022-08-30,US,9.63778233483045
2022-08-31,AU,11.5790839864125
2022-08-31,CA,12.861530835331
2022-08-31,DE,15.0759653178281
2022-08-31,FR,7.82187783909148
2022-08-31,GB,12.9474824782838
2022-08-31,IE,15.1049109178707
2022-08-31,US,9.63322890649596
2022-09-01,AU,11.5619446741523
2022-09-01,CA,12.8479163734906
2022-09-01,DE,15.0724826027496
2022-09-01,FR,7.81349048275013
2022-09-01,GB,12.9361290941707
2022-09-01,IE,15.0572092709538
2022-09-01,US,9.6214968420164
2022-09-02,AU,11.5484371869728
2022-09-02,CA,12.8333715760387
2022-09-02,DE,15.070359126315
2022-09-02,FR,7.81107008309287
2022-09-02,GB,12.9317097872175
2022-09-02,IE,15.0310359794775
2022-09-02,US,9.61444664776129
2022-09-03,AU,11.5164416308547
2022-09-03,CA,12.8143805899768
2022-09-03,DE,15.0656662158919
2022-09-03,FR,7.81031595671704
2022-09-03,GB,12.9236764916933
2022-09-03,IE,14.9990827553432
2022-09-03,US,9.61217222036341
2022-09-04,AU,11.4952603050237
2022-09-04,CA,12.79850009306
2022-09-04,DE,15.061657061933
2022-09-04,FR,7.8067779883581
2022-09-04,GB,12.9140305036819
2022-09-04,IE,14.9729577161312
2022-09-04,US,9.61018695752595
2022-09-05,AU,11.4684354150532
2022-09-05,CA,12.7907918385061
2022-09-05,DE,15.0434515199913
2022-09-05,FR,7.79395927373099
2022-09-05,GB,12.9066999415844
2022-09-05,IE,14.9339632459086
2022-09-05,US,9.61562149549917
2022-09-06,AU,11.4310365853711
2022-09-06,CA,12.7897933185536
2022-09-06,DE,15.0489188883064
2022-09-06,FR,7.7802829289871
2022-09-06,GB,12.8932715323479
2022-09-06,IE,14.8969311571514
2022-09-06,US,9.61765288837985
2022-09-07,AU,11.4094865859881
2022-09-07,CA,12.7851185775574
2022-09-07,DE,15.0593930122562
2022-09-07,FR,7.77469196272611
2022-09-07,GB,12.87556137707
2022-09-07,IE,14.8627061462409
2022-09-07,US,9.62213840051169
2022-09-08,AU,11.4108608587144
2022-09-08,CA,12.7755747826023
2022-09-08,DE,15.0535621756536
2022-09-08,FR,7.76388411052318
2022-09-08,GB,12.869221078966
2022-09-08,IE,14.8712357052664
2022-09-08,US,9.61494756999412
2022-09-09,AU,11.4097185216448
2022-09-09,CA,12.7764545473194
2022-09-09,DE,15.0425527400041
2022-09-09,FR,7.75687790041108
2022-09-09,GB,12.8613258403558
2022-09-09,IE,14.8813789560825
2022-09-09,US,9.60719001664084
2022-09-10,AU,11.406267669233
2022-09-10,CA,12.7617069512767
2022-09-10,DE,15.0431086555722
2022-09-10,FR,7.74917175062458
2022-09-10,GB,12.8477869329648
2022-09-10,IE,14.8934665206376
2022-09-10,US,9.60135898559676
2022-09-11,AU,11.409031041925
2022-09-11,CA,12.7640497163714
2022-09-11,DE,15.0535663130173
2022-09-11,FR,7.74439601285826
2022-09-11,GB,12.8445333656296
2022-09-11,IE,14.9118987450326
2022-09-11,US,9.59531375727644
2022-09-12,AU,11.4147061260906
2022-09-12,CA,12.7564764154078
2022-09-12,DE,15.0591008327394
2022-09-12,FR,7.74577428801748
2022-09-12,GB,12.8442244413876
2022-09-12,IE,14.9415529015455
2022-09-12,US,9.58938813403751
2022-09-13,AU,11.4135269542997
2022-09-13,CA,12.7367844267513
2022-09-13,DE,15.0562492930248
2022-09-13,FR,7.75359246563669
2022-09-13,GB,12.8373882808202
2022-09-13,IE,14.9603335271366
2022-09-13,US,9.58224334024958
2022-09-14,AU,11.3948175729204
2022-09-14,CA,12.7396584563374
2022-09-14,DE,15.0523681720653
2022-09-14,FR,7.75416365820541
2022-09-14,GB,12.846510325625
2022-09-14,IE,15.0006942010892
2022-09-14,US,9.58100601118683
2022-09-15,AU,11.3792993298347
2022-09-15,CA,12.7395512741785
2022-09-15,DE,15.0489035887999
2022-09-15,FR,7.76808274690963
2022-09-15,GB,12.8581597859091
2022-09-15,IE,15.0208567848828
2022-09-15,US,9.58937860396914
2022-09-16,AU,11.3640028859915
2022-09-16,CA,12.7382589516728
2022-09-16,DE,15.0524073371597
2022-09-16,FR,7.78466527974485
2022-09-16,GB,12.8606718971202
2022-09-16,IE,15.0165461855547
2022-09-16,US,9.59967831917846
2022-09-17,AU,11.3648647393168
2022-09-17,CA,12.7506620608675
2022-09-17,DE,15.0503422373295
2022-09-17,FR,7.80434343338765
2022-09-17,GB,12.8751904729979
2022-09-17,IE,15.0006834096755
2022-09-17,US,9.60316210881609
2022-09-18,AU,11.3513156757897
2022-09-18,CA,12.7495458566439
2022-09-18,DE,15.0488440351572
2022-09-18,FR,7.82263604770266
2022-09-18,GB,12.8927538033399
2022-09-18,IE,14.9908884025074
2022-09-18,US,9.60269110377492
2022-09-19,AU,11.3457912026717
2022-09-19,CA,12.7564656498324
2022-09-19,DE,15.0478457728932
2022-09-19,FR,7.84799011182865
2022-09-19,GB,12.907694391806
2022-09-19,IE,14.9820594641596
2022-09-19,US,9.60556986298623
2022-09-20,AU,11.3466400441882
2022-09-20,CA,12.7785070125117
2022-09-20,DE,15.0511873734835
2022-09-20,FR,7.86750308822358
2022-09-20,GB,12.9397037025319
2022-09-20,IE,14.9923138666288
2022-09-20,US,9.60113866358578
2022-09-21,AU,11.3476653070708
2022-09-21,CA,12.7889291134331
2022-09-21,DE,15.0596864971821
2022-09-21,FR,7.90313812289942
2022-09-21,GB,12.9746385052787
2022-09-21,IE,15.014985786964
2022-09-21,US,9.58746151784146
2022-09-22,AU,11.3429598428747
2022-09-22,CA,12.7911274150096
2022-09-22,DE,15.064363697823
2022-09-22,FR,7.92801784634367
2022-09-22,GB,12.9968491739088
2022-09-22,IE,15.0060195317447
2022-09-22,US,9.57604407649633
2022-09-23,AU,11.3348045973047
2022-09-23,CA,12.7847647382529
2022-09-23,DE,15.0622760535305
2022-09-23,FR,7.95994053965794
2022-09-23,GB,13.0143337152147
2022-09-23,IE,15.0289809159173
2022-09-23,US,9.56222302481014
2022-09-24,AU,11.3144715984341
2022-09-24,CA,12.7763875260008
2022-09-24,DE,15.0575348370346
2022-09-24,FR,7.98579202787966
2022-09-24,GB,13.0315187960613
2022-09-24,IE,15.0593352731821
2022-09-24,US,9.55078552496412
2022-09-25,AU,11.3090843356944
2022-09-25,CA,12.7723042650603
2022-09-25,DE,15.0500762787456
2022-09-25,FR,8.01119965018852
2022-09-25,GB,13.0489383555775
2022-09-25,IE,15.0812964068968
2022-09-25,US,9.54376996060946
2022-09-26,AU,11.2934765815853
2022-09-26,CA,12.76091449715
2022-09-26,DE,15.0498466278316
2022-09-26,FR,8.04412692197589
2022-09-26,GB,13.0613582485993
2022-09-26,IE,15.1032521964348
2022-09-26,US,9.53316283639144
2022-09-27,AU,11.2777550686588
2022-09-27,CA,12.7508480661385
2022-09-27,DE,15.0487785276619
2022-09-27,FR,8.07905074128515
2022-09-27,GB,13.0599096253608
2022-09-27,IE,15.1121870015405
2022-09-27,US,9.53430398634872
2022-09-28,AU,11.2600942397642
2022-09-28,CA,12.7582861823095
2022-09-28,DE,15.0412466883388
2022-09-28,FR,8.0961562643101
2022-09-28,GB,13.0364575846503
2022-09-28,IE,15.0848293572642
2022-09-28,US,9.54278790292468
2022-09-29,AU,11.2527545341362
2022-09-29,CA,12.7790647100729
2022-09-29,DE,15.042308650806
2022-09-29,FR,8.13020882446864
2022-09-29,GB,13.0200632936824
2022-09-29,IE,15.1050064661929
2022-09-29,US,9.5572782783375
2022-09-30,AU,11.265035598975
2022-09-30,CA,12.8056732182372
2022-09-30,DE,15.0511324758494
2022-09-30,FR,8.15914864869784
2022-09-30,GB,13.0220379945099
2022-09-30,IE,15.1141811636292
2022-09-30,US,9.57332741142206
2022-10-01,AU,11.2407531640093
2022-10-01,CA,12.8436138365133
2022-10-01,DE,15.069793005023
2022-10-01,FR,8.20120415003363
2022-10-01,GB,13.0176084982568
2022-10-01,IE,15.1179095426428
2022-10-01,US,9.58509163406002
2022-10-02,AU,11.23381626914
2022-10-02,CA,12.8765386873969
2022-10-02,DE,15.0897789389791
2022-10-02,FR,8.24371241075462
2022-10-02,GB,13.0188328549118
2022-10-02,IE,15.1402625423489
2022-10-02,US,9.59350006890617
2022-10-03,AU,11.2155529488106
2022-10-03,CA,12.9106795488678
2022-10-03,DE,15.10804205111
2022-10-03,FR,8.27708169590157
2022-10-03,GB,13.0289390283321
2022-10-03,IE,15.1710071403276
2022-10-03,US,9.60196256907533
2022-10-04,AU,11.2073400697054
2022-10-04,CA,12.9271451545058
2022-10-04,DE,15.1309637395046
2022-10-04,FR,8.31009303891896
2022-10-04,GB,13.0243424627462
2022-10-04,IE,15.1906406755677
2022-10-04,US,9.60639940662358
2022-10-05,AU,11.1976721486046
2022-10-05,CA,12.9262823711362
2022-10-05,DE,15.1212188274345
2022-10-05,FR,8.35421410054932
2022-10-05,GB,13.0316556680707
2022-10-05,IE,15.1969470310555
2022-10-05,US,9.60682355711068
2022-10-06,AU,11.1754325221206
2022-10-06,CA,12.9304701940865
2022-10-06,DE,15.1002962465965
2022-10-06,FR,8.38726293379821
2022-10-06,GB,13.0310635781657
2022-10-06,IE,15.1852361315903
2022-10-06,US,9.598527784151
2022-10-07,AU,11.1456358644323
2022-10-07,CA,12.9250707646752
2022-10-07,DE,15.0810431489397
2022-10-07,FR,8.42202018102895
2022-10-07,GB,13.0242781431233
2022-10-07,IE,15.1566792866191
2022-10-07,US,9.59453356754862
2022-10-08,AU,11.1499407517903
2022-10-08,CA,12.9069603999094
2022-10-08,DE,15.0570487312067
2022-10-08,FR,8.44411581937595
2022-10-08,GB,13.0155775240587
2022-10-08,IE,15.1408821172636
2022-10-08,US,9.5860482529463
2022-10-09,AU,11.1330575195024
2022-10-09,CA,12.8899363699215
2022-10-09,DE,15.0293411807191
2022-10-09,FR,8.4706229184156
2022-10-09,GB,12.9945868423239
2022-10-09,IE,15.1089136822811
2022-10-09,US,9.57808248383798
2022-10-10,AU,11.1251462799299
2022-10-10,CA,12.8837804094895
2022-10-10,DE,14.994931557786
2022-10-10,FR,8.4947119574897
2022-10-10,GB,12.9684929202854
2022-10-10,IE,15.0658527897412
2022-10-10,US,9.56990509605845
2022-10-11,AU,11.1027805042864
2022-10-11,CA,12.8905609847963
2022-10-11,DE,14.9541753427596
2022-10-11,FR,8.52355239585044
2022-10-11,GB,12.9597481403045
2022-10-11,IE,15.0248885210645
2022-10-11,US,9.56041918090403
2022-10-12,AU,11.0928352839527
2022-10-12,CA,12.9002743624597
2022-10-12,DE,14.9436913934092
2022-10-12,FR,8.55706513341804
2022-10-12,GB,12.949646052684
2022-10-12,IE,15.0078498433465
2022-10-12,US,9.55303660894899
2022-10-13,AU,11.0896176575588
2022-10-13,CA,12.9034436259325
2022-10-13,DE,14.9398753752665
2022-10-13,FR,8.58492673732709
2022-10-13,GB,12.946831002108
2022-10-13,IE,14.976156088695
2022-10-13,US,9.54768096332432
2022-10-14,AU,11.0638533780108
2022-10-14,CA,12.9152672341013
2022-10-14,DE,14.9262371140596
2022-10-14,FR,8.61154359090023
2022-10-14,GB,12.9348231988198
2022-10-14,IE,14.9553794338076
2022-10-14,US,9.53791045555361
2022-10-15,AU,11.0327073304895
2022-10-15,CA,12.9305186333177
2022-10-15,DE,14.9083883148163
2022-10-15,FR,8.63564731900012
2022-10-15,GB,12.9292323769612
2022-10-15,IE,14.9422149453489
2022-10-15,US,9.5341903458886
2022-10-16,AU,11.0185105386521
2022-10-16,CA,12.9379987559787
2022-10-16,DE,14.8941023555085
2022-10-16,FR,8.65546569438965
2022-10-16,GB,12.9343987314153
2022-10-16,IE,14.9389639139532
2022-10-16,US,9.53712596764572
2022-10-17,AU,11.0097905156278
2022-10-17,CA,12.9405969566825
2022-10-17,DE,14.8789505393831
2022-10-17,FR,8.68783074380237
2022-10-17,GB,12.9416899938888
2022-10-17,IE,14.9340176049809
2022-10-17,US,9.53829067860953
2022-10-18,AU,11.0024282307171
2022-10-18,CA,12.9294003241406
2022-10-18,DE,14.865758140614
2022-10-18,FR,8.71725706628527
2022-10-18,GB,12.9487401856228
2022-10-18,IE,14.9269073065542
2022-10-18,US,9.53922214379276
2022-10-19,AU,10.9809990239858
2022-10-19,CA,12.907335361235
2022-10-19,DE,14.8640598757986
2022-10-19,FR,8.73582884960927
2022-10-19,GB,12.9613631335839
2022-10-19,IE,14.899329892313
2022-10-19,US,9.5412668328793
2022-10-20,AU,10.9777694331781
2022-10-20,CA,12.8777181394802
2022-10-20,DE,14.861212233598
2022-10-20,FR,8.75858662387902
2022-10-20,GB,12.973630073403
2022-10-20,IE,14.8799690585518
2022-10-20,US,9.54012348224166
2022-10-21,AU,10.9884349636767
2022-10-21,CA,12.8471269261663
2022-10-21,DE,14.8653324671923
2022-10-21,FR,8.7813147663537
2022-10-21,GB,12.9981596079707
2022-10-21,IE,14.8644908700412
2022-10-21,US,9.53909728963072
2022-10-22,AU,11.0063007354648
2022-10-22,CA,12.7881716536137
2022-10-22,DE,14.8690045248092
2022-10-22,FR,8.79116171997483
2022-10-22,GB,12.9967766714902
2022-10-22,IE,14.81804110436
2022-10-22,US,9.53235872379404
2022-10-23,AU,11.0235273941533
2022-10-23,CA,12.7631661683743
2022-10-23,DE,14.872152233595
2022-10-23,FR,8.80926633384442
2022-10-23,GB,13.0093648623106
2022-10-23,IE,14.7758791921616
2022-10-23,US,9.53746034679261
2022-10-24,AU,11.0369698410019
2022-10-24,CA,12.7317336498732
2022-10-24,DE,14.8773097891408
2022-10-24,FR,8.816854842802
2022-10-24,GB,13.0178388416366
2022-10-24,IE,14.7452966328676
2022-10-24,US,9.54344739590133
2022-10-25,AU,11.0556098336466
2022-10-25,CA,12.7190984470321
2022-10-25,DE,14.8895543166728
2022-10-25,FR,8.82562646020532
2022-10-25,GB,13.023811097502
2022-10-25,IE,14.7460783554247
2022-10-25,US,9.55049285065789
2022-10-26,AU,11.0759941436232
2022-10-26,CA,12.7089159813554
2022-10-26,DE,14.8978877381606
2022-10-26,FR,8.82409970250646
2022-10-26,GB,13.0328786097334
2022-10-26,IE,14.7556460839764
2022-10-26,US,9.55619610073292
2022-10-27,AU,11.0821009009641
2022-10-27,CA,12.6933035100911
2022-10-27,DE,14.9408647330795
2022-10-27,FR,8.83421107068766
2022-10-27,GB,13.0687595134367
2022-10-27,IE,14.7676275141606
2022-10-27,US,9.56017525748319
2022-10-28,AU,11.0830687842885
2022-10-28,CA,12.6872530195386
2022-10-28,DE,14.9793385099766
2022-10-28,FR,8.84546733488295
2022-10-28,GB,13.1083209305097
2022-10-28,IE,14.7648248580732
2022-10-28,US,9.55991443502582
2022-10-29,AU,11.0933526226037
2022-10-29,CA,12.7094777228791
2022-10-29,DE,15.0204915703472
2022-10-29,FR,8.86916657633523
2022-10-29,GB,13.1578203117023
2022-10-29,IE,14.7721314906255
2022-10-29,US,9.56370361568281
2022-10-30,AU,11.0787445626783
2022-10-30,CA,12.7031339238649
2022-10-30,DE,15.0556757561319
2022-10-30,FR,8.89126518674177
2022-10-30,GB,13.1885029042851
2022-10-30,IE,14.7688431403001
2022-10-30,US,9.5518306589785
2022-10-31,AU,11.0763705974978
2022-10-31,CA,12.7057882261147
2022-10-31,DE,15.0943422696197
2022-10-31,FR,8.91149555608077
2022-10-31,GB,13.2301984765371
2022-10-31,IE,14.7694112877521
2022-10-31,US,9.54544319691096
2022-11-01,AU,11.075438237781
2022-11-01,CA,12.7162877421863
2022-11-01,DE,15.1342499988956
2022-11-01,FR,8.92960684386452
2022-11-01,GB,13.2870762505075
2022-11-01,IE,14.7550154775794
2022-11-01,US,9.53518537951763
2022-11-02,AU,11.0820802290199
2022-11-02,CA,12.7404831839855
2022-11-02,DE,15.1629186452503
2022-11-02,FR,8.95593975742265
2022-11-02,GB,13.3423427077921
2022-11-02,IE,14.7596127592237
2022-11-02,US,9.5145973089383
2022-11-03,AU,11.096434149335
2022-11-03,CA,12.7745026278716
2022-11-03,DE,15.1665898764786
2022-11-03,FR,8.97559882051712
2022-11-03,GB,13.3803773166215
2022-11-03,IE,14.7641320954976
2022-11-03,US,9.50022162213133
2022-11-04,AU,11.1095829844884
2022-11-04,CA,12.8022475689457
2022-11-04,DE,15.1740136467294
2022-11-04,FR,8.99639101775144
2022-11-04,GB,13.4004856970224
2022-11-04,IE,14.7754823458769
2022-11-04,US,9.48245165357488
2022-11-05,AU,11.1167945022794
2022-11-05,CA,12.827746244904
2022-11-05,DE,15.1746601133363
2022-11-05,FR,9.0146380917994
2022-11-05,GB,13.4311757641705
2022-11-05,IE,14.7816221160396
2022-11-05,US,9.47126113122054
2022-11-06,AU,11.1274455604092
2022-11-06,CA,12.8554492715753
2022-11-06,DE,15.1745594645619
2022-11-06,FR,9.0273010361858
2022-11-06,GB,13.462869740022
2022-11-06,IE,14.7889884304542
2022-11-06,US,9.4577524438501
2022-11-07,AU,11.1231212609712
2022-11-07,CA,12.8785918895509
2022-11-07,DE,15.1791744750104
2022-11-07,FR,9.03927356229114
2022-11-07,GB,13.4927712224258
2022-11-07,IE,14.7894290903916
2022-11-07,US,9.45010351258192
2022-11-08,AU,11.1229800567368
2022-11-08,CA,12.8787415970762
2022-11-08,DE,15.1727562641905
2022-11-08,FR,9.04563177347818
2022-11-08,GB,13.5088390779307
2022-11-08,IE,14.7892427313111
2022-11-08,US,9.436415880395
2022-11-09,AU,11.0965946242489
2022-11-09,CA,12.8730892405701
2022-11-09,DE,15.1614200449924
2022-11-09,FR,9.06544478053958
2022-11-09,GB,13.5222941592591
2022-11-09,IE,14.7702634948581
2022-11-09,US,9.4309389004023
2022-11-10,AU,11.0775699955065
2022-11-10,CA,12.8784857153048
2022-11-10,DE,15.1360198107853
2022-11-10,FR,9.08081413710809
2022-11-10,GB,13.5330043605644
2022-11-10,IE,14.7396632670351
2022-11-10,US,9.42285685915798
2022-11-11,AU,11.0666114175401
2022-11-11,CA,12.8855362368158
2022-11-11,DE,15.1062228259654
2022-11-11,FR,9.09425501605326
2022-11-11,GB,13.5565282836804
2022-11-11,IE,14.7250249085824
2022-11-11,US,9.41939548398549
2022-11-12,AU,11.0714505188582
2022-11-12,CA,12.9084351358058
2022-11-12,DE,15.0859673919142
2022-11-12,FR,9.11588937989278
2022-11-12,GB,13.5722640391986
2022-11-12,IE,14.7419255268619
2022-11-12,US,9.41217636094453
2022-11-13,AU,11.0677245146697
2022-11-13,CA,12.9238426273207
2022-11-13,DE,15.0735850746551
2022-11-13,FR,9.1394300534596
2022-11-13,GB,13.597379031779
2022-11-13,IE,14.7408675462315
2022-11-13,US,9.40741702031424
2022-11-14,AU,11.0583013203555
2022-11-14,CA,12.9395214424036
2022-11-14,DE,15.0547164143871
2022-11-14,FR,9.1638076210736
2022-11-14,GB,13.6289304928517
2022-11-14,IE,14.7470023368873
2022-11-14,US,9.3912209007227
2022-11-15,AU,11.0505054335224
2022-11-15,CA,12.9651691789261
2022-11-15,DE,15.0544187828756
2022-11-15,FR,9.19381763991358
2022-11-15,GB,13.6635368678531
2022-11-15,IE,14.7368285821077
2022-11-15,US,9.38538349833648
2022-11-16,AU,11.0713152056103
2022-11-16,CA,13.0084062195033
2022-11-16,DE,15.0671455556113
2022-11-16,FR,9.2126390622187
2022-11-16,GB,13.6973094774381
2022-11-16,IE,14.7366526984256
2022-11-16,US,9.3790330269412
2022-11-17,AU,11.0817811908819
2022-11-17,CA,13.0493490305283
2022-11-17,DE,15.093919676594
2022-11-17,FR,9.23899138159697
2022-11-17,GB,13.7342475606309
2022-11-17,IE,14.7356567190755
2022-11-17,US,9.37223271867686
2022-11-18,AU,11.0696518088581
2022-11-18,CA,13.083143660295
2022-11-18,DE,15.1285530812523
2022-11-18,FR,9.25267692947473
2022-11-18,GB,13.7626526246347
2022-11-18,IE,14.7246249511759
2022-11-18,US,9.36753335114804
2022-11-19,AU,11.0396257342233
2022-11-19,CA,13.0967601178383
2022-11-19,DE,15.1540959375517
2022-11-19,FR,9.27119469959634
2022-11-19,GB,13.7906183159268
2022-11-19,IE,14.7079041111622
2022-11-19,US,9.35536055807396
2022-11-20,AU,11.0297394692906
2022-11-20,CA,13.1301640404278
2022-11-20,DE,15.1850345138554
2022-11-20,FR,9.29157709013633
2022-11-20,GB,13.8201616605304
2022-11-20,IE,14.7015960321248
2022-11-20,US,9.34713831894614
2022-11-21,AU,11.036642587067
2022-11-21,CA,13.1560834466506
2022-11-21,DE,15.211141504451
2022-11-21,FR,9.31572516683838
2022-11-21,GB,13.8409510986994
2022-11-21,IE,14.6803629144895
2022-11-21,US,9.33926683147187
2022-11-22,AU,11.0355745582144
2022-11-22,CA,13.1769906008443
2022-11-22,DE,15.2413345790411
2022-11-22,FR,9.33876988094481
2022-11-22,GB,13.8796941094274
2022-11-22,IE,14.6667403581277
2022-11-22,US,9.33078140522825
2022-11-23,AU,11.0286662856179
2022-11-23,CA,13.1641507420826
2022-11-23,DE,15.2698670423532
2022-11-23,FR,9.35945913277304
2022-11-23,GB,13.9164244137062
2022-11-23,IE,14.6431068440058
2022-11-23,US,9.32248539625832
2022-11-24,AU,11.0398695570492
2022-11-24,CA,13.1390632997832
2022-11-24,DE,15.2912534807199
2022-11-24,FR,9.36082990308112
2022-11-24,GB,13.9475655964879
2022-11-24,IE,14.6375645187991
2022-11-24,US,9.31745558926588
2022-11-25,AU,11.0669068251995
2022-11-25,CA,13.1128333900716
2022-11-25,DE,15.3130581048075
2022-11-25,FR,9.38569980021634
2022-11-25,GB,13.9787495843755
2022-11-25,IE,14.6117113262071
2022-11-25,US,9.31480227080672
2022-11-26,AU,11.0908487259275
2022-11-26,CA,13.0999740676626
2022-11-26,DE,15.3421232866435
2022-11-26,FR,9.40559537757804
2022-11-26,GB,14.0159474104788
2022-11-26,IE,14.5858739457196
2022-11-26,US,9.32077114338892
2022-11-27,AU,11.0976488293053
2022-11-27,CA,13.0631701411956
2022-11-27,DE,15.3657013240987
2022-11-27,FR,9.41830131617047
2022-11-27,GB,14.0455577346908
2022-11-27,IE,14.5581586029119
2022-11-27,US,9.32020480985482
2022-11-28,AU,11.0985695713792
2022-11-28,CA,13.0417714859114
2022-11-28,DE,15.3905659238012
2022-11-28,FR,9.41620571653461
2022-11-28,GB,14.0769896465062
2022-11-28,IE,14.5394084910881
2022-11-28,US,9.31883085971442
2022-11-29,AU,11.1083540876772
2022-11-29,CA,13.0128933458942
2022-11-29,DE,15.3977118617165
2022-11-29,FR,9.4097430852471
2022-11-29,GB,14.086407790092
2022-11-29,IE,14.5161478874107
2022-11-29,US,9.31976679415785
2022-11-30,AU,11.1220704038721
2022-11-30,CA,13.0077952668074
2022-11-30,DE,15.4032471115929
2022-11-30,FR,9.41557650045101
2022-11-30,GB,14.0909079687971
2022-11-30,IE,14.5286720611475
2022-11-30,US,9.32244427219998
2022-12-01,AU,11.1189880645569
2022-12-01,CA,13.0173127744907
2022-12-01,DE,15.4130737535476
2022-12-01,FR,9.43271152967257
2022-12-01,GB,14.0980736775852
2022-12-01,IE,14.5550238326334
2022-12-01,US,9.32332662030154
2022-12-02,AU,11.1175607881956
2022-12-02,CA,13.0275228863705
2022-12-02,DE,15.4174681410771
2022-12-02,FR,9.43680701416207
2022-12-02,GB,14.108664603676
2022-12-02,IE,14.5820190640884
2022-12-02,US,9.31724408793682
2022-12-03,AU,11.1403028953837
2022-12-03,CA,13.0255079669346
2022-12-03,DE,15.4233703405295
2022-12-03,FR,9.4345273972505
2022-12-03,GB,14.1197171984874
2022-12-03,IE,14.59520951631
2022-12-03,US,9.31333575242754
2022-12-04,AU,11.158496914667
2022-12-04,CA,13.0360192320597
2022-12-04,DE,15.4310961652568
2022-12-04,FR,9.44374997829028
2022-12-04,GB,14.1271139499149
2022-12-04,IE,14.5897322949573
2022-12-04,US,9.30816869617868
2022-12-05,AU,11.1560205933095
2022-12-05,CA,13.0375974267638
2022-12-05,DE,15.4453551451761
2022-12-05,FR,9.45837079242856
2022-12-05,GB,14.1325251764209
2022-12-05,IE,14.5958491439297
2022-12-05,US,9.30615731258596
2022-12-06,AU,11.1570824543741
2022-12-06,CA,13.0530344104935
2022-12-06,DE,15.4552938411345
2022-12-06,FR,9.46918308518291
2022-12-06,GB,14.145189136368
2022-12-06,IE,14.5989369688951
2022-12-06,US,9.30064073336246
2022-12-07,AU,11.1441777059799
2022-12-07,CA,13.0683867412806
2022-12-07,DE,15.4763027970614
2022-12-07,FR,9.48117942785985
2022-12-07,GB,14.1690363783
2022-12-07,IE,14.5888379717969
2022-12-07,US,9.30413146032019
2022-12-08,AU,11.1239522708919
2022-12-08,CA,13.0742441896055
2022-12-08,DE,15.4831825998944
2022-12-08,FR,9.48831445802455
2022-12-08,GB,14.1988750310758
2022-12-08,IE,14.5477037184122
2022-12-08,US,9.30361008141081
2022-12-09,AU,11.1038834976094
2022-12-09,CA,13.0855252288104
2022-12-09,DE,15.4894765425605
2022-12-09,FR,9.49358088468724
2022-12-09,GB,14.2454137382135
2022-12-09,IE,14.5202297076609
2022-12-09,US,9.2970188580945
2022-12-10,AU,11.0683847210387
2022-12-10,CA,13.1044081191124
2022-12-10,DE,15.4892284575536
2022-12-10,FR,9.50782231048159
2022-12-10,GB,14.292573748548
2022-12-10,IE,14.5012188917105
2022-12-10,US,9.28818647684648
2022-12-11,AU,11.0444416665357
2022-12-11,CA,13.1225025677875
2022-12-11,DE,15.4868555585307
2022-12-11,FR,9.51391958582451
2022-12-11,GB,14.3407091902161
2022-12-11,IE,14.49835445444
2022-12-11,US,9.28654815846414
2022-12-12,AU,11.0336805870536
2022-12-12,CA,13.1354389616168
2022-12-12,DE,15.4869243234925
2022-12-12,FR,9.52233799455845
2022-12-12,GB,14.3936941312082
2022-12-12,IE,14.4832539811525
2022-12-12,US,9.28059483745584
2022-12-13,AU,11.0061378622597
2022-12-13,CA,13.1465087136549
2022-12-13,DE,15.4954769108091
2022-12-13,FR,9.54063576318935
2022-12-13,GB,14.4579183835412
2022-12-13,IE,14.5018966263967
2022-12-13,US,9.2708624894681
2022-12-14,AU,10.9958269013775
2022-12-14,CA,13.1604070538116
2022-12-14,DE,15.4961656469343
2022-12-14,FR,9.54679762847333
2022-12-14,GB,14.5230767750856
2022-12-14,IE,14.5272642440038
2022-12-14,US,9.25704419160978
2022-12-15,AU,10.9899667758705
2022-12-15,CA,13.1776968261309
2022-12-15,DE,15.4937485313429
2022-12-15,FR,9.56103954554672
2022-12-15,GB,14.5857860784135
2022-12-15,IE,14.5779276795558
2022-12-15,US,9.24522170572364
2022-12-16,AU,10.9854793137419
2022-12-16,CA,13.2024495816907
2022-12-16,DE,15.5014434789446
2022-12-16,FR,9.57437411293235
2022-12-16,GB,14.6420662019718
2022-12-16,IE,14.6398761746396
2022-12-16,US,9.24478536341723
2022-12-17,AU,10.9757234368957
2022-12-17,CA,13.2102947765855
2022-12-17,DE,15.4735930977494
2022-12-17,FR,9.5824504470473
2022-12-17,GB,14.6978777563093
2022-12-17,IE,14.7184910259726
2022-12-17,US,9.23803422343159
2022-12-18,AU,10.9609001789924
2022-12-18,CA,13.221611353894
2022-12-18,DE,15.4486871771363
2022-12-18,FR,9.59399941215111
2022-12-18,GB,14.7564823309257
2022-12-18,IE,14.8018069985211
2022-12-18,US,9.23376151114146
2022-12-19,AU,10.9523784928693
2022-12-19,CA,13.2351209383732
2022-12-19,DE,15.4172173907145
2022-12-19,FR,9.60953156586004
2022-12-19,GB,14.8143352644334
2022-12-19,IE,14.8870435269189
2022-12-19,US,9.22574078017046
2022-12-20,AU,10.9505771068065
2022-12-20,CA,13.2341757991239
2022-12-20,DE,15.3750528207835
2022-12-20,FR,9.62421876275374
2022-12-20,GB,14.8697483590454
2022-12-20,IE,14.9792784582484
2022-12-20,US,9.22497798464106
2022-12-21,AU,10.931369145568
2022-12-21,CA,13.2285633843236
2022-12-21,DE,15.3114979856582
2022-12-21,FR,9.64780915953247
2022-12-21,GB,14.9251495756586
2022-12-21,IE,15.0582229338506
2022-12-21,US,9.22217354264931
2022-12-22,AU,10.9206793976967
2022-12-22,CA,13.2246940094802
2022-12-22,DE,15.2592207237461
2022-12-22,FR,9.66345619715296
2022-12-22,GB,14.9867853383036
2022-12-22,IE,15.1175551101078
2022-12-22,US,9.22485763465457
2022-12-23,AU,10.8978312851201
2022-12-23,CA,13.2143632469528
2022-12-23,DE,15.2071115933745
2022-12-23,FR,9.6830375355545
2022-12-23,GB,15.0580643057107
2022-12-23,IE,15.2073902504912
2022-12-23,US,9.23104679049765
2022-12-24,AU,10.8837001204402
2022-12-24,CA,13.2242370003054
2022-12-24,DE,15.1921794744192
2022-12-24,FR,9.70422399356173
2022-12-24,GB,15.1325747257294
2022-12-24,IE,15.2788307150626
2022-12-24,US,9.24445506183386
2022-12-25,AU,10.8670682787806
2022-12-25,CA,13.2248308846095
2022-12-25,DE,15.1765572827035
2022-12-25,FR,9.72248109206452
2022-12-25,GB,15.201155783956
2022-12-25,IE,15.3419725085233
2022-12-25,US,9.25006246070921
2022-12-26,AU,10.8528196984917
2022-12-26,CA,13.2287905474618
2022-12-26,DE,15.1612226035258
2022-12-26,FR,9.74089258832617
2022-12-26,GB,15.2712753795432
2022-12-26,IE,15.4010606659861
2022-12-26,US,9.2628272594667
2022-12-27,AU,10.8395494390505
2022-12-27,CA,13.2458013140895
2022-12-27,DE,15.1546948586213
2022-12-27,FR,9.7556275235111
2022-12-27,GB,15.3378620869516
2022-12-27,IE,15.4417909961678
2022-12-27,US,9.2743107167319
2022-12-28,AU,10.8392245119331
2022-12-28,CA,13.2641959950111
2022-12-28,DE,15.1748914301254
2022-12-28,FR,9.7739552768546
2022-12-28,GB,15.4062894200344
2022-12-28,IE,15.4855965701326
2022-12-28,US,9.27986380976889
2022-12-29,AU,10.8268235001999
2022-12-29,CA,13.2823789856325
2022-12-29,DE,15.1907870808239
2022-12-29,FR,9.79523454326831
2022-12-29,GB,15.4529558125602
2022-12-29,IE,15.522922806361
2022-12-29,US,9.278756121177
2022-12-30,AU,10.8285701719229
2022-12-30,CA,13.2988053148492
2022-12-30,DE,15.198266059108
2022-12-30,FR,9.81553511066111
2022-12-30,GB,15.4801483150275
2022-12-30,IE,15.523315577387
2022-12-30,US,9.2737920635119
2022-12-31,AU,10.8232611428747
2022-12-31,CA,13.3054186483571
2022-12-31,DE,15.2221631255092
2022-12-31,FR,9.83449851826831
2022-12-31,GB,15.49195359733
2022-12-31,IE,15.5259508346549
2022-12-31,US,9.26992362946156
2023-01-01,AU,10.8296944457101
2023-01-01,CA,13.3208476518925
2023-01-01,DE,15.2436646455271
2023-01-01,FR,9.8530725242725
2023-01-01,GB,15.5127722217067
2023-01-01,IE,15.5215422779181
2023-01-01,US,9.26625652471183
2023-01-02,AU,10.8345460540353
2023-01-02,CA,13.3343533235484
2023-01-02,DE,15.2770948858961
2023-01-02,FR,9.87504572178875
2023-01-02,GB,15.534705808973
2023-01-02,IE,15.5158689410447
2023-01-02,US,9.25744995409634
2023-01-03,AU,10.8615559191372
2023-01-03,CA,13.3355372890003
2023-01-03,DE,15.3035311208739
2023-01-03,FR,9.89399547901451
2023-01-03,GB,15.5410858543595
2023-01-03,IE,15.5142313746064
2023-01-03,US,9.24654536801334
2023-01-04,AU,10.8879088263705
2023-01-04,CA,13.3476293478585
2023-01-04,DE,15.3198362232508
2023-01-04,FR,9.91502072607216
2023-01-04,GB,15.5327665498407
2023-01-04,IE,15.4891782301042
2023-01-04,US,9.23638334327751
2023-01-05,AU,10.9233015419549
2023-01-05,CA,13.3641715010169
2023-01-05,DE,15.3341117577561
2023-01-05,FR,9.93275576694305
2023-01-05,GB,15.5206798143387
2023-01-05,IE,15.4425095645089
2023-01-05,US,9.23413853418989
2023-01-06,AU,10.9531180859441
2023-01-06,CA,13.3736196539765
2023-01-06,DE,15.3453874399747
2023-01-06,FR,9.94204478711126
2023-01-06,GB,15.5127792243574
2023-01-06,IE,15.3844886255817
2023-01-06,US,9.23037480386215
2023-01-07,AU,10.9807881724389
2023-01-07,CA,13.402380034457
2023-01-07,DE,15.3431428149956
2023-01-07,FR,9.94963847251906
2023-01-07,GB,15.5067087008466
2023-01-07,IE,15.3189679263398
2023-01-07,US,9.22820523821649
2023-01-08,AU,11.0087405172028
2023-01-08,CA,13.4167468907522
2023-01-08,DE,15.342905151051
2023-01-08,FR,9.95635262251198
2023-01-08,GB,15.4988819266451
2023-01-08,IE,15.2576483662682
2023-01-08,US,9.22810790751217
2023-01-09,AU,11.0580559910781
2023-01-09,CA,13.4263496965779
2023-01-09,DE,15.3304435303626
2023-01-09,FR,9.95974121165257
2023-01-09,GB,15.4712570579573
2023-01-09,IE,15.1839322571648
2023-01-09,US,9.2293832465273
2023-01-10,AU,11.0891586072989
2023-01-10,CA,13.4497162369242
2023-01-10,DE,15.3228396594919
2023-01-10,FR,9.96349855502338
2023-01-10,GB,15.4357582080937
2023-01-10,IE,15.0925414698391
2023-01-10,US,9.23907112243735
2023-01-11,AU,11.1171817080041
2023-01-11,CA,13.460452733969
2023-01-11,DE,15.3187578725274
2023-01-11,FR,9.95841539944936
2023-01-11,GB,15.409677885561
2023-01-11,IE,15.0146122260405
2023-01-11,US,9.24926120593299
2023-01-12,AU,11.1532290449836
2023-01-12,CA,13.466365696957
2023-01-12,DE,15.3342360461617
2023-01-12,FR,9.96423362216146
2023-01-12,GB,15.4156894216576
2023-01-12,IE,14.9704644488935
2023-01-12,US,9.25728901661616
2023-01-13,AU,11.1923198293265
2023-01-13,CA,13.4765900873897
2023-01-13,DE,15.346314722869
2023-01-13,FR,9.98803300150426
2023-01-13,GB,15.4144896841864
2023-01-13,IE,14.9198742579565
2023-01-13,US,9.26570719098722
2023-01-14,AU,11.2283048219334
2023-01-14,CA,13.4659757164968
2023-01-14,DE,15.3525935016821
2023-01-14,FR,10.0100215684053
2023-01-14,GB,15.4201241192452
2023-01-14,IE,14.8586008988122
2023-01-14,US,9.26461310438371
2023-01-15,AU,11.2649528364678
2023-01-15,CA,13.4705439226351
2023-01-15,DE,15.3551058723419
2023-01-15,FR,10.0363352754582
2023-01-15,GB,15.4317294502135
2023-01-15,IE,14.8192850046307
2023-01-15,US,9.27242558950501
2023-01-16,AU,11.3003944155043
2023-01-16,CA,13.4856451917574
2023-01-16,DE,15.3612867050868
2023-01-16,FR,10.0583049439986
2023-01-16,GB,15.4468605384783
2023-01-16,IE,14.7885002342937
2023-01-16,US,9.27624214735161
2023-01-17,AU,11.3165196119153
2023-01-17,CA,13.5040359918866
2023-01-17,DE,15.3616056302666
2023-01-17,FR,10.0861007908288
2023-01-17,GB,15.4914543136096
2023-01-17,IE,14.7715573184649
2023-01-17,US,9.27755229511318
2023-01-18,AU,11.3424250560592
2023-01-18,CA,13.5215114803903
2023-01-18,DE,15.3666430003033
2023-01-18,FR,10.1289303556358
2023-01-18,GB,15.5287001026815
2023-01-18,IE,14.7552252521285
2023-01-18,US,9.28067863224118
2023-01-19,AU,11.3499292037522
2023-01-19,CA,13.5453084140866
2023-01-19,DE,15.3640822414841
2023-01-19,FR,10.1677115472104
2023-01-19,GB,15.544214209662
2023-01-19,IE,14.7176049470223
2023-01-19,US,9.28105595209241
2023-01-20,AU,11.3810601999371
2023-01-20,CA,13.5765588259556
2023-01-20,DE,15.3705637798887
2023-01-20,FR,10.1921576432084
2023-01-20,GB,15.5683653768848
2023-01-20,IE,14.6933048547668
2023-01-20,US,9.27871896010855
2023-01-21,AU,11.4111225106111
2023-01-21,CA,13.6119383229318
2023-01-21,DE,15.3743106184547
2023-01-21,FR,10.2253729693434
2023-01-21,GB,15.5800537821674
2023-01-21,IE,14.6904215416632
2023-01-21,US,9.27864290902091
2023-01-22,AU,11.4472898225541
2023-01-22,CA,13.6381051142064
2023-01-22,DE,15.3852927675457
2023-01-22,FR,10.2540182102395
2023-01-22,GB,15.5892255537502
2023-01-22,IE,14.6665459903819
2023-01-22,US,9.27558752854817
2023-01-23,AU,11.4273798180696
2023-01-23,CA,13.638239233957
2023-01-23,DE,15.3918128044349
2023-01-23,FR,10.272868310363
2023-01-23,GB,15.5939205302642
2023-01-23,IE,14.6153094858274
2023-01-23,US,9.27888910517924
2023-01-24,AU,11.458075225683
2023-01-24,CA,13.6599398493364
2023-01-24,DE,15.4067999217496
2023-01-24,FR,10.292635969844
2023-01-24,GB,15.5826123544091
2023-01-24,IE,14.5801213688546
2023-01-24,US,9.27866184623065
2023-01-25,AU,11.4766675609547
2023-01-25,CA,13.6787129283594
2023-01-25,DE,15.4114236270911
2023-01-25,FR,10.2990841545039
2023-01-25,GB,15.5827181807428
2023-01-25,IE,14.5283526998212
2023-01-25,US,9.27527398063649
2023-01-26,AU,11.4900078841352
2023-01-26,CA,13.6933966974487
2023-01-26,DE,15.4226993999162
2023-01-26,FR,10.2957081255723
2023-01-26,GB,15.5832838605267
2023-01-26,IE,14.5058738727589
2023-01-26,US,9.27057593828546
2023-01-27,AU,11.484086622309
2023-01-27,CA,13.6951865989541
2023-01-27,DE,15.430645389243
2023-01-27,FR,10.3040996291907
2023-01-27,GB,15.5854014793724
2023-01-27,IE,14.4938919574743
2023-01-27,US,9.27341946744979
2023-01-28,AU,11.488127667346
2023-01-28,CA,13.7085452423335
2023-01-28,DE,15.4447804063458
2023-01-28,FR,10.3065514554418
2023-01-28,GB,15.6022945450796
2023-01-28,IE,14.478014398069
2023-01-28,US,9.28045166917576
2023-01-29,AU,11.4795275075098
2023-01-29,CA,13.7186921533092
2023-01-29,DE,15.445854242629
2023-01-29,FR,10.3125376559075
2023-01-29,GB,15.6069264154641
2023-01-29,IE,14.4556778125608
2023-01-29,US,9.28127319603374
2023-01-30,AU,11.5053029831939
2023-01-30,CA,13.7480805678087
2023-01-30,DE,15.4554133762236
2023-01-30,FR,10.3083646907156
2023-01-30,GB,15.6275640073095
2023-01-30,IE,14.4711398364847
2023-01-30,US,9.28052586148088
2023-01-31,AU,11.479864463425
2023-01-31,CA,13.7458257554561
2023-01-31,DE,15.4611192773074
2023-01-31,FR,10.3187089697668
2023-01-31,GB,15.6651617946079
2023-01-31,IE,14.4705205716844
2023-01-31,US,9.2766957840222
2023-02-01,AU,11.4557618525693
2023-02-01,CA,13.7474094344505
2023-02-01,DE,15.4834161279355
2023-02-01,FR,10.3208803828073
2023-02-01,GB,15.6980115508959
2023-02-01,IE,14.4777601206264
2023-02-01,US,9.27976786081385
2023-02-02,AU,11.4362761022495
2023-02-02,CA,13.7531648831704
2023-02-02,DE,15.4943034157063
2023-02-02,FR,10.3374823066939
2023-02-02,GB,15.7209406731591
2023-02-02,IE,14.489465016701
2023-02-02,US,9.28631992115264
2023-02-03,AU,11.4127041732279
2023-02-03,CA,13.7611805756954
2023-02-03,DE,15.5103399753189
2023-02-03,FR,10.3441775896352
2023-02-03,GB,15.7314860371517
2023-02-03,IE,14.4722174299892
2023-02-03,US,9.2882813186442
2023-02-04,AU,11.3904137238915
2023-02-04,CA,13.7658140887043
2023-02-04,DE,15.6044347378492
2023-02-04,FR,10.3451014803808
2023-02-04,GB,15.7388264760886
2023-02-04,IE,14.4542659118249
2023-02-04,US,9.2882764527857
2023-02-05,AU,11.3646417234892
2023-02-05,CA,13.7635449254166
2023-02-05,DE,15.704213124055
2023-02-05,FR,10.3438201009483
2023-02-05,GB,15.7465393720938
2023-02-05,IE,14.4415596426097
2023-02-05,US,9.29157954531624
2023-02-06,AU,11.3395800058798
2023-02-06,CA,13.7724909708438
2023-02-06,DE,15.806856079569
2023-02-06,FR,10.363652380324
2023-02-06,GB,15.751376223659
2023-02-06,IE,14.4233144072429
2023-02-06,US,9.29934834124749
2023-02-07,AU,11.3203642779884
2023-02-07,CA,13.7734435202462
2023-02-07,DE,15.9142605440499
2023-02-07,FR,10.3696895182331
2023-02-07,GB,15.7346528851346
2023-02-07,IE,14.4095689231281
2023-02-07,US,9.30959943274578
2023-02-08,AU,11.3085620749706
2023-02-08,CA,13.778359899906
2023-02-08,DE,16.014122720902
2023-02-08,FR,10.3682271658174
2023-02-08,GB,15.6977949552388
2023-02-08,IE,14.4174563053288
2023-02-08,US,9.30670154298439
2023-02-09,AU,11.3004398497407
2023-02-09,CA,13.7749001905735
2023-02-09,DE,16.1231817227415
2023-02-09,FR,10.358837475269
2023-02-09,GB,15.663712974306
2023-02-09,IE,14.4185473235215
2023-02-09,US,9.30259325721086
2023-02-10,AU,11.2995117081656
2023-02-10,CA,13.7788845867069
2023-02-10,DE,16.2306192694086
2023-02-10,FR,10.3442444062351
2023-02-10,GB,15.635722625332
2023-02-10,IE,14.4470116229254
2023-02-10,US,9.304854262549
2023-02-11,AU,11.2970449122201
2023-02-11,CA,13.7698425711737
2023-02-11,DE,16.2626331894952
2023-02-11,FR,10.3333454288862
2023-02-11,GB,15.6129563109909
2023-02-11,IE,14.4739892764032
2023-02-11,US,9.30985845087625
2023-02-12,AU,11.2993827901573
2023-02-12,CA,13.7752660181133
2023-02-12,DE,16.2943589628597
2023-02-12,FR,10.3236328254943
2023-02-12,GB,15.5901476345079
2023-02-12,IE,14.509209867344
2023-02-12,US,9.31285519951535
2023-02-13,AU,11.2936760144622
2023-02-13,CA,13.7707815361638
2023-02-13,DE,16.3218192986706
2023-02-13,FR,10.3111522868652
2023-02-13,GB,15.563427848263
2023-02-13,IE,14.540569693154
2023-02-13,US,9.31299464185362
2023-02-14,AU,11.3040985770382
2023-02-14,CA,13.7735060629628
2023-02-14,DE,16.3481414672991
2023-02-14,FR,10.2945540834885
2023-02-14,GB,15.5317515975951
2023-02-14,IE,14.5474092086511
2023-02-14,US,9.30532640536631
2023-02-15,AU,11.3101648633334
2023-02-15,CA,13.761319059707
2023-02-15,DE,16.3727878014773
2023-02-15,FR,10.2939264301115
2023-02-15,GB,15.5119126707202
2023-02-15,IE,14.5256003784568
2023-02-15,US,9.29865093239294
2023-02-16,AU,11.3082146828805
2023-02-16,CA,13.7563683706358
2023-02-16,DE,16.3880789112118
2023-02-16,FR,10.2854733175733
2023-02-16,GB,15.4958691879964
2023-02-16,IE,14.4976710100954
2023-02-16,US,9.29758875147808
2023-02-17,AU,11.3095062374044
2023-02-17,CA,13.7406630095235
2023-02-17,DE,16.4112307758181
2023-02-17,FR,10.2898209324862
2023-02-17,GB,15.4909831134487
2023-02-17,IE,14.4637676130691
2023-02-17,US,9.28555939432907
2023-02-18,AU,11.2742238751023
2023-02-18,CA,13.7049701362758
2023-02-18,DE,16.4255287601803
2023-02-18,FR,10.2897809385406
2023-02-18,GB,15.4437285861536
2023-02-18,IE,14.4350310690827
2023-02-18,US,9.25800806442531
2023-02-19,AU,11.2722012400151
2023-02-19,CA,13.6902981593657
2023-02-19,DE,16.4488104189974
2023-02-19,FR,10.2948970406909
2023-02-19,GB,15.4270418550975
2023-02-19,IE,14.4205925145963
2023-02-19,US,9.24746619288352
2023-02-20,AU,11.2639652014439
2023-02-20,CA,13.6751864396394
2023-02-20,DE,16.4628587521778
2023-02-20,FR,10.3054037095424
2023-02-20,GB,15.4146281750668
2023-02-20,IE,14.4166740308928
2023-02-20,US,9.23544119926429
2023-02-21,AU,11.2530079045695
2023-02-21,CA,13.6691994839368
2023-02-21,DE,16.5137866377894
2023-02-21,FR,10.3175777625985
2023-02-21,GB,15.4203237636666
2023-02-21,IE,14.4232948452358
2023-02-21,US,9.22549817741981
2023-02-22,AU,11.2318323665435
2023-02-22,CA,13.6688458826589
2023-02-22,DE,16.5966169717966
2023-02-22,FR,10.3239204505104
2023-02-22,GB,15.4101040032203
2023-02-22,IE,14.4490446763365
2023-02-22,US,9.21991634079665
2023-02-23,AU,11.2165914644655
2023-02-23,CA,13.6608403495578
2023-02-23,DE,16.6843853508368
2023-02-23,FR,10.3336824936015
2023-02-23,GB,15.3831400133046
2023-02-23,IE,14.4591978663934
2023-02-23,US,9.20483095871002
2023-02-24,AU,11.2017557538167
2023-02-24,CA,13.6594261580431
2023-02-24,DE,16.7167941165317
2023-02-24,FR,10.3360355648097
2023-02-24,GB,15.3658332492214
2023-02-24,IE,14.501698887106
2023-02-24,US,9.18779113806946
2023-02-25,AU,11.2224674123185
2023-02-25,CA,13.6941941692022
2023-02-25,DE,16.7969070652606
2023-02-25,FR,10.3430330503617
2023-02-25,GB,15.3800417004322
2023-02-25,IE,14.5432937185177
2023-02-25,US,9.1879318269589
2023-02-26,AU,11.2150606721183
2023-02-26,CA,13.7017830759364
2023-02-26,DE,16.7958071141187
2023-02-26,FR,10.3507551749349
2023-02-26,GB,15.372750769954
2023-02-26,IE,14.5571684476989
2023-02-26,US,9.17046522975002
2023-02-27,AU,11.2300353013404
2023-02-27,CA,13.7081139101454
2023-02-27,DE,16.7946717184304
2023-02-27,FR,10.3586018801304
2023-02-27,GB,15.3680549820775
2023-02-27,IE,14.5540522325353
2023-02-27,US,9.15694133398414
2023-02-28,AU,11.22535427973
2023-02-28,CA,13.7087118485469
2023-02-28,DE,16.7558358738208
2023-02-28,FR,10.3649082099236
2023-02-28,GB,15.3460202953458
2023-02-28,IE,14.5508079377298
2023-02-28,US,9.14170396963106
2023-03-01,AU,11.2307954800992
2023-03-01,CA,13.7122243937773
2023-03-01,DE,16.6793889082309
2023-03-01,FR,10.3675613940145
2023-03-01,GB,15.3495232635197
2023-03-01,IE,14.5254582705971
2023-03-01,US,9.12131770609954
2023-03-02,AU,11.2475400268209
2023-03-02,CA,13.7178212058793
2023-03-02,DE,16.594033921868
2023-03-02,FR,10.3731893309609
2023-03-02,GB,15.3745420369236
2023-03-02,IE,14.5286316842701
2023-03-02,US,9.10481852539023
2023-03-03,AU,11.2620940096471
2023-03-03,CA,13.7176211289914
2023-03-03,DE,16.5499565031036
2023-03-03,FR,10.3703265072808
2023-03-03,GB,15.3739233501653
2023-03-03,IE,14.5033562729155
2023-03-03,US,9.09712143182812
2023-03-04,AU,11.2592146834745
2023-03-04,CA,13.7187477597789
2023-03-04,DE,16.4660472136564
2023-03-04,FR,10.3658669013802
2023-03-04,GB,15.3641813849491
2023-03-04,IE,14.4629873493441
2023-03-04,US,9.08168691183235
2023-03-05,AU,11.2611786031425
2023-03-05,CA,13.7337107245472
2023-03-05,DE,16.4563745215013
2023-03-05,FR,10.3620422019973
2023-03-05,GB,15.3653125361043
2023-03-05,IE,14.4398797669981
2023-03-05,US,9.07533583047961
2023-03-06,AU,11.2615985068327
2023-03-06,CA,13.7483037870198
2023-03-06,DE,16.4543676804373
2023-03-06,FR,10.3586388936399
2023-03-06,GB,15.3709905522189
2023-03-06,IE,14.4062535090245
2023-03-06,US,9.06845643365292
2023-03-07,AU,11.2570023356838
2023-03-07,CA,13.7554148888825
2023-03-07,DE,16.4391544511953
2023-03-07,FR,10.3575929364551
2023-03-07,GB,15.375856778651
2023-03-07,IE,14.3884690591642
2023-03-07,US,9.06911429626937
2023-03-08,AU,11.2505905636425
2023-03-08,CA,13.7378112650937
2023-03-08,DE,16.4263902486085
2023-03-08,FR,10.35575438783
2023-03-08,GB,15.3508641715763
2023-03-08,IE,14.4050123080124
2023-03-08,US,9.06653624434097
2023-03-09,AU,11.2582532515048
2023-03-09,CA,13.7347921891063
2023-03-09,DE,16.432806311758
2023-03-09,FR,10.3491865774557
2023-03-09,GB,15.3200625456194
2023-03-09,IE,14.4183314210534
2023-03-09,US,9.07394192458783
2023-03-10,AU,11.2685706205145
2023-03-10,CA,13.7093077787275
2023-03-10,DE,16.4628148669775
2023-03-10,FR,10.3424522145193
2023-03-10,GB,15.2832585962062
2023-03-10,IE,14.3674010400377
2023-03-10,US,9.07491564652631
2023-03-11,AU,11.2930513113937
2023-03-11,CA,13.6711698658981
2023-03-11,DE,16.4897627708045
2023-03-11,FR,10.3397461539058
2023-03-11,GB,15.2536893439581
2023-03-11,IE,14.3045132169013
2023-03-11,US,9.07859855508667
2023-03-12,AU,11.3080245858564
2023-03-12,CA,13.6217782119585
2023-03-12,DE,16.5107015024849
2023-03-12,FR,10.3258124011133
2023-03-12,GB,15.2012772334836
2023-03-12,IE,14.234656237779
2023-03-12,US,9.07668535898628
2023-03-13,AU,11.3179925434992
2023-03-13,CA,13.5683882415363
2023-03-13,DE,16.5354854101911
2023-03-13,FR,10.3110965554383
2023-03-13,GB,15.1369877616932
2023-03-13,IE,14.1771225639002
2023-03-13,US,9.07602130998379
2023-03-14,AU,11.3471611798564
2023-03-14,CA,13.5195889691149
2023-03-14,DE,16.5746036632974
2023-03-14,FR,10.2877242135892
2023-03-14,GB,15.0782520332698
2023-03-14,IE,14.0884050296945
2023-03-14,US,9.06983132223318
2023-03-15,AU,11.3828260583387
2023-03-15,CA,13.4976990121804
2023-03-15,DE,16.6078485400247
2023-03-15,FR,10.2706875795115
2023-03-15,GB,15.0429116057104
2023-03-15,IE,14.0087450499656
2023-03-15,US,9.0675499122328
2023-03-16,AU,11.4068615555158
2023-03-16,CA,13.4552478399523
2023-03-16,DE,16.6304653249791
2023-03-16,FR,10.2562695020876
2023-03-16,GB,15.0083333203435
2023-03-16,IE,13.9108036060329
2023-03-16,US,9.05282623529203
2023-03-17,AU,11.4241009479522
2023-03-17,CA,13.4469100576301
2023-03-17,DE,16.6307927041796
2023-03-17,FR,10.2514098085772
2023-03-17,GB,14.9783080167728
2023-03-17,IE,13.8986797081964
2023-03-17,US,9.03927709598652
2023-03-18,AU,11.4512586623275
2023-03-18,CA,13.4462352521613
2023-03-18,DE,16.6356573175788
2023-03-18,FR,10.2415221021506
2023-03-18,GB,14.9549656382338
2023-03-18,IE,13.8997141572714
2023-03-18,US,9.02936623688346
2023-03-19,AU,11.4773024605983
2023-03-19,CA,13.4440931348922
2023-03-19,DE,16.6373958036731
2023-03-19,FR,10.2337242104574
2023-03-19,GB,14.9387700572923
2023-03-19,IE,13.9198154783283
2023-03-19,US,9.01564462985823
2023-03-20,AU,11.4988125862671
2023-03-20,CA,13.4447613839486
2023-03-20,DE,16.6291942233221
2023-03-20,FR,10.2241910497383
2023-03-20,GB,14.9162463903976
2023-03-20,IE,13.9552678835314
2023-03-20,US,8.99958108953494
2023-03-21,AU,11.5302849147161
2023-03-21,CA,13.4619280962399
2023-03-21,DE,16.6268259445038
2023-03-21,FR,10.2194454389078
2023-03-21,GB,14.8990523893276
2023-03-21,IE,13.9936414484792
2023-03-21,US,8.98656235319332
2023-03-22,AU,11.566431118003
2023-03-22,CA,13.4623634048664
2023-03-22,DE,16.6326764025356
2023-03-22,FR,10.2500308764502
2023-03-22,GB,14.8732935560342
2023-03-22,IE,13.9990750982713
2023-03-22,US,8.97423917226823
2023-03-23,AU,11.5969630277741
2023-03-23,CA,13.467859145827
2023-03-23,DE,16.6278508982254
2023-03-23,FR,10.2815794768486
2023-03-23,GB,14.8496766103655
2023-03-23,IE,14.0174813413194
2023-03-23,US,8.96476668418358
2023-03-24,AU,11.6328737616134
2023-03-24,CA,13.4646923115897
2023-03-24,DE,16.6339833464961
2023-03-24,FR,10.3128292431088
2023-03-24,GB,14.8282518816747
2023-03-24,IE,14.0206863847655
2023-03-24,US,8.95690428903536
2023-03-25,AU,11.6554239053652
2023-03-25,CA,13.4500268959243
2023-03-25,DE,16.6352774169459
2023-03-25,FR,10.3362407426147
2023-03-25,GB,14.8022972142504
2023-03-25,IE,13.9998482467721
2023-03-25,US,8.94099529744645
2023-03-26,AU,11.6819132265797
2023-03-26,CA,13.448878768894
2023-03-26,DE,16.6553487896873
2023-03-26,FR,10.3600054010232
2023-03-26,GB,14.7823802228855
2023-03-26,IE,13.9804964326892
2023-03-26,US,8.9332940444815
2023-03-27,AU,11.7103172620568
2023-03-27,CA,13.4483866659583
2023-03-27,DE,16.6719485622342
2023-03-27,FR,10.3817081654331
2023-03-27,GB,14.7654851366728
2023-03-27,IE,13.9632905467233
2023-03-27,US,8.93180414793737
2023-03-28,AU,11.7383265167318
2023-03-28,CA,13.429401841311
2023-03-28,DE,16.6731111490263
2023-03-28,FR,10.418653294375
2023-03-28,GB,14.7569799835092
2023-03-28,IE,13.9483505437407
2023-03-28,US,8.92643049750672
2023-03-29,AU,11.7593904069416
2023-03-29,CA,13.4277812084103
2023-03-29,DE,16.6692809146133
2023-03-29,FR,10.4282757988559
2023-03-29,GB,14.7523532329083
2023-03-29,IE,13.9155569346584
2023-03-29,US,8.92905346354857
2023-03-30,AU,11.7719159396744
2023-03-30,CA,13.4216439955014
2023-03-30,DE,16.6873423414191
2023-03-30,FR,10.4301473815399
2023-03-30,GB,14.740472234722
2023-03-30,IE,13.9124489963491
2023-03-30,US,8.92844667611029
2023-03-31,AU,11.7746759730592
2023-03-31,CA,13.3783954351592
2023-03-31,DE,16.7041002172419
2023-03-31,FR,10.4481140637757
2023-03-31,GB,14.7437866661006
2023-03-31,IE,13.9380759768131
2023-03-31,US,8.93016995245709
2023-04-01,AU,11.785322008924
2023-04-01,CA,13.3377138387394
2023-04-01,DE,16.7311576218295
2023-04-01,FR,10.4713643346265
2023-04-01,GB,14.7570735703529
2023-04-01,IE,13.9678819195004
2023-04-01,US,8.93925121736606
2023-04-02,AU,11.7785435131463
2023-04-02,CA,13.2924146131341
2023-04-02,DE,16.7479166800035
2023-04-02,FR,10.496031723803
2023-04-02,GB,14.7618121356703
2023-04-02,IE,13.9854735774268
2023-04-02,US,8.93152261373762
2023-04-03,AU,11.7698166147874
2023-04-03,CA,13.2570677330165
2023-04-03,DE,16.7749103857582
2023-04-03,FR,10.5180352113994
2023-04-03,GB,14.7789563055954
2023-04-03,IE,13.9971517830074
2023-04-03,US,8.91723221238575
2023-04-04,AU,11.7542762235213
2023-04-04,CA,13.2056118977031
2023-04-04,DE,16.8037529260858
2023-04-04,FR,10.524055543686
2023-04-04,GB,14.7865160551986
2023-04-04,IE,14.0354672536344
2023-04-04,US,8.90702908269054
2023-04-05,AU,11.7419500322606
2023-04-05,CA,13.1506662160537
2023-04-05,DE,16.8276007711478
2023-04-05,FR,10.5277922787759
2023-04-05,GB,14.7996331856628
2023-04-05,IE,14.1012006365686
2023-04-05,US,8.89667488828752
2023-04-06,AU,11.7354805273783
2023-04-06,CA,13.1074604649038
2023-04-06,DE,16.8390043222662
2023-04-06,FR,10.5304571726897
2023-04-06,GB,14.8200952546388
2023-04-06,IE,14.1171772410115
2023-04-06,US,8.88728643919176
2023-04-07,AU,11.730631654419
2023-04-07,CA,13.1051432582476
2023-04-07,DE,16.8415378555319
2023-04-07,FR,10.5213473259408
2023-04-07,GB,14.8307021158386
2023-04-07,IE,14.1003416613241
2023-04-07,US,8.88480996326526
2023-04-08,AU,11.7223055947529
2023-04-08,CA,13.1030732758442
2023-04-08,DE,16.8351466022282
2023-04-08,FR,10.5171753546616
2023-04-08,GB,14.8433303598533
2023-04-08,IE,14.1105475499331
2023-04-08,US,8.8697650661321
2023-04-09,AU,11.7243054875771
2023-04-09,CA,13.0930339106485
2023-04-09,DE,16.8313073813657
2023-04-09,FR,10.5082317343361
2023-04-09,GB,14.8581191605547
2023-04-09,IE,14.1145340196846
2023-04-09,US,8.86020852291936
2023-04-10,AU,11.7233170911878
2023-04-10,CA,13.0747884635753
2023-04-10,DE,16.824520193828
2023-04-10,FR,10.5049467450229
2023-04-10,GB,14.8667169729256
2023-04-10,IE,14.1073721729995
2023-04-10,US,8.85154921910976
2023-04-11,AU,11.7284108765437
2023-04-11,CA,13.0765390917848
2023-04-11,DE,16.8187326260255
2023-04-11,FR,10.5066614869045
2023-04-11,GB,14.8571102325199
2023-04-11,IE,14.0790262760655
2023-04-11,US,8.84290634712436
2023-04-12,AU,11.725803328709
2023-04-12,CA,13.0710134469398
2023-04-12,DE,16.8177683061866
2023-04-12,FR,10.5088717766978
2023-04-12,GB,14.8432440798719
2023-04-12,IE,14.0341444260748
2023-04-12,US,8.83076189579085
2023-04-13,AU,11.715156175542
2023-04-13,CA,13.0691591011348
2023-04-13,DE,16.7146594749901
2023-04-13,FR,10.5219713331297
2023-04-13,GB,14.832704600954
2023-04-13,IE,13.9909423199933
2023-04-13,US,8.82403745905736
2023-04-14,AU,11.6971360444277
2023-04-14,CA,13.0373617339062
2023-04-14,DE,16.6129212576797
2023-04-14,FR,10.5314208666642
2023-04-14,GB,14.8166379821758
2023-04-14,IE,13.9671000023577
2023-04-14,US,8.81221189435315
2023-04-15,AU,11.6832854471578
2023-04-15,CA,13.0112908439927
2023-04-15,DE,16.516577163592
2023-04-15,FR,10.5360869145235
2023-04-15,GB,14.7656628737734
2023-04-15,IE,13.911017972136
2023-04-15,US,8.78909696821835
2023-04-16,AU,11.6763001585455
2023-04-16,CA,13.0017673987981
2023-04-16,DE,16.4229729085751
2023-04-16,FR,10.5529658826847
2023-04-16,GB,14.7377589077881
2023-04-16,IE,13.9085966317862
2023-04-16,US,8.78384640627766
2023-04-17,AU,11.6712110436842
2023-04-17,CA,12.9922652716949
2023-04-17,DE,16.3303234447676
2023-04-17,FR,10.574818619106
2023-04-17,GB,14.7109985442451
2023-04-17,IE,13.8781610552163
2023-04-17,US,8.77929415394567
2023-04-18,AU,11.6709777775161
2023-04-18,CA,12.9863018353173
2023-04-18,DE,16.2344342643216
2023-04-18,FR,10.5861037721069
2023-04-18,GB,14.6979526209606
2023-04-18,IE,13.8375331327692
2023-04-18,US,8.77589387398945
2023-04-19,AU,11.6739981613925
2023-04-19,CA,12.9739915232448
2023-04-19,DE,16.1360590873952
2023-04-19,FR,10.5964280087592
2023-04-19,GB,14.6828276877774
2023-04-19,IE,13.8142853331605
2023-04-19,US,8.78007425590086
2023-04-20,AU,11.6993732188731
2023-04-20,CA,12.9511289724768
2023-04-20,DE,16.1488753948918
2023-04-20,FR,10.6044224735946
2023-04-20,GB,14.657823852055
2023-04-20,IE,13.8023559023657
2023-04-20,US,8.77389497477489
2023-04-21,AU,11.7279930636765
2023-04-21,CA,12.9618065052256
2023-04-21,DE,16.1606819410704
2023-04-21,FR,10.6172166424481
2023-04-21,GB,14.638254958968
2023-04-21,IE,13.7599552801247
2023-04-21,US,8.7621150627829
2023-04-22,AU,11.7789459397565
2023-04-22,CA,12.975164167964
2023-04-22,DE,16.1734417517496
2023-04-22,FR,10.638849834142
2023-04-22,GB,14.6501886965755
2023-04-22,IE,13.7394168393624
2023-04-22,US,8.77428393095664
2023-04-23,AU,11.8121721694052
2023-04-23,CA,12.9663735488746
2023-04-23,DE,16.1751411417933
2023-04-23,FR,10.6507088445191
2023-04-23,GB,14.6356395891661
2023-04-23,IE,13.6817994964941
2023-04-23,US,8.76814577343671
2023-04-24,AU,11.85915881311
2023-04-24,CA,12.9564266799029
2023-04-24,DE,16.171676206289
2023-04-24,FR,10.6597750450177
2023-04-24,GB,14.6118098400045
2023-04-24,IE,13.6557609251841
2023-04-24,US,8.7635352801735
2023-04-25,AU,11.8992342201728
2023-04-25,CA,12.942061863669
2023-04-25,DE,16.1721204297661
2023-04-25,FR,10.6776412497921
2023-04-25,GB,14.5927680351776
2023-04-25,IE,13.6235688033709
2023-04-25,US,8.75649772514761
2023-04-26,AU,11.9450406273813
2023-04-26,CA,12.9440173136219
2023-04-26,DE,16.1795005441361
2023-04-26,FR,10.6768472713274
2023-04-26,GB,14.5811248374467
2023-04-26,IE,13.597223785878
2023-04-26,US,8.77094479209771
2023-04-27,AU,11.9674243500651
2023-04-27,CA,12.929146520335
2023-04-27,DE,16.1779133493611
2023-04-27,FR,10.6860479259998
2023-04-27,GB,14.5700112100227
2023-04-27,IE,13.599919706917
2023-04-27,US,8.79439848307828
2023-04-28,AU,11.9879525035076
2023-04-28,CA,12.9098006387507
2023-04-28,DE,16.1789394166407
2023-04-28,FR,10.6872931434574
2023-04-28,GB,14.5496933645145
2023-04-28,IE,13.595475531647
2023-04-28,US,8.85302243412564
2023-04-29,AU,11.9860667476658
2023-04-29,CA,12.8759301771783
2023-04-29,DE,16.1818705722542
2023-04-29,FR,10.6923255653944
2023-04-29,GB,14.5369230833217
2023-04-29,IE,13.5900025017785
2023-04-29,US,8.85711862424861
2023-04-30,AU,11.9924981930148
2023-04-30,CA,12.8569235704543
2023-04-30,DE,16.1889299944287
2023-04-30,FR,10.6998284577696
2023-04-30,GB,14.5245530775723
2023-04-30,IE,13.5759527699061
2023-04-30,US,8.85931491875569
2023-05-01,AU,11.9972043468361
2023-05-01,CA,12.8422474846995
2023-05-01,DE,16.2046308571804
2023-05-01,FR,10.7043622890886
2023-05-01,GB,14.5226029458502
2023-05-01,IE,13.5577658313942
2023-05-01,US,8.86497599526686
2023-05-02,AU,11.9698181355558
2023-05-02,CA,12.8266774502152
2023-05-02,DE,16.2307346226467
2023-05-02,FR,10.7190889332002
2023-05-02,GB,14.5258652334761
2023-05-02,IE,13.5796258561282
2023-05-02,US,8.86856175028177
2023-05-03,AU,11.9420442130443
2023-05-03,CA,12.8233737570692
2023-05-03,DE,16.2711235999389
2023-05-03,FR,10.7367572419969
2023-05-03,GB,14.5248390532827
2023-05-03,IE,13.5909429120237
2023-05-03,US,8.88940167693714
2023-05-04,AU,11.9137540254863
2023-05-04,CA,12.8377971386678
2023-05-04,DE,16.3069788919995
2023-05-04,FR,10.7358382946279
2023-05-04,GB,14.4995996962316
2023-05-04,IE,13.5620214462902
2023-05-04,US,8.89046118507923
2023-05-05,AU,11.8932995212268
2023-05-05,CA,12.8464773716046
2023-05-05,DE,16.3088333966589
2023-05-05,FR,10.7403097902249
2023-05-05,GB,14.4973374424419
2023-05-05,IE,13.5675376760644
2023-05-05,US,8.85662500646928
2023-05-06,AU,11.8721134827134
2023-05-06,CA,12.8606198222561
2023-05-06,DE,16.293263503402
2023-05-06,FR,10.7483020595294
2023-05-06,GB,14.4901987734275
2023-05-06,IE,13.6030519664572
2023-05-06,US,8.87501152965078
2023-05-07,AU,11.8479934659287
2023-05-07,CA,12.8664999329865
2023-05-07,DE,16.2767028365422
2023-05-07,FR,10.7505206422403
2023-05-07,GB,14.4778106729055
2023-05-07,IE,13.6427457114139
2023-05-07,US,8.90319907362296
2023-05-08,AU,11.8221481067897
2023-05-08,CA,12.8775317993702
2023-05-08,DE,16.2637377858476
2023-05-08,FR,10.7549927856999
2023-05-08,GB,14.4635111366172
2023-05-08,IE,13.6921460634824
2023-05-08,US,8.91493976969153
2023-05-09,AU,11.8087730125807
2023-05-09,CA,12.8715243439063
2023-05-09,DE,16.2375083615215
2023-05-09,FR,10.7455574993188
2023-05-09,GB,14.4381308140517
2023-05-09,IE,13.721149830891
2023-05-09,US,8.92775776038543
2023-05-10,AU,11.7909746082485
2023-05-10,CA,12.86239377109
2023-05-10,DE,16.1875755974157
2023-05-10,FR,10.7411515346339
2023-05-10,GB,14.3988603629269
2023-05-10,IE,13.7576385380094
2023-05-10,US,8.89597231696554
2023-05-11,AU,11.7913469966844
2023-05-11,CA,12.8535247538561
2023-05-11,DE,16.1467702889138
2023-05-11,FR,10.7424190661518
2023-05-11,GB,14.3885253917364
2023-05-11,IE,13.8154845869187
2023-05-11,US,8.88387611956739
2023-05-12,AU,11.779801414354
2023-05-12,CA,12.8555480426425
2023-05-12,DE,16.139920035378
2023-05-12,FR,10.7453422075607
2023-05-12,GB,14.3705213136752
2023-05-12,IE,13.865145865321
2023-05-12,US,8.87001163739344
2023-05-13,AU,11.7784849986174
2023-05-13,CA,12.859737317419
2023-05-13,DE,16.1435171497613
2023-05-13,FR,10.7369437755703
2023-05-13,GB,14.3432532100488
2023-05-13,IE,13.8893475378456
2023-05-13,US,8.85790789688794
2023-05-14,AU,11.7743093675411
2023-05-14,CA,12.8697529653461
2023-05-14,DE,16.1504268973422
2023-05-14,FR,10.7339689201889
2023-05-14,GB,14.3232161127551
2023-05-14,IE,13.9186622456113
2023-05-14,US,8.83757269005074
2023-05-15,AU,11.7783286222601
2023-05-15,CA,12.8689010085475
2023-05-15,DE,16.1391633126726
2023-05-15,FR,10.7329527609993
2023-05-15,GB,14.3006215984186
2023-05-15,IE,13.9551699770633
2023-05-15,US,8.83005503056405
2023-05-16,AU,11.7917665997565
2023-05-16,CA,12.8785179978129
2023-05-16,DE,16.1343438565976
2023-05-16,FR,10.7355953802007
2023-05-16,GB,14.2847472655827
2023-05-16,IE,13.9966106476997
2023-05-16,US,8.82609450019653
2023-05-17,AU,11.7928494416455
2023-05-17,CA,12.8523855999075
2023-05-17,DE,16.1310595565026
2023-05-17,FR,10.7226876466076
2023-05-17,GB,14.2838599722906
2023-05-17,IE,14.0011111993825
2023-05-17,US,8.81326818852215
2023-05-18,AU,11.7928196262578
2023-05-18,CA,12.8331904879787
2023-05-18,DE,16.1254672021576
2023-05-18,FR,10.7137256404149
2023-05-18,GB,14.2770680453083
2023-05-18,IE,14.0262503764577
2023-05-18,US,8.80215049152281
2023-05-19,AU,11.8031527320148
2023-05-19,CA,12.8106549636288
2023-05-19,DE,16.1181283900846
2023-05-19,FR,10.7052411610638
2023-05-19,GB,14.2720401359955
2023-05-19,IE,14.0544326803136
2023-05-19,US,8.78574391208614
2023-05-20,AU,11.7931395892972
2023-05-20,CA,12.776459071395
2023-05-20,DE,16.1055800636162
2023-05-20,FR,10.6928234683556
2023-05-20,GB,14.2627526740022
2023-05-20,IE,14.0807408495095
2023-05-20,US,8.76447054748818
2023-05-21,AU,11.8032331813147
2023-05-21,CA,12.7574594946146
2023-05-21,DE,16.0950126744301
2023-05-21,FR,10.6802766038722
2023-05-21,GB,14.2651504191717
2023-05-21,IE,14.1134601967664
2023-05-21,US,8.74769131794237
2023-05-22,AU,11.7916861990104
2023-05-22,CA,12.7417920835573
2023-05-22,DE,16.0923239250963
2023-05-22,FR,10.660610447503
2023-05-22,GB,14.2661717367817
2023-05-22,IE,14.1175661314158
2023-05-22,US,8.7279270095668
2023-05-23,AU,11.7930777610292
2023-05-23,CA,12.7095891171803
2023-05-23,DE,16.0856732977149
2023-05-23,FR,10.6369700915006
2023-05-23,GB,14.2654642447959
2023-05-23,IE,14.0987674861564
2023-05-23,US,8.70945060369664
2023-05-24,AU,11.8044293568768
2023-05-24,CA,12.6974262748409
2023-05-24,DE,16.083081092178
2023-05-24,FR,10.6390304911984
2023-05-24,GB,14.2633823813673
2023-05-24,IE,14.0992713587471
2023-05-24,US,8.69752182695693
2023-05-25,AU,11.7956947554587
2023-05-25,CA,12.6697766347425
2023-05-25,DE,16.0757174904015
2023-05-25,FR,10.6403085854568
2023-05-25,GB,14.2754326484973
2023-05-25,IE,14.0508141392592
2023-05-25,US,8.68083200225387
2023-05-26,AU,11.7844769573463
2023-05-26,CA,12.6346223396587
2023-05-26,DE,16.076736307607
2023-05-26,FR,10.6419526133219
2023-05-26,GB,14.270318161824
2023-05-26,IE,14.0024420489486
2023-05-26,US,8.67109224968279
2023-05-27,AU,11.791695807395
2023-05-27,CA,12.617434252623
2023-05-27,DE,16.0837739654768
2023-05-27,FR,10.6529599382443
2023-05-27,GB,14.2782354761811
2023-05-27,IE,13.9637488184575
2023-05-27,US,8.66178289956911
2023-05-28,AU,11.7843709478124
2023-05-28,CA,12.5713541202398
2023-05-28,DE,16.0860169092507
2023-05-28,FR,10.6612208077322
2023-05-28,GB,14.2743045707904
2023-05-28,IE,13.9105719148749
2023-05-28,US,8.64822322162655
2023-05-29,AU,11.7784280114301
2023-05-29,CA,12.5199259892495
2023-05-29,DE,16.0919540236446
2023-05-29,FR,10.6681759025983
2023-05-29,GB,14.2733690831736
2023-05-29,IE,13.8798943797378
2023-05-29,US,8.63497693261137
2023-05-30,AU,11.7606207855292
2023-05-30,CA,12.500333489625
2023-05-30,DE,16.0883610861759
2023-05-30,FR,10.6834551740018
2023-05-30,GB,14.2650040168534
2023-05-30,IE,13.8634822020272
2023-05-30,US,8.62324435840826
2023-05-31,AU,11.7657200219702
2023-05-31,CA,12.4762378073717
2023-05-31,DE,16.0679446906496
2023-05-31,FR,10.6818651012098
2023-05-31,GB,14.2529202576728
2023-05-31,IE,13.872839014214
2023-05-31,US,8.60892430041231
2023-06-01,AU,11.7705473663821
2023-06-01,CA,12.4615536021893
2023-06-01,DE,16.0624363936563
2023-06-01,FR,10.682762661553
2023-06-01,GB,14.2351811769891
2023-06-01,IE,13.90780405012
2023-06-01,US,8.59639403881521
2023-06-02,AU,11.7773267521192
2023-06-02,CA,12.4560972845426
2023-06-02,DE,16.0462195263361
2023-06-02,FR,10.6754145931325
2023-06-02,GB,14.226124841514
2023-06-02,IE,13.9636198896747
2023-06-02,US,8.58481523125368
2023-06-03,AU,11.7688063066511
2023-06-03,CA,12.4440627948296
2023-06-03,DE,16.0270798420527
2023-06-03,FR,10.6532454679058
2023-06-03,GB,14.2060498641297
2023-06-03,IE,14.0056284086294
2023-06-03,US,8.58371594079125
2023-06-04,AU,11.7732439589242
2023-06-04,CA,12.442104579649
2023-06-04,DE,16.0136541543881
2023-06-04,FR,10.6337579588128
2023-06-04,GB,14.1964331895693
2023-06-04,IE,14.0421237943415
2023-06-04,US,8.58172448751993
2023-06-05,AU,11.7821101248284
2023-06-05,CA,12.4364647931201
2023-06-05,DE,15.9964469094744
2023-06-05,FR,10.6159019143042
2023-06-05,GB,14.177444440696
2023-06-05,IE,14.0687273083162
2023-06-05,US,8.57848239709226
2023-06-06,AU,11.7884673743376
2023-06-06,CA,12.4268425424035
2023-06-06,DE,15.9839540641021
2023-06-06,FR,10.5849539851794
2023-06-06,GB,14.1705945875225
2023-06-06,IE,14.1258004793102
2023-06-06,US,8.57322185025706
2023-06-07,AU,11.7929744288602
2023-06-07,CA,12.4255968648607
2023-06-07,DE,15.9929129038462
2023-06-07,FR,10.5687696437632
2023-06-07,GB,14.1581298313117
2023-06-07,IE,14.1687057032566
2023-06-07,US,8.57513786977315
2023-06-08,AU,11.7878395402007
2023-06-08,CA,12.4161731098299
2023-06-08,DE,15.9854009679532
2023-06-08,FR,10.5460101445232
2023-06-08,GB,14.1441754356034
2023-06-08,IE,14.1937898077673
2023-06-08,US,8.54384729038929
2023-06-09,AU,11.7854450432406
2023-06-09,CA,12.4078588655546
2023-06-09,DE,15.9787941223024
2023-06-09,FR,10.5350167142369
2023-06-09,GB,14.1265189831231
2023-06-09,IE,14.1795177101397
2023-06-09,US,8.51421978761683
2023-06-10,AU,11.7974560945617
2023-06-10,CA,12.4045665564467
2023-06-10,DE,15.9731197398645
2023-06-10,FR,10.5308404910239
2023-06-10,GB,14.1076900558015
2023-06-10,IE,14.1864742535006
2023-06-10,US,8.47473945442626
2023-06-11,AU,11.8057585078816
2023-06-11,CA,12.4011782809298
2023-06-11,DE,15.9666423555358
2023-06-11,FR,10.5296726358806
2023-06-11,GB,14.0862929538053
2023-06-11,IE,14.1875740783978
2023-06-11,US,8.44186400861915
2023-06-12,AU,11.8139726057388
2023-06-12,CA,12.4069297976381
2023-06-12,DE,15.9595295885332
2023-06-12,FR,10.5304166436345
2023-06-12,GB,14.0687119257929
2023-06-12,IE,14.2047678641764
2023-06-12,US,8.40848449715253
2023-06-13,AU,11.82364124614
2023-06-13,CA,12.4068036684618
2023-06-13,DE,15.9660757155564
2023-06-13,FR,10.5372157316014
2023-06-13,GB,14.0529276610509
2023-06-13,IE,14.1978931436908
2023-06-13,US,8.37243729803974
2023-06-14,AU,11.8106023108913
2023-06-14,CA,12.4124836579121
2023-06-14,DE,15.9751954209384
2023-06-14,FR,10.5426672915508
2023-06-14,GB,14.0421066897468
2023-06-14,IE,14.2158641135611
2023-06-14,US,8.33343598227306
2023-06-15,AU,11.816255228135
2023-06-15,CA,12.4254400714465
2023-06-15,DE,15.9678488332676
2023-06-15,FR,10.5455419994755
2023-06-15,GB,14.039759829773
2023-06-15,IE,14.2316614863676
2023-06-15,US,8.33700471111348
2023-06-16,AU,11.8243164066571
2023-06-16,CA,12.4402405103309
2023-06-16,DE,15.9751793618279
2023-06-16,FR,10.5388524414135
2023-06-16,GB,14.0440316152664
2023-06-16,IE,14.2319372804033
2023-06-16,US,8.33622300462904
2023-06-17,AU,11.8250436033508
2023-06-17,CA,12.450786109875
2023-06-17,DE,15.9812172367614
2023-06-17,FR,10.535966825609
2023-06-17,GB,14.0527840440262
2023-06-17,IE,14.2192465068974
2023-06-17,US,8.33973750566897
2023-06-18,AU,11.8062188556769
2023-06-18,CA,12.465235420487
2023-06-18,DE,15.9871904454545
2023-06-18,FR,10.5234112972956
2023-06-18,GB,14.0477357735253
2023-06-18,IE,14.2071833324646
2023-06-18,US,8.33779247862191
2023-06-19,AU,11.7853742549981
2023-06-19,CA,12.4705329488885
2023-06-19,DE,15.9891125419429
2023-06-19,FR,10.51336310992
2023-06-19,GB,14.0360352123878
2023-06-19,IE,14.1865805186026
2023-06-19,US,8.33986218077533
2023-06-20,AU,11.7698870417571
2023-06-20,CA,12.4771024388318
2023-06-20,DE,15.9807116100717
2023-06-20,FR,10.503220729184
2023-06-20,GB,14.0247590148766
2023-06-20,IE,14.1776340142508
2023-06-20,US,8.34297059432197
2023-06-21,AU,11.7526219527273
2023-06-21,CA,12.4905679042687
2023-06-21,DE,15.9660683842747
2023-06-21,FR,10.4868882170116
2023-06-21,GB,14.0201646468333
2023-06-21,IE,14.1427471615394
2023-06-21,US,8.34336561798943
2023-06-22,AU,11.7348364810323
2023-06-22,CA,12.4996011444599
2023-06-22,DE,15.9735940424814
2023-06-22,FR,10.4780620568443
2023-06-22,GB,14.0111724052463
2023-06-22,IE,14.1313938226689
2023-06-22,US,8.33041558258807
2023-06-23,AU,11.7333812054648
2023-06-23,CA,12.5076996264816
2023-06-23,DE,15.9586232811377
2023-06-23,FR,10.4720830245655
2023-06-23,GB,14.0009146349477
2023-06-23,IE,14.1469186753141
2023-06-23,US,8.32122514273072
2023-06-24,AU,11.7311565352146
2023-06-24,CA,12.5217287111022
2023-06-24,DE,15.9566385732598
2023-06-24,FR,10.4673334769496
2023-06-24,GB,14.0091238733009
2023-06-24,IE,14.1778619462476
2023-06-24,US,8.31586342121111
2023-06-25,AU,11.729549740282
2023-06-25,CA,12.5289638204437
2023-06-25,DE,15.9609182678945
2023-06-25,FR,10.4688937824017
2023-06-25,GB,14.0151528753353
2023-06-25,IE,14.2116535074582
2023-06-25,US,8.3111826344656
2023-06-26,AU,11.731021759746
2023-06-26,CA,12.5435366455978
2023-06-26,DE,15.9699338934794
2023-06-26,FR,10.4643710622034
2023-06-26,GB,14.0285203265858
2023-06-26,IE,14.2340744244846
2023-06-26,US,8.30450486334672
2023-06-27,AU,11.7207406012814
2023-06-27,CA,12.5554603690571
2023-06-27,DE,15.97540856869
2023-06-27,FR,10.4677627895453
2023-06-27,GB,14.031184819394
2023-06-27,IE,14.2275503291557
2023-06-27,US,8.30096599630876
2023-06-28,AU,11.7270340961403
2023-06-28,CA,12.5617660664331
2023-06-28,DE,15.9689590371541
2023-06-28,FR,10.4732982373835
2023-06-28,GB,14.0184944547507
2023-06-28,IE,14.2199634141219
2023-06-28,US,8.30596400562198
2023-06-29,AU,11.751319990808
2023-06-29,CA,12.5524703099727
2023-06-29,DE,15.9664387699115
2023-06-29,FR,10.4666705814459
2023-06-29,GB,14.0004391657352
2023-06-29,IE,14.2108802989584
2023-06-29,US,8.31656883823502
2023-06-30,AU,11.7499193419
2023-06-30,CA,12.5429721054588
2023-06-30,DE,15.9904752515232
2023-06-30,FR,10.4603097275492
2023-06-30,GB,13.9752207843327
2023-06-30,IE,14.2131083358134
2023-06-30,US,8.32627237329631
2023-07-01,AU,11.7679816858783
2023-07-01,CA,12.5368811138445
2023-07-01,DE,15.9987565613219
2023-07-01,FR,10.4582966037665
2023-07-01,GB,13.9530016820345
2023-07-01,IE,14.2084694499695
2023-07-01,US,8.33527419286016
2023-07-02,AU,11.7863321486732
2023-07-02,CA,12.5305639212288
2023-07-02,DE,16.0008280472217
2023-07-02,FR,10.4561759408883
2023-07-02,GB,13.9386423663569
2023-07-02,IE,14.2150902972638
2023-07-02,US,8.34523765635598
2023-07-03,AU,11.8053848382831
2023-07-03,CA,12.5294097502828
2023-07-03,DE,15.9931116324253
2023-07-03,FR,10.452643466491
2023-07-03,GB,13.9280922699352
2023-07-03,IE,14.2274137924705
2023-07-03,US,8.3533881290746
2023-07-04,AU,11.849657204312
2023-07-04,CA,12.5312268030285
2023-07-04,DE,16.0140489452343
2023-07-04,FR,10.441543719822
2023-07-04,GB,13.9181820658888
2023-07-04,IE,14.284761910017
2023-07-04,US,8.36339560095493
2023-07-05,AU,11.8748968868728
2023-07-05,CA,12.5280921740739
2023-07-05,DE,16.0445887031988
2023-07-05,FR,10.4408623926211
2023-07-05,GB,13.9252860105772
2023-07-05,IE,14.3712269066992
2023-07-05,US,8.36080584226156
2023-07-06,AU,11.8804754186051
2023-07-06,CA,12.5668405084129
2023-07-06,DE,16.0567256964985
2023-07-06,FR,10.4489147271551
2023-07-06,GB,13.9227932186559
2023-07-06,IE,14.4426989932022
2023-07-06,US,8.35637496643955
2023-07-07,AU,11.8932625281951
2023-07-07,CA,12.6068374795327
2023-07-07,DE,16.0440438523769
2023-07-07,FR,10.4496601917143
2023-07-07,GB,13.9329615750346
2023-07-07,IE,14.4636526731457
2023-07-07,US,8.36051139894103
2023-07-08,AU,11.8966364624673
2023-07-08,CA,12.6405499921177
2023-07-08,DE,16.0421535366022
2023-07-08,FR,10.4447047374033
2023-07-08,GB,13.9314179790911
2023-07-08,IE,14.5126604570243
2023-07-08,US,8.35140784627189
2023-07-09,AU,11.9092703467314
2023-07-09,CA,12.6718487826002
2023-07-09,DE,16.0429748114229
2023-07-09,FR,10.4359741475689
2023-07-09,GB,13.9272059091107
2023-07-09,IE,14.542667126822
2023-07-09,US,8.34080964765943
2023-07-10,AU,11.9203328236907
2023-07-10,CA,12.6962609701297
2023-07-10,DE,16.0566439780748
2023-07-10,FR,10.4366674478852
2023-07-10,GB,13.925169120123
2023-07-10,IE,14.5906852701704
2023-07-10,US,8.33158401528444
2023-07-11,AU,11.9060904147531
2023-07-11,CA,12.7177161475824
2023-07-11,DE,16.0404070593615
2023-07-11,FR,10.4316659427214
2023-07-11,GB,13.9321140158949
2023-07-11,IE,14.5891769272345
2023-07-11,US,8.33998430120003
2023-07-12,AU,11.9040993351041
2023-07-12,CA,12.7360917376067
2023-07-12,DE,16.0195918873014
2023-07-12,FR,10.4150034617561
2023-07-12,GB,13.9323872873469
2023-07-12,IE,14.5397068017744
2023-07-12,US,8.3547453029473
2023-07-13,AU,11.9053192153326
2023-07-13,CA,12.7360200242135
2023-07-13,DE,16.0096524926715
2023-07-13,FR,10.4028562557898
2023-07-13,GB,13.9407909354274
2023-07-13,IE,14.5180423799765
2023-07-13,US,8.38953854019736
2023-07-14,AU,11.9085703960708
2023-07-14,CA,12.7330737934267
2023-07-14,DE,16.010708303285
2023-07-14,FR,10.3929957354409
2023-07-14,GB,13.9434151569291
2023-07-14,IE,14.5284626194706
2023-07-14,US,8.41170622583217
2023-07-15,AU,11.917450796561
2023-07-15,CA,12.7197012041382
2023-07-15,DE,15.99882340835
2023-07-15,FR,10.3896452412549
2023-07-15,GB,13.9536275035267
2023-07-15,IE,14.5141413428565
2023-07-15,US,8.44167579581821
2023-07-16,AU,11.9144552051729
2023-07-16,CA,12.7207137722475
2023-07-16,DE,15.9833478848896
2023-07-16,FR,10.3884592144703
2023-07-16,GB,13.9548316273023
2023-07-16,IE,14.5017591580652
2023-07-16,US,8.47464226939818
2023-07-17,AU,11.9094076746438
2023-07-17,CA,12.728544298338
2023-07-17,DE,15.9709760196367
2023-07-17,FR,10.3836463909899
2023-07-17,GB,13.9532007699537
2023-07-17,IE,14.4897003721415
2023-07-17,US,8.50997341567551
2023-07-18,AU,11.9055724052015
2023-07-18,CA,12.7456801769938
2023-07-18,DE,15.9702730603825
2023-07-18,FR,10.390663184084
2023-07-18,GB,13.9624111991358
2023-07-18,IE,14.5186662025707
2023-07-18,US,8.52347208524512
2023-07-19,AU,11.8913386687926
2023-07-19,CA,12.7628320203767
2023-07-19,DE,15.9751932232586
2023-07-19,FR,10.3976025860815
2023-07-19,GB,13.9750184556947
2023-07-19,IE,14.56232867056
2023-07-19,US,8.53595357682566
2023-07-20,AU,11.8812898178124
2023-07-20,CA,12.7824549389589
2023-07-20,DE,15.9796880952094
2023-07-20,FR,10.4013428183711
2023-07-20,GB,13.9887964474899
2023-07-20,IE,14.5712961161222
2023-07-20,US,8.53032850172505
2023-07-21,AU,11.8739339618158
2023-07-21,CA,12.834185348017
2023-07-21,DE,15.9799794244277
2023-07-21,FR,10.4076603303632
2023-07-21,GB,13.9953307232867
2023-07-21,IE,14.5969076302395
2023-07-21,US,8.52460334928062
2023-07-22,AU,11.8326106655686
2023-07-22,CA,12.8831687456676
2023-07-22,DE,15.9842344752192
2023-07-22,FR,10.3938367932464
2023-07-22,GB,13.9727735106056
2023-07-22,IE,14.5898059652121
2023-07-22,US,8.5091651086743
2023-07-23,AU,11.8244596448892
2023-07-23,CA,12.9329453142976
2023-07-23,DE,15.991741423012
2023-07-23,FR,10.3980381673504
2023-07-23,GB,13.9868715247241
2023-07-23,IE,14.6184418385695
2023-07-23,US,8.49998495948491
2023-07-24,AU,11.8079443577764
2023-07-24,CA,12.9768929830164
2023-07-24,DE,15.9959739678157
2023-07-24,FR,10.4066941086158
2023-07-24,GB,13.9952611852924
2023-07-24,IE,14.6400200807122
2023-07-24,US,8.49019916541919
2023-07-25,AU,11.8044949298845
2023-07-25,CA,13.009390815139
2023-07-25,DE,15.9899061246276
2023-07-25,FR,10.4004381793114
2023-07-25,GB,13.9712156821688
2023-07-25,IE,14.6383134346353
2023-07-25,US,8.4837304926585
2023-07-26,AU,11.800995068284
2023-07-26,CA,13.0544638997929
2023-07-26,DE,15.9923312636311
2023-07-26,FR,10.3952899603361
2023-07-26,GB,13.9710344890978
2023-07-26,IE,14.6406544365956
2023-07-26,US,8.47641365597883
2023-07-27,AU,11.8117149452952
2023-07-27,CA,13.0878463052742
2023-07-27,DE,15.9897661703591
2023-07-27,FR,10.3942553208715
2023-07-27,GB,13.9723393577111
2023-07-27,IE,14.6703310704351
2023-07-27,US,8.45554212536804
2023-07-28,AU,11.7967262970028
2023-07-28,CA,13.0876114442793
2023-07-28,DE,15.9999820905008
2023-07-28,FR,10.3915464780405
2023-07-28,GB,13.9788357719657
2023-07-28,IE,14.6541942073626
2023-07-28,US,8.44641888573554
2023-07-29,AU,11.8067584318345
2023-07-29,CA,13.1023184708668
2023-07-29,DE,16.0084525247691
2023-07-29,FR,10.4150997545689
2023-07-29,GB,13.9842955469239
2023-07-29,IE,14.6696808717605
2023-07-29,US,8.44944269098532
2023-07-30,AU,11.7926211470793
2023-07-30,CA,13.1002316150825
2023-07-30,DE,16.0110194941506
2023-07-30,FR,10.4239573530015
2023-07-30,GB,13.9738687958397
2023-07-30,IE,14.655745159585
2023-07-30,US,8.44324498809847
2023-07-31,AU,11.7816940492534
2023-07-31,CA,13.0994030027385
2023-07-31,DE,16.0105040098216
2023-07-31,FR,10.4308532262282
2023-07-31,GB,13.9537934433879
2023-07-31,IE,14.6643100842315
2023-07-31,US,8.4363046121463
2023-08-01,AU,11.7575369177515
2023-08-01,CA,13.0967183388177
2023-08-01,DE,16.025536463253
2023-08-01,FR,10.4447788029311
2023-08-01,GB,13.9813305066805
2023-08-01,IE,14.620119562026
2023-08-01,US,8.42246698313481
2023-08-02,AU,11.7310793179214
2023-08-02,CA,13.0441334483617
2023-08-02,DE,16.0235388918006
2023-08-02,FR,10.4640165801396
2023-08-02,GB,13.980812128885
2023-08-02,IE,14.5645934275688
2023-08-02,US,8.40858303551536
2023-08-03,AU,11.7107929954566
2023-08-03,CA,12.9992224333413
2023-08-03,DE,16.0326198486296
2023-08-03,FR,10.4808457114989
2023-08-03,GB,13.9811130232863
2023-08-03,IE,14.4991125452626
2023-08-03,US,8.40143377369023
2023-08-04,AU,11.7067726768367
2023-08-04,CA,12.9604841571477
2023-08-04,DE,16.0318177660306
2023-08-04,FR,10.4986142682062
2023-08-04,GB,13.9809345635784
2023-08-04,IE,14.4769041539211
2023-08-04,US,8.39012932413005
2023-08-05,AU,11.6944471794254
2023-08-05,CA,12.9245802687539
2023-08-05,DE,16.032036722955
2023-08-05,FR,10.5027030405861
2023-08-05,GB,13.9981392023878
2023-08-05,IE,14.4631872428992
2023-08-05,US,8.38154184259456
2023-08-06,AU,11.6768144921857
2023-08-06,CA,12.8933851472856
2023-08-06,DE,16.038590358553
2023-08-06,FR,10.5040262020931
2023-08-06,GB,13.9972826887248
2023-08-06,IE,14.4399690245567
2023-08-06,US,8.37321347313498
2023-08-07,AU,11.6535852231825
2023-08-07,CA,12.858650375262
2023-08-07,DE,16.0508273262354
2023-08-07,FR,10.4976500418588
2023-08-07,GB,14.0092897767843
2023-08-07,IE,14.3869979081195
2023-08-07,US,8.3722915433404
2023-08-08,AU,11.6408912810556
2023-08-08,CA,12.8431860429093
2023-08-08,DE,16.0452140687985
2023-08-08,FR,10.4928716245913
2023-08-08,GB,13.9851222074395
2023-08-08,IE,14.4042412208127
2023-08-08,US,8.36466326759028
2023-08-09,AU,11.6460116015932
2023-08-09,CA,12.8552430641994
2023-08-09,DE,16.0509432300981
2023-08-09,FR,10.483682615646
2023-08-09,GB,13.9613095995594
2023-08-09,IE,14.4273406764388
2023-08-09,US,8.35972788828737
2023-08-10,AU,11.6267874807187
2023-08-10,CA,12.8646048462011
2023-08-10,DE,16.0510658099939
2023-08-10,FR,10.471981892037
2023-08-10,GB,13.9290226869841
2023-08-10,IE,14.4269508330576
2023-08-10,US,8.35294382904095
2023-08-11,AU,11.6291785006513
2023-08-11,CA,12.8451438634727
2023-08-11,DE,16.0521302619333
2023-08-11,FR,10.4590013755088
2023-08-11,GB,13.893908347789
2023-08-11,IE,14.400078890378
2023-08-11,US,8.34589702968364
2023-08-12,AU,11.6222836305532
2023-08-12,CA,12.8070997368441
2023-08-12,DE,16.0513810829713
2023-08-12,FR,10.4424821411899
2023-08-12,GB,13.8507192919153
2023-08-12,IE,14.3512654134469
2023-08-12,US,8.33501283719012
2023-08-13,AU,11.629750887112
2023-08-13,CA,12.7806133340574
2023-08-13,DE,16.0524074549788
2023-08-13,FR,10.4298594694044
2023-08-13,GB,13.826855959071
2023-08-13,IE,14.3150696725479
2023-08-13,US,8.32877044787351
2023-08-14,AU,11.648189250363
2023-08-14,CA,12.7624281618066
2023-08-14,DE,16.0521530495192
2023-08-14,FR,10.4254570178262
2023-08-14,GB,13.7958532830313
2023-08-14,IE,14.3030199205201
2023-08-14,US,8.31693422633855
2023-08-15,AU,11.6821181873453
2023-08-15,CA,12.7375372045516
2023-08-15,DE,16.0525581184038
2023-08-15,FR,10.4182160785247
2023-08-15,GB,13.7623868367197
2023-08-15,IE,14.2739274937277
2023-08-15,US,8.31516524363594
2023-08-16,AU,11.6879972656853
2023-08-16,CA,12.7222386455065
2023-08-16,DE,16.0527862818415
2023-08-16,FR,10.4145388690289
2023-08-16,GB,13.7346638998333
2023-08-16,IE,14.2250916985378
2023-08-16,US,8.31355982286816
2023-08-17,AU,11.6939275717265
2023-08-17,CA,12.692754355166
2023-08-17,DE,16.0618898505966
2023-08-17,FR,10.4175701760411
2023-08-17,GB,13.7172425694439
2023-08-17,IE,14.2023832277663
2023-08-17,US,8.31817401336547
2023-08-18,AU,11.6951574706677
2023-08-18,CA,12.6841799177197
2023-08-18,DE,16.0694576697549
2023-08-18,FR,10.4195784788545
2023-08-18,GB,13.7022139792393
2023-08-18,IE,14.1717299394361
2023-08-18,US,8.32187252771747
2023-08-19,AU,11.6800494829152
2023-08-19,CA,12.6757072497033
2023-08-19,DE,16.0796372725415
2023-08-19,FR,10.42042191907
2023-08-19,GB,13.7028262935325
2023-08-19,IE,14.14404207726
2023-08-19,US,8.32993488743689
2023-08-20,AU,11.6687412634637
2023-08-20,CA,12.67032652869
2023-08-20,DE,16.0830910447219
2023-08-20,FR,10.4213380724519
2023-08-20,GB,13.688882504469
2023-08-20,IE,14.10070469907
2023-08-20,US,8.33271308251445
2023-08-21,AU,11.6531164311807
2023-08-21,CA,12.6557524458181
2023-08-21,DE,16.0862911505888
2023-08-21,FR,10.4184194548222
2023-08-21,GB,13.6869719183306
2023-08-21,IE,14.0336055727898
2023-08-21,US,8.33125558753241
2023-08-22,AU,11.6111958175489
2023-08-22,CA,12.640230960027
2023-08-22,DE,16.0964647509461
2023-08-22,FR,10.4141403424548
2023-08-22,GB,13.6933814444545
2023-08-22,IE,13.9535935806369
2023-08-22,US,8.34268983093028
2023-08-23,AU,11.5901053555721
2023-08-23,CA,12.6172420168034
2023-08-23,DE,16.0986989651356
2023-08-23,FR,10.4080188942817
2023-08-23,GB,13.6940083605271
2023-08-23,IE,13.886718836193
2023-08-23,US,8.35491735734083
2023-08-24,AU,11.5642083165775
2023-08-24,CA,12.6116008592982
2023-08-24,DE,16.1177421642817
2023-08-24,FR,10.3931785045802
2023-08-24,GB,13.6872704431175
2023-08-24,IE,13.7985962198925
2023-08-24,US,8.36583316741081
2023-08-25,AU,11.5440116466308
2023-08-25,CA,12.6052506038782
2023-08-25,DE,16.1428016746693
2023-08-25,FR,10.3841161405789
2023-08-25,GB,13.6738005157615
2023-08-25,IE,13.7159519156183
2023-08-25,US,8.37302257071524
2023-08-26,AU,11.5535459511355
2023-08-26,CA,12.6146431943526
2023-08-26,DE,16.1590080628661
2023-08-26,FR,10.3783650904891
2023-08-26,GB,13.6687041046826
2023-08-26,IE,13.6376046001926
2023-08-26,US,8.37960414910535
2023-08-27,AU,11.5457176048035
2023-08-27,CA,12.6039901351099
2023-08-27,DE,16.172485277564
2023-08-27,FR,10.3675990015411
2023-08-27,GB,13.6571865214712
2023-08-27,IE,13.5835502269125
2023-08-27,US,8.38636151273627
2023-08-28,AU,11.5323602023681
2023-08-28,CA,12.599646965294
2023-08-28,DE,16.183691594323
2023-08-28,FR,10.3640519006727
2023-08-28,GB,13.6450007199484
2023-08-28,IE,13.531816027747
2023-08-28,US,8.39386458478292
2023-08-29,AU,11.5418753493914
2023-08-29,CA,12.5874940636071
2023-08-29,DE,16.1931036480499
2023-08-29,FR,10.3596657681977
2023-08-29,GB,13.6403797049212
2023-08-29,IE,13.4964045991326
2023-08-29,US,8.39640872637759
2023-08-30,AU,11.5542521015668
2023-08-30,CA,12.5827514626263
2023-08-30,DE,16.2031604864235
2023-08-30,FR,10.3536816608516
2023-08-30,GB,13.6262097893828
2023-08-30,IE,13.4856086535336
2023-08-30,US,8.40048357377012
2023-08-31,AU,11.5709662514578
2023-08-31,CA,12.5710884294586
2023-08-31,DE,16.1955228607947
2023-08-31,FR,10.3558093364556
2023-08-31,GB,13.6162396438729
2023-08-31,IE,13.5037149076399
2023-08-31,US,8.40555616847485
2023-09-01,AU,11.5751509568768
2023-09-01,CA,12.5692405018353
2023-09-01,DE,16.190214493075
2023-09-01,FR,10.3514274695722
2023-09-01,GB,13.6178762688871
2023-09-01,IE,13.5241230140696
2023-09-01,US,8.41978179722085
2023-09-02,AU,11.5663988164919
2023-09-02,CA,12.5705464357371
2023-09-02,DE,16.1915932337111
2023-09-02,FR,10.3488808418779
2023-09-02,GB,13.6171471168705
2023-09-02,IE,13.5628856981005
2023-09-02,US,8.43483106084406
2023-09-03,AU,11.5619443114097
2023-09-03,CA,12.5760399236485
2023-09-03,DE,16.1942561656663
2023-09-03,FR,10.3479483601047
2023-09-03,GB,13.6188927126862
2023-09-03,IE,13.5719858341581
2023-09-03,US,8.45295116825486
2023-09-04,AU,11.5626260395573
2023-09-04,CA,12.5805028736917
2023-09-04,DE,16.1983463569154
2023-09-04,FR,10.3386889483579
2023-09-04,GB,13.6125173853981
2023-09-04,IE,13.6002333392417
2023-09-04,US,8.46625704765116
2023-09-05,AU,11.540425814747
2023-09-05,CA,12.5903440026487
2023-09-05,DE,16.1967239255105
2023-09-05,FR,10.3413554929839
2023-09-05,GB,13.5917004419592
2023-09-05,IE,13.5856810628193
2023-09-05,US,8.47130980213158
2023-09-06,AU,11.55262003421
2023-09-06,CA,12.6020330081651
2023-09-06,DE,16.2341172979474
2023-09-06,FR,10.3453716314981
2023-09-06,GB,13.5878892481571
2023-09-06,IE,13.5497756362697
2023-09-06,US,8.47054658090255
2023-09-07,AU,11.5745683717257
2023-09-07,CA,12.6243461623503
2023-09-07,DE,16.2636992050711
2023-09-07,FR,10.3428258570702
2023-09-07,GB,13.5806979412137
2023-09-07,IE,13.5108750868443
2023-09-07,US,8.46104061770231
2023-09-08,AU,11.6063534650638
2023-09-08,CA,12.6403437737474
2023-09-08,DE,16.2810285199899
2023-09-08,FR,10.3410545954395
2023-09-08,GB,13.5661130780753
2023-09-08,IE,13.4706610992309
2023-09-08,US,8.43467285333231
2023-09-09,AU,11.6458308717383
2023-09-09,CA,12.6496342179933
2023-09-09,DE,16.3164344508362
2023-09-09,FR,10.337739554188
2023-09-09,GB,13.5402322131859
2023-09-09,IE,13.415195269251
2023-09-09,US,8.40760925281853
2023-09-10,AU,11.6827422026123
2023-09-10,CA,12.6623581473593
2023-09-10,DE,16.3477625458167
2023-09-10,FR,10.3288002147054
2023-09-10,GB,13.5146075931343
2023-09-10,IE,13.3710821820961
2023-09-10,US,8.37378402359421
2023-09-11,AU,11.7245471042384
2023-09-11,CA,12.6717098694712
2023-09-11,DE,16.3817409604693
2023-09-11,FR,10.3262234044052
2023-09-11,GB,13.4895982510854
2023-09-11,IE,13.3060351798061
2023-09-11,US,8.34469604846083
2023-09-12,AU,11.7714318876271
2023-09-12,CA,12.6960650760696
2023-09-12,DE,16.4168272451703
2023-09-12,FR,10.3158445158448
2023-09-12,GB,13.4728186336829
2023-09-12,IE,13.2669365685041
2023-09-12,US,8.32261926422068
2023-09-13,AU,11.7612106618484
2023-09-13,CA,12.7225432375786
2023-09-13,DE,16.395234979236
2023-09-13,FR,10.3051639715254
2023-09-13,GB,13.4516541141234
2023-09-13,IE,13.2421894002826
2023-09-13,US,8.31767606297437
2023-09-14,AU,11.7368033871853
2023-09-14,CA,12.7532303155699
2023-09-14,DE,16.3577916074803
2023-09-14,FR,10.301568099195
2023-09-14,GB,13.4345435144234
2023-09-14,IE,13.2037010067814
2023-09-14,US,8.32042874704461
2023-09-15,AU,11.6894185647637
2023-09-15,CA,12.782016034685
2023-09-15,DE,16.3394341342068
2023-09-15,FR,10.3031866360779
2023-09-15,GB,13.4258168547491
2023-09-15,IE,13.1760148859155
2023-09-15,US,8.33292727656819
2023-09-16,AU,11.6266632537386
2023-09-16,CA,12.817739200158
2023-09-16,DE,16.3197168722723
2023-09-16,FR,10.3012897209671
2023-09-16,GB,13.4171326394393
2023-09-16,IE,13.1542364869566
2023-09-16,US,8.34334202758567
2023-09-17,AU,11.5893331790012
2023-09-17,CA,12.8430159425474
2023-09-17,DE,16.3027463117145
2023-09-17,FR,10.3067923492602
2023-09-17,GB,13.4188394135861
2023-09-17,IE,13.1324530500351
2023-09-17,US,8.35495834443614
2023-09-18,AU,11.5512942483795
2023-09-18,CA,12.8711567697474
2023-09-18,DE,16.2800973392322
2023-09-18,FR,10.3072911137824
2023-09-18,GB,13.4155796109775
2023-09-18,IE,13.1165483688865
2023-09-18,US,8.36964362487546
2023-09-19,AU,11.5136553445003
2023-09-19,CA,12.8817215319687
2023-09-19,DE,16.2672532690359
2023-09-19,FR,10.3107241714326
2023-09-19,GB,13.4207726638531
2023-09-19,IE,13.099072616991
2023-09-19,US,8.37789666164581
2023-09-20,AU,11.4716378744249
2023-09-20,CA,12.8903364712209
2023-09-20,DE,16.2659000414765
2023-09-20,FR,10.3097339996163
2023-09-20,GB,13.4290511955901
2023-09-20,IE,13.0984901791917
2023-09-20,US,8.3728811942259
2023-09-21,AU,11.4354219794909
2023-09-21,CA,12.894711534443
2023-09-21,DE,16.2713085998378
2023-09-21,FR,10.3201154139286
2023-09-21,GB,13.4453154717617
2023-09-21,IE,13.1050451051122
2023-09-21,US,8.37150958542597
2023-09-22,AU,11.4179423183788
2023-09-22,CA,12.9111284922577
2023-09-22,DE,16.2722628866881
2023-09-22,FR,10.3310203930502
2023-09-22,GB,13.4599845316206
2023-09-22,IE,13.0950277774128
2023-09-22,US,8.37228140259091
2023-09-23,AU,11.4150142577997
2023-09-23,CA,12.9122161937797
2023-09-23,DE,16.1986162840988
2023-09-23,FR,10.3468520433452
2023-09-23,GB,13.4842724748871
2023-09-23,IE,13.0937754212345
2023-09-23,US,8.35783495334315
2023-09-24,AU,11.386051683324
2023-09-24,CA,12.9298859734831
2023-09-24,DE,16.1348311519005
2023-09-24,FR,10.3590475744294
2023-09-24,GB,13.4996475242298
2023-09-24,IE,13.0949072002523
2023-09-24,US,8.35769570989193
2023-09-25,AU,11.3455667272644
2023-09-25,CA,12.9446468866523
2023-09-25,DE,16.0537359934831
2023-09-25,FR,10.3766328282037
2023-09-25,GB,13.524732047318
2023-09-25,IE,13.0899715570483
2023-09-25,US,8.35466749568488
2023-09-26,AU,11.3143050626441
2023-09-26,CA,12.9888003532226
2023-09-26,DE,15.9904381642989
2023-09-26,FR,10.3887977285218
2023-09-26,GB,13.5350185437586
2023-09-26,IE,13.0872806276343
2023-09-26,US,8.34833376459331
2023-09-27,AU,11.2919706466701
2023-09-27,CA,13.0441784687145
2023-09-27,DE,15.9490911886768
2023-09-27,FR,10.4098730874439
2023-09-27,GB,13.5553092251279
2023-09-27,IE,13.073697531213
2023-09-27,US,8.34587314685682
2023-09-28,AU,11.2686951075645
2023-09-28,CA,13.0990956611813
2023-09-28,DE,15.9189726526522
2023-09-28,FR,10.4171702853346
2023-09-28,GB,13.5621038762902
2023-09-28,IE,13.0372458385308
2023-09-28,US,8.34883455988326
2023-09-29,AU,11.2448191089952
2023-09-29,CA,13.1426294586894
2023-09-29,DE,15.8776236009718
2023-09-29,FR,10.436269455529
2023-09-29,GB,13.5641825718988
2023-09-29,IE,13.0144915467676
2023-09-29,US,8.34709868115367
2023-09-30,AU,11.2129853304674
2023-09-30,CA,13.1838617317943
2023-09-30,DE,15.8963910522931
2023-09-30,FR,10.4563213515789
2023-09-30,GB,13.5495351027738
2023-09-30,IE,12.9799034331314
2023-09-30,US,8.35638836482864
2023-10-01,AU,11.2108093319387
2023-10-01,CA,13.2236981579939
2023-10-01,DE,15.9183178899037
2023-10-01,FR,10.4846441300303
2023-10-01,GB,13.5568945598061
2023-10-01,IE,12.9592461461681
2023-10-01,US,8.3585287084325
2023-10-02,AU,11.2137499471456
2023-10-02,CA,13.2634908022977
2023-10-02,DE,15.9586572143495
2023-10-02,FR,10.5058312255089
2023-10-02,GB,13.5606941582928
2023-10-02,IE,12.9488445903032
2023-10-02,US,8.36052935916801
2023-10-03,AU,11.2095682375958
2023-10-03,CA,13.2500663138423
2023-10-03,DE,15.9694820461903
2023-10-03,FR,10.5370825521072
2023-10-03,GB,13.5643651857437
2023-10-03,IE,12.943422633218
2023-10-03,US,8.36719936373095
2023-10-04,AU,11.2045119934537
2023-10-04,CA,13.2255942009239
2023-10-04,DE,15.9682320833019
2023-10-04,FR,10.5652105392445
2023-10-04,GB,13.5586350195801
2023-10-04,IE,12.9314954761584
2023-10-04,US,8.37384669974382
2023-10-05,AU,11.2120206518888
2023-10-05,CA,13.1883068687924
2023-10-05,DE,15.9764379261424
2023-10-05,FR,10.5974782319744
2023-10-05,GB,13.5570205404807
2023-10-05,IE,12.9432823367589
2023-10-05,US,8.37238040064141
2023-10-06,AU,11.1973505985979
2023-10-06,CA,13.1481259390274
2023-10-06,DE,15.9969782487319
2023-10-06,FR,10.6174507046732
2023-10-06,GB,13.5536081731874
2023-10-06,IE,12.9616501482459
2023-10-06,US,8.37640019592316
2023-10-07,AU,11.1987644316368
2023-10-07,CA,13.1382682514707
2023-10-07,DE,16.0207576025916
2023-10-07,FR,10.6418683511151
2023-10-07,GB,13.5692595380549
2023-10-07,IE,12.9789332356858
2023-10-07,US,8.39367680051134
2023-10-08,AU,11.166902850613
2023-10-08,CA,13.1174799031304
2023-10-08,DE,16.0326273176043
2023-10-08,FR,10.6587149813448
2023-10-08,GB,13.5636854065136
2023-10-08,IE,12.9836638706122
2023-10-08,US,8.39393288429592
2023-10-09,AU,11.1393116439196
2023-10-09,CA,13.0999112141276
2023-10-09,DE,16.0433815090119
2023-10-09,FR,10.6894216782972
2023-10-09,GB,13.5599418153739
2023-10-09,IE,12.9842156695909
2023-10-09,US,8.39553922173873
2023-10-10,AU,11.1168473614567
2023-10-10,CA,13.111577323655
2023-10-10,DE,16.0546821765176
2023-10-10,FR,10.7190355768372
2023-10-10,GB,13.5626623554192
2023-10-10,IE,13.014889536664
2023-10-10,US,8.40383478738832
2023-10-11,AU,11.1053747537737
2023-10-11,CA,13.1154095198239
2023-10-11,DE,16.0405285059691
2023-10-11,FR,10.7424195923886
2023-10-11,GB,13.5646745629677
2023-10-11,IE,13.0485007744551
2023-10-11,US,8.40806424586355
2023-10-12,AU,11.0815353643761
2023-10-12,CA,13.1282271850653
2023-10-12,DE,16.0150466375418
2023-10-12,FR,10.7631654017032
2023-10-12,GB,13.5687171017965
2023-10-12,IE,13.0779040404802
2023-10-12,US,8.41832970995911
2023-10-13,AU,11.068221425213
2023-10-13,CA,13.1405601665227
2023-10-13,DE,15.9779588020372
2023-10-13,FR,10.788511168537
2023-10-13,GB,13.5870006607841
2023-10-13,IE,13.0968095815224
2023-10-13,US,8.42012173521778
2023-10-14,AU,11.0215437804734
2023-10-14,CA,13.1394049681222
2023-10-14,DE,15.9470785038876
2023-10-14,FR,10.8094764975996
2023-10-14,GB,13.592938842802
2023-10-14,IE,13.1091403934929
2023-10-14,US,8.4142875111029
2023-10-15,AU,10.9960586125333
2023-10-15,CA,13.1377273149613
2023-10-15,DE,15.9093343616985
2023-10-15,FR,10.8338670950934
2023-10-15,GB,13.6048586893734
2023-10-15,IE,13.1336883264106
2023-10-15,US,8.41697917073212
2023-10-16,AU,10.9729399273431
2023-10-16,CA,13.1437137658623
2023-10-16,DE,15.8710346618829
2023-10-16,FR,10.8533586429167
2023-10-16,GB,13.6322977555648
2023-10-16,IE,13.1596640561566
2023-10-16,US,8.41785251582284
2023-10-17,AU,10.9384584675384
2023-10-17,CA,13.1407649592852
2023-10-17,DE,15.8450931751622
2023-10-17,FR,10.8713436991705
2023-10-17,GB,13.6534545174712
2023-10-17,IE,13.14802375059
2023-10-17,US,8.41228107515567
2023-10-18,AU,10.8991785677131
2023-10-18,CA,13.1420257724878
2023-10-18,DE,15.8463849874883
2023-10-18,FR,10.8965160744655
2023-10-18,GB,13.6682173728502
2023-10-18,IE,13.1704096571362
2023-10-18,US,8.40708038520831
2023-10-19,AU,10.8593170227698
2023-10-19,CA,13.1472551689873
2023-10-19,DE,15.8420941659987
2023-10-19,FR,10.9284615641373
2023-10-19,GB,13.6925548326988
2023-10-19,IE,13.1965666868942
2023-10-19,US,8.40046803473395
2023-10-20,AU,10.8241534784774
2023-10-20,CA,13.1614527626835
2023-10-20,DE,15.8425035980242
2023-10-20,FR,10.9551361412958
2023-10-20,GB,13.7053556718565
2023-10-20,IE,13.2139998022061
2023-10-20,US,8.39753258718478
2023-10-21,AU,10.8184557435248
2023-10-21,CA,13.1526618544373
2023-10-21,DE,15.8345612871313
2023-10-21,FR,10.9725573357634
2023-10-21,GB,13.7186156606894
2023-10-21,IE,13.2366947803831
2023-10-21,US,8.38484765721445
2023-10-22,AU,10.8137095621102
2023-10-22,CA,13.1656205361935
2023-10-22,DE,15.8384308429599
2023-10-22,FR,10.9975567226067
2023-10-22,GB,13.7460776199886
2023-10-22,IE,13.264480383378
2023-10-22,US,8.38382004885974
2023-10-23,AU,10.811227799766
2023-10-23,CA,13.1728238469323
2023-10-23,DE,15.8517090329813
2023-10-23,FR,11.0206624002062
2023-10-23,GB,13.7581804134266
2023-10-23,IE,13.278028817023
2023-10-23,US,8.38268816277244
2023-10-24,AU,10.796337212772
2023-10-24,CA,13.2117762883012
2023-10-24,DE,15.8615216356155
2023-10-24,FR,11.0404330467864
2023-10-24,GB,13.7853809941113
2023-10-24,IE,13.3006430479639
2023-10-24,US,8.38157527865041
2023-10-25,AU,10.776380201422
2023-10-25,CA,13.2539787556612
2023-10-25,DE,15.8752546678072
2023-10-25,FR,11.0652225427407
2023-10-25,GB,13.8186596120177
2023-10-25,IE,13.2702505022968
2023-10-25,US,8.38036087220638
2023-10-26,AU,10.7681720710017
2023-10-26,CA,13.2953018639937
2023-10-26,DE,15.9037795998892
2023-10-26,FR,11.080216418759
2023-10-26,GB,13.8434114569266
2023-10-26,IE,13.2211439802472
2023-10-26,US,8.37626692340494
2023-10-27,AU,10.7593408211966
2023-10-27,CA,13.3567497898706
2023-10-27,DE,15.919769733789
2023-10-27,FR,11.0997293404374
2023-10-27,GB,13.8773620855494
2023-10-27,IE,13.2008569420715
2023-10-27,US,8.37219783183303
2023-10-28,AU,10.7549222479612
2023-10-28,CA,13.4448050796574
2023-10-28,DE,15.9607077790723
2023-10-28,FR,11.1210348816139
2023-10-28,GB,13.9131676836196
2023-10-28,IE,13.2199445669424
2023-10-28,US,8.37859337151692
2023-10-29,AU,10.7399831647249
2023-10-29,CA,13.509250836055
2023-10-29,DE,16.0056799244206
2023-10-29,FR,11.1461229241989
2023-10-29,GB,13.940888123411
2023-10-29,IE,13.2285816923642
2023-10-29,US,8.37776251955766
2023-10-30,AU,10.7161200017493
2023-10-30,CA,13.567569327066
2023-10-30,DE,16.0448477050851
2023-10-30,FR,11.1647442657376
2023-10-30,GB,13.9606814303322
2023-10-30,IE,13.2440361896535
2023-10-30,US,8.37527947685927
2023-10-31,AU,10.7089295438589
2023-10-31,CA,13.5962817003468
2023-10-31,DE,16.0805850948851
2023-10-31,FR,11.194363810558
2023-10-31,GB,13.9926695176029
2023-10-31,IE,13.2459447839634
2023-10-31,US,8.36584491378255
2023-11-01,AU,10.7150677435174
2023-11-01,CA,13.6218113077078
2023-11-01,DE,16.1171019177229
2023-11-01,FR,11.2112622762462
2023-11-01,GB,14.034588297975
2023-11-01,IE,13.2662829898443
2023-11-01,US,8.3610327351046
2023-11-02,AU,10.7187027172597
2023-11-02,CA,13.6400114992049
2023-11-02,DE,16.1364932824821
2023-11-02,FR,11.2332368061109
2023-11-02,GB,14.0778314639475
2023-11-02,IE,13.311277278623
2023-11-02,US,8.36296534550987
2023-11-03,AU,10.7352595280971
2023-11-03,CA,13.637208041464
2023-11-03,DE,16.1620925256677
2023-11-03,FR,11.2578109661822
2023-11-03,GB,14.1096944952542
2023-11-03,IE,13.3366317894046
2023-11-03,US,8.37026539060622
2023-11-04,AU,10.7726689813006
2023-11-04,CA,13.6301726144834
2023-11-04,DE,16.1572596308105
2023-11-04,FR,11.2865507678851
2023-11-04,GB,14.147541817728
2023-11-04,IE,13.2993421312355
2023-11-04,US,8.38071574468322
2023-11-05,AU,10.7957789767805
2023-11-05,CA,13.6183224010206
2023-11-05,DE,16.143454987477
2023-11-05,FR,11.3017539732409
2023-11-05,GB,14.1752995465705
2023-11-05,IE,13.2588837361083
2023-11-05,US,8.38884614740569
2023-11-06,AU,10.8321677108054
2023-11-06,CA,13.6085848746847
2023-11-06,DE,16.1257528405411
2023-11-06,FR,11.3170065519982
2023-11-06,GB,14.2190770343075
2023-11-06,IE,13.2208470820348
2023-11-06,US,8.39736222378806
2023-11-07,AU,10.8791882853537
2023-11-07,CA,13.6046017849459
2023-11-07,DE,16.1192852364628
2023-11-07,FR,11.3202402586874
2023-11-07,GB,14.2311100319869
2023-11-07,IE,13.1885662845396
2023-11-07,US,8.42282830824818
2023-11-08,AU,10.9226062997933
2023-11-08,CA,13.6102445271554
2023-11-08,DE,16.1061724156127
2023-11-08,FR,11.3334539171485
2023-11-08,GB,14.2313695300368
2023-11-08,IE,13.1627276859892
2023-11-08,US,8.43459413035338
2023-11-09,AU,10.9726284858523
2023-11-09,CA,13.6303918618061
2023-11-09,DE,16.0902566998042
2023-11-09,FR,11.3298149335105
2023-11-09,GB,14.2224179455738
2023-11-09,IE,13.143594658501
2023-11-09,US,8.43949654624095
2023-11-10,AU,11.0126139995587
2023-11-10,CA,13.6541939319992
2023-11-10,DE,16.0773099815512
2023-11-10,FR,11.3344604351378
2023-11-10,GB,14.2121794504568
2023-11-10,IE,13.1230121804907
2023-11-10,US,8.44122562018898
2023-11-11,AU,11.0223343973183
2023-11-11,CA,13.6770698333842
2023-11-11,DE,16.0651688336445
2023-11-11,FR,11.3367562444591
2023-11-11,GB,14.1853469600087
2023-11-11,IE,13.1040250671214
2023-11-11,US,8.43460589809458
2023-11-12,AU,11.0521994747444
2023-11-12,CA,13.6998428803134
2023-11-12,DE,16.0602192003703
2023-11-12,FR,11.3440125441317
2023-11-12,GB,14.1677223071938
2023-11-12,IE,13.1106029203126
2023-11-12,US,8.43081239532287
2023-11-13,AU,11.0727494529739
2023-11-13,CA,13.7217752399648
2023-11-13,DE,16.0546291927224
2023-11-13,FR,11.3546062114412
2023-11-13,GB,14.1496220168893
2023-11-13,IE,13.1164599920206
2023-11-13,US,8.4294042013318
2023-11-14,AU,11.0904439040662
2023-11-14,CA,13.7427663431841
2023-11-14,DE,16.023567114152
2023-11-14,FR,11.3674281065855
2023-11-14,GB,14.1408416324661
2023-11-14,IE,13.150529473152
2023-11-14,US,8.42308018708172
2023-11-15,AU,11.0999137314803
2023-11-15,CA,13.7665865540775
2023-11-15,DE,15.9901029082718
2023-11-15,FR,11.3807058809944
2023-11-15,GB,14.143738510685
2023-11-15,IE,13.2131946421681
2023-11-15,US,8.42806560728509
2023-11-16,AU,11.1118958817955
2023-11-16,CA,13.7787596562657
2023-11-16,DE,15.9664312527726
2023-11-16,FR,11.3994393538102
2023-11-16,GB,14.1676167074368
2023-11-16,IE,13.2821872840183
2023-11-16,US,8.43633110787522
2023-11-17,AU,11.1060219335195
2023-11-17,CA,13.7827388084613
2023-11-17,DE,15.9421380253101
2023-11-17,FR,11.4091831677536
2023-11-17,GB,14.2007182721869
2023-11-17,IE,13.348185924654
2023-11-17,US,8.44060643404147
2023-11-18,AU,11.0951075020314
2023-11-18,CA,13.7842005566689
2023-11-18,DE,15.9131344226469
2023-11-18,FR,11.41814989809
2023-11-18,GB,14.2426103775835
2023-11-18,IE,13.4409039008982
2023-11-18,US,8.44733411755828
2023-11-19,AU,11.1034354859857
2023-11-19,CA,13.8063501646338
2023-11-19,DE,15.8888210450938
2023-11-19,FR,11.430344914112
2023-11-19,GB,14.2834628768623
2023-11-19,IE,13.5282316301743
2023-11-19,US,8.45583650671024
2023-11-20,AU,11.1080667202787
2023-11-20,CA,13.830994921716
2023-11-20,DE,15.8648071293023
2023-11-20,FR,11.4462650602614
2023-11-20,GB,14.3240244756459
2023-11-20,IE,13.6229277356661
2023-11-20,US,8.46177653105193
2023-11-21,AU,11.1129281745263
2023-11-21,CA,13.8417795419615
2023-11-21,DE,15.8449004170704
2023-11-21,FR,11.4634168204384
2023-11-21,GB,14.3739175038041
2023-11-21,IE,13.7057929982803
2023-11-21,US,8.46655430130628
2023-11-22,AU,11.1324363229306
2023-11-22,CA,13.8600128868258
2023-11-22,DE,15.8248800848785
2023-11-22,FR,11.4731094199671
2023-11-22,GB,14.4182115256867
2023-11-22,IE,13.7482019363061
2023-11-22,US,8.48643551984472
2023-11-23,AU,11.1358643491624
2023-11-23,CA,13.8777423526575
2023-11-23,DE,15.7998111958841
2023-11-23,FR,11.483233008618
2023-11-23,GB,14.4514367831468
2023-11-23,IE,13.7770772474339
2023-11-23,US,8.49570196225471
2023-11-24,AU,11.1617662857857
2023-11-24,CA,13.8913254059078
2023-11-24,DE,15.7789512252021
2023-11-24,FR,11.4905217425153
2023-11-24,GB,14.4834789345572
2023-11-24,IE,13.8280364470832
2023-11-24,US,8.50745742115372
2023-11-25,AU,11.1938148510992
2023-11-25,CA,13.915465404935
2023-11-25,DE,15.7745774597226
2023-11-25,FR,11.5178233336394
2023-11-25,GB,14.5192304294742
2023-11-25,IE,13.8653925178691
2023-11-25,US,8.52165854878912
2023-11-26,AU,11.203966214991
2023-11-26,CA,13.9131230291861
2023-11-26,DE,15.758185706938
2023-11-26,FR,11.530757323161
2023-11-26,GB,14.5502475698059
2023-11-26,IE,13.8910077606313
2023-11-26,US,8.52912128636854
2023-11-27,AU,11.2249854551978
2023-11-27,CA,13.9118738638197
2023-11-27,DE,15.7392745467523
2023-11-27,FR,11.5503197304319
2023-11-27,GB,14.5811233488301
2023-11-27,IE,13.9069908276164
2023-11-27,US,8.53904157595197
2023-11-28,AU,11.2428119410351
2023-11-28,CA,13.9211371049066
2023-11-28,DE,15.7102134120879
2023-11-28,FR,11.5613460159519
2023-11-28,GB,14.614242256624
2023-11-28,IE,13.9229774910155
2023-11-28,US,8.54382099795547
2023-11-29,AU,11.2593974346538
2023-11-29,CA,13.9205450069831
2023-11-29,DE,15.693262376661
2023-11-29,FR,11.5747288721673
2023-11-29,GB,14.6491935373225
2023-11-29,IE,13.9444732667719
2023-11-29,US,8.53758969028673
2023-11-30,AU,11.272425251097
2023-11-30,CA,13.9191393259912
2023-11-30,DE,15.6697204710482
2023-11-30,FR,11.5915345283311
2023-11-30,GB,14.6887366937127
2023-11-30,IE,13.9609605742939
2023-11-30,US,8.53465357836901
2023-12-01,AU,11.278178749678
2023-12-01,CA,13.927495544891
2023-12-01,DE,15.6395462879639
2023-12-01,FR,11.588750903449
2023-12-01,GB,14.7318192076095
2023-12-01,IE,13.9901725339153
2023-12-01,US,8.5302091440567
2023-12-02,AU,11.3003860017447
2023-12-02,CA,13.9154381941176
2023-12-02,DE,15.6159060513917
2023-12-02,FR,11.5707561407242
2023-12-02,GB,14.7756764981065
2023-12-02,IE,14.0245540205867
2023-12-02,US,8.53133052403936
2023-12-03,AU,11.3258255349289
2023-12-03,CA,13.9343848725753
2023-12-03,DE,15.5995772729328
2023-12-03,FR,11.5603756246866
2023-12-03,GB,14.8238589213163
2023-12-03,IE,14.0584607194068
2023-12-03,US,8.53694245096514
2023-12-04,AU,11.3217588201795
2023-12-04,CA,13.9484096441536
2023-12-04,DE,15.5868045256593
2023-12-04,FR,11.5393061523237
2023-12-04,GB,14.8794404497402
2023-12-04,IE,14.1053165054254
2023-12-04,US,8.54365085386405
2023-12-05,AU,11.3268215125052
2023-12-05,CA,13.9637392484012
2023-12-05,DE,15.5923968022926
2023-12-05,FR,11.5188964328826
2023-12-05,GB,14.9177746472532
2023-12-05,IE,14.1740335294155
2023-12-05,US,8.54623371235242
2023-12-06,AU,11.3262723901058
2023-12-06,CA,13.9758892771991
2023-12-06,DE,15.5836993365742
2023-12-06,FR,11.4971017832336
2023-12-06,GB,14.9499578904945
2023-12-06,IE,14.2442878472352
2023-12-06,US,8.54334887028642
2023-12-07,AU,11.3295085855652
2023-12-07,CA,14.0105206930438
2023-12-07,DE,15.5858384000858
2023-12-07,FR,11.4763407218895
2023-12-07,GB,14.9805288969343
2023-12-07,IE,14.3156723386506
2023-12-07,US,8.55425408558233
2023-12-08,AU,11.3246386560054
2023-12-08,CA,14.0292274857134
2023-12-08,DE,15.5943695349081
2023-12-08,FR,11.4766562025381
2023-12-08,GB,15.0057647860601
2023-12-08,IE,14.4074263891931
2023-12-08,US,8.5513418370098
2023-12-09,AU,11.3079023905599
2023-12-09,CA,14.0514559550898
2023-12-09,DE,15.5847754735052
2023-12-09,FR,11.4760629834002
2023-12-09,GB,15.0300338304996
2023-12-09,IE,14.4701868379731
2023-12-09,US,8.53763676677972
2023-12-10,AU,11.2866343870352
2023-12-10,CA,14.0673929762158
2023-12-10,DE,15.5769818398169
2023-12-10,FR,11.4737629382715
2023-12-10,GB,15.0541410090389
2023-12-10,IE,14.558767801238
2023-12-10,US,8.52725153344276
2023-12-11,AU,11.2954517373805
2023-12-11,CA,14.0849552749272
2023-12-11,DE,15.5727727215445
2023-12-11,FR,11.4763346484823
2023-12-11,GB,15.0761991697648
2023-12-11,IE,14.6435036846412
2023-12-11,US,8.52288577700395
2023-12-12,AU,11.292536439975
2023-12-12,CA,14.1156305873387
2023-12-12,DE,15.5668756913947
2023-12-12,FR,11.479836272924
2023-12-12,GB,15.0999762844327
2023-12-12,IE,14.7171645712962
2023-12-12,US,8.52590268694155
2023-12-13,AU,11.294998518057
2023-12-13,CA,14.141896002415
2023-12-13,DE,15.5691400363114
2023-12-13,FR,11.4831103621583
2023-12-13,GB,15.1220717017417
2023-12-13,IE,14.7704974721234
2023-12-13,US,8.53707615259304
2023-12-14,AU,11.2877894832469
2023-12-14,CA,14.1536734066108
2023-12-14,DE,15.5585120674581
2023-12-14,FR,11.4802276260919
2023-12-14,GB,15.138635923736
2023-12-14,IE,14.8212296236457
2023-12-14,US,8.54179973925092
2023-12-15,AU,11.2926911700526
2023-12-15,CA,14.1589985708191
2023-12-15,DE,15.5503131491166
2023-12-15,FR,11.4727443402506
2023-12-15,GB,15.1686078684793
2023-12-15,IE,14.8082674330344
2023-12-15,US,8.56222704768396
2023-12-16,AU,11.2960718776201
2023-12-16,CA,14.1937895326683
2023-12-16,DE,15.551348812857
2023-12-16,FR,11.4586980851922
2023-12-16,GB,15.197156215524
2023-12-16,IE,14.8410061548437
2023-12-16,US,8.5892627354667
2023-12-17,AU,11.2925600956492
2023-12-17,CA,14.2155229967352
2023-12-17,DE,15.5465832716319
2023-12-17,FR,11.4569904795985
2023-12-17,GB,15.2276585269539
2023-12-17,IE,14.8458455551201
2023-12-17,US,8.62334320575609
2023-12-18,AU,11.2827096555687
2023-12-18,CA,14.2423988197142
2023-12-18,DE,15.5425058695037
2023-12-18,FR,11.4432437281161
2023-12-18,GB,15.256952206369
2023-12-18,IE,14.8510543192032
2023-12-18,US,8.64265647773818
2023-12-19,AU,11.2788007289696
2023-12-19,CA,14.2570399862014
2023-12-19,DE,15.5422547347032
2023-12-19,FR,11.4283158827599
2023-12-19,GB,15.3082752500714
2023-12-19,IE,14.8592050622623
2023-12-19,US,8.65654403906877
2023-12-20,AU,11.2574684138197
2023-12-20,CA,14.2807111639785
2023-12-20,DE,15.5351831517329
2023-12-20,FR,11.415542028654
2023-12-20,GB,15.3710236140787
2023-12-20,IE,14.9028780928996
2023-12-20,US,8.66781627828838
2023-12-21,AU,11.261671746452
2023-12-21,CA,14.2943284097562
2023-12-21,DE,15.5454608111766
2023-12-21,FR,11.4033290256886
2023-12-21,GB,15.4509832032287
2023-12-21,IE,14.9385521831181
2023-12-21,US,8.67097384759966
2023-12-22,AU,11.2639323106578
2023-12-22,CA,14.3338097808516
2023-12-22,DE,15.557214186295
2023-12-22,FR,11.3947566017477
2023-12-22,GB,15.5262092839962
2023-12-22,IE,15.0029106295626
2023-12-22,US,8.6753074988234
2023-12-23,AU,11.2758907721464
2023-12-23,CA,14.3565173136604
2023-12-23,DE,15.5750309836317
2023-12-23,FR,11.4094897403411
2023-12-23,GB,15.6121232133888
2023-12-23,IE,15.0387417955155
2023-12-23,US,8.67640609906814
2023-12-24,AU,11.298830011521
2023-12-24,CA,14.38441593266
2023-12-24,DE,15.5917336756106
2023-12-24,FR,11.4181404643294
2023-12-24,GB,15.6985025109137
2023-12-24,IE,15.1089121708425
2023-12-24,US,8.66650361433022
2023-12-25,AU,11.3330875147715
2023-12-25,CA,14.4113628555489
2023-12-25,DE,15.603608317993
2023-12-25,FR,11.435123981493
2023-12-25,GB,15.785870878631
2023-12-25,IE,15.1786610756631
2023-12-25,US,8.66581895091753
2023-12-26,AU,11.3639414249027
2023-12-26,CA,14.4385973347538
2023-12-26,DE,15.6195054507001
2023-12-26,FR,11.4631305657191
2023-12-26,GB,15.8654912898713
2023-12-26,IE,15.2333495605205
2023-12-26,US,8.66956814873984
2023-12-27,AU,11.4063691717232
2023-12-27,CA,14.4661049531937
2023-12-27,DE,15.6463080265067
2023-12-27,FR,11.4906150755685
2023-12-27,GB,15.9446998784883
2023-12-27,IE,15.2761326421275
2023-12-27,US,8.66548977274827
2023-12-28,AU,11.4197446870735
2023-12-28,CA,14.4986034820411
2023-12-28,DE,15.6640419889654
2023-12-28,FR,11.5228463065715
2023-12-28,GB,15.998031529989
2023-12-28,IE,15.3223712586968
2023-12-28,US,8.66393571858064
2023-12-29,AU,11.4297583724966
2023-12-29,CA,14.5153765284765
2023-12-29,DE,15.6823122675719
2023-12-29,FR,11.5553635592084
2023-12-29,GB,16.0256739374339
2023-12-29,IE,15.3488716189231
2023-12-29,US,8.66221269269048
2023-12-30,AU,11.4332524712455
2023-12-30,CA,14.5305848410185
2023-12-30,DE,15.6888809122716
2023-12-30,FR,11.5705413372195
2023-12-30,GB,16.026190124629
2023-12-30,IE,15.3944359940238
2023-12-30,US,8.65828661870587
2023-12-31,AU,11.4356281617404
2023-12-31,CA,14.5394137694345
2023-12-31,DE,15.6986515275396
2023-12-31,FR,11.5814290278108
2023-12-31,GB,16.0227038888065
2023-12-31,IE,15.4000411357627
2023-12-31,US,8.65194538142845
2024-01-01,AU,11.4371915886042
2024-01-01,CA,14.5477695771207
2024-01-01,DE,15.7205342852016
2024-01-01,FR,11.5848152308052
2024-01-01,GB,16.0416630051577
2024-01-01,IE,15.4036250822051
2024-01-01,US,8.64816371932377
2024-01-02,AU,11.4479236575395
2024-01-02,CA,14.5603875097538
2024-01-02,DE,15.738971050155
2024-01-02,FR,11.5899171138121
2024-01-02,GB,16.0537500479523
2024-01-02,IE,15.4095633774758
2024-01-02,US,8.64306703917988
2024-01-03,AU,11.4725333650622
2024-01-03,CA,14.5530971709523
2024-01-03,DE,15.746658769043
2024-01-03,FR,11.5943887910294
2024-01-03,GB,16.0357333297223
2024-01-03,IE,15.3818882178358
2024-01-03,US,8.63252271120515
2024-01-04,AU,11.524455842962
2024-01-04,CA,14.5586691456366
2024-01-04,DE,15.7572291081407
2024-01-04,FR,11.598876930874
2024-01-04,GB,16.0252732001592
2024-01-04,IE,15.3479195352534
2024-01-04,US,8.62632214905232
2024-01-05,AU,11.5658859334606
2024-01-05,CA,14.5641254825117
2024-01-05,DE,15.7651530860947
2024-01-05,FR,11.5981915715041
2024-01-05,GB,16.0200717596184
2024-01-05,IE,15.3188410293785
2024-01-05,US,8.61676540201517
2024-01-06,AU,11.6011351802154
2024-01-06,CA,14.564626840972
2024-01-06,DE,15.7751328498651
2024-01-06,FR,11.5993817507427
2024-01-06,GB,16.0181411223121
2024-01-06,IE,15.2494536525976
2024-01-06,US,8.61687254976185
2024-01-07,AU,11.6484320270358
2024-01-07,CA,14.5603568662895
2024-01-07,DE,15.7842008625368
2024-01-07,FR,11.5966685989701
2024-01-07,GB,16.0374267258197
2024-01-07,IE,15.212418939653
2024-01-07,US,8.63246574928031
2024-01-08,AU,11.6955369649978
2024-01-08,CA,14.553233221434
2024-01-08,DE,15.7813796274817
2024-01-08,FR,11.5997493786331
2024-01-08,GB,16.0229350485808
2024-01-08,IE,15.1802490674937
2024-01-08,US,8.6336150004984
2024-01-09,AU,11.7405823657488
2024-01-09,CA,14.5486221698205
2024-01-09,DE,15.7732973205841
2024-01-09,FR,11.5965216157287
2024-01-09,GB,15.9849370116167
2024-01-09,IE,15.1249687059417
2024-01-09,US,8.63497267910476
2024-01-10,AU,11.7606278788588
2024-01-10,CA,14.5527138655243
2024-01-10,DE,15.7773274228215
2024-01-10,FR,11.5896808800071
2024-01-10,GB,15.9520264582147
2024-01-10,IE,15.0949842814824
2024-01-10,US,8.64183066739113
2024-01-11,AU,11.7676468008152
2024-01-11,CA,14.5484862108652
2024-01-11,DE,15.7892694873564
2024-01-11,FR,11.5800580356918
2024-01-11,GB,15.9341644670792
2024-01-11,IE,15.092848498558
2024-01-11,US,8.65035765964183
2024-01-12,AU,11.7785069132881
2024-01-12,CA,14.562608212097
2024-01-12,DE,15.7992577486569
2024-01-12,FR,11.570387268948
2024-01-12,GB,15.9328348025335
2024-01-12,IE,15.1015915564624
2024-01-12,US,8.66586838905862
2024-01-13,AU,11.7954420893723
2024-01-13,CA,14.5607824366787
2024-01-13,DE,15.8072816648823
2024-01-13,FR,11.555304699605
2024-01-13,GB,15.9133909066677
2024-01-13,IE,15.1103677735409
2024-01-13,US,8.67232474013513
2024-01-14,AU,11.8130284492698
2024-01-14,CA,14.5718947131388
2024-01-14,DE,15.8157685905148
2024-01-14,FR,11.5478494970987
2024-01-14,GB,15.8879475826902
2024-01-14,IE,15.1089581402305
2024-01-14,US,8.67321005209851
2024-01-15,AU,11.8314356338304
2024-01-15,CA,14.5803890340893
2024-01-15,DE,15.8140360032718
2024-01-15,FR,11.5360294068516
2024-01-15,GB,15.8677984112448
2024-01-15,IE,15.1084505125704
2024-01-15,US,8.68541432523344
2024-01-16,AU,11.8456300317917
2024-01-16,CA,14.589968893362
2024-01-16,DE,15.8255460803529
2024-01-16,FR,11.5304027903306
2024-01-16,GB,15.8649326970767
2024-01-16,IE,15.10215875476
2024-01-16,US,8.69486002517191
2024-01-17,AU,11.8667692141881
2024-01-17,CA,14.6060058914542
2024-01-17,DE,15.8321913390991
2024-01-17,FR,11.5272552853813
2024-01-17,GB,15.8792972483448
2024-01-17,IE,15.081557546803
2024-01-17,US,8.70562156751836
2024-01-18,AU,11.9143889095006
2024-01-18,CA,14.6228604962194
2024-01-18,DE,15.839895791975
2024-01-18,FR,11.5183034442445
2024-01-18,GB,15.8711864989886
2024-01-18,IE,15.0496199065323
2024-01-18,US,8.71729490351244
2024-01-19,AU,11.9643580866601
2024-01-19,CA,14.638500645145
2024-01-19,DE,15.8450208651233
2024-01-19,FR,11.5260454878986
2024-01-19,GB,15.8571955190146
2024-01-19,IE,15.0285973321742
2024-01-19,US,8.72449851039135
2024-01-20,AU,11.9959508570947
2024-01-20,CA,14.6496118162609
2024-01-20,DE,15.8468285768011
2024-01-20,FR,11.5366724308091
2024-01-20,GB,15.8706359955168
2024-01-20,IE,15.0517906933359
2024-01-20,US,8.73296917441564
2024-01-21,AU,12.0227612641414
2024-01-21,CA,14.6611782421609
2024-01-21,DE,15.8464642563515
2024-01-21,FR,11.5455775249226
2024-01-21,GB,15.8630498462922
2024-01-21,IE,15.0489430093041
2024-01-21,US,8.73322440565996
2024-01-22,AU,12.0355703940281
2024-01-22,CA,14.6709188853417
2024-01-22,DE,15.86414743289
2024-01-22,FR,11.555370315872
2024-01-22,GB,15.8621887677114
2024-01-22,IE,15.0247846287312
2024-01-22,US,8.73548476450294
2024-01-23,AU,12.0523901802416
2024-01-23,CA,14.6706658029238
2024-01-23,DE,15.868739627489
2024-01-23,FR,11.5427202565048
2024-01-23,GB,15.8492492923835
2024-01-23,IE,15.0255818031361
2024-01-23,US,8.74094446963515
2024-01-24,AU,12.0508328043344
2024-01-24,CA,14.6832159010797
2024-01-24,DE,15.8630108968051
2024-01-24,FR,11.5308823933964
2024-01-24,GB,15.821490908248
2024-01-24,IE,15.049761222449
2024-01-24,US,8.75450684944396
2024-01-25,AU,12.02405437891
2024-01-25,CA,14.707785472951
2024-01-25,DE,15.8631772950858
2024-01-25,FR,11.5245416497348
2024-01-25,GB,15.8038517036839
2024-01-25,IE,15.0548573106579
2024-01-25,US,8.76495584193545
2024-01-26,AU,11.9989724958208
2024-01-26,CA,14.7145745966076
2024-01-26,DE,15.8527175377983
2024-01-26,FR,11.5035940681652
2024-01-26,GB,15.7837819777255
2024-01-26,IE,15.0534218618801
2024-01-26,US,8.77843246439331
2024-01-27,AU,11.9873114846085
2024-01-27,CA,14.733182350277
2024-01-27,DE,15.861752980098
2024-01-27,FR,11.4706397167441
2024-01-27,GB,15.7603431328403
2024-01-27,IE,15.0446253950913
2024-01-27,US,8.79574407530462
2024-01-28,AU,11.9659286793464
2024-01-28,CA,14.757441827442
2024-01-28,DE,15.8674868767063
2024-01-28,FR,11.4386012626289
2024-01-28,GB,15.7417293417231
2024-01-28,IE,15.0267937553927
2024-01-28,US,8.81352060617754
2024-01-29,AU,11.9452547796179
2024-01-29,CA,14.767424925242
2024-01-29,DE,15.866320361304
2024-01-29,FR,11.4102021591871
2024-01-29,GB,15.7226891188051
2024-01-29,IE,15.0391115336536
2024-01-29,US,8.82812280846776
2024-01-30,AU,11.9176400456066
2024-01-30,CA,14.7693864428621
2024-01-30,DE,15.8735545789403
2024-01-30,FR,11.4238006235405
2024-01-30,GB,15.7031914806649
2024-01-30,IE,15.0561986098499
2024-01-30,US,8.84146613468788
2024-01-31,AU,11.9248328719657
2024-01-31,CA,14.7665604303861
2024-01-31,DE,15.8898942537591
2024-01-31,FR,11.432166855408
2024-01-31,GB,15.696462403045
2024-01-31,IE,15.0643077551825
2024-01-31,US,8.84730184575568
2024-02-01,AU,11.9234990422015
2024-02-01,CA,14.7423272938991
2024-02-01,DE,15.8917604929185
2024-02-01,FR,11.4380192550218
2024-02-01,GB,15.6897917229642
2024-02-01,IE,15.1015995384987
2024-02-01,US,8.85421847702975
2024-02-02,AU,11.9372197223619
2024-02-02,CA,14.7197854544471
2024-02-02,DE,15.9011759267617
2024-02-02,FR,11.4424483249438
2024-02-02,GB,15.6842923467259
2024-02-02,IE,15.1356406154363
2024-02-02,US,8.86139317386772
2024-02-03,AU,11.9372935931448
2024-02-03,CA,14.7058139093318
2024-02-03,DE,15.9025826029953
2024-02-03,FR,11.458695707349
2024-02-03,GB,15.6710480764912
2024-02-03,IE,15.153745268529
2024-02-03,US,8.86753385660268
2024-02-04,AU,11.9435880848079
2024-02-04,CA,14.6801467311257
2024-02-04,DE,15.9108284024928
2024-02-04,FR,11.4699019596675
2024-02-04,GB,15.6587208405607
2024-02-04,IE,15.1855754827339
2024-02-04,US,8.87494617680136
2024-02-05,AU,11.9526177369417
2024-02-05,CA,14.6704220567654
2024-02-05,DE,15.9243728484253
2024-02-05,FR,11.4815437480889
2024-02-05,GB,15.6499011678216
2024-02-05,IE,15.1922318467139
2024-02-05,US,8.88144503213443
2024-02-06,AU,11.9664571689364
2024-02-06,CA,14.6752117622403
2024-02-06,DE,15.9292373766609
2024-02-06,FR,11.4705910479152
2024-02-06,GB,15.6570904722389
2024-02-06,IE,15.219456313295
2024-02-06,US,8.88633052964881
2024-02-07,AU,11.9678423102096
2024-02-07,CA,14.6787388464037
2024-02-07,DE,15.946417117571
2024-02-07,FR,11.4572806903321
2024-02-07,GB,15.6572600888918
2024-02-07,IE,15.2368379775149
2024-02-07,US,8.9016799364626
2024-02-08,AU,11.9735466838142
2024-02-08,CA,14.6746577574697
2024-02-08,DE,15.9691997382032
2024-02-08,FR,11.4488452210742
2024-02-08,GB,15.6205809938823
2024-02-08,IE,15.2157755734285
2024-02-08,US,8.90150997232907
2024-02-09,AU,11.9663831609108
2024-02-09,CA,14.6766499928494
2024-02-09,DE,15.9882745229453
2024-02-09,FR,11.456127384183
2024-02-09,GB,15.5853629012452
2024-02-09,IE,15.1804045252921
2024-02-09,US,8.90208225410027
2024-02-10,AU,11.9676729819683
2024-02-10,CA,14.6911892660567
2024-02-10,DE,16.0191823985017
2024-02-10,FR,11.4583585749929
2024-02-10,GB,15.5554633544905
2024-02-10,IE,15.1936454068242
2024-02-10,US,8.90241395529931
2024-02-11,AU,11.9692664402219
2024-02-11,CA,14.7085047184413
2024-02-11,DE,16.0475082409227
2024-02-11,FR,11.4723870961816
2024-02-11,GB,15.5244799297451
2024-02-11,IE,15.209355161301
2024-02-11,US,8.9019595174291
2024-02-12,AU,11.9812790055275
2024-02-12,CA,14.7270809599807
2024-02-12,DE,16.0625156242145
2024-02-12,FR,11.4943653836137
2024-02-12,GB,15.4823940929743
2024-02-12,IE,15.2434142544894
2024-02-12,US,8.89822202897301
2024-02-13,AU,11.9703104401716
2024-02-13,CA,14.7457788137849
2024-02-13,DE,16.0961531730073
2024-02-13,FR,11.5389808966869
2024-02-13,GB,15.4292360668443
2024-02-13,IE,15.2536038456603
2024-02-13,US,8.90622161277627
2024-02-14,AU,11.9623634380393
2024-02-14,CA,14.7522510795334
2024-02-14,DE,16.1197243697378
2024-02-14,FR,11.5777659202457
2024-02-14,GB,15.3816870935831
2024-02-14,IE,15.2816863718873
2024-02-14,US,8.89607388511572
2024-02-15,AU,11.9722619563842
2024-02-15,CA,14.7670336488646
2024-02-15,DE,16.1475289785923
2024-02-15,FR,11.6061938498338
2024-02-15,GB,15.3749791044114
2024-02-15,IE,15.3120193260436
2024-02-15,US,8.89945426617258
2024-02-16,AU,11.9734065207489
2024-02-16,CA,14.7707630320454
2024-02-16,DE,16.1643974884816
2024-02-16,FR,11.6184153021799
2024-02-16,GB,15.3673803090321
2024-02-16,IE,15.3667494651158
2024-02-16,US,8.89779305464529
2024-02-17,AU,11.9630763727635
2024-02-17,CA,14.732007632729
2024-02-17,DE,16.1550059329067
2024-02-17,FR,11.6233956498145
2024-02-17,GB,15.3362155956342
2024-02-17,IE,15.3515004960033
2024-02-17,US,8.87823442736026
2024-02-18,AU,11.9675318076072
2024-02-18,CA,14.7224924995477
2024-02-18,DE,16.1564439767906
2024-02-18,FR,11.6339991047136
2024-02-18,GB,15.3323116075731
2024-02-18,IE,15.3695917423727
2024-02-18,US,8.86612899135646
2024-02-19,AU,11.9603310835338
2024-02-19,CA,14.7298269575152
2024-02-19,DE,16.1621401293039
2024-02-19,FR,11.6363236751853
2024-02-19,GB,15.3251100456333
2024-02-19,IE,15.380329799718
2024-02-19,US,8.859341695998
2024-02-20,AU,11.9720395379791
2024-02-20,CA,14.6985480655408
2024-02-20,DE,16.1527899722573
2024-02-20,FR,11.6095334213147
2024-02-20,GB,15.3254721711611
2024-02-20,IE,15.3828736290828
2024-02-20,US,8.83624611001393
2024-02-21,AU,11.9724909410381
2024-02-21,CA,14.6722424172367
2024-02-21,DE,16.141952587501
2024-02-21,FR,11.5856881893824
2024-02-21,GB,15.3282017850033
2024-02-21,IE,15.3830436620839
2024-02-21,US,8.82284400928266
2024-02-22,AU,11.9531385011001
2024-02-22,CA,14.6402289281128
2024-02-22,DE,16.1234000588958
2024-02-22,FR,11.582163738446
2024-02-22,GB,15.3303200556906
2024-02-22,IE,15.39138962297
2024-02-22,US,8.81749019310231
2024-02-23,AU,11.9604242099303
2024-02-23,CA,14.6208123646645
2024-02-23,DE,16.1150275984525
2024-02-23,FR,11.5828575003038
2024-02-23,GB,15.329913049893
2024-02-23,IE,15.361262787381
2024-02-23,US,8.81747732636723
2024-02-24,AU,11.9677343382854
2024-02-24,CA,14.6351059565973
2024-02-24,DE,16.1181537436305
2024-02-24,FR,11.6012497962436
2024-02-24,GB,15.3574502609025
2024-02-24,IE,15.3733717966002
2024-02-24,US,8.83851088179908
2024-02-25,AU,11.957001425155
2024-02-25,CA,14.6155383054633
2024-02-25,DE,16.1137443526386
2024-02-25,FR,11.6027528564609
2024-02-25,GB,15.3598250174477
2024-02-25,IE,15.3393342004469
2024-02-25,US,8.85132213531822
2024-02-26,AU,11.950861784543
2024-02-26,CA,14.5749737812643
2024-02-26,DE,16.1076023032328
2024-02-26,FR,11.6060849045432
2024-02-26,GB,15.3672144272266
2024-02-26,IE,15.2872833599055
2024-02-26,US,8.86037447916199
2024-02-27,AU,11.9493254514267
2024-02-27,CA,14.5671327512319
2024-02-27,DE,16.1067193232878
2024-02-27,FR,11.6320994879506
2024-02-27,GB,15.370104600113
2024-02-27,IE,15.2405232815207
2024-02-27,US,8.87617186854122
2024-02-28,AU,11.9435834737328
2024-02-28,CA,14.5589907846686
2024-02-28,DE,16.1018554848473
2024-02-28,FR,11.6786862268009
2024-02-28,GB,15.359769233602
2024-02-28,IE,15.2045587602357
2024-02-28,US,8.88293211067768
2024-02-29,AU,11.9493425778976
2024-02-29,CA,14.5648294017758
2024-02-29,DE,16.1003199822372
2024-02-29,FR,11.7088241576362
2024-02-29,GB,15.3397395563835
2024-02-29,IE,15.1736497800992
2024-02-29,US,8.88039719192472
2024-03-01,AU,11.9257390511286
2024-03-01,CA,14.5666453040027
2024-03-01,DE,16.1236103336741
2024-03-01,FR,11.7343157497127
2024-03-01,GB,15.3396737543457
2024-03-01,IE,15.1712299220116
2024-03-01,US,8.87948726139618
2024-03-02,AU,11.9216406212037
2024-03-02,CA,14.5656711381829
2024-03-02,DE,16.1456069650934
2024-03-02,FR,11.7448320506203
2024-03-02,GB,15.3301807982818
2024-03-02,IE,15.1328869747516
2024-03-02,US,8.866798461331
2024-03-03,AU,11.9213292813953
2024-03-03,CA,14.5655099708134
2024-03-03,DE,16.1610495285298
2024-03-03,FR,11.7680996424568
2024-03-03,GB,15.3210015496936
2024-03-03,IE,15.1300949269641
2024-03-03,US,8.85627223745815
2024-03-04,AU,11.9151807655073
2024-03-04,CA,14.5682109170729
2024-03-04,DE,16.1604123625658
2024-03-04,FR,11.7863206209331
2024-03-04,GB,15.3206888329862
2024-03-04,IE,15.1455631790551
2024-03-04,US,8.84959112469458
2024-03-05,AU,11.9109200864391
2024-03-05,CA,14.570810492022
2024-03-05,DE,16.1626895389665
2024-03-05,FR,11.7906744515862
2024-03-05,GB,15.3189182537526
2024-03-05,IE,15.1622308322199
2024-03-05,US,8.83614724896119
2024-03-06,AU,11.9353180369676
2024-03-06,CA,14.5629050395636
2024-03-06,DE,16.1834417184211
2024-03-06,FR,11.7805593059412
2024-03-06,GB,15.3265331594203
2024-03-06,IE,15.1818103716406
2024-03-06,US,8.8193385182827
2024-03-07,AU,11.951849935357
2024-03-07,CA,14.5418227420921
2024-03-07,DE,16.2106703163262
2024-03-07,FR,11.7773833893845
2024-03-07,GB,15.3356736420611
2024-03-07,IE,15.1990030015757
2024-03-07,US,8.80304456051466
2024-03-08,AU,11.9884456691897
2024-03-08,CA,14.5234804735075
2024-03-08,DE,16.18887077366
2024-03-08,FR,11.7713023267385
2024-03-08,GB,15.3196886648716
2024-03-08,IE,15.18032044764
2024-03-08,US,8.7859819208113
2024-03-09,AU,12.0151672851425
2024-03-09,CA,14.5047448988057
2024-03-09,DE,16.1704792130104
2024-03-09,FR,11.7684951562799
2024-03-09,GB,15.3148566881178
2024-03-09,IE,15.2046311529858
2024-03-09,US,8.77905258228809
2024-03-10,AU,12.0402912299368
2024-03-10,CA,14.4886133470455
2024-03-10,DE,16.1548445356013
2024-03-10,FR,11.7628262353807
2024-03-10,GB,15.3087323013498
2024-03-10,IE,15.2028282123099
2024-03-10,US,8.77138597383741
2024-03-11,AU,12.06960238024
2024-03-11,CA,14.473321591218
2024-03-11,DE,16.1661384848214
2024-03-11,FR,11.7554636924492
2024-03-11,GB,15.2887626577117
2024-03-11,IE,15.187726051673
2024-03-11,US,8.75923832161332
2024-03-12,AU,12.0896204629852
2024-03-12,CA,14.4624027762036
2024-03-12,DE,16.1689417447512
2024-03-12,FR,11.7449488926026
2024-03-12,GB,15.2831375032925
2024-03-12,IE,15.1752030035447
2024-03-12,US,8.754125573693
2024-03-13,AU,12.0990513563361
2024-03-13,CA,14.4524607978562
2024-03-13,DE,16.1637928561528
2024-03-13,FR,11.7374762955731
2024-03-13,GB,15.268433367451
2024-03-13,IE,15.153594774764
2024-03-13,US,8.75627026572814
2024-03-14,AU,12.1080911795584
2024-03-14,CA,14.4459448713132
2024-03-14,DE,16.1418047685259
2024-03-14,FR,11.7257464644284
2024-03-14,GB,15.2471564006573
2024-03-14,IE,15.1503446052185
2024-03-14,US,8.75926313662585
2024-03-15,AU,12.1284048734188
2024-03-15,CA,14.4339426305001
2024-03-15,DE,16.1519021856507
2024-03-15,FR,11.7186049477853
2024-03-15,GB,15.2299560246154
2024-03-15,IE,15.1666649272973
2024-03-15,US,8.75817013828461
2024-03-16,AU,12.1303040095423
2024-03-16,CA,14.421357304967
2024-03-16,DE,16.1572552241454
2024-03-16,FR,11.7136981886765
2024-03-16,GB,15.2068486467797
2024-03-16,IE,15.1609733558584
2024-03-16,US,8.7256727441492
2024-03-17,AU,12.1382321679617
2024-03-17,CA,14.4170535149141
2024-03-17,DE,16.1590936352433
2024-03-17,FR,11.7028557070763
2024-03-17,GB,15.1989485857129
2024-03-17,IE,15.1642777236787
2024-03-17,US,8.69730383246363
2024-03-18,AU,12.1403734422452
2024-03-18,CA,14.4172317337174
2024-03-18,DE,16.1557170548885
2024-03-18,FR,11.7114475948561
2024-03-18,GB,15.1950512932322
2024-03-18,IE,15.1772480717236
2024-03-18,US,8.67238173774624
2024-03-19,AU,12.1382590858715
2024-03-19,CA,14.4104056607411
2024-03-19,DE,16.1544021402426
2024-03-19,FR,11.7161956322847
2024-03-19,GB,15.1701447293792
2024-03-19,IE,15.1929121911377
2024-03-19,US,8.64304825216629
2024-03-20,AU,12.1389969191713
2024-03-20,CA,14.4036239097994
2024-03-20,DE,16.1450620078219
2024-03-20,FR,11.7097521697821
2024-03-20,GB,15.152615123868
2024-03-20,IE,15.1868108099934
2024-03-20,US,8.61082674697762
2024-03-21,AU,12.1347401682211
2024-03-21,CA,14.3904880717421
2024-03-21,DE,16.1442838733181
2024-03-21,FR,11.714304292454
2024-03-21,GB,15.1466759908797
2024-03-21,IE,15.1527643696728
2024-03-21,US,8.57839641860402
2024-03-22,AU,12.1240977697725
2024-03-22,CA,14.3878877314057
2024-03-22,DE,16.1136594446225
2024-03-22,FR,11.7176237867624
2024-03-22,GB,15.148289399837
2024-03-22,IE,15.1300164570471
2024-03-22,US,8.55477005252972
2024-03-23,AU,12.1368113231167
2024-03-23,CA,14.3858682202069
2024-03-23,DE,16.0964588362849
2024-03-23,FR,11.7214039478213
2024-03-23,GB,15.1713981365492
2024-03-23,IE,15.1116490955388
2024-03-23,US,8.55887016777554
2024-03-24,AU,12.1326491165737
2024-03-24,CA,14.3770948594953
2024-03-24,DE,16.0798937285937
2024-03-24,FR,11.7358558983309
2024-03-24,GB,15.1697953868164
2024-03-24,IE,15.081960480806
2024-03-24,US,8.55404576403222
2024-03-25,AU,12.1359461144479
2024-03-25,CA,14.365909184201
2024-03-25,DE,16.0655528381948
2024-03-25,FR,11.7394242338165
2024-03-25,GB,15.1682932553534
2024-03-25,IE,15.0753666638426
2024-03-25,US,8.55209627831158
2024-03-26,AU,12.14487881337
2024-03-26,CA,14.3509332098037
2024-03-26,DE,16.0534427654902
2024-03-26,FR,11.7461164993768
2024-03-26,GB,15.1702711027336
2024-03-26,IE,15.0524878656876
2024-03-26,US,8.55259893054989
2024-03-27,AU,12.1445677226283
2024-03-27,CA,14.3400302983329
2024-03-27,DE,16.022389093509
2024-03-27,FR,11.762997609234
2024-03-27,GB,15.1876614185036
2024-03-27,IE,15.0701314197508
2024-03-27,US,8.56448346003841
2024-03-28,AU,12.1741962781302
2024-03-28,CA,14.3419586098881
2024-03-28,DE,15.9863274597496
2024-03-28,FR,11.7710096929834
2024-03-28,GB,15.2156552505544
2024-03-28,IE,15.1046390302573
2024-03-28,US,8.57666967565321
2024-03-29,AU,12.1920758174553
2024-03-29,CA,14.3447912898602
2024-03-29,DE,15.9821953548817
2024-03-29,FR,11.7805308019596
2024-03-29,GB,15.2396199491903
2024-03-29,IE,15.1400658105651
2024-03-29,US,8.58369436949053
2024-03-30,AU,12.2240357749577
2024-03-30,CA,14.3438385110962
2024-03-30,DE,15.9595048874817
2024-03-30,FR,11.7996920925223
2024-03-30,GB,15.2563193884604
2024-03-30,IE,15.1729765886245
2024-03-30,US,8.58699838930184
2024-03-31,AU,12.2537910568054
2024-03-31,CA,14.3418849233872
2024-03-31,DE,15.9410897482394
2024-03-31,FR,11.8130108978847
2024-03-31,GB,15.2778605117636
2024-03-31,IE,15.2051593260241
2024-03-31,US,8.59300308184392
2024-04-01,AU,12.2849281595561
2024-04-01,CA,14.3468179896434
2024-04-01,DE,15.9290833878179
2024-04-01,FR,11.8195336881936
2024-04-01,GB,15.3186494731995
2024-04-01,IE,15.2220595076989
2024-04-01,US,8.59535783925587
2024-04-02,AU,12.3073941069088
2024-04-02,CA,14.3560885742602
2024-04-02,DE,15.9190705871041
2024-04-02,FR,11.8620841668694
2024-04-02,GB,15.3676328645972
2024-04-02,IE,15.2639711905793
2024-04-02,US,8.5913162845807
2024-04-03,AU,12.3418129040641
2024-04-03,CA,14.3437896288086
2024-04-03,DE,15.9326405163919
2024-04-03,FR,11.9009202872968
2024-04-03,GB,15.3885838478092
2024-04-03,IE,15.2945370389846
2024-04-03,US,8.58148941679286
2024-04-04,AU,12.3595131334448
2024-04-04,CA,14.3490266559389
2024-04-04,DE,15.9506344857217
2024-04-04,FR,11.9533090916687
2024-04-04,GB,15.387702473983
2024-04-04,IE,15.3040059054815
2024-04-04,US,8.57062141567161
2024-04-05,AU,12.3815428429466
2024-04-05,CA,14.3483346310824
2024-04-05,DE,15.9620366498585
2024-04-05,FR,12.0091319087664
2024-04-05,GB,15.3833460191507
2024-04-05,IE,15.325856487103
2024-04-05,US,8.54607773232065
2024-04-06,AU,12.3698692148349
2024-04-06,CA,14.3340421905
2024-04-06,DE,15.9799633810377
2024-04-06,FR,12.0593582948249
2024-04-06,GB,15.3729027481057
2024-04-06,IE,15.3324914978861
2024-04-06,US,8.52322698030892
2024-04-07,AU,12.370492060094
2024-04-07,CA,14.3223646597107
2024-04-07,DE,15.9974469366092
2024-04-07,FR,12.1104247189801
2024-04-07,GB,15.3661816980053
2024-04-07,IE,15.357072685583
2024-04-07,US,8.50199139353039
2024-04-08,AU,12.379055855338
2024-04-08,CA,14.2997491883748
2024-04-08,DE,15.9976492651611
2024-04-08,FR,12.1682982505211
2024-04-08,GB,15.3385365064755
2024-04-08,IE,15.383355851298
2024-04-08,US,8.48114151302468
2024-04-09,AU,12.3799506011643
2024-04-09,CA,14.2717854407367
2024-04-09,DE,15.9997087651397
2024-04-09,FR,12.1916669574985
2024-04-09,GB,15.3167111859089
2024-04-09,IE,15.3785090903747
2024-04-09,US,8.46616737050855
2024-04-10,AU,12.3727856411385
2024-04-10,CA,14.2460317075996
2024-04-10,DE,15.9878980202732
2024-04-10,FR,12.2149224225132
2024-04-10,GB,15.3115449408754
2024-04-10,IE,15.3422172409018
2024-04-10,US,8.44783030960438
2024-04-11,AU,12.3652118844102
2024-04-11,CA,14.1993152841431
2024-04-11,DE,15.9714272912987
2024-04-11,FR,12.2257810908964
2024-04-11,GB,15.3017380527121
2024-04-11,IE,15.3082264852736
2024-04-11,US,8.41854846755185
2024-04-12,AU,12.3612341111538
2024-04-12,CA,14.1508515777714
2024-04-12,DE,15.9591893610946
2024-04-12,FR,12.2325068946866
2024-04-12,GB,15.2928232655354
2024-04-12,IE,15.2713293305993
2024-04-12,US,8.40265458349066
2024-04-13,AU,12.3745911913149
2024-04-13,CA,14.1264781056517
2024-04-13,DE,15.9529894807865
2024-04-13,FR,12.2327425641717
2024-04-13,GB,15.2763118339227
2024-04-13,IE,15.2573032450597
2024-04-13,US,8.38885086566361
2024-04-14,AU,12.3852548896297
2024-04-14,CA,14.0975020679097
2024-04-14,DE,15.9477545215344
2024-04-14,FR,12.2299756707324
2024-04-14,GB,15.2672596556908
2024-04-14,IE,15.2460964004314
2024-04-14,US,8.37261901805727
2024-04-15,AU,12.3875437714728
2024-04-15,CA,14.0736561581415
2024-04-15,DE,15.9461542957612
2024-04-15,FR,12.2259016284538
2024-04-15,GB,15.2512373795252
2024-04-15,IE,15.1992571172033
2024-04-15,US,8.35966594885998
2024-04-16,AU,12.4214117698537
2024-04-16,CA,14.0664343345341
2024-04-16,DE,15.9514205714765
2024-04-16,FR,12.2272548478386
2024-04-16,GB,15.2412457359606
2024-04-16,IE,15.1633108403357
2024-04-16,US,8.3246465619081
2024-04-17,AU,12.4402920654863
2024-04-17,CA,14.0802299522113
2024-04-17,DE,15.9647145235334
2024-04-17,FR,12.2411039849068
2024-04-17,GB,15.2256446998065
2024-04-17,IE,15.1381731871727
2024-04-17,US,8.28939238115777
2024-04-18,AU,12.4645163417144
2024-04-18,CA,14.0824489652588
2024-04-18,DE,15.9757487547521
2024-04-18,FR,12.268632527767
2024-04-18,GB,15.2399299105521
2024-04-18,IE,15.1184614589662
2024-04-18,US,8.27035687903938
2024-04-19,AU,12.4786805705452
2024-04-19,CA,14.0891785602131
2024-04-19,DE,15.9810512959287
2024-04-19,FR,12.2902049500584
2024-04-19,GB,15.2571417075325
2024-04-19,IE,15.0752939522402
2024-04-19,US,8.24475691215181
2024-04-20,AU,12.4731960350872
2024-04-20,CA,14.0778255794082
2024-04-20,DE,15.9663591529266
2024-04-20,FR,12.288597385503
2024-04-20,GB,15.2492344598549
2024-04-20,IE,15.0193196184346
2024-04-20,US,8.20592307834445
2024-04-21,AU,12.4924340335108
2024-04-21,CA,14.0676702049739
2024-04-21,DE,15.9596367839527
2024-04-21,FR,12.3030608250521
2024-04-21,GB,15.2597379140738
2024-04-21,IE,14.9530139965859
2024-04-21,US,8.17643266773219
2024-04-22,AU,12.5128044502124
2024-04-22,CA,14.0543086418548
2024-04-22,DE,15.9434074999417
2024-04-22,FR,12.3102133609069
2024-04-22,GB,15.2838648134922
2024-04-22,IE,14.9195638873282
2024-04-22,US,8.13347967025672
2024-04-23,AU,12.509402850197
2024-04-23,CA,14.0323632112898
2024-04-23,DE,15.9068487658311
2024-04-23,FR,12.3264107841049
2024-04-23,GB,15.2957897104369
2024-04-23,IE,14.9218601899547
2024-04-23,US,8.11137578410701
2024-04-24,AU,12.5013528472579
2024-04-24,CA,14.0180632320177
2024-04-24,DE,15.8811055946183
2024-04-24,FR,12.3107896060284
2024-04-24,GB,15.3555597089338
2024-04-24,IE,14.9467044972686
2024-04-24,US,8.09356151667925
2024-04-25,AU,12.4920838864101
2024-04-25,CA,14.0101096197909
2024-04-25,DE,15.8638824001593
2024-04-25,FR,12.3074235362014
2024-04-25,GB,15.461449354413
2024-04-25,IE,14.9737591758766
2024-04-25,US,8.07216956256377
2024-04-26,AU,12.4705433449584
2024-04-26,CA,14.0200569045704
2024-04-26,DE,15.8498775636345
2024-04-26,FR,12.3074198076912
2024-04-26,GB,15.5713230409299
2024-04-26,IE,15.0014164516301
2024-04-26,US,8.05205795398084
2024-04-27,AU,12.4837831856362
2024-04-27,CA,14.0327676539713
2024-04-27,DE,15.8521298880335
2024-04-27,FR,12.332980034644
2024-04-27,GB,15.7165597767339
2024-04-27,IE,15.0222875651734
2024-04-27,US,8.04433040877061
2024-04-28,AU,12.4620310320647
2024-04-28,CA,14.0437763717024
2024-04-28,DE,15.8404833404067
2024-04-28,FR,12.3452277440378
2024-04-28,GB,15.8272898899869
2024-04-28,IE,15.0286181456279
2024-04-28,US,8.03233948139451
2024-04-29,AU,12.4316028260593
2024-04-29,CA,14.0621982359114
2024-04-29,DE,15.8497376940466
2024-04-29,FR,12.3532813857126
2024-04-29,GB,15.9640646333775
2024-04-29,IE,15.024839449397
2024-04-29,US,8.03025906123068
2024-04-30,AU,12.4108519138977
2024-04-30,CA,14.0885001919385
2024-04-30,DE,15.8626027808619
2024-04-30,FR,12.3467414536394
2024-04-30,GB,16.0914660631905
2024-04-30,IE,14.9967689466725
2024-04-30,US,8.03406924695916
2024-05-01,AU,12.4095927260478
2024-05-01,CA,14.1128649690638
2024-05-01,DE,15.8700291821142
2024-05-01,FR,12.3577309735539
2024-05-01,GB,16.1969407807792
2024-05-01,IE,14.9859024776561
2024-05-01,US,8.03521920630275
2024-05-02,AU,12.4088042174959
2024-05-02,CA,14.1443246518578
2024-05-02,DE,15.8797591623656
2024-05-02,FR,12.3532559014529
2024-05-02,GB,16.2544973188719
2024-05-02,IE,15.0054287795237
2024-05-02,US,8.03037585533876
2024-05-03,AU,12.4383031812951
2024-05-03,CA,14.1558460156705
2024-05-03,DE,15.8792753814756
2024-05-03,FR,12.3473092080033
2024-05-03,GB,16.3026908802187
2024-05-03,IE,15.025729761408
2024-05-03,US,8.02641060572941
2024-05-04,AU,12.452306935808
2024-05-04,CA,14.1771252953864
2024-05-04,DE,15.8854675582206
2024-05-04,FR,12.3439783102104
2024-05-04,GB,16.3490879792766
2024-05-04,IE,15.0523206633774
2024-05-04,US,8.02485812142986
2024-05-05,AU,12.4668466531877
2024-05-05,CA,14.21795664193
2024-05-05,DE,15.8984538484531
2024-05-05,FR,12.3414684185684
2024-05-05,GB,16.4070023482829
2024-05-05,IE,15.0986323939163
2024-05-05,US,8.02168919418101
2024-05-06,AU,12.4883904187008
2024-05-06,CA,14.2388497468795
2024-05-06,DE,15.8886158715169
2024-05-06,FR,12.3510688206137
2024-05-06,GB,16.4393614842785
2024-05-06,IE,15.1336198458754
2024-05-06,US,8.02201178892491
2024-05-07,AU,12.5136482282957
2024-05-07,CA,14.2454317583321
2024-05-07,DE,15.8710950587714
2024-05-07,FR,12.3505485626635
2024-05-07,GB,16.4809783279984
2024-05-07,IE,15.1933759431066
2024-05-07,US,8.01510376270005
2024-05-08,AU,12.5231230319556
2024-05-08,CA,14.248712092696
2024-05-08,DE,15.8665444195542
2024-05-08,FR,12.3632196234022
2024-05-08,GB,16.4889854051207
2024-05-08,IE,15.2114189859561
2024-05-08,US,8.01097366724357
2024-05-09,AU,12.515997644767
2024-05-09,CA,14.2413472164812
2024-05-09,DE,15.8641667480141
2024-05-09,FR,12.3738560187017
2024-05-09,GB,16.472766969915
2024-05-09,IE,15.2024351302271
2024-05-09,US,8.01393629107599
2024-05-10,AU,12.4865647480439
2024-05-10,CA,14.2308932941699
2024-05-10,DE,15.8611764741413
2024-05-10,FR,12.3927555981609
2024-05-10,GB,16.4433904167603
2024-05-10,IE,15.2246439236526
2024-05-10,US,8.01947449716269
2024-05-11,AU,12.479307361389
2024-05-11,CA,14.2267596879466
2024-05-11,DE,15.8396854879052
2024-05-11,FR,12.4112790162396
2024-05-11,GB,16.4086103250008
2024-05-11,IE,15.2440330244584
2024-05-11,US,8.01988994182504
2024-05-12,AU,12.4727093109323
2024-05-12,CA,14.2048464686677
2024-05-12,DE,15.8168780829959
2024-05-12,FR,12.4267907806452
2024-05-12,GB,16.3694109300005
2024-05-12,IE,15.2632145245892
2024-05-12,US,8.02280921597728
2024-05-13,AU,12.4586010933586
2024-05-13,CA,14.2001719833106
2024-05-13,DE,15.8207520253794
2024-05-13,FR,12.4423928122527
2024-05-13,GB,16.3116281723483
2024-05-13,IE,15.282658181151
2024-05-13,US,8.02086257719115
2024-05-14,AU,12.4198386300923
2024-05-14,CA,14.2006113460992
2024-05-14,DE,15.8207318934501
2024-05-14,FR,12.460219619922
2024-05-14,GB,16.2584612933918
2024-05-14,IE,15.2833196179228
2024-05-14,US,8.02351842612589
2024-05-15,AU,12.4062607454383
2024-05-15,CA,14.2051452591863
2024-05-15,DE,15.8120258642546
2024-05-15,FR,12.4722379467856
2024-05-15,GB,16.2049268334429
2024-05-15,IE,15.2736529944183
2024-05-15,US,8.03218528625246
2024-05-16,AU,12.4045699948068
2024-05-16,CA,14.2066083937994
2024-05-16,DE,15.7965132952119
2024-05-16,FR,12.471737347526
2024-05-16,GB,16.1660311648924
2024-05-16,IE,15.3811955060606
2024-05-16,US,8.03985644203827
2024-05-17,AU,12.4222521293803
2024-05-17,CA,14.2365090660165
2024-05-17,DE,15.7969293435655
2024-05-17,FR,12.4795229089935
2024-05-17,GB,16.1530266017727
2024-05-17,IE,15.4683821869486
2024-05-17,US,8.0437441981677
2024-05-18,AU,12.3783186407136
2024-05-18,CA,14.257930934634
2024-05-18,DE,15.787365708983
2024-05-18,FR,12.4708353273588
2024-05-18,GB,16.1066668530094
2024-05-18,IE,15.5219825069861
2024-05-18,US,8.03552184620755
2024-05-19,AU,12.3344515346711
2024-05-19,CA,14.2250910313624
2024-05-19,DE,15.7754824585979
2024-05-19,FR,12.4512536872079
2024-05-19,GB,16.0486788485258
2024-05-19,IE,15.5334684064922
2024-05-19,US,8.02080798524393
2024-05-20,AU,12.2946335048788
2024-05-20,CA,14.1998219825917
2024-05-20,DE,15.7621950667105
2024-05-20,FR,12.4319296878937
2024-05-20,GB,16.0184117343544
2024-05-20,IE,15.5563526434291
2024-05-20,US,8.00571252818771
2024-05-21,AU,12.2805553577834
2024-05-21,CA,14.1642579144861
2024-05-21,DE,15.7594401826179
2024-05-21,FR,12.4176677947005
2024-05-21,GB,15.9784783299147
2024-05-21,IE,15.5565910509607
2024-05-21,US,7.98697751702552
2024-05-22,AU,12.3110973933288
2024-05-22,CA,14.1449209053739
2024-05-22,DE,15.7466173399501
2024-05-22,FR,12.4234812541881
2024-05-22,GB,15.9556733607999
2024-05-22,IE,15.6461226621676
2024-05-22,US,7.98104110594567
2024-05-23,AU,12.3387952240167
2024-05-23,CA,14.1436300629881
2024-05-23,DE,15.7364649421711
2024-05-23,FR,12.4553609837608
2024-05-23,GB,15.9350093493637
2024-05-23,IE,15.6315879029284
2024-05-23,US,7.97866032296908
2024-05-24,AU,12.373200799269
2024-05-24,CA,14.1107810741326
2024-05-24,DE,15.7215012494854
2024-05-24,FR,12.4705069037225
2024-05-24,GB,15.904487236388
2024-05-24,IE,15.6244738998835
2024-05-24,US,7.9774975650605
2024-05-25,AU,12.4353083762625
2024-05-25,CA,14.1038257868948
2024-05-25,DE,15.7136043180561
2024-05-25,FR,12.4983842642773
2024-05-25,GB,15.9042497114098
2024-05-25,IE,15.6502080204443
2024-05-25,US,7.99296421232041
2024-05-26,AU,12.4999046148795
2024-05-26,CA,14.1476545345808
2024-05-26,DE,15.7091783227405
2024-05-26,FR,12.5369317790529
2024-05-26,GB,15.9176102027456
2024-05-26,IE,15.7207222514495
2024-05-26,US,8.0111758603132
2024-05-27,AU,12.568052847338
2024-05-27,CA,14.1839761686179
2024-05-27,DE,15.6892483784937
2024-05-27,FR,12.5626336983825
2024-05-27,GB,15.9274728576212
2024-05-27,IE,15.8069879534567
2024-05-27,US,8.03295945707433
2024-05-28,AU,12.6195063461042
2024-05-28,CA,14.2254656386818
2024-05-28,DE,15.6801590320706
2024-05-28,FR,12.602358995909
2024-05-28,GB,15.9462548986865
2024-05-28,IE,15.9212294459852
2024-05-28,US,8.05706740236703
2024-05-29,AU,12.623531929789
2024-05-29,CA,14.2467551036808
2024-05-29,DE,15.6798652868246
2024-05-29,FR,12.6197061534252
2024-05-29,GB,15.9421464649392
2024-05-29,IE,15.9207230318282
2024-05-29,US,8.06026893030299
2024-05-30,AU,12.6135312888671
2024-05-30,CA,14.2444565701098
2024-05-30,DE,15.6859082153963
2024-05-30,FR,12.6010905202605
2024-05-30,GB,15.9349386574058
2024-05-30,IE,15.9268022901353
2024-05-30,US,8.06289136132026
2024-05-31,AU,12.5951304413703
2024-05-31,CA,14.2469129358057
2024-05-31,DE,15.6885746635076
2024-05-31,FR,12.5965399588303
2024-05-31,GB,15.9177558307642
2024-05-31,IE,15.9124287942696
2024-05-31,US,8.06628491881917
2024-06-01,AU,12.6100451945811
2024-06-01,CA,14.2224983014386
2024-06-01,DE,15.7029646705321
2024-06-01,FR,12.5831517775502
2024-06-01,GB,15.9204989899993
2024-06-01,IE,15.9226580910242
2024-06-01,US,8.06966875156784
2024-06-02,AU,12.6233855058207
2024-06-02,CA,14.2069845696614
2024-06-02,DE,15.7181236591791
2024-06-02,FR,12.5735004260468
2024-06-02,GB,15.9235071101893
2024-06-02,IE,15.9270667231827
2024-06-02,US,8.07127767177234
2024-06-03,AU,12.6299896199249
2024-06-03,CA,14.1866437037552
2024-06-03,DE,15.7363103856078
2024-06-03,FR,12.5752337257061
2024-06-03,GB,15.9128719123826
2024-06-03,IE,15.9206262850798
2024-06-03,US,8.06942735270485
2024-06-04,AU,12.6745286648183
2024-06-04,CA,14.1710438680735
2024-06-04,DE,15.7490793562502
2024-06-04,FR,12.5634836451397
2024-06-04,GB,15.9007236280725
2024-06-04,IE,15.8747266199148
2024-06-04,US,8.07341871462953
2024-06-05,AU,12.7122479737195
2024-06-05,CA,14.1941897422507
2024-06-05,DE,15.7635527637218
2024-06-05,FR,12.5508086886268
2024-06-05,GB,15.9025984130508
2024-06-05,IE,15.8807759954762
2024-06-05,US,8.07996992644309
2024-06-06,AU,12.7712002704846
2024-06-06,CA,14.2153161250449
2024-06-06,DE,15.7585109614176
2024-06-06,FR,12.545302833864
2024-06-06,GB,15.8850903957304
2024-06-06,IE,15.8623072152165
2024-06-06,US,8.07606179087273
2024-06-07,AU,12.8267738203086
2024-06-07,CA,14.2272192282938
2024-06-07,DE,15.7486105530499
2024-06-07,FR,12.5201079285789
2024-06-07,GB,15.8723010098428
2024-06-07,IE,15.8406288369304
2024-06-07,US,8.07200340546465
2024-06-08,AU,12.8788801922959
2024-06-08,CA,14.2383091928861
2024-06-08,DE,15.7366519622488
2024-06-08,FR,12.4947639422558
2024-06-08,GB,15.8472273352216
2024-06-08,IE,15.8246496897743
2024-06-08,US,8.06882003286007
2024-06-09,AU,12.9298936115797
2024-06-09,CA,14.2414523675477
2024-06-09,DE,15.7150990065938
2024-06-09,FR,12.455624017161
2024-06-09,GB,15.8090844967111
2024-06-09,IE,15.8238909640731
2024-06-09,US,8.06941856765939
2024-06-10,AU,12.9892043916144
2024-06-10,CA,14.2488931752263
2024-06-10,DE,15.6925034346295
2024-06-10,FR,12.4336760942851
2024-06-10,GB,15.7942618941684
2024-06-10,IE,15.8193082423485
2024-06-10,US,8.07263548403738
2024-06-11,AU,13.0163623891898
2024-06-11,CA,14.2677434279284
2024-06-11,DE,15.678391517215
2024-06-11,FR,12.404658311664
2024-06-11,GB,15.745836274047
2024-06-11,IE,15.8331055176339
2024-06-11,US,8.0707118702281
2024-06-12,AU,13.0398559237365
2024-06-12,CA,14.2423767178773
2024-06-12,DE,15.6680394772435
2024-06-12,FR,12.385514842311
2024-06-12,GB,15.6994504631588
2024-06-12,IE,15.8258478658294
2024-06-12,US,8.07087146614943
2024-06-13,AU,13.0484278360469
2024-06-13,CA,14.2365408002
2024-06-13,DE,15.6710317233472
2024-06-13,FR,12.3740594935024
2024-06-13,GB,15.6633820968396
2024-06-13,IE,15.8449330598909
2024-06-13,US,8.08023549022898
2024-06-14,AU,13.0462666639954
2024-06-14,CA,14.2385883205807
2024-06-14,DE,15.6754497230076
2024-06-14,FR,12.3902648027022
2024-06-14,GB,15.6355353652136
2024-06-14,IE,15.904786805166
2024-06-14,US,8.09168544879381
2024-06-15,AU,13.0138937768228
2024-06-15,CA,14.234501702742
2024-06-15,DE,15.6775496155459
2024-06-15,FR,12.4100832195475
2024-06-15,GB,15.5854501344968
2024-06-15,IE,15.9068205040989
2024-06-15,US,8.08355974833292
2024-06-16,AU,13.0119395708997
2024-06-16,CA,14.2410267373011
2024-06-16,DE,15.6900744588151
2024-06-16,FR,12.4505902596052
2024-06-16,GB,15.573034887662
2024-06-16,IE,15.925641196787
2024-06-16,US,8.08404640577462
2024-06-17,AU,13.0137041739817
2024-06-17,CA,14.2489729358154
2024-06-17,DE,15.6958403182508
2024-06-17,FR,12.4787086532166
2024-06-17,GB,15.5463562497082
2024-06-17,IE,15.9488766689505
2024-06-17,US,8.08353279642915
2024-06-18,AU,13.007429350218
2024-06-18,CA,14.2473895874736
2024-06-18,DE,15.7014740882269
2024-06-18,FR,12.5029767279506
2024-06-18,GB,15.5452295457658
2024-06-18,IE,15.9244538626725
2024-06-18,US,8.07817152147552
2024-06-19,AU,13.0334038102394
2024-06-19,CA,14.2558699601729
2024-06-19,DE,15.6951759675853
2024-06-19,FR,12.5226481295964
2024-06-19,GB,15.5366232700265
2024-06-19,IE,15.9198129200863
2024-06-19,US,8.07341342542914
2024-06-20,AU,13.048234787312
2024-06-20,CA,14.2611730132489
2024-06-20,DE,15.6811814817417
2024-06-20,FR,12.5328368467274
2024-06-20,GB,15.5484642833581
2024-06-20,IE,15.8968571910783
2024-06-20,US,8.06173876395014
2024-06-21,AU,13.0419907805922
2024-06-21,CA,14.2508091647048
2024-06-21,DE,15.6709866362847
2024-06-21,FR,12.5348296236589
2024-06-21,GB,15.5629438963477
2024-06-21,IE,15.8625809581514
2024-06-21,US,8.0444486295986
2024-06-22,AU,13.0633553221745
2024-06-22,CA,14.2616246420052
2024-06-22,DE,15.65954718171
2024-06-22,FR,12.5262112708339
2024-06-22,GB,15.5885332509639
2024-06-22,IE,15.850341115403
2024-06-22,US,8.04142625964673
2024-06-23,AU,13.0658035063015
2024-06-23,CA,14.2589666059323
2024-06-23,DE,15.6495710710822
2024-06-23,FR,12.5104191136172
2024-06-23,GB,15.6017627833967
2024-06-23,IE,15.8187266435418
2024-06-23,US,8.02649481025768
2024-06-24,AU,13.0743136794032
2024-06-24,CA,14.2514591136611
2024-06-24,DE,15.6498042668595
2024-06-24,FR,12.4846698413474
2024-06-24,GB,15.6174595788598
2024-06-24,IE,15.7900313098335
2024-06-24,US,8.01428810704399
2024-06-25,AU,13.097252624551
2024-06-25,CA,14.2479631254772
2024-06-25,DE,15.6334524346387
2024-06-25,FR,12.4719791611655
2024-06-25,GB,15.6430333583503
2024-06-25,IE,15.8371373936531
2024-06-25,US,8.0077822052345
2024-06-26,AU,13.0884510782384
2024-06-26,CA,14.2354176701431
2024-06-26,DE,15.650798640718
2024-06-26,FR,12.4909805057152
2024-06-26,GB,15.6752489553687
2024-06-26,IE,15.8562923380927
2024-06-26,US,7.99852950207698
2024-06-27,AU,13.1123607146427
2024-06-27,CA,14.2405666339259
2024-06-27,DE,15.6705479692353
2024-06-27,FR,12.5067087258903
2024-06-27,GB,15.6907249879705
2024-06-27,IE,15.8911611287058
2024-06-27,US,7.98949303935818
2024-06-28,AU,13.1739451722291
2024-06-28,CA,14.2709577217439
2024-06-28,DE,15.6828708126402
2024-06-28,FR,12.51137973403
2024-06-28,GB,15.6976950152098
2024-06-28,IE,15.9212378399761
2024-06-28,US,7.99108573456613
2024-06-29,AU,13.2318917723081
2024-06-29,CA,14.2806904813869
2024-06-29,DE,15.7015033683693
2024-06-29,FR,12.5079355526687
2024-06-29,GB,15.7082040346901
2024-06-29,IE,15.9595229978448
2024-06-29,US,7.99393910571909
2024-06-30,AU,13.2862788325516
2024-06-30,CA,14.3126247337471
2024-06-30,DE,15.7155549085347
2024-06-30,FR,12.5001471554261
2024-06-30,GB,15.7055905557041
2024-06-30,IE,15.9873403272853
2024-06-30,US,8.0011493619231
2024-07-01,AU,13.3357665242432
2024-07-01,CA,14.3520727893745
2024-07-01,DE,15.7344605798256
2024-07-01,FR,12.4885095027697
2024-07-01,GB,15.7152933161138
2024-07-01,IE,16.0174767709772
2024-07-01,US,8.00949564268093
2024-07-02,AU,13.3881800821978
2024-07-02,CA,14.3904833295485
2024-07-02,DE,15.760734366505
2024-07-02,FR,12.469594595888
2024-07-02,GB,15.71851083597
2024-07-02,IE,16.0572956229347
2024-07-02,US,8.0133522105095
2024-07-03,AU,13.4366981483622
2024-07-03,CA,14.4291570826959
2024-07-03,DE,15.7516279067168
2024-07-03,FR,12.4545471486533
2024-07-03,GB,15.721354447956
2024-07-03,IE,16.1219859889485
2024-07-03,US,8.01749924753414
2024-07-04,AU,13.4541062126395
2024-07-04,CA,14.4476419460839
2024-07-04,DE,15.7520621645338
2024-07-04,FR,12.452452711075
2024-07-04,GB,15.7243154896116
2024-07-04,IE,16.1756829942497
2024-07-04,US,8.02458741850196
2024-07-05,AU,13.4803952682989
2024-07-05,CA,14.4469292293975
2024-07-05,DE,15.7610927864522
2024-07-05,FR,12.4301393221785
2024-07-05,GB,15.735607209564
2024-07-05,IE,16.2074278986328
2024-07-05,US,8.02575499265882
2024-07-06,AU,13.5044118149315
2024-07-06,CA,14.4668491226293
2024-07-06,DE,15.7684976344986
2024-07-06,FR,12.4286883518093
2024-07-06,GB,15.7507725306909
2024-07-06,IE,16.2563324039255
2024-07-06,US,8.01925293620473
2024-07-07,AU,13.5336896703839
2024-07-07,CA,14.4602679827542
2024-07-07,DE,15.7728066334698
2024-07-07,FR,12.4236912891664
2024-07-07,GB,15.7644854203154
2024-07-07,IE,16.3182793081165
2024-07-07,US,8.01362029834942
2024-07-08,AU,13.5488346431387
2024-07-08,CA,14.4517347597866
2024-07-08,DE,15.7695127166333
2024-07-08,FR,12.4412752994995
2024-07-08,GB,15.6950677741549
2024-07-08,IE,16.3950947178244
2024-07-08,US,8.00416034567576
2024-07-09,AU,13.5605552290486
2024-07-09,CA,14.436028383248
2024-07-09,DE,15.766476614951
2024-07-09,FR,12.4513264067911
2024-07-09,GB,15.6177656672644
2024-07-09,IE,16.4445809201291
2024-07-09,US,7.99436209389613
2024-07-10,AU,13.585686021843
2024-07-10,CA,14.431101784154
2024-07-10,DE,15.7648115543119
2024-07-10,FR,12.4126967762238
2024-07-10,GB,15.5434708958409
2024-07-10,IE,16.5156518081628
2024-07-10,US,7.98804337586864
2024-07-11,AU,13.6364969533216
2024-07-11,CA,14.4330616362475
2024-07-11,DE,15.7499198370941
2024-07-11,FR,12.3645462206952
2024-07-11,GB,15.4623552157444
2024-07-11,IE,16.6059258519677
2024-07-11,US,7.98322541494537
2024-07-12,AU,13.6671512767878
2024-07-12,CA,14.4623407881774
2024-07-12,DE,15.7418055253176
2024-07-12,FR,12.3227496886349
2024-07-12,GB,15.3843202770269
2024-07-12,IE,16.7011643805284
2024-07-12,US,7.97546942040716
2024-07-13,AU,13.6902656539411
2024-07-13,CA,14.4856092640263
2024-07-13,DE,15.7268794158545
2024-07-13,FR,12.2740333540074
2024-07-13,GB,15.30458867638
2024-07-13,IE,16.7917199170741
2024-07-13,US,7.9800180919097
2024-07-14,AU,13.7042679231216
2024-07-14,CA,14.5157047208732
2024-07-14,DE,15.7177161356832
2024-07-14,FR,12.2345672362564
2024-07-14,GB,15.2265586393192
2024-07-14,IE,16.8678465616806
2024-07-14,US,7.97828182258847
2024-07-15,AU,13.731722926766
2024-07-15,CA,14.5476340437848
2024-07-15,DE,15.7046876903513
2024-07-15,FR,12.1830033861683
2024-07-15,GB,15.2155534888425
2024-07-15,IE,16.9472027530572
2024-07-15,US,7.97607870282665
2024-07-16,AU,13.7516416228706
2024-07-16,CA,14.5855269176716
2024-07-16,DE,15.6904515082337
2024-07-16,FR,12.1365271988021
2024-07-16,GB,15.1652157323578
2024-07-16,IE,17.0425702850038
2024-07-16,US,7.97679454312341
2024-07-17,AU,13.7584383807485
2024-07-17,CA,14.6261484702776
2024-07-17,DE,15.6699936937344
2024-07-17,FR,12.0968546734775
2024-07-17,GB,15.1268187599787
2024-07-17,IE,17.1103805517907
2024-07-17,US,7.97314039475269
2024-07-18,AU,13.7469973992753
2024-07-18,CA,14.653507718858
2024-07-18,DE,15.6668262445797
2024-07-18,FR,12.0713450259464
2024-07-18,GB,15.0830207308022
2024-07-18,IE,17.1465186414743
2024-07-18,US,7.97045165234182
2024-07-19,AU,13.7358803989782
2024-07-19,CA,14.6660260411488
2024-07-19,DE,15.644800249884
2024-07-19,FR,12.0618142811336
2024-07-19,GB,15.0454142455292
2024-07-19,IE,17.1432586358201
2024-07-19,US,7.96727808220955
2024-07-20,AU,13.7124732540547
2024-07-20,CA,14.6457283008846
2024-07-20,DE,15.6251540894483
2024-07-20,FR,12.049309539857
2024-07-20,GB,14.9834139147904
2024-07-20,IE,17.1410894327535
2024-07-20,US,7.94454488710707
2024-07-21,AU,13.7174974961634
2024-07-21,CA,14.6468597577603
2024-07-21,DE,15.6160973756836
2024-07-21,FR,12.0422339992947
2024-07-21,GB,14.9600880839294
2024-07-21,IE,17.1860727765843
2024-07-21,US,7.93891096505932
2024-07-22,AU,13.7205036988693
2024-07-22,CA,14.6431650514133
2024-07-22,DE,15.6115813206449
2024-07-22,FR,12.0383482025304
2024-07-22,GB,14.9283811538155
2024-07-22,IE,17.205132521495
2024-07-22,US,7.9307411456086
2024-07-23,AU,13.7114997583492
2024-07-23,CA,14.6158080161774
2024-07-23,DE,15.6066159705141
2024-07-23,FR,12.0413105719352
2024-07-23,GB,14.938735587689
2024-07-23,IE,17.1863373554742
2024-07-23,US,7.92335523981337
2024-07-24,AU,13.7139776442851
2024-07-24,CA,14.5781259991136
2024-07-24,DE,15.6093556312341
2024-07-24,FR,12.0532913673065
2024-07-24,GB,14.9398473898939
2024-07-24,IE,17.1713954617939
2024-07-24,US,7.91477756270231
2024-07-25,AU,13.71413922125
2024-07-25,CA,14.5496449786472
2024-07-25,DE,15.6016540239202
2024-07-25,FR,12.0586752575676
2024-07-25,GB,14.9428979286376
2024-07-25,IE,17.1693422485657
2024-07-25,US,7.88943908076471
2024-07-26,AU,13.6989104617913
2024-07-26,CA,14.5316054015379
2024-07-26,DE,15.6070658561975
2024-07-26,FR,12.0528212533582
2024-07-26,GB,14.9336446111948
2024-07-26,IE,17.1902722042334
2024-07-26,US,7.86563259802531
2024-07-27,AU,13.688264487909
2024-07-27,CA,14.520111822004
2024-07-27,DE,15.6092859576198
2024-07-27,FR,12.0590465872246
2024-07-27,GB,14.9482644166674
2024-07-27,IE,17.2086886294702
2024-07-27,US,7.85412634455129
2024-07-28,AU,13.657049436597
2024-07-28,CA,14.4792307124052
2024-07-28,DE,15.5952391243716
2024-07-28,FR,12.0552158584799
2024-07-28,GB,14.9230634135571
2024-07-28,IE,17.181671643292
2024-07-28,US,7.82623996314876
2024-07-29,AU,13.6320927666161
2024-07-29,CA,14.4425973447086
2024-07-29,DE,15.5842749435138
2024-07-29,FR,12.0490655683089
2024-07-29,GB,14.9072829264642
2024-07-29,IE,17.1620389027954
2024-07-29,US,7.80396797147146
2024-07-30,AU,13.6120020369679
2024-07-30,CA,14.4294431201547
2024-07-30,DE,15.5836220236677
2024-07-30,FR,12.0398424805087
2024-07-30,GB,14.8845626011251
2024-07-30,IE,17.1535792248058
2024-07-30,US,7.77876345982955
2024-07-31,AU,13.5971181607323
2024-07-31,CA,14.4168764998609
2024-07-31,DE,15.5857558972132
2024-07-31,FR,12.0282266068057
2024-07-31,GB,14.864954951514
2024-07-31,IE,17.1073704821966
2024-07-31,US,7.75463721064979
2024-08-01,AU,13.5901994457147
2024-08-01,CA,14.4066739995892
2024-08-01,DE,15.5949111791972
2024-08-01,FR,12.0183080317051
2024-08-01,GB,14.8695748502646
2024-08-01,IE,17.087799874158
2024-08-01,US,7.76342566209612
2024-08-02,AU,13.5880535068049
2024-08-02,CA,14.3876127372765
2024-08-02,DE,15.5820194288848
2024-08-02,FR,12.0117435717655
2024-08-02,GB,14.8732459529837
2024-08-02,IE,17.1129315304792
2024-08-02,US,7.77198331965327
2024-08-03,AU,13.6141626971294
2024-08-03,CA,14.393460806242
2024-08-03,DE,15.5774419820195
2024-08-03,FR,12.0051510788711
2024-08-03,GB,14.8787499535527
2024-08-03,IE,17.0937902470901
2024-08-03,US,7.78219837030262
2024-08-04,AU,13.6285005095803
2024-08-04,CA,14.4036757924531
2024-08-04,DE,15.5678269446745
2024-08-04,FR,11.997879875088
2024-08-04,GB,14.8830240865979
2024-08-04,IE,17.1083309486419
2024-08-04,US,7.79747341125092
2024-08-05,AU,13.6240192528422
2024-08-05,CA,14.4084378681859
2024-08-05,DE,15.5644910347147
2024-08-05,FR,11.9858116371294
2024-08-05,GB,14.8797643454076
2024-08-05,IE,17.1107513290319
2024-08-05,US,7.80822222490237
2024-08-06,AU,13.63636153206
2024-08-06,CA,14.434636099012
2024-08-06,DE,15.5514534361948
2024-08-06,FR,11.9784509332409
2024-08-06,GB,14.8897634499504
2024-08-06,IE,17.1302961995048
2024-08-06,US,7.82223051190351
2024-08-07,AU,13.6521880585737
2024-08-07,CA,14.4281162283537
2024-08-07,DE,15.5509816853617
2024-08-07,FR,11.9628888919334
2024-08-07,GB,14.8901474420186
2024-08-07,IE,17.1790461198293
2024-08-07,US,7.83640808456792
2024-08-08,AU,13.661268693038
2024-08-08,CA,14.4264641007702
2024-08-08,DE,15.5220062652284
2024-08-08,FR,11.9584047955734
2024-08-08,GB,14.8766228806286
2024-08-08,IE,17.1774822673061
2024-08-08,US,7.83634676538218
2024-08-09,AU,13.6822760725025
2024-08-09,CA,14.4215018411166
2024-08-09,DE,15.509995083173
2024-08-09,FR,11.9629400225487
2024-08-09,GB,14.8588038409131
2024-08-09,IE,17.1480898467979
2024-08-09,US,7.83960107613428
2024-08-10,AU,13.6805189638574
2024-08-10,CA,14.4043913026971
2024-08-10,DE,15.4964465983181
2024-08-10,FR,11.961643853016
2024-08-10,GB,14.8372192577908
2024-08-10,IE,17.1069065839131
2024-08-10,US,7.81732329811054
2024-08-11,AU,13.6920950700683
2024-08-11,CA,14.3950848586812
2024-08-11,DE,15.4928792786402
2024-08-11,FR,11.9623423227503
2024-08-11,GB,14.8264087511519
2024-08-11,IE,17.0636808852907
2024-08-11,US,7.79764205803715
2024-08-12,AU,13.7148068515594
2024-08-12,CA,14.388143033516
2024-08-12,DE,15.483387028115
2024-08-12,FR,11.9734387836584
2024-08-12,GB,14.8234153470076
2024-08-12,IE,17.0221622118404
2024-08-12,US,7.78132203394941
2024-08-13,AU,13.7195765675005
2024-08-13,CA,14.3487051271397
2024-08-13,DE,15.478411142447
2024-08-13,FR,11.9761351491242
2024-08-13,GB,14.8069335858004
2024-08-13,IE,16.9202167809828
2024-08-13,US,7.76280024831198
2024-08-14,AU,13.7158184558307
2024-08-14,CA,14.3363759697447
2024-08-14,DE,15.4528557071822
2024-08-14,FR,11.9847853911421
2024-08-14,GB,14.797085736822
2024-08-14,IE,16.8183397188208
2024-08-14,US,7.74779587344379
2024-08-15,AU,13.7120781840741
2024-08-15,CA,14.3195104835751
2024-08-15,DE,15.4483114680083
2024-08-15,FR,11.9833915183909
2024-08-15,GB,14.7791346670087
2024-08-15,IE,16.7310778870862
2024-08-15,US,7.72808745775995
2024-08-16,AU,13.7050039815851
2024-08-16,CA,14.3067134755399
2024-08-16,DE,15.4561045734605
2024-08-16,FR,11.9839077051854
2024-08-16,GB,14.7613991197866
2024-08-16,IE,16.6363464098625
2024-08-16,US,7.70904518170028
2024-08-17,AU,13.7186441944335
2024-08-17,CA,14.2941146969927
2024-08-17,DE,15.4638053266644
2024-08-17,FR,11.9932496740798
2024-08-17,GB,14.7566150110895
2024-08-17,IE,16.5838943706572
2024-08-17,US,7.71491462482156
2024-08-18,AU,13.7126674108279
2024-08-18,CA,14.2901863146708
2024-08-18,DE,15.462324748916
2024-08-18,FR,11.9993959504149
2024-08-18,GB,14.7469986851797
2024-08-18,IE,16.5102418211483
2024-08-18,US,7.7169483794189
2024-08-19,AU,13.6995596250433
2024-08-19,CA,14.2879727232741
2024-08-19,DE,15.4484244940689
2024-08-19,FR,11.9964426181793
2024-08-19,GB,14.7303140551769
2024-08-19,IE,16.4358944484871
2024-08-19,US,7.71910313744563
2024-08-20,AU,13.7100355581755
2024-08-20,CA,14.3047899690939
2024-08-20,DE,15.4224413457347
2024-08-20,FR,12.0002151049082
2024-08-20,GB,14.7324570500831
2024-08-20,IE,16.3971693622027
2024-08-20,US,7.72893123286591
2024-08-21,AU,13.7056149265555
2024-08-21,CA,14.326698947192
2024-08-21,DE,15.4152286960681
2024-08-21,FR,12.0086903580903
2024-08-21,GB,14.7203704920591
2024-08-21,IE,16.34207927513
2024-08-21,US,7.73422881484892
2024-08-22,AU,13.6888573080083
2024-08-22,CA,14.3443524809309
2024-08-22,DE,15.3981386610503
2024-08-22,FR,12.0079930468376
2024-08-22,GB,14.7104774504743
2024-08-22,IE,16.2677334530048
2024-08-22,US,7.74185630525195
2024-08-23,AU,13.6762995882968
2024-08-23,CA,14.3584795597889
2024-08-23,DE,15.3797548118136
2024-08-23,FR,12.0008010344385
2024-08-23,GB,14.7056085259947
2024-08-23,IE,16.2161752974111
2024-08-23,US,7.74518040974175
2024-08-24,AU,13.6574476596108
2024-08-24,CA,14.3503715949237
2024-08-24,DE,15.3637983593608
2024-08-24,FR,11.9875514136598
2024-08-24,GB,14.6895824215407
2024-08-24,IE,16.1705791749138
2024-08-24,US,7.75376089015589
2024-08-25,AU,13.6507488841193
2024-08-25,CA,14.3297018662355
2024-08-25,DE,15.3531930494256
2024-08-25,FR,11.9642596909505
2024-08-25,GB,14.6713437985916
2024-08-25,IE,16.1048673320871
2024-08-25,US,7.75569885783853
2024-08-26,AU,13.646862707068
2024-08-26,CA,14.3001864074947
2024-08-26,DE,15.3462343640442
2024-08-26,FR,11.956084879115
2024-08-26,GB,14.6606919194469
2024-08-26,IE,16.0490168792932
2024-08-26,US,7.76180905176664
2024-08-27,AU,13.6153059621248
2024-08-27,CA,14.3012402844797
2024-08-27,DE,15.3424485182736
2024-08-27,FR,11.9416400742818
2024-08-27,GB,14.6376128806829
2024-08-27,IE,15.9953206983959
2024-08-27,US,7.77920755412858
2024-08-28,AU,13.5841339240681
2024-08-28,CA,14.3025906917681
2024-08-28,DE,15.329621600724
2024-08-28,FR,11.9207754316747
2024-08-28,GB,14.6378313018453
2024-08-28,IE,15.9516976028931
2024-08-28,US,7.7998187602133
2024-08-29,AU,13.5640408368237
2024-08-29,CA,14.3057493400367
2024-08-29,DE,15.3245945136035
2024-08-29,FR,11.9190825082165
2024-08-29,GB,14.635809852646
2024-08-29,IE,15.9175188138922
2024-08-29,US,7.82529407762804
2024-08-30,AU,13.5404351449037
2024-08-30,CA,14.3022109806008
2024-08-30,DE,15.3008563923959
2024-08-30,FR,11.9177708090175
2024-08-30,GB,14.6259970891684
2024-08-30,IE,15.8604329276685
2024-08-30,US,7.85132349350787
2024-08-31,AU,13.5210422111879
2024-08-31,CA,14.3336123526005
2024-08-31,DE,15.2914254469908
2024-08-31,FR,11.914290539218
2024-08-31,GB,14.6092994602181
2024-08-31,IE,15.7863668697024
2024-08-31,US,7.87796304925075
2024-09-01,AU,13.497221772899
2024-09-01,CA,14.3685827676027
2024-09-01,DE,15.2721500419931
2024-09-01,FR,11.912546880932
2024-09-01,GB,14.6024977973867
2024-09-01,IE,15.7199425935442
2024-09-01,US,7.91022757990966
2024-09-02,AU,13.4601784996249
2024-09-02,CA,14.4089021506357
2024-09-02,DE,15.2591583416527
2024-09-02,FR,11.8965247826504
2024-09-02,GB,14.5868930070761
2024-09-02,IE,15.6482542942651
2024-09-02,US,7.93963199893143
2024-09-03,AU,13.4269215260065
2024-09-03,CA,14.4148425121309
2024-09-03,DE,15.2478033740694
2024-09-03,FR,11.8863327900113
2024-09-03,GB,14.5779239384592
2024-09-03,IE,15.6000967926914
2024-09-03,US,7.95088413105891
2024-09-04,AU,13.40607055449
2024-09-04,CA,14.4087989850082
2024-09-04,DE,15.231769249743
2024-09-04,FR,11.879676343781
2024-09-04,GB,14.5560596707929
2024-09-04,IE,15.5433902210245
2024-09-04,US,7.95693822336898
2024-09-05,AU,13.4002809601465
2024-09-05,CA,14.4038839017271
2024-09-05,DE,15.2149111808809
2024-09-05,FR,11.8502220483699
2024-09-05,GB,14.5317409625701
2024-09-05,IE,15.5043760721592
2024-09-05,US,7.95817333115347
2024-09-06,AU,13.3956564370661
2024-09-06,CA,14.4282841211404
2024-09-06,DE,15.2103739328263
2024-09-06,FR,11.8250252492792
2024-09-06,GB,14.5128599033603
2024-09-06,IE,15.4896577204617
2024-09-06,US,7.96082539184243
2024-09-07,AU,13.3767672745217
2024-09-07,CA,14.431893907469
2024-09-07,DE,15.1873580828261
2024-09-07,FR,11.8046783427325
2024-09-07,GB,14.4851912882501
2024-09-07,IE,15.4987479731837
2024-09-07,US,7.95847875663957
2024-09-08,AU,13.3645289418569
2024-09-08,CA,14.4357481945074
2024-09-08,DE,15.1839597116549
2024-09-08,FR,11.7842614123663
2024-09-08,GB,14.4661048628624
2024-09-08,IE,15.521657147591
2024-09-08,US,7.95502665320729
2024-09-09,AU,13.3729558992743
2024-09-09,CA,14.4450808986796
2024-09-09,DE,15.1948092279083
2024-09-09,FR,11.7750510447323
2024-09-09,GB,14.456166702201
2024-09-09,IE,15.5520085589554
2024-09-09,US,7.94786303582735
2024-09-10,AU,13.3809925115789
2024-09-10,CA,14.4380472836098
2024-09-10,DE,15.2018651962072
2024-09-10,FR,11.7626563293916
2024-09-10,GB,14.4496182173115
2024-09-10,IE,15.5524070898294
2024-09-10,US,7.94463396480455
2024-09-11,AU,13.3877346551115
2024-09-11,CA,14.4474627269188
2024-09-11,DE,15.2156281256238
2024-09-11,FR,11.7726599798795
2024-09-11,GB,14.4373573898835
2024-09-11,IE,15.5756302215233
2024-09-11,US,7.94816771473257
2024-09-12,AU,13.3770200643417
2024-09-12,CA,14.4497821012791
2024-09-12,DE,15.2191870729864
2024-09-12,FR,11.785931059129
2024-09-12,GB,14.4375450101465
2024-09-12,IE,15.6021550727078
2024-09-12,US,7.95351803690134
2024-09-13,AU,13.3598249729526
2024-09-13,CA,14.4439985211373
2024-09-13,DE,15.2315489216379
2024-09-13,FR,11.804175475356
2024-09-13,GB,14.4392540416482
2024-09-13,IE,15.6126025347969
2024-09-13,US,7.95691068792813
2024-09-14,AU,13.3519280333228
2024-09-14,CA,14.4603721654635
2024-09-14,DE,15.2512263808936
2024-09-14,FR,11.827892289758
2024-09-14,GB,14.4646133488574
2024-09-14,IE,15.6345888392849
2024-09-14,US,7.96174057192361
2024-09-15,AU,13.3336827830465
2024-09-15,CA,14.4721684312168
2024-09-15,DE,15.2551246573191
2024-09-15,FR,11.8552288327395
2024-09-15,GB,14.4711638088322
2024-09-15,IE,15.6372267830379
2024-09-15,US,7.96700661936335
2024-09-16,AU,13.3152703049001
2024-09-16,CA,14.4753001050148
2024-09-16,DE,15.245622303044
2024-09-16,FR,11.8745671320005
2024-09-16,GB,14.4777186078838
2024-09-16,IE,15.6314708986803
2024-09-16,US,7.97194030852822
2024-09-17,AU,13.2901784069926
2024-09-17,CA,14.4935557284495
2024-09-17,DE,15.2496819194043
2024-09-17,FR,11.8974465944274
2024-09-17,GB,14.4695147532616
2024-09-17,IE,15.640675036652
2024-09-17,US,7.97699295161837
2024-09-18,AU,13.2539128645074
2024-09-18,CA,14.4932897912387
2024-09-18,DE,15.2440106216147
2024-09-18,FR,11.8965362060364
2024-09-18,GB,14.4686566256355
2024-09-18,IE,15.6230366400132
2024-09-18,US,7.97512699421399
2024-09-19,AU,13.233984166594
2024-09-19,CA,14.5268161054821
2024-09-19,DE,15.2469368052607
2024-09-19,FR,11.9063657387565
2024-09-19,GB,14.4688721790545
2024-09-19,IE,15.6032910583497
2024-09-19,US,7.97594829318013
2024-09-20,AU,13.2181285210152
2024-09-20,CA,14.5442927613457
2024-09-20,DE,15.2185400773206
2024-09-20,FR,11.9031674765885
2024-09-20,GB,14.4523866397019
2024-09-20,IE,15.6107258571134
2024-09-20,US,7.97863507265148
2024-09-21,AU,13.1949161190243
2024-09-21,CA,14.5610826767915
2024-09-21,DE,15.1883330772248
2024-09-21,FR,11.9048348475467
2024-09-21,GB,14.4225405441576
2024-09-21,IE,15.6090155702814
2024-09-21,US,7.98063072036092
2024-09-22,AU,13.1711227140359
2024-09-22,CA,14.5912114873569
2024-09-22,DE,15.1754050409078
2024-09-22,FR,11.9163624886512
2024-09-22,GB,14.3976629898448
2024-09-22,IE,15.6241398065147
2024-09-22,US,7.98377786396209
2024-09-23,AU,13.1509210718105
2024-09-23,CA,14.6194266236113
2024-09-23,DE,15.1696109110628
2024-09-23,FR,11.9323492380923
2024-09-23,GB,14.3664776171802
2024-09-23,IE,15.6554074091166
2024-09-23,US,8.01323077789013
2024-09-24,AU,13.1505862934641
2024-09-24,CA,14.6390563895288
2024-09-24,DE,15.1507413393848
2024-09-24,FR,11.9431137376111
2024-09-24,GB,14.3600511991234
2024-09-24,IE,15.6968032354027
2024-09-24,US,8.01686456700833
2024-09-25,AU,13.1558969693083
2024-09-25,CA,14.6775962902161
2024-09-25,DE,15.1304785971448
2024-09-25,FR,11.9632611501543
2024-09-25,GB,14.3458679301582
2024-09-25,IE,15.7399819771917
2024-09-25,US,8.02457839003465
2024-09-26,AU,13.1530972351912
2024-09-26,CA,14.6854508331166
2024-09-26,DE,15.1125510815388
2024-09-26,FR,11.9734793482627
2024-09-26,GB,14.3211918813128
2024-09-26,IE,15.7681576102687
2024-09-26,US,8.02807082795809
2024-09-27,AU,13.1577155039045
2024-09-27,CA,14.7025045366861
2024-09-27,DE,15.1128692635441
2024-09-27,FR,11.9974370687883
2024-09-27,GB,14.3118482757774
2024-09-27,IE,15.7667811990177
2024-09-27,US,8.030753561053
2024-09-28,AU,13.1548363176291
2024-09-28,CA,14.7023308721869
2024-09-28,DE,15.1136706889514
2024-09-28,FR,12.0222946688631
2024-09-28,GB,14.286838597667
2024-09-28,IE,15.7480173879404
2024-09-28,US,8.02617874066755
2024-09-29,AU,13.1725710717967
2024-09-29,CA,14.6959002094234
2024-09-29,DE,15.1023478460208
2024-09-29,FR,12.055092030244
2024-09-29,GB,14.2769287600292
2024-09-29,IE,15.7365877588045
2024-09-29,US,8.02373217062133
2024-09-30,AU,13.1825129706619
2024-09-30,CA,14.6968877057134
2024-09-30,DE,15.0870408437331
2024-09-30,FR,12.084645790687
2024-09-30,GB,14.2727916164175
2024-09-30,IE,15.696099431188
2024-09-30,US,7.99802669896873
2024-10-01,AU,13.1993422556733
2024-10-01,CA,14.7015694483584
2024-10-01,DE,15.0723722389494
2024-10-01,FR,12.1087915178314
2024-10-01,GB,14.2714549916273
2024-10-01,IE,15.6678489904599
2024-10-01,US,7.99510750979831
2024-10-02,AU,13.21011502455
2024-10-02,CA,14.7020221193661
2024-10-02,DE,15.0294283728073
2024-10-02,FR,12.1369835510763
2024-10-02,GB,14.2754133395421
2024-10-02,IE,15.632788849671
2024-10-02,US,7.98937087840197
2024-10-03,AU,13.2070719377065
2024-10-03,CA,14.7259963336614
2024-10-03,DE,14.9736702112974
2024-10-03,FR,12.167337243776
2024-10-03,GB,14.2968274340604
2024-10-03,IE,15.6107431988727
2024-10-03,US,7.97914888238537
2024-10-04,AU,13.2096482019961
2024-10-04,CA,14.7279877355969
2024-10-04,DE,14.9186029723442
2024-10-04,FR,12.2012919110104
2024-10-04,GB,14.3221355783878
2024-10-04,IE,15.6150667691335
2024-10-04,US,7.97007947291798
2024-10-05,AU,13.2200054364677
2024-10-05,CA,14.7380077829882
2024-10-05,DE,14.8535639887518
2024-10-05,FR,12.2227174128506
2024-10-05,GB,14.3726908898278
2024-10-05,IE,15.6240591973226
2024-10-05,US,7.9696520488733
2024-10-06,AU,13.2187377947606
2024-10-06,CA,14.7424749550041
2024-10-06,DE,14.7934855965845
2024-10-06,FR,12.2396732633656
2024-10-06,GB,14.4091981388322
2024-10-06,IE,15.6212151710563
2024-10-06,US,7.96598756944885
2024-10-07,AU,13.2234659734025
2024-10-07,CA,14.7604681939184
2024-10-07,DE,14.7250264722247
2024-10-07,FR,12.2582104341104
2024-10-07,GB,14.4394359247421
2024-10-07,IE,15.6321690430008
2024-10-07,US,7.96434355875027
2024-10-08,AU,13.224216512552
2024-10-08,CA,14.7547971674743
2024-10-08,DE,14.6519144690544
2024-10-08,FR,12.2966540468536
2024-10-08,GB,14.4457647894411
2024-10-08,IE,15.6285043242689
2024-10-08,US,7.96232712764546
2024-10-09,AU,13.2345501127692
2024-10-09,CA,14.7556525562158
2024-10-09,DE,14.669875302593
2024-10-09,FR,12.3117624200561
2024-10-09,GB,14.4673749211798
2024-10-09,IE,15.6478130593443
2024-10-09,US,7.96651285628903
2024-10-10,AU,13.2551754030142
2024-10-10,CA,14.7293052050684
2024-10-10,DE,14.6988623072669
2024-10-10,FR,12.3336116733583
2024-10-10,GB,14.4817387893686
2024-10-10,IE,15.6518669655691
2024-10-10,US,7.96441655006802
2024-10-11,AU,13.2644287355193
2024-10-11,CA,14.7254448577821
2024-10-11,DE,14.7318797740465
2024-10-11,FR,12.338285589519
2024-10-11,GB,14.4989361658316
2024-10-11,IE,15.6495434078083
2024-10-11,US,7.97058341377693
2024-10-12,AU,13.2808118273146
2024-10-12,CA,14.724197428852
2024-10-12,DE,14.7680633890891
2024-10-12,FR,12.3452694954374
2024-10-12,GB,14.5058625290686
2024-10-12,IE,15.6496222924197
2024-10-12,US,7.96493981949163
2024-10-13,AU,13.2918422414043
2024-10-13,CA,14.7366675237636
2024-10-13,DE,14.8082651456437
2024-10-13,FR,12.3518792834015
2024-10-13,GB,14.5156805548388
2024-10-13,IE,15.6372469569527
2024-10-13,US,7.96011652038392
2024-10-14,AU,13.2972733057837
2024-10-14,CA,14.7347101845666
2024-10-14,DE,14.8493356098474
2024-10-14,FR,12.3522681544802
2024-10-14,GB,14.5356446215241
2024-10-14,IE,15.6253389730552
2024-10-14,US,7.95037462728142
2024-10-15,AU,13.3071782644732
2024-10-15,CA,14.7519968952713
2024-10-15,DE,14.9118216841382
2024-10-15,FR,12.3381273051136
2024-10-15,GB,14.5528087210594
2024-10-15,IE,15.6117212888869
2024-10-15,US,7.94485446548777
2024-10-16,AU,13.3072546454978
2024-10-16,CA,14.7561403482938
2024-10-16,DE,14.9186439430643
2024-10-16,FR,12.3346048501681
2024-10-16,GB,14.5633246836404
2024-10-16,IE,15.5968395747204
2024-10-16,US,7.93507148710881
2024-10-17,AU,13.3106156909646
2024-10-17,CA,14.7538701819752
2024-10-17,DE,14.9078377502208
2024-10-17,FR,12.2866309695975
2024-10-17,GB,14.5876159676339
2024-10-17,IE,15.5949079828433
2024-10-17,US,7.93085153874231
2024-10-18,AU,13.3093103644019
2024-10-18,CA,14.7495032189362
2024-10-18,DE,14.920681157145
2024-10-18,FR,12.2496167112607
2024-10-18,GB,14.5992397971185
2024-10-18,IE,15.5740252939773
2024-10-18,US,7.91827401379718
2024-10-19,AU,13.2891231119764
2024-10-19,CA,14.7208060668832
2024-10-19,DE,14.933200952062
2024-10-19,FR,12.2236891195423
2024-10-19,GB,14.6073562661367
2024-10-19,IE,15.5612130288886
2024-10-19,US,7.90959940322985
2024-10-20,AU,13.2718859607538
2024-10-20,CA,14.6932666503876
2024-10-20,DE,14.941823123079
2024-10-20,FR,12.1977556728654
2024-10-20,GB,14.6213132202086
2024-10-20,IE,15.5468693596296
2024-10-20,US,7.91168507643087
2024-10-21,AU,13.2441450936785
2024-10-21,CA,14.664817048859
2024-10-21,DE,14.96286909191
2024-10-21,FR,12.1634119372558
2024-10-21,GB,14.638448360788
2024-10-21,IE,15.5436873476634
2024-10-21,US,7.91310347816184
2024-10-22,AU,13.1969275571395
2024-10-22,CA,14.6486715919569
2024-10-22,DE,14.9658091344512
2024-10-22,FR,12.1468624575658
2024-10-22,GB,14.6728123878939
2024-10-22,IE,15.533434991465
2024-10-22,US,7.91311933093779
2024-10-23,AU,13.1571973448605
2024-10-23,CA,14.6317669244783
2024-10-23,DE,14.9467490031415
2024-10-23,FR,12.1486568599297
2024-10-23,GB,14.699073345089
2024-10-23,IE,15.4941820261033
2024-10-23,US,7.91126344384466
2024-10-24,AU,13.1145041600378
2024-10-24,CA,14.6204102870753
2024-10-24,DE,14.954604685444
2024-10-24,FR,12.2025638872548
2024-10-24,GB,14.7113881639565
2024-10-24,IE,15.4665623616422
2024-10-24,US,7.91829719670108
2024-10-25,AU,13.0708823678022
2024-10-25,CA,14.5902011839351
2024-10-25,DE,14.9474580519381
2024-10-25,FR,12.2552882175817
2024-10-25,GB,14.7348145900924
2024-10-25,IE,15.4382286864923
2024-10-25,US,7.92111593090472
2024-10-26,AU,13.0605904301105
2024-10-26,CA,14.5647140096485
2024-10-26,DE,14.9467078540752
2024-10-26,FR,12.3032715260588
2024-10-26,GB,14.7773798551868
2024-10-26,IE,15.43786157337
2024-10-26,US,7.9350295758787
2024-10-27,AU,13.042828276945
2024-10-27,CA,14.5243410980787
2024-10-27,DE,14.937608656457
2024-10-27,FR,12.3435819889443
2024-10-27,GB,14.8021990138456
2024-10-27,IE,15.4199084158027
2024-10-27,US,7.93857811784687
2024-10-28,AU,13.0446102854295
2024-10-28,CA,14.4722335971876
2024-10-28,DE,14.9222607394096
2024-10-28,FR,12.3979779027382
2024-10-28,GB,14.8264030005639
2024-10-28,IE,15.3897571753771
2024-10-28,US,7.94514017424876
2024-10-29,AU,13.0434959399228
2024-10-29,CA,14.418565690569
2024-10-29,DE,14.9220543336049
2024-10-29,FR,12.4387952758382
2024-10-29,GB,14.8480952233093
2024-10-29,IE,15.3971069470084
2024-10-29,US,7.95188160059733
2024-10-30,AU,13.0388681933385
2024-10-30,CA,14.3756730237699
2024-10-30,DE,14.9395879672179
2024-10-30,FR,12.4776659750937
2024-10-30,GB,14.8703597253179
2024-10-30,IE,15.4278122165268
2024-10-30,US,7.96225284577538
2024-10-31,AU,13.0492599118268
2024-10-31,CA,14.3251446278009
2024-10-31,DE,14.9557373398135
2024-10-31,FR,12.5256790725927
2024-10-31,GB,14.9076011482243
2024-10-31,IE,15.4596482736176
2024-10-31,US,7.9663608452195
2024-11-01,AU,13.0610086167954
2024-11-01,CA,14.2893498916576
2024-11-01,DE,14.9690792001446
2024-11-01,FR,12.5631516592957
2024-11-01,GB,14.949124806069
2024-11-01,IE,15.5602087594608
2024-11-01,US,7.97466940810693
2024-11-02,AU,13.0601042215999
2024-11-02,CA,14.268023756806
2024-11-02,DE,14.9795382397721
2024-11-02,FR,12.6012892946044
2024-11-02,GB,14.9746079755829
2024-11-02,IE,15.6547714748152
2024-11-02,US,7.9819569615998
2024-11-03,AU,13.0609060815981
2024-11-03,CA,14.2462489236698
2024-11-03,DE,14.9960449880571
2024-11-03,FR,12.6466360155543
2024-11-03,GB,15.0105544110941
2024-11-03,IE,15.7724255559766
2024-11-03,US,7.98740587842723
2024-11-04,AU,13.0541809417175
2024-11-04,CA,14.2344256866927
2024-11-04,DE,15.0094483829938
2024-11-04,FR,12.691843186092
2024-11-04,GB,15.0497484770709
2024-11-04,IE,15.9040723123827
2024-11-04,US,7.99140246209009
2024-11-05,AU,13.0618237623092
2024-11-05,CA,14.1908729904025
2024-11-05,DE,15.0130878613501
2024-11-05,FR,12.7257748002041
2024-11-05,GB,15.0782492931407
2024-11-05,IE,16.003085941499
2024-11-05,US,7.99411003433253
2024-11-06,AU,13.0808310211831
2024-11-06,CA,14.1600299148444
2024-11-06,DE,15.0162917761662
2024-11-06,FR,12.7466790671025
2024-11-06,GB,15.1116546266207
2024-11-06,IE,16.1138417251661
2024-11-06,US,7.9952832331494
2024-11-07,AU,13.0828717324135
2024-11-07,CA,14.1580122258467
2024-11-07,DE,15.0152705975421
2024-11-07,FR,12.7510179999906
2024-11-07,GB,15.1217925961171
2024-11-07,IE,16.2124397804268
2024-11-07,US,7.99661177063716
2024-11-08,AU,13.1024167453284
2024-11-08,CA,14.1509280506443
2024-11-08,DE,15.0127002668231
2024-11-08,FR,12.7790349529283
2024-11-08,GB,15.1193394920591
2024-11-08,IE,16.2389685048106
2024-11-08,US,7.99961146523209
2024-11-09,AU,13.1030390722079
2024-11-09,CA,14.1526051935115
2024-11-09,DE,15.0224332042829
2024-11-09,FR,12.7903977926709
2024-11-09,GB,15.1229006489242
2024-11-09,IE,16.2406139996397
2024-11-09,US,7.9990065209095
2024-11-10,AU,13.1177155654919
2024-11-10,CA,14.1614089997442
2024-11-10,DE,15.0223370832048
2024-11-10,FR,12.8075147769991
2024-11-10,GB,15.129137857611
2024-11-10,IE,16.2441441323017
2024-11-10,US,7.99909866989215
2024-11-11,AU,13.117819883446
2024-11-11,CA,14.1663975548424
2024-11-11,DE,15.0200221770253
2024-11-11,FR,12.8135076099378
2024-11-11,GB,15.1211250751742
2024-11-11,IE,16.2461732331573
2024-11-11,US,7.99984387062066
2024-11-12,AU,13.1254856109724
2024-11-12,CA,14.2029471148794
2024-11-12,DE,15.0177160658889
2024-11-12,FR,12.836076516645
2024-11-12,GB,15.1118945234676
2024-11-12,IE,16.2468168853389
2024-11-12,US,7.99680375786022
2024-11-13,AU,13.1363030162183
2024-11-13,CA,14.2191941203799
2024-11-13,DE,15.0146944769815
2024-11-13,FR,12.8500864202539
2024-11-13,GB,15.1060884835433
2024-11-13,IE,16.2588087813062
2024-11-13,US,7.99309042425107
2024-11-14,AU,13.1476734868629
2024-11-14,CA,14.2385573905176
2024-11-14,DE,15.0059431829645
2024-11-14,FR,12.8512340998476
2024-11-14,GB,15.1133968705217
2024-11-14,IE,16.2647049314151
2024-11-14,US,7.99435982881261
2024-11-15,AU,13.1593792480288
2024-11-15,CA,14.2668410138834
2024-11-15,DE,14.9878806030859
2024-11-15,FR,12.834463190688
2024-11-15,GB,15.1391441566216
2024-11-15,IE,16.303927509661
2024-11-15,US,7.99593102575963
2024-11-16,AU,13.1768367540167
2024-11-16,CA,14.294213265822
2024-11-16,DE,14.9541348235431
2024-11-16,FR,12.8269357084918
2024-11-16,GB,15.16067736812
2024-11-16,IE,16.3482769449608
2024-11-16,US,7.99450925889262
2024-11-17,AU,13.1842601994337
2024-11-17,CA,14.3255788036133
2024-11-17,DE,14.930724600076
2024-11-17,FR,12.8082372192817
2024-11-17,GB,15.1798249480439
2024-11-17,IE,16.4049746205808
2024-11-17,US,7.9934134312123
2024-11-18,AU,13.2168684662271
2024-11-18,CA,14.3604938707226
2024-11-18,DE,14.9095053276356
2024-11-18,FR,12.8007686979515
2024-11-18,GB,15.203323050643
2024-11-18,IE,16.4691517198051
2024-11-18,US,7.99064576096055
2024-11-19,AU,13.2505547361801
2024-11-19,CA,14.3839275665296
2024-11-19,DE,14.88319069586
2024-11-19,FR,12.7851779426659
2024-11-19,GB,15.2280843327285
2024-11-19,IE,16.5479438117282
2024-11-19,US,7.99441453113294
2024-11-20,AU,13.2922773396529
2024-11-20,CA,14.4110684521037
2024-11-20,DE,14.8618754539999
2024-11-20,FR,12.7748358055181
2024-11-20,GB,15.2411002180135
2024-11-20,IE,16.5883269382275
2024-11-20,US,7.99566639640679
2024-11-21,AU,13.3301248565178
2024-11-21,CA,14.4225695863412
2024-11-21,DE,14.8464827716183
2024-11-21,FR,12.7777468065181
2024-11-21,GB,15.255506695703
2024-11-21,IE,16.6439850304107
2024-11-21,US,7.99127837099202
2024-11-22,AU,13.3390390463364
2024-11-22,CA,14.4309222102516
2024-11-22,DE,14.8396574105337
2024-11-22,FR,12.7674309923804
2024-11-22,GB,15.2639076509359
2024-11-22,IE,16.6752032573425
2024-11-22,US,7.98677489634167
2024-11-23,AU,13.3639632376339
2024-11-23,CA,14.4420881213199
2024-11-23,DE,14.8425841332279
2024-11-23,FR,12.7576659328626
2024-11-23,GB,15.286769451451
2024-11-23,IE,16.7198677664756
2024-11-23,US,7.98721658483169
2024-11-24,AU,13.3857758904859
2024-11-24,CA,14.4408140591467
2024-11-24,DE,14.820666057866
2024-11-24,FR,12.7447712871273
2024-11-24,GB,15.2985029516957
2024-11-24,IE,16.745941382871
2024-11-24,US,7.98931690519422
2024-11-25,AU,13.3917251379383
2024-11-25,CA,14.4329271573473
2024-11-25,DE,14.7960959592616
2024-11-25,FR,12.7279238528264
2024-11-25,GB,15.3159445850552
2024-11-25,IE,16.6577803763719
2024-11-25,US,7.99443388776659
2024-11-26,AU,13.3907467711961
2024-11-26,CA,14.4319120894786
2024-11-26,DE,14.7926184150476
2024-11-26,FR,12.7123300331158
2024-11-26,GB,15.3339001101411
2024-11-26,IE,16.5760156074275
2024-11-26,US,7.99737606597512
2024-11-27,AU,13.3830942083785
2024-11-27,CA,14.4320522486604
2024-11-27,DE,14.7824629568805
2024-11-27,FR,12.699146459456
2024-11-27,GB,15.3645123737441
2024-11-27,IE,16.524964141909
2024-11-27,US,8.00737014707698
2024-11-28,AU,13.389919617212
2024-11-28,CA,14.4374781213192
2024-11-28,DE,14.7799345783047
2024-11-28,FR,12.7019259961385
2024-11-28,GB,15.395315916259
2024-11-28,IE,16.466915079701
2024-11-28,US,8.01769451823307
2024-11-29,AU,13.4219923644603
2024-11-29,CA,14.4417812444815
2024-11-29,DE,14.785448925928
2024-11-29,FR,12.7121121944001
2024-11-29,GB,15.4293499420042
2024-11-29,IE,16.4178827622193
2024-11-29,US,8.02413648443793
2024-11-30,AU,13.4499583884802
2024-11-30,CA,14.4387871344117
2024-11-30,DE,14.7710576701108
2024-11-30,FR,12.7233849476543
2024-11-30,GB,15.4531861372963
2024-11-30,IE,16.3489619893594
2024-11-30,US,8.02517512097583
2024-12-01,AU,13.4860132447026
2024-12-01,CA,14.4409252813265
2024-12-01,DE,14.779189943717
2024-12-01,FR,12.7338273687656
2024-12-01,GB,15.496998713659
2024-12-01,IE,16.3059697626655
2024-12-01,US,8.02442045605884
2024-12-02,AU,13.5319950571079
2024-12-02,CA,14.4525767173727
2024-12-02,DE,14.7963233594854
2024-12-02,FR,12.7445984454008
2024-12-02,GB,15.531515751062
2024-12-02,IE,16.3743366969202
2024-12-02,US,8.02349698816164
2024-12-03,AU,13.6034810048102
2024-12-03,CA,14.4697688044089
2024-12-03,DE,14.804837335649
2024-12-03,FR,12.7504328687892
2024-12-03,GB,15.5712984212524
2024-12-03,IE,16.4416561110931
2024-12-03,US,8.02230176622329
2024-12-04,AU,13.6837663172726
2024-12-04,CA,14.489941419299
2024-12-04,DE,14.8171760400536
2024-12-04,FR,12.762140817598
2024-12-04,GB,15.617225927991
2024-12-04,IE,16.4969802181238
2024-12-04,US,8.0170479865223
2024-12-05,AU,13.7647934054071
2024-12-05,CA,14.5025994109664
2024-12-05,DE,14.8229803063203
2024-12-05,FR,12.7639868871666
2024-12-05,GB,15.6607746314691
2024-12-05,IE,16.567495476257
2024-12-05,US,8.01993344169234
2024-12-06,AU,13.8420334436166
2024-12-06,CA,14.51828916862
2024-12-06,DE,14.8215696548277
2024-12-06,FR,12.7534354885843
2024-12-06,GB,15.7079272020683
2024-12-06,IE,16.6354141557625
2024-12-06,US,8.0230428217472
2024-12-07,AU,13.9214815823809
2024-12-07,CA,14.5482719749631
2024-12-07,DE,14.8492358887075
2024-12-07,FR,12.7399564924899
2024-12-07,GB,15.7413787045142
2024-12-07,IE,16.6900844415521
2024-12-07,US,8.03685358038823
2024-12-08,AU,13.9943610541107
2024-12-08,CA,14.5812458000742
2024-12-08,DE,14.8707672438079
2024-12-08,FR,12.7307545251989
2024-12-08,GB,15.7692416306915
2024-12-08,IE,16.7322455946281
2024-12-08,US,8.06540776370812
2024-12-09,AU,14.0324680654904
2024-12-09,CA,14.5985833605428
2024-12-09,DE,14.889180030596
2024-12-09,FR,12.7199701550818
2024-12-09,GB,15.7986396369662
2024-12-09,IE,16.7555439893688
2024-12-09,US,8.097884107449
2024-12-10,AU,14.0488282403476
2024-12-10,CA,14.6024434830821
2024-12-10,DE,14.9026609997333
2024-12-10,FR,12.7088642584448
2024-12-10,GB,15.8345912851002
2024-12-10,IE,16.7678315664919
2024-12-10,US,8.10949469043045
2024-12-11,AU,14.0616430825132
2024-12-11,CA,14.5940806380143
2024-12-11,DE,14.9157688065242
2024-12-11,FR,12.6876887977199
2024-12-11,GB,15.8634646802078
2024-12-11,IE,16.8148757044852
2024-12-11,US,8.12944650137133
2024-12-12,AU,14.0473139651037
2024-12-12,CA,14.5765518179876
2024-12-12,DE,14.9257133244586
2024-12-12,FR,12.6487820103567
2024-12-12,GB,15.8782173571547
2024-12-12,IE,16.8106606829062
2024-12-12,US,8.13116021249518
2024-12-13,AU,14.036744381861
2024-12-13,CA,14.5653793205455
2024-12-13,DE,14.9320417578848
2024-12-13,FR,12.6396012740333
2024-12-13,GB,15.8733459690554
2024-12-13,IE,16.8194225874652
2024-12-13,US,8.13741629276181
2024-12-14,AU,14.0113049527698
2024-12-14,CA,14.5348655756195
2024-12-14,DE,14.9222567757655
2024-12-14,FR,12.6216093182927
2024-12-14,GB,15.8694010084506
2024-12-14,IE,16.8208450594393
2024-12-14,US,8.12538726885451
2024-12-15,AU,13.9959292372652
2024-12-15,CA,14.5154725696958
2024-12-15,DE,14.9227384084003
2024-12-15,FR,12.6154399074896
2024-12-15,GB,15.8772648242103
2024-12-15,IE,16.8285603021055
2024-12-15,US,8.11085023913348
2024-12-16,AU,14.0168526157286
2024-12-16,CA,14.509017412739
2024-12-16,DE,14.9233056869786
2024-12-16,FR,12.6032331567855
2024-12-16,GB,15.8926939454537
2024-12-16,IE,16.8470966358428
2024-12-16,US,8.09120653801479
2024-12-17,AU,14.0279375747455
2024-12-17,CA,14.5042503084568
2024-12-17,DE,14.9323793925687
2024-12-17,FR,12.5892825353779
2024-12-17,GB,15.9108161334621
2024-12-17,IE,16.8659350634157
2024-12-17,US,8.09083932712267
2024-12-18,AU,14.0241069976063
2024-12-18,CA,14.4998422200964
2024-12-18,DE,14.9415291002183
2024-12-18,FR,12.5753087348297
2024-12-18,GB,15.9189981426015
2024-12-18,IE,16.8934241396133
2024-12-18,US,8.08296029823213
2024-12-19,AU,14.028061121976
2024-12-19,CA,14.4984690725549
2024-12-19,DE,14.9591491246487
2024-12-19,FR,12.5743543150279
2024-12-19,GB,15.9517826051944
2024-12-19,IE,16.9680099733049
2024-12-19,US,8.08688581582429
2024-12-20,AU,14.0170426545273
2024-12-20,CA,14.4960216288247
2024-12-20,DE,14.983204341883
2024-12-20,FR,12.5485972369166
2024-12-20,GB,15.9986451213621
2024-12-20,IE,17.0462570709721
2024-12-20,US,8.09324307599745
2024-12-21,AU,14.01497711711
2024-12-21,CA,14.5048699986754
2024-12-21,DE,15.0190017485962
2024-12-21,FR,12.5574330649224
2024-12-21,GB,16.0690509343182
2024-12-21,IE,17.145449908359
2024-12-21,US,8.1149319498186
2024-12-22,AU,14.0153583312414
2024-12-22,CA,14.5020853157465
2024-12-22,DE,15.0530782550806
2024-12-22,FR,12.5551453648869
2024-12-22,GB,16.1294243490705
2024-12-22,IE,17.2442857551038
2024-12-22,US,8.12732017643122
2024-12-23,AU,13.9985184046972
2024-12-23,CA,14.500162595422
2024-12-23,DE,15.0848408803708
2024-12-23,FR,12.5588927844528
2024-12-23,GB,16.18508649882
2024-12-23,IE,17.3422086906331
2024-12-23,US,8.139646610465
2024-12-24,AU,13.9951851114522
2024-12-24,CA,14.5206294072608
2024-12-24,DE,15.11723599071
2024-12-24,FR,12.5725589285455
2024-12-24,GB,16.2637700577256
2024-12-24,IE,17.4528242744492
2024-12-24,US,8.15524542688448
2024-12-25,AU,13.9952340296591
2024-12-25,CA,14.5486374533189
2024-12-25,DE,15.1488530005298
2024-12-25,FR,12.5951986220292
2024-12-25,GB,16.353832529372
2024-12-25,IE,17.5341373188788
2024-12-25,US,8.17020720473015
2024-12-26,AU,14.007402796206
2024-12-26,CA,14.5949422540889
2024-12-26,DE,15.1729773079292
2024-12-26,FR,12.6206611429377
2024-12-26,GB,16.436397168363
2024-12-26,IE,17.6135696613047
2024-12-26,US,8.18353156460558
2024-12-27,AU,14.0168601596316
2024-12-27,CA,14.619097331539
2024-12-27,DE,15.1762755700959
2024-12-27,FR,12.6445093045336
2024-12-27,GB,16.5101113755468
2024-12-27,IE,17.6855645820346
2024-12-27,US,8.18714479759228
2024-12-28,AU,14.0375263436172
2024-12-28,CA,14.6444779657878
2024-12-28,DE,15.1671033837746
2024-12-28,FR,12.6590317271817
2024-12-28,GB,16.5751988771021
2024-12-28,IE,17.7492670379022
2024-12-28,US,8.1816350167824
2024-12-29,AU,14.0508731261442
2024-12-29,CA,14.6633207122077
2024-12-29,DE,15.165353262703
2024-12-29,FR,12.6706818908158
2024-12-29,GB,16.631128401213
2024-12-29,IE,17.7956225957855
2024-12-29,US,8.17045860994267
2024-12-30,AU,14.0703718500891
2024-12-30,CA,14.6850918229916
2024-12-30,DE,15.1690061032104
2024-12-30,FR,12.6890599699691
2024-12-30,GB,16.6984585949197
2024-12-30,IE,17.841910089935
2024-12-30,US,8.1606736948644
2024-12-31,AU,14.0773239740463
2024-12-31,CA,14.6755150142895
2024-12-31,DE,15.1762791412464
2024-12-31,FR,12.7089873673716
2024-12-31,GB,16.7248379455326
2024-12-31,IE,17.8582964900953
2024-12-31,US,8.14950055239633
2025-01-01,AU,14.1093294571343
2025-01-01,CA,14.6767844866223
2025-01-01,DE,15.1818884355073
2025-01-01,FR,12.7061914475114
2025-01-01,GB,16.7408163774379
2025-01-01,IE,17.878368247111
2025-01-01,US,8.13630219563882
2025-01-02,AU,14.1364390500271
2025-01-02,CA,14.6685110407747
2025-01-02,DE,15.194781495355
2025-01-02,FR,12.705022406186
2025-01-02,GB,16.7586288065429
2025-01-02,IE,17.8999315898018
2025-01-02,US,8.12022412618091
2025-01-03,AU,14.1582896411104
2025-01-03,CA,14.6480310077962
2025-01-03,DE,15.2150039025551
2025-01-03,FR,12.7171176285239
2025-01-03,GB,16.7561461128998
2025-01-03,IE,17.8691459635686
2025-01-03,US,8.10217942148568
2025-01-04,AU,14.1543955471513
2025-01-04,CA,14.6305214645517
2025-01-04,DE,15.2384705698395
2025-01-04,FR,12.7025036543977
2025-01-04,GB,16.7299092119761
2025-01-04,IE,17.8472966998667
2025-01-04,US,8.08934889401899
2025-01-05,AU,14.1552084210307
2025-01-05,CA,14.6058002615997
2025-01-05,DE,15.2475733395348
2025-01-05,FR,12.6916638824176
2025-01-05,GB,16.6999357563748
2025-01-05,IE,17.8303343075693
2025-01-05,US,8.079794871528
2025-01-06,AU,14.153279746012
2025-01-06,CA,14.5775855452848
2025-01-06,DE,15.2543624364082
2025-01-06,FR,12.6791805359775
2025-01-06,GB,16.6388304001478
2025-01-06,IE,17.8075928116966
2025-01-06,US,8.06950552908646
2025-01-07,AU,14.1546994643588
2025-01-07,CA,14.5755505422011
2025-01-07,DE,15.247657803677
2025-01-07,FR,12.660054586276
2025-01-07,GB,16.5696384862407
2025-01-07,IE,17.770161396395
2025-01-07,US,8.06858173429987
2025-01-08,AU,14.1213160412062
2025-01-08,CA,14.5792619514765
2025-01-08,DE,15.2295428238441
2025-01-08,FR,12.6578040218343
2025-01-08,GB,16.5039132710601
2025-01-08,IE,17.7296839388556
2025-01-08,US,8.07195535658562
2025-01-09,AU,14.0756790865207
2025-01-09,CA,14.5661530212621
2025-01-09,DE,15.1969046850212
2025-01-09,FR,12.6502545715011
2025-01-09,GB,16.4238330627799
2025-01-09,IE,17.6557458612537
2025-01-09,US,8.08035993260552
2025-01-10,AU,14.0420567203134
2025-01-10,CA,14.5841025251328
2025-01-10,DE,15.1752873192019
2025-01-10,FR,12.6377372995977
2025-01-10,GB,16.3601314290226
2025-01-10,IE,17.5960892067964
2025-01-10,US,8.09938271886257
2025-01-11,AU,14.0087983100516
2025-01-11,CA,14.6009566385199
2025-01-11,DE,15.1590781172429
2025-01-11,FR,12.6391157635115
2025-01-11,GB,16.3069474387775
2025-01-11,IE,17.5440751526831
2025-01-11,US,8.12192496278679
2025-01-12,AU,13.984782491318
2025-01-12,CA,14.6316765693362
2025-01-12,DE,15.148761010296
2025-01-12,FR,12.6366281540115
2025-01-12,GB,16.2681082637943
2025-01-12,IE,17.490699727044
2025-01-12,US,8.14135255244592
2025-01-13,AU,13.9682686794279
2025-01-13,CA,14.6639644193833
2025-01-13,DE,15.128869016921
2025-01-13,FR,12.6234622726393
2025-01-13,GB,16.2444387953623
2025-01-13,IE,17.4339083163387
2025-01-13,US,8.17044001068226
2025-01-14,AU,13.9480332000911
2025-01-14,CA,14.7042930067571
2025-01-14,DE,15.1155700241853
2025-01-14,FR,12.6261203068714
2025-01-14,GB,16.2403241492841
2025-01-14,IE,17.3930679725128
2025-01-14,US,8.18963118202073
2025-01-15,AU,13.9328478261653
2025-01-15,CA,14.7126857560529
2025-01-15,DE,15.119272743497
2025-01-15,FR,12.6199596074411
2025-01-15,GB,16.2367392926607
2025-01-15,IE,17.358856815444
2025-01-15,US,8.20826465163832
2025-01-16,AU,13.924145256181
2025-01-16,CA,14.7437614293876
2025-01-16,DE,15.1401304800123
2025-01-16,FR,12.6171179201413
2025-01-16,GB,16.2524252210064
2025-01-16,IE,17.3504230020964
2025-01-16,US,8.22528383072636
2025-01-17,AU,13.9199937565885
2025-01-17,CA,14.7760899712678
2025-01-17,DE,15.1609780950455
2025-01-17,FR,12.6189625955083
2025-01-17,GB,16.277530982605
2025-01-17,IE,17.3204833044166
2025-01-17,US,8.24203065732101
2025-01-18,AU,13.9167227654939
2025-01-18,CA,14.8090104605972
2025-01-18,DE,15.1708813149269
2025-01-18,FR,12.6090000565432
2025-01-18,GB,16.2940273786205
2025-01-18,IE,17.2523099370351
2025-01-18,US,8.25825520907846
2025-01-19,AU,13.8982307750519
2025-01-19,CA,14.8467339706647
2025-01-19,DE,15.1810152597239
2025-01-19,FR,12.6162851649722
2025-01-19,GB,16.3054812500019
2025-01-19,IE,17.2047960005418
2025-01-19,US,8.27330618471214
2025-01-20,AU,13.879399703073
2025-01-20,CA,14.8901181467266
2025-01-20,DE,15.1938013272138
2025-01-20,FR,12.6208952931012
2025-01-20,GB,16.3013600122259
2025-01-20,IE,17.1796174113247
2025-01-20,US,8.27806097862331
2025-01-21,AU,13.8601039585865
2025-01-21,CA,14.8985215993442
2025-01-21,DE,15.2068273692943
2025-01-21,FR,12.6107915538034
2025-01-21,GB,16.2987084684713
2025-01-21,IE,17.1280781781275
2025-01-21,US,8.2849840345174
2025-01-22,AU,13.8404016113277
2025-01-22,CA,14.9180179831121
2025-01-22,DE,15.2224961504485
2025-01-22,FR,12.6075212832103
2025-01-22,GB,16.282882737656
2025-01-22,IE,17.056631181828
2025-01-22,US,8.29482966131575
2025-01-23,AU,13.8242107106675
2025-01-23,CA,14.9421953127137
2025-01-23,DE,15.2277982525724
2025-01-23,FR,12.6028994555525
2025-01-23,GB,16.2590555831012
2025-01-23,IE,16.9884603767412
2025-01-23,US,8.30915053183087
2025-01-24,AU,13.8084915986163
2025-01-24,CA,14.9588321409222
2025-01-24,DE,15.2233454148912
2025-01-24,FR,12.5947697825805
2025-01-24,GB,16.2301152133194
2025-01-24,IE,16.9669952230024
2025-01-24,US,8.32052339794218
2025-01-25,AU,13.8100051291797
2025-01-25,CA,14.9807635880779
2025-01-25,DE,15.2296979928847
2025-01-25,FR,12.6008248354659
2025-01-25,GB,16.2268199939544
2025-01-25,IE,16.9825197312911
2025-01-25,US,8.33168658493045
2025-01-26,AU,13.8113776407966
2025-01-26,CA,14.9863620928356
2025-01-26,DE,15.2323972172229
2025-01-26,FR,12.587691357572
2025-01-26,GB,16.2071950780636
2025-01-26,IE,16.9710596685443
2025-01-26,US,8.34715846197652
2025-01-27,AU,13.8106863088317
2025-01-27,CA,14.9852372166424
2025-01-27,DE,15.2418013443889
2025-01-27,FR,12.5868115405802
2025-01-27,GB,16.1976140405495
2025-01-27,IE,16.9283318409297
2025-01-27,US,8.36061329520235
2025-01-28,AU,13.8118194141321
2025-01-28,CA,14.9894136693881
2025-01-28,DE,15.2434471543824
2025-01-28,FR,12.8005821299749
2025-01-28,GB,16.1777455141475
2025-01-28,IE,16.9340745794266
2025-01-28,US,8.3750225888914
2025-01-29,AU,13.8118725831474
2025-01-29,CA,15.0007068848172
2025-01-29,DE,15.2555039235848
2025-01-29,FR,12.8025672717089
2025-01-29,GB,16.1619440014352
2025-01-29,IE,16.9576855563117
2025-01-29,US,8.3846831160096
2025-01-30,AU,13.8200928885588
2025-01-30,CA,15.0113437171048
2025-01-30,DE,15.2775999207252
2025-01-30,FR,12.7984325469187
2025-01-30,GB,16.1432018303637
2025-01-30,IE,16.9696603198724
2025-01-30,US,8.38981780059815
2025-01-31,AU,13.81686981751
2025-01-31,CA,15.0165330542152
2025-01-31,DE,15.3127785584149
2025-01-31,FR,12.7974552231091
2025-01-31,GB,16.1235155986908
2025-01-31,IE,16.9948748032552
2025-01-31,US,8.39863933835344
2025-02-01,AU,13.8121344654736
2025-02-01,CA,15.0139813608146
2025-02-01,DE,15.3432546801729
2025-02-01,FR,12.8007962672182
2025-02-01,GB,16.1003627652971
2025-02-01,IE,17.0270790959065
2025-02-01,US,8.39761105914769
2025-02-02,AU,13.8151127763048
2025-02-02,CA,15.0098517762266
2025-02-02,DE,15.3755646201751
2025-02-02,FR,12.8067913464547
2025-02-02,GB,16.0971799177886
2025-02-02,IE,17.0625055055533
2025-02-02,US,8.39977816296508
2025-02-03,AU,13.8049102973985
2025-02-03,CA,15.0030913307551
2025-02-03,DE,15.4062869990738
2025-02-03,FR,12.808149042223
2025-02-03,GB,16.1064958495518
2025-02-03,IE,17.1232959577228
2025-02-03,US,8.40613392851172
2025-02-04,AU,13.8050188950798
2025-02-04,CA,15.0085835912228
2025-02-04,DE,15.446361573738
2025-02-04,FR,12.6048726314445
2025-02-04,GB,16.1163503250955
2025-02-04,IE,17.1876907305501
2025-02-04,US,8.40888893604634
2025-02-05,AU,13.7935561279647
2025-02-05,CA,15.0068419159418
2025-02-05,DE,15.4694533315416
2025-02-05,FR,12.6061878443558
2025-02-05,GB,16.1369458705209
2025-02-05,IE,17.2401638355014
2025-02-05,US,8.41069795306417
2025-02-06,AU,13.7637653171723
2025-02-06,CA,14.99378974233
2025-02-06,DE,15.4732118177177
2025-02-06,FR,12.6202988158047
2025-02-06,GB,16.1627159480719
2025-02-06,IE,17.2748801335652
2025-02-06,US,8.4024706743624
2025-02-07,AU,13.7496091711424
2025-02-07,CA,14.9815952193986
2025-02-07,DE,15.476597120329
2025-02-07,FR,12.6401350759405
2025-02-07,GB,16.1940895989057
2025-02-07,IE,17.3051406135073
2025-02-07,US,8.38833973529385
2025-02-08,AU,13.7356219052187
2025-02-08,CA,14.9736961140911
2025-02-08,DE,15.4791442285152
2025-02-08,FR,12.6568543750385
2025-02-08,GB,16.2236130810236
2025-02-08,IE,17.3349079974844
2025-02-08,US,8.38541866544578
2025-02-09,AU,13.7094150860624
2025-02-09,CA,14.956550525744
2025-02-09,DE,15.4832720155396
2025-02-09,FR,12.6704637337055
2025-02-09,GB,16.2376863447367
2025-02-09,IE,17.3630812163209
2025-02-09,US,8.37289814782755
2025-02-10,AU,13.6789840583329
2025-02-10,CA,14.9428093613514
2025-02-10,DE,15.4857099515532
2025-02-10,FR,12.6868592194768
2025-02-10,GB,16.2487156827589
2025-02-10,IE,17.3796511443997
2025-02-10,US,8.36964627542663
2025-02-11,AU,13.6519928007304
2025-02-11,CA,14.930200329163
2025-02-11,DE,15.4774673381904
2025-02-11,FR,12.70410985656
2025-02-11,GB,16.2836261426866
2025-02-11,IE,17.3923782827744
2025-02-11,US,8.36658395484327
2025-02-12,AU,13.6429655487696
2025-02-12,CA,14.9159017917936
2025-02-12,DE,15.4669726687956
2025-02-12,FR,12.716148965737
2025-02-12,GB,16.3172948991119
2025-02-12,IE,17.3912789029535
2025-02-12,US,8.3669312072208
2025-02-13,AU,13.6416505520951
2025-02-13,CA,14.9018805441728
2025-02-13,DE,15.4712621336337
2025-02-13,FR,12.7285765776811
2025-02-13,GB,16.3381046142093
2025-02-13,IE,17.4058925999558
2025-02-13,US,8.37799741146079
2025-02-14,AU,13.638697017505
2025-02-14,CA,14.8904284824315
2025-02-14,DE,15.4344180337518
2025-02-14,FR,12.7556541003832
2025-02-14,GB,16.358064694087
2025-02-14,IE,17.4134274229265
2025-02-14,US,8.38995034743542
2025-02-15,AU,13.627007087976
2025-02-15,CA,14.8399430307649
2025-02-15,DE,15.3925394274315
2025-02-15,FR,12.7722227330666
2025-02-15,GB,16.353584052259
2025-02-15,IE,17.3926145416494
2025-02-15,US,8.38753437995602
2025-02-16,AU,13.6317397896343
2025-02-16,CA,14.8382977665723
2025-02-16,DE,15.3573689335711
2025-02-16,FR,12.804619678514
2025-02-16,GB,16.4010810699133
2025-02-16,IE,17.3993832923027
2025-02-16,US,8.40458752394907
2025-02-17,AU,13.6554059696938
2025-02-17,CA,14.8378052875476
2025-02-17,DE,15.3209711114852
2025-02-17,FR,12.8395116616895
2025-02-17,GB,16.4451137715058
2025-02-17,IE,17.4113012313329
2025-02-17,US,8.40767104566279
2025-02-18,AU,13.6684227112323
2025-02-18,CA,14.8250514307637
2025-02-18,DE,15.2893769280551
2025-02-18,FR,12.8547657039903
2025-02-18,GB,16.4724340004452
2025-02-18,IE,17.3954515979629
2025-02-18,US,8.40847610483623
2025-02-19,AU,13.6608165652315
2025-02-19,CA,14.8221853175633
2025-02-19,DE,15.2617067854302
2025-02-19,FR,12.8896923294112
2025-02-19,GB,16.4814887264766
2025-02-19,IE,17.3782210792287
2025-02-19,US,8.402582389739
2025-02-20,AU,13.6405720871652
2025-02-20,CA,14.8140953287366
2025-02-20,DE,15.2315299782031
2025-02-20,FR,12.9159402011005
2025-02-20,GB,16.4937802660101
2025-02-20,IE,17.3342506958421
2025-02-20,US,8.38911976935741
2025-02-21,AU,13.6180265980114
2025-02-21,CA,14.7989545378178
2025-02-21,DE,15.2357843552722
2025-02-21,FR,12.9304963745415
2025-02-21,GB,16.5051059134129
2025-02-21,IE,17.3245415919724
2025-02-21,US,8.37238946845033
2025-02-22,AU,13.5992914520979
2025-02-22,CA,14.8170373193848
2025-02-22,DE,15.239109035293
2025-02-22,FR,12.9588273560592
2025-02-22,GB,16.5285361794066
2025-02-22,IE,17.3609758152733
2025-02-22,US,8.37512780757791
2025-02-23,AU,13.5737223656529
2025-02-23,CA,14.8043982562862
2025-02-23,DE,15.2352380335339
2025-02-23,FR,12.975684390308
2025-02-23,GB,16.507811024999
2025-02-23,IE,17.3781984195912
2025-02-23,US,8.36397194340704
2025-02-24,AU,13.5399750455139
2025-02-24,CA,14.7852741918943
2025-02-24,DE,15.2308475876218
2025-02-24,FR,12.991020179643
2025-02-24,GB,16.4920226958795
2025-02-24,IE,17.4020907377434
2025-02-24,US,8.35119169416169
2025-02-25,AU,13.5005734637989
2025-02-25,CA,14.7724517160367
2025-02-25,DE,15.2281479805859
2025-02-25,FR,13.0133862666683
2025-02-25,GB,16.4862914496419
2025-02-25,IE,17.4465375444345
2025-02-25,US,8.3387351727645
2025-02-26,AU,13.4745183780961
2025-02-26,CA,14.7582002777481
2025-02-26,DE,15.2246902126506
2025-02-26,FR,13.0437007808086
2025-02-26,GB,16.5177240651193
2025-02-26,IE,17.4892996301682
2025-02-26,US,8.33329998846012
2025-02-27,AU,13.471282686999
2025-02-27,CA,14.7697705064009
2025-02-27,DE,15.2229036531289
2025-02-27,FR,13.0791243475421
2025-02-27,GB,16.5506400740377
2025-02-27,IE,17.5730457302574
2025-02-27,US,8.33179842594583
2025-02-28,AU,13.4630442261278
2025-02-28,CA,14.7749788498815
2025-02-28,DE,15.2246618768669
2025-02-28,FR,13.1030590616253
2025-02-28,GB,16.5928077139128
2025-02-28,IE,17.6129298016413
2025-02-28,US,8.32984508383092
2025-03-01,AU,13.4534008990058
2025-03-01,CA,14.7830860865854
2025-03-01,DE,15.2265148481394
2025-03-01,FR,13.121913458482
2025-03-01,GB,16.6401236578241
2025-03-01,IE,17.6374111025762
2025-03-01,US,8.31571097679747
2025-03-02,AU,13.4330339342137
2025-03-02,CA,14.7877602997291
2025-03-02,DE,15.2227373498155
2025-03-02,FR,13.1382548109631
2025-03-02,GB,16.6928081498363
2025-03-02,IE,17.6750875608264
2025-03-02,US,8.30656033100014
2025-03-03,AU,13.413931556262
2025-03-03,CA,14.806745739874
2025-03-03,DE,15.2272442355059
2025-03-03,FR,13.1593877812978
2025-03-03,GB,16.7445928177035
2025-03-03,IE,17.7202313027521
2025-03-03,US,8.3011724106969
2025-03-04,AU,13.4157092057359
2025-03-04,CA,14.8281922464029
2025-03-04,DE,15.2239981473453
2025-03-04,FR,13.1841064210131
2025-03-04,GB,16.7800227360184
2025-03-04,IE,17.7547457036307
2025-03-04,US,8.30776652121223
2025-03-05,AU,13.4078550922239
2025-03-05,CA,14.8376529110392
2025-03-05,DE,15.2453035342533
2025-03-05,FR,13.2620662038555
2025-03-05,GB,16.8189182204172
2025-03-05,IE,17.7839373742129
2025-03-05,US,8.30176757882776
2025-03-06,AU,13.4120747683679
2025-03-06,CA,14.8263095521461
2025-03-06,DE,15.2473979906606
2025-03-06,FR,13.2802469418359
2025-03-06,GB,16.8060060454553
2025-03-06,IE,17.7824964329976
2025-03-06,US,8.29582790097192
2025-03-07,AU,13.3980148726606
2025-03-07,CA,14.8270463690961
2025-03-07,DE,15.2530079371766
2025-03-07,FR,13.294157892576
2025-03-07,GB,16.7720917274239
2025-03-07,IE,17.7747648981446
2025-03-07,US,8.2931314813715
2025-03-08,AU,13.3845342365548
2025-03-08,CA,14.8197582571316
2025-03-08,DE,15.2667110337698
2025-03-08,FR,13.2994029944374
2025-03-08,GB,16.7287241568718
2025-03-08,IE,17.7511010162077
2025-03-08,US,8.29591401246184
2025-03-09,AU,13.3868505271813
2025-03-09,CA,14.8146438583728
2025-03-09,DE,15.2755951104221
2025-03-09,FR,13.291098574504
2025-03-09,GB,16.6716520500681
2025-03-09,IE,17.7073979724043
2025-03-09,US,8.28864642103783
2025-03-10,AU,13.3781544236736
2025-03-10,CA,14.8017820115755
2025-03-10,DE,15.2794794077248
2025-03-10,FR,13.2799981992354
2025-03-10,GB,16.6262679009317
2025-03-10,IE,17.6569877126714
2025-03-10,US,8.28342854749501
2025-03-11,AU,13.3620646293271
2025-03-11,CA,14.792619926364
2025-03-11,DE,15.3020183787299
2025-03-11,FR,13.2359340730812
2025-03-11,GB,16.5632816406574
2025-03-11,IE,17.617289192727
2025-03-11,US,8.26579123640804
2025-03-12,AU,13.3408569543594
2025-03-12,CA,14.7720230517177
2025-03-12,DE,15.3084920086768
2025-03-12,FR,13.1237309470331
2025-03-12,GB,16.4805841683559
2025-03-12,IE,17.608437251318
2025-03-12,US,8.25658772766371
2025-03-13,AU,13.2970212309718
2025-03-13,CA,14.7494074729102
2025-03-13,DE,15.3347809639741
2025-03-13,FR,13.1004369647916
2025-03-13,GB,16.4476443385266
2025-03-13,IE,17.6394392815927
2025-03-13,US,8.24823697474076
2025-03-14,AU,13.268409008046
2025-03-14,CA,14.7193350353169
2025-03-14,DE,15.3628137974238
2025-03-14,FR,13.0719114717342
2025-03-14,GB,16.4283491451679
2025-03-14,IE,17.6633511996907
2025-03-14,US,8.23480544224517
2025-03-15,AU,13.261043758591
2025-03-15,CA,14.7001067314365
2025-03-15,DE,15.3941171869842
2025-03-15,FR,13.0600007761625
2025-03-15,GB,16.4287708183679
2025-03-15,IE,17.6745504650524
2025-03-15,US,8.21868839480402
2025-03-16,AU,13.2424392859275
2025-03-16,CA,14.6730734274211
2025-03-16,DE,15.4389786811788
2025-03-16,FR,13.0455495415275
2025-03-16,GB,16.4422862217914
2025-03-16,IE,17.7028598895946
2025-03-16,US,8.20938056917422
2025-03-17,AU,13.2321657972817
2025-03-17,CA,14.6415221559083
2025-03-17,DE,15.4737063930722
2025-03-17,FR,13.0288501437726
2025-03-17,GB,16.3878655352619
2025-03-17,IE,17.7156789777758
2025-03-17,US,8.19807474628401
2025-03-18,AU,13.2072729464203
2025-03-18,CA,14.607236794515
2025-03-18,DE,15.512249617614
2025-03-18,FR,13.0522434355153
2025-03-18,GB,16.3540895677747
2025-03-18,IE,17.7621196248676
2025-03-18,US,8.18329691201678
2025-03-19,AU,13.1958966281833
2025-03-19,CA,14.5885050230108
2025-03-19,DE,15.5393794553793
2025-03-19,FR,13.079273315723
2025-03-19,GB,16.3047396814537
2025-03-19,IE,17.8151594137908
2025-03-19,US,8.17031542307916
2025-03-20,AU,13.2025717821564
2025-03-20,CA,14.5769413130717
2025-03-20,DE,15.5594093565411
2025-03-20,FR,13.0778073499168
2025-03-20,GB,16.2847697827423
2025-03-20,IE,17.8304973139506
2025-03-20,US,8.16119965129857
2025-03-21,AU,13.2008393603364
2025-03-21,CA,14.5534596240894
2025-03-21,DE,15.5777645336665
2025-03-21,FR,13.0799304119683
2025-03-21,GB,16.2543064655012
2025-03-21,IE,17.8739468217313
2025-03-21,US,8.16306595221326
2025-03-22,AU,13.2066445377066
2025-03-22,CA,14.5281559564714
2025-03-22,DE,15.5843550049429
2025-03-22,FR,13.082000230735
2025-03-22,GB,16.2106100998974
2025-03-22,IE,17.9212429806327
2025-03-22,US,8.16299769520364
2025-03-23,AU,13.2024062716434
2025-03-23,CA,14.5076192432218
2025-03-23,DE,15.5840349155432
2025-03-23,FR,13.0990552328352
2025-03-23,GB,16.1572016903278
2025-03-23,IE,17.9685742811622
2025-03-23,US,8.16015998321827
2025-03-24,AU,13.1988249402881
2025-03-24,CA,14.4895628157157
2025-03-24,DE,15.5926013297242
2025-03-24,FR,13.1166230376884
2025-03-24,GB,16.1585831290334
2025-03-24,IE,18.0240759054794
2025-03-24,US,8.15676270167593
2025-03-25,AU,13.1377450017912
2025-03-25,CA,14.4796935794253
2025-03-25,DE,15.5960862043469
2025-03-25,FR,13.1028819977684
2025-03-25,GB,16.157320623249
2025-03-25,IE,18.0353672237165
2025-03-25,US,8.16221043166627
2025-03-26,AU,13.0801315230682
2025-03-26,CA,14.463465964241
2025-03-26,DE,15.5967224415997
2025-03-26,FR,13.090210353824
2025-03-26,GB,16.1706407150439
2025-03-26,IE,18.0235605509184
2025-03-26,US,8.1674088728888
2025-03-27,AU,13.0223228073641
2025-03-27,CA,14.4443363949737
2025-03-27,DE,15.5727879571292
2025-03-27,FR,13.0702727884093
2025-03-27,GB,16.1819598800697
2025-03-27,IE,18.0517294338987
2025-03-27,US,8.17379394667148
2025-03-28,AU,12.9557795414171
2025-03-28,CA,14.4398083745373
2025-03-28,DE,15.5318486017486
2025-03-28,FR,13.0477417741046
2025-03-28,GB,16.198756786043
2025-03-28,IE,18.0684217449057
2025-03-28,US,8.16124669178662
2025-03-29,AU,12.8815160354102
2025-03-29,CA,14.4446906910383
2025-03-29,DE,15.4919365644935
2025-03-29,FR,13.0336463242581
2025-03-29,GB,16.1649731685369
2025-03-29,IE,18.057422771562
2025-03-29,US,8.14707038552655
2025-03-30,AU,12.8081276399035
2025-03-30,CA,14.4490534923057
2025-03-30,DE,15.4574932718408
2025-03-30,FR,13.0197041954389
2025-03-30,GB,16.1482979487074
2025-03-30,IE,18.0394973053439
2025-03-30,US,8.13428292425206
2025-03-31,AU,12.7400624838759
2025-03-31,CA,14.4481000351146
2025-03-31,DE,15.428401311591
2025-03-31,FR,13.0006063007945
2025-03-31,GB,16.1427273947558
2025-03-31,IE,18.0148171330821
2025-03-31,US,8.1214554530937
2025-04-01,AU,12.7357226937074
2025-04-01,CA,14.4506059740331
2025-04-01,DE,15.3945572495056
2025-04-01,FR,12.992789823951
2025-04-01,GB,16.1912446280426
2025-04-01,IE,18.0013168841441
2025-04-01,US,8.10697370262109
2025-04-02,AU,12.7395011575429
2025-04-02,CA,14.4553740747332
2025-04-02,DE,15.3711983368162
2025-04-02,FR,12.9732518506756
2025-04-02,GB,16.2357821184997
2025-04-02,IE,18.0095635729591
2025-04-02,US,8.09404999542429
2025-04-03,AU,12.7392154912934
2025-04-03,CA,14.4575838789109
2025-04-03,DE,15.3767574032125
2025-04-03,FR,12.947325765112
2025-04-03,GB,16.243496167128
2025-04-03,IE,17.9792750907631
2025-04-03,US,8.06860589805513
2025-04-04,AU,12.7481372051128
2025-04-04,CA,14.4702703505499
2025-04-04,DE,15.3823206913614
2025-04-04,FR,12.9287053967401
2025-04-04,GB,16.2517538485279
2025-04-04,IE,17.9601716097949
2025-04-04,US,8.05781021790324
2025-04-05,AU,12.7449220081155
2025-04-05,CA,14.4709114744435
2025-04-05,DE,15.3943647262935
2025-04-05,FR,12.8885903830691
2025-04-05,GB,16.3132423380485
2025-04-05,IE,17.9728904244159
2025-04-05,US,8.05991550000818
2025-04-06,AU,12.7464046455777
2025-04-06,CA,14.4750143739462
2025-04-06,DE,15.4042733922852
2025-04-06,FR,12.8503208785551
2025-04-06,GB,16.3645229180367
2025-04-06,IE,17.9772791549975
2025-04-06,US,8.05969587065223
2025-04-07,AU,12.7422831127997
2025-04-07,CA,14.4856474708025
2025-04-07,DE,15.4104190137905
2025-04-07,FR,12.8196769812263
2025-04-07,GB,16.4062553809557
2025-04-07,IE,17.9962249109048
2025-04-07,US,8.05870933270474
2025-04-08,AU,12.7411923843978
2025-04-08,CA,14.4774456310706
2025-04-08,DE,15.4000634486685
2025-04-08,FR,12.8132165263239
2025-04-08,GB,16.3271091005169
2025-04-08,IE,18.0045494785032
2025-04-08,US,8.05256975143402
2025-04-09,AU,12.7369150084833
2025-04-09,CA,14.4781579084217
2025-04-09,DE,15.3810348652272
2025-04-09,FR,12.8114952116054
2025-04-09,GB,16.2391940837502
2025-04-09,IE,18.0157045217514
2025-04-09,US,8.04766210046997
2025-04-10,AU,12.7278415731129
2025-04-10,CA,14.4765210375002
2025-04-10,DE,15.3608981810171
2025-04-10,FR,12.8143111004874
2025-04-10,GB,16.1531736928094
2025-04-10,IE,18.0635048181402
2025-04-10,US,8.05040751848861
2025-04-11,AU,12.7171052994556
2025-04-11,CA,14.4867279814816
2025-04-11,DE,15.3534073492373
2025-04-11,FR,12.8178358159082
2025-04-11,GB,16.0682832587976
2025-04-11,IE,18.0722907864023
2025-04-11,US,8.05329448310891
2025-04-12,AU,12.7210518858336
2025-04-12,CA,14.4774508375058
2025-04-12,DE,15.3382092914591
2025-04-12,FR,12.8205900747618
2025-04-12,GB,15.9873003125481
2025-04-12,IE,18.0843786273876
2025-04-12,US,8.04944224715018
2025-04-13,AU,12.7186790958604
2025-04-13,CA,14.4786037311945
2025-04-13,DE,15.3162106899092
2025-04-13,FR,12.8192063825187
2025-04-13,GB,15.9064468429577
2025-04-13,IE,18.1026876916237
2025-04-13,US,8.04417663398293
2025-04-14,AU,12.7297016350182
2025-04-14,CA,14.4756141340031
2025-04-14,DE,15.2982986449417
2025-04-14,FR,12.8191310438196
2025-04-14,GB,15.825977490021
2025-04-14,IE,18.1218790589394
2025-04-14,US,8.0399445680622
2025-04-15,AU,12.7365726585491
2025-04-15,CA,14.4796545604527
2025-04-15,DE,15.2993123602925
2025-04-15,FR,12.7938273431824
2025-04-15,GB,15.8178032500739
2025-04-15,IE,18.1190700383115
2025-04-15,US,8.03860802805185
2025-04-16,AU,12.7283611292658
2025-04-16,CA,14.4549437702261
2025-04-16,DE,15.293630406537
2025-04-16,FR,12.7766788080131
2025-04-16,GB,15.7836018346679
2025-04-16,IE,18.0727412586283
2025-04-16,US,8.03284030699458
2025-04-17,AU,12.745713479359
2025-04-17,CA,14.4335139653862
2025-04-17,DE,15.2966099331432
2025-04-17,FR,12.7583372139765
2025-04-17,GB,15.7650015738562
2025-04-17,IE,18.00999010041
2025-04-17,US,8.0281863023807
2025-04-18,AU,12.7816059303643
2025-04-18,CA,14.3971949098961
2025-04-18,DE,15.2940869707113
2025-04-18,FR,12.7338353660197
2025-04-18,GB,15.7529920870504
2025-04-18,IE,17.9742281446019
2025-04-18,US,8.01755802990236
2025-04-19,AU,12.7974318850249
2025-04-19,CA,14.3745998729927
2025-04-19,DE,15.2984318844829
2025-04-19,FR,12.7076440234021
2025-04-19,GB,15.7230845985304
2025-04-19,IE,17.9091720873382
2025-04-19,US,8.00177007429748
2025-04-20,AU,12.8343841550101
2025-04-20,CA,14.3413558679826
2025-04-20,DE,15.3064383085875
2025-04-20,FR,12.6946683272244
2025-04-20,GB,15.6906650543103
2025-04-20,IE,17.8733527940348
2025-04-20,US,7.99272998286102
2025-04-21,AU,12.8687540521573
2025-04-21,CA,14.3107002753717
2025-04-21,DE,15.3093588100675
2025-04-21,FR,12.6756306201521
2025-04-21,GB,15.6647306890373
2025-04-21,IE,17.8299905346464
2025-04-21,US,7.98664019938142
2025-04-22,AU,12.8996147362497
2025-04-22,CA,14.2745524465993
2025-04-22,DE,15.3074457269883
2025-04-22,FR,12.6770662639464
2025-04-22,GB,15.6625268770915
2025-04-22,IE,17.8360891478395
2025-04-22,US,7.97773055207725
2025-04-23,AU,12.9462859235568
2025-04-23,CA,14.2593003987633
2025-04-23,DE,15.313663847481
2025-04-23,FR,12.6721251820302
2025-04-23,GB,15.6857031154442
2025-04-23,IE,17.8426041060792
2025-04-23,US,7.96827198676539
2025-04-24,AU,12.954532064307
2025-04-24,CA,14.2314266986317
2025-04-24,DE,15.3056281728811
2025-04-24,FR,12.6637271644002
2025-04-24,GB,15.6888194116803
2025-04-24,IE,17.8320635648874
2025-04-24,US,7.95880237132629
2025-04-25,AU,12.9492980585462
2025-04-25,CA,14.1904831050567
2025-04-25,DE,15.3027439825888
2025-04-25,FR,12.6470825874055
2025-04-25,GB,15.6781204651752
2025-04-25,IE,17.7844861823917
2025-04-25,US,7.94937277379031
2025-04-26,AU,12.9645447713832
2025-04-26,CA,14.1659789449758
2025-04-26,DE,15.3023227197736
2025-04-26,FR,12.6215566810285
2025-04-26,GB,15.6727110166683
2025-04-26,IE,17.7552803772607
2025-04-26,US,7.93555502496531
2025-04-27,AU,12.9506338925598
2025-04-27,CA,14.1306227741608
2025-04-27,DE,15.3065317978078
2025-04-27,FR,12.5810610539815
2025-04-27,GB,15.6688543441223
2025-04-27,IE,17.6974251902617
2025-04-27,US,7.91828458896049
2025-04-28,AU,12.9233139291325
2025-04-28,CA,14.0992183945472
2025-04-28,DE,15.3071206414751
2025-04-28,FR,12.5413625434469
2025-04-28,GB,15.6584238076199
2025-04-28,IE,17.6230914663369
2025-04-28,US,7.89776353743201
2025-04-29,AU,12.9018595205052
2025-04-29,CA,14.0631488849389
2025-04-29,DE,15.3082795476509
2025-04-29,FR,12.494300583038
2025-04-29,GB,15.6087191321545
2025-04-29,IE,17.5311434719742
2025-04-29,US,7.88242195741649
2025-04-30,AU,12.8771583391979
2025-04-30,CA,14.0176657781196
2025-04-30,DE,15.327640272505
2025-04-30,FR,12.4326167619787
2025-04-30,GB,15.559509619385
2025-04-30,IE,17.4571933595121
2025-04-30,US,7.87117975661546
2025-05-01,AU,12.8485031101437
2025-05-01,CA,13.9879683795858
2025-05-01,DE,15.3568114167787
2025-05-01,FR,12.3665598518328
2025-05-01,GB,15.5160655897668
2025-05-01,IE,17.3953165325856
2025-05-01,US,7.86493718690847
2025-05-02,AU,12.8078808884964
2025-05-02,CA,13.9602512249854
2025-05-02,DE,15.3947635167099
2025-05-02,FR,12.3162628258263
2025-05-02,GB,15.46272479947
2025-05-02,IE,17.3613675790277
2025-05-02,US,7.8617828103613
2025-05-03,AU,12.7542935987051
2025-05-03,CA,13.914004131529
2025-05-03,DE,15.4367728031153
2025-05-03,FR,12.2827691440478
2025-05-03,GB,15.4243425048264
2025-05-03,IE,17.3158408568151
2025-05-03,US,7.86574646834625
2025-05-04,AU,12.7097651666389
2025-05-04,CA,13.875290108468
2025-05-04,DE,15.4745804858825
2025-05-04,FR,12.2507433302173
2025-05-04,GB,15.3816364115425
2025-05-04,IE,17.2583407260273
2025-05-04,US,7.86777125358073
2025-05-05,AU,12.6636364590894
2025-05-05,CA,13.8360109129633
2025-05-05,DE,15.5173242018052
2025-05-05,FR,12.2057668790464
2025-05-05,GB,15.3315263233661
2025-05-05,IE,17.2105578476283
2025-05-05,US,7.86462569866909
2025-05-06,AU,12.621807770919
2025-05-06,CA,13.8069095733118
2025-05-06,DE,15.5542460025764
2025-05-06,FR,12.1700539063446
2025-05-06,GB,15.2908748268598
2025-05-06,IE,17.1793181081757
2025-05-06,US,7.86179134335432
2025-05-07,AU,12.5850193512094
2025-05-07,CA,13.8095099300179
2025-05-07,DE,15.5737023158326
2025-05-07,FR,12.1459459167933
2025-05-07,GB,15.2520865895855
2025-05-07,IE,17.1733722128073
2025-05-07,US,7.8532070600463
2025-05-08,AU,12.5546070313833
2025-05-08,CA,13.7969826259061
2025-05-08,DE,15.5870864825539
2025-05-08,FR,12.1311209819161
2025-05-08,GB,15.2091018187443
2025-05-08,IE,17.162520791424
2025-05-08,US,7.83781446503767
2025-05-09,AU,12.5375109005309
2025-05-09,CA,13.786007008903
2025-05-09,DE,15.5370846642184
2025-05-09,FR,12.1109484095077
2025-05-09,GB,15.186883126816
2025-05-09,IE,17.1595636199082
2025-05-09,US,7.82790974382885
2025-05-10,AU,12.5314358887348
2025-05-10,CA,13.7751960811739
2025-05-10,DE,15.4817903696088
2025-05-10,FR,12.1056280593582
2025-05-10,GB,15.1633704292225
2025-05-10,IE,17.189149392216
2025-05-10,US,7.82102952770584
2025-05-11,AU,12.5244526602034
2025-05-11,CA,13.7700641420773
2025-05-11,DE,15.4344380031304
2025-05-11,FR,12.0889294660644
2025-05-11,GB,15.1330241474174
2025-05-11,IE,17.2250079482059
2025-05-11,US,7.80827445831855
2025-05-12,AU,12.5338681287665
2025-05-12,CA,13.7693036653616
2025-05-12,DE,15.388831810285
2025-05-12,FR,12.0859247675412
2025-05-12,GB,15.1080540477129
2025-05-12,IE,17.2608058660917
2025-05-12,US,7.80288844727689
2025-05-13,AU,12.5380261861654
2025-05-13,CA,13.7429139775365
2025-05-13,DE,15.3480033915521
2025-05-13,FR,12.066335524217
2025-05-13,GB,15.0871096634251
2025-05-13,IE,17.2623293291689
2025-05-13,US,7.79409055543261
2025-05-14,AU,12.5303677685161
2025-05-14,CA,13.6972408064796
2025-05-14,DE,15.2935969558083
2025-05-14,FR,12.0533881858148
2025-05-14,GB,15.0710853030776
2025-05-14,IE,17.2469927526609
2025-05-14,US,7.78897493868694
2025-05-15,AU,12.5465369223025
2025-05-15,CA,13.6659342031144
2025-05-15,DE,15.2367220502825
2025-05-15,FR,12.0518587610663
2025-05-15,GB,15.0432351021392
2025-05-15,IE,17.2576440378431
2025-05-15,US,7.78923441378691
2025-05-16,AU,12.5653779505648
2025-05-16,CA,13.6464663269027
2025-05-16,DE,15.21714562669
2025-05-16,FR,12.0616886660243
2025-05-16,GB,15.0269669303864
2025-05-16,IE,17.2663186871391
2025-05-16,US,7.78627665155589
2025-05-17,AU,12.5540352844474
2025-05-17,CA,13.6079979616338
2025-05-17,DE,15.1762525173021
2025-05-17,FR,12.0364313577714
2025-05-17,GB,14.978523511276
2025-05-17,IE,17.2500739567723
2025-05-17,US,7.76773810498575
2025-05-18,AU,12.5578123728046
2025-05-18,CA,13.5886510095148
2025-05-18,DE,15.1346098869683
2025-05-18,FR,12.0486906444246
2025-05-18,GB,14.9710787208782
2025-05-18,IE,17.2381778690429
2025-05-18,US,7.76920363670792
2025-05-19,AU,12.5461035370565
2025-05-19,CA,13.5540668062457
2025-05-19,DE,15.0899471460239
2025-05-19,FR,12.0692634565267
2025-05-19,GB,14.9630031879356
2025-05-19,IE,17.21824956509
2025-05-19,US,7.7648093154137
2025-05-20,AU,12.5402821888737
2025-05-20,CA,13.5523292754305
2025-05-20,DE,15.0488504945966
2025-05-20,FR,12.0934023919366
2025-05-20,GB,14.953655225812
2025-05-20,IE,17.2305648752102
2025-05-20,US,7.76087974166825
2025-05-21,AU,12.533149170108
2025-05-21,CA,13.5662534245062
2025-05-21,DE,15.0195821185851
2025-05-21,FR,12.1066602533548
2025-05-21,GB,14.9502607799453
2025-05-21,IE,17.2347098610105
2025-05-21,US,7.75607359929373
2025-05-22,AU,12.5214264393009
2025-05-22,CA,13.5757772159058
2025-05-22,DE,15.0034233812997
2025-05-22,FR,12.1232383912745
2025-05-22,GB,14.97200720049
2025-05-22,IE,17.1938333030075
2025-05-22,US,7.75174853628189
2025-05-23,AU,12.4917747776957
2025-05-23,CA,13.5809249140328
2025-05-23,DE,14.9958943961222
2025-05-23,FR,12.1450722505962
2025-05-23,GB,14.9834645629294
2025-05-23,IE,17.1475429291845
2025-05-23,US,7.75034104114059
2025-05-24,AU,12.484506455521
2025-05-24,CA,13.6090035287326
2025-05-24,DE,15.0041850213199
2025-05-24,FR,12.1843817221608
2025-05-24,GB,15.0446106935944
2025-05-24,IE,17.1201816967781
2025-05-24,US,7.76242424408744
2025-05-25,AU,12.4687638487954
2025-05-25,CA,13.6146556897046
2025-05-25,DE,15.0043996999174
2025-05-25,FR,12.2029469224578
2025-05-25,GB,15.0731556059256
2025-05-25,IE,17.0956005277096
2025-05-25,US,7.75961795292721
2025-05-26,AU,12.4575824279194
2025-05-26,CA,13.6327207302046
2025-05-26,DE,15.0033806877708
2025-05-26,FR,12.213833720436
2025-05-26,GB,15.1148060431282
2025-05-26,IE,17.0793080075356
2025-05-26,US,7.76133423994642
2025-05-27,AU,12.4354866267983
2025-05-27,CA,13.6451290093779
2025-05-27,DE,14.9952643914102
2025-05-27,FR,12.2268645524064
2025-05-27,GB,15.160987020904
2025-05-27,IE,17.0343168032974
2025-05-27,US,7.76356853530411
2025-05-28,AU,12.4142049937577
2025-05-28,CA,13.6355519001443
2025-05-28,DE,14.9781799414782
2025-05-28,FR,12.2491771454348
2025-05-28,GB,15.203070356481
2025-05-28,IE,16.9903694357078
2025-05-28,US,7.7653099734365
2025-05-29,AU,12.4059419224546
2025-05-29,CA,13.6310232728043
2025-05-29,DE,14.9504051649849
2025-05-29,FR,12.2505540318181
2025-05-29,GB,15.2364455219597
2025-05-29,IE,16.9256968766146
2025-05-29,US,7.76673922106209
2025-05-30,AU,12.4184139733901
2025-05-30,CA,13.6257730260247
2025-05-30,DE,14.9233383711868
2025-05-30,FR,12.2459931566028
2025-05-30,GB,15.2714368055139
2025-05-30,IE,16.8811033911853
2025-05-30,US,7.77446601280025
2025-05-31,AU,12.4547576850446
2025-05-31,CA,13.6220549059335
2025-05-31,DE,14.9595293659202
2025-05-31,FR,12.2210809353245
2025-05-31,GB,15.2923553554158
2025-05-31,IE,16.8504199057502
2025-05-31,US,7.78260334976264
2025-06-01,AU,12.4906653246179
2025-06-01,CA,13.6268554162924
2025-06-01,DE,15.0032257816129
2025-06-01,FR,12.1806008114408
2025-06-01,GB,15.3170667398093
2025-06-01,IE,16.8162327891334
2025-06-01,US,7.7926098004644
2025-06-02,AU,12.5337241121283
2025-06-02,CA,13.6306759483593
2025-06-02,DE,15.0415841979372
2025-06-02,FR,12.1392706213628
2025-06-02,GB,15.3347251018769
2025-06-02,IE,16.7879537085904
2025-06-02,US,7.80467675235681
2025-06-03,AU,12.5815030809661
2025-06-03,CA,13.6209883236051
2025-06-03,DE,15.0900513311929
2025-06-03,FR,12.0999064573556
2025-06-03,GB,15.3363585356424
2025-06-03,IE,16.8036033030905
2025-06-03,US,7.81263499594729
2025-06-04,AU,12.6451062976637
2025-06-04,CA,13.6159797934225
2025-06-04,DE,15.146051115952
2025-06-04,FR,12.0651828057207
2025-06-04,GB,15.3348442011792
2025-06-04,IE,16.8396658967855
2025-06-04,US,7.82446957945211
2025-06-05,AU,12.686340899018
2025-06-05,CA,13.6048461749855
2025-06-05,DE,15.2054607617427
2025-06-05,FR,12.0419523393395
2025-06-05,GB,15.3428067466312
2025-06-05,IE,16.9194655192772
2025-06-05,US,7.8353938019336
2025-06-06,AU,12.7421388598885
2025-06-06,CA,13.5999983081539
2025-06-06,DE,15.2104530798377
2025-06-06,FR,12.0147893923164
2025-06-06,GB,15.3395939709394
2025-06-06,IE,17.0324563467503
2025-06-06,US,7.83700672213506
2025-06-07,AU,12.7943558441325
2025-06-07,CA,13.6241588788026
2025-06-07,DE,15.1667558307107
2025-06-07,FR,12.017648300524
2025-06-07,GB,15.3481471964837
2025-06-07,IE,17.1712371350904
2025-06-07,US,7.85472153522346
2025-06-08,AU,12.8479591595123
2025-06-08,CA,13.6438889334146
2025-06-08,DE,15.1154545849828
2025-06-08,FR,12.0318080612056
2025-06-08,GB,15.3521748930914
2025-06-08,IE,17.2997454128733
2025-06-08,US,7.87026097534948
2025-06-09,AU,12.9097652878944
2025-06-09,CA,13.6664763582804
2025-06-09,DE,15.0749399837504
2025-06-09,FR,12.0408183463416
2025-06-09,GB,15.3372790015101
2025-06-09,IE,17.4669406958598
2025-06-09,US,7.88504533799067
2025-06-10,AU,12.9713010642098
2025-06-10,CA,13.7025782657202
2025-06-10,DE,15.0304621230546
2025-06-10,FR,12.0483618859688
2025-06-10,GB,15.3382347123751
2025-06-10,IE,17.6041206768683
2025-06-10,US,7.90926124490703
2025-06-11,AU,13.0222604531353
2025-06-11,CA,13.7128380196493
2025-06-11,DE,14.9883482943564
2025-06-11,FR,12.0358868858833
2025-06-11,GB,15.3676403711154
2025-06-11,IE,17.7387547365393
2025-06-11,US,7.93049700348805
2025-06-12,AU,13.0712262117776
2025-06-12,CA,13.7437242869587
2025-06-12,DE,14.948348071608
2025-06-12,FR,12.0130218656161
2025-06-12,GB,15.3769803632222
2025-06-12,IE,17.8833698408109
2025-06-12,US,7.9516710369008
2025-06-13,AU,13.1035186541593
2025-06-13,CA,13.7829976586793
2025-06-13,DE,14.9827445069176
2025-06-13,FR,11.9939666800201
2025-06-13,GB,15.3929387104789
2025-06-13,IE,17.9917708124948
2025-06-13,US,7.97527751302575
2025-06-14,AU,13.0957689340645
2025-06-14,CA,13.7833677009551
2025-06-14,DE,15.0060812238807
2025-06-14,FR,11.9637935465685
2025-06-14,GB,15.3701997161242
2025-06-14,IE,17.987849719376
2025-06-14,US,7.97593262985652
2025-06-15,AU,13.1066036794042
2025-06-15,CA,13.7952934280295
2025-06-15,DE,15.0294561375528
2025-06-15,FR,11.9451189724285
2025-06-15,GB,15.3710449060444
2025-06-15,IE,18.0358100700325
2025-06-15,US,7.98776569712727
2025-06-16,AU,13.103697097399
2025-06-16,CA,13.8036910736223
2025-06-16,DE,15.0548839591661
2025-06-16,FR,11.918235344795
2025-06-16,GB,15.3824280277364
2025-06-16,IE,18.0600988268427
2025-06-16,US,7.99876561614502
2025-06-17,AU,13.1069728557436
2025-06-17,CA,13.8181626852352
2025-06-17,DE,15.0670220065584
2025-06-17,FR,11.8946611758427
2025-06-17,GB,15.3977554127604
2025-06-17,IE,18.0512305240185
2025-06-17,US,8.00713248375907
2025-06-18,AU,13.1115517609608
2025-06-18,CA,13.8645181642896
2025-06-18,DE,15.0786203738502
2025-06-18,FR,11.8864044338996
2025-06-18,GB,15.4002163628355
2025-06-18,IE,18.0096661996585
2025-06-18,US,8.01719598682675
2025-06-19,AU,13.1266546704692
2025-06-19,CA,13.8870383706273
2025-06-19,DE,15.0872409592503
2025-06-19,FR,11.886266694078
2025-06-19,GB,15.4162514629447
2025-06-19,IE,17.9687921432364
2025-06-19,US,8.02872685481681
2025-06-20,AU,13.1305436978198
2025-06-20,CA,13.8935818646957
2025-06-20,DE,15.0780267110109
2025-06-20,FR,11.8876818391509
2025-06-20,GB,15.4160467301882
2025-06-20,IE,17.9448077687685
2025-06-20,US,8.03731567164981
2025-06-21,AU,13.1578283632229
2025-06-21,CA,13.9133597721669
2025-06-21,DE,15.0643093558834
2025-06-21,FR,11.8919620633254
2025-06-21,GB,15.4378149059959
2025-06-21,IE,18.0085597275035
2025-06-21,US,8.05216606648266
2025-06-22,AU,13.1570373799813
2025-06-22,CA,13.9280744254455
2025-06-22,DE,15.0494629966791
2025-06-22,FR,11.8788815812871
2025-06-22,GB,15.4368515862424
2025-06-22,IE,18.0248191437822
2025-06-22,US,8.05657866750864
2025-06-23,AU,13.1591635191946
2025-06-23,CA,13.9359013655535
2025-06-23,DE,15.02799615199
2025-06-23,FR,11.8715945527866
2025-06-23,GB,15.4468620039387
2025-06-23,IE,18.0292958243061
2025-06-23,US,8.06302425585963
2025-06-24,AU,13.1555920073753
2025-06-24,CA,13.9413624646388
2025-06-24,DE,15.0156563942968
2025-06-24,FR,11.8687932955336
2025-06-24,GB,15.4517681551338
2025-06-24,IE,18.0626895473117
2025-06-24,US,8.06606178323642
2025-06-25,AU,13.1514916854863
2025-06-25,CA,13.9380159654498
2025-06-25,DE,15.0043361976002
2025-06-25,FR,11.8621888411387
2025-06-25,GB,15.4301247230006
2025-06-25,IE,18.1185399991181
2025-06-25,US,8.06897371318702
2025-06-26,AU,13.145944525464
2025-06-26,CA,13.934430570434
2025-06-26,DE,14.9853288671264
2025-06-26,FR,11.8543432343906
2025-06-26,GB,15.4060510445087
2025-06-26,IE,18.1508230907042
2025-06-26,US,8.07542582739259
2025-06-27,AU,13.1624715689488
2025-06-27,CA,13.934650691247
2025-06-27,DE,14.9761387252248
2025-06-27,FR,11.8369225897353
2025-06-27,GB,15.3990609549671
2025-06-27,IE,18.1874596333967
2025-06-27,US,8.08076633768827
2025-06-28,AU,13.1821660612021
2025-06-28,CA,13.9335172174291
2025-06-28,DE,14.9736895117395
2025-06-28,FR,11.8226251345154
2025-06-28,GB,15.3899029310404
2025-06-28,IE,18.2117978307729
2025-06-28,US,8.08592922282863
2025-06-29,AU,13.211615900956
2025-06-29,CA,13.9240091626164
2025-06-29,DE,14.9720103348094
2025-06-29,FR,11.8102620564713
2025-06-29,GB,15.3746329006247
2025-06-29,IE,18.2341994177393
2025-06-29,US,8.09317977340309
2025-06-30,AU,13.2642205847965
2025-06-30,CA,13.9230575690741
2025-06-30,DE,14.9749407313463
2025-06-30,FR,11.8033064592374
2025-06-30,GB,15.3594218183432
2025-06-30,IE,18.248440751341
2025-06-30,US,8.09665485454661
2025-07-01,AU,13.3085561335875
2025-07-01,CA,13.9232582638413
2025-07-01,DE,14.9858189406306
2025-07-01,FR,11.781341704382
2025-07-01,GB,15.3459542725958
2025-07-01,IE,18.2708860787539
2025-07-01,US,8.10370077802425
2025-07-02,AU,13.353530876984
2025-07-02,CA,13.9292143260652
2025-07-02,DE,15.0000937055156
2025-07-02,FR,11.7642801357432
2025-07-02,GB,15.3599926594145
2025-07-02,IE,18.2871162521232
2025-07-02,US,8.1120883390631
2025-07-03,AU,13.4127267996738
2025-07-03,CA,13.9413848128678
2025-07-03,DE,15.0182522129454
2025-07-03,FR,11.7512797071644
2025-07-03,GB,15.3676998841092
2025-07-03,IE,18.320150628674
2025-07-03,US,8.11573920811575
2025-07-04,AU,13.442219185806
2025-07-04,CA,13.9524770411112
2025-07-04,DE,15.015044705504
2025-07-04,FR,11.7494025347492
2025-07-04,GB,15.3721118713177
2025-07-04,IE,18.3374184726232
2025-07-04,US,8.11996863786482
2025-07-05,AU,13.4954452980221
2025-07-05,CA,13.9567851062536
2025-07-05,DE,15.0232504605146
2025-07-05,FR,11.7623512413357
2025-07-05,GB,15.3770272506807
2025-07-05,IE,18.3521490146625
2025-07-05,US,8.12445588798745
2025-07-06,AU,13.536793723048
2025-07-06,CA,13.9683276344127
2025-07-06,DE,15.0311319481795
2025-07-06,FR,11.7783504697592
2025-07-06,GB,15.3936382020474
2025-07-06,IE,18.3781051449602
2025-07-06,US,8.12768728300114
2025-07-07,AU,13.5560873827985
2025-07-07,CA,13.9748991043896
2025-07-07,DE,15.0365714694907
2025-07-07,FR,11.7941414779998
2025-07-07,GB,15.406025873075
2025-07-07,IE,18.4232791649046
2025-07-07,US,8.12964257662131
2025-07-08,AU,13.58279373645
2025-07-08,CA,13.9836328017878
2025-07-08,DE,15.0326278686318
2025-07-08,FR,11.8248480740171
2025-07-08,GB,15.4114721900874
2025-07-08,IE,18.4434836778735
2025-07-08,US,8.13375799231437
2025-07-09,AU,13.6006852752669
2025-07-09,CA,13.9929773034439
2025-07-09,DE,15.0208942643086
2025-07-09,FR,11.8439178438557
2025-07-09,GB,15.3972970496545
2025-07-09,IE,18.4627540430724
2025-07-09,US,8.130996211451
2025-07-10,AU,13.6072515904346
2025-07-10,CA,14.0045470185555
2025-07-10,DE,15.0149928217892
2025-07-10,FR,11.8600084548636
2025-07-10,GB,15.3940435411032
2025-07-10,IE,18.4846796736672
2025-07-10,US,8.13072826517445
2025-07-11,AU,13.6379046612896
2025-07-11,CA,14.0184787721035
2025-07-11,DE,15.0294256940023
2025-07-11,FR,11.8769070389379
2025-07-11,GB,15.3954520913646
2025-07-11,IE,18.5055456410366
2025-07-11,US,8.12806320042778
2025-07-12,AU,13.6357017480539
2025-07-12,CA,14.0377720335353
2025-07-12,DE,15.0291474775907
2025-07-12,FR,11.8749304713609
2025-07-12,GB,15.3909897591804
2025-07-12,IE,18.5398507743688
2025-07-12,US,8.12558710763676
2025-07-13,AU,13.6457605864757
2025-07-13,CA,14.0645139523185
2025-07-13,DE,15.0335561839916
2025-07-13,FR,11.8741793652323
2025-07-13,GB,15.3896320397659
2025-07-13,IE,18.5635243207159
2025-07-13,US,8.12512341374155
2025-07-14,AU,13.6437860863514
2025-07-14,CA,14.0838905220832
2025-07-14,DE,15.035604188778
2025-07-14,FR,11.8714215849367
2025-07-14,GB,15.3817123943778
2025-07-14,IE,18.5693536691728
2025-07-14,US,8.12184267793728
2025-07-15,AU,13.6127917787547
2025-07-15,CA,14.0830297836068
2025-07-15,DE,15.0385580306588
2025-07-15,FR,11.8580767813604
2025-07-15,GB,15.3810716231765
2025-07-15,IE,18.6013687082645
2025-07-15,US,8.10723015236102
2025-07-16,AU,13.5871618372551
2025-07-16,CA,14.0757514124054
2025-07-16,DE,15.0533019089678
2025-07-16,FR,11.8477279046881
2025-07-16,GB,15.3937164379056
2025-07-16,IE,18.6268388408204
2025-07-16,US,8.10131955832939
2025-07-17,AU,13.5500021851533
2025-07-17,CA,14.0700723968643
2025-07-17,DE,15.0721153123867
2025-07-17,FR,11.8250833427158
2025-07-17,GB,15.4016805958033
2025-07-17,IE,18.6496557394489
2025-07-17,US,8.09249339598206
2025-07-18,AU,13.5081495478202
2025-07-18,CA,14.0439731096225
2025-07-18,DE,15.0957970996907
2025-07-18,FR,11.8037952876124
2025-07-18,GB,15.4116152542625
2025-07-18,IE,18.6533883241057
2025-07-18,US,8.08940135075654
2025-07-19,AU,13.4475076096288
2025-07-19,CA,13.9963908828105
2025-07-19,DE,15.1150918494395
2025-07-19,FR,11.801438317703
2025-07-19,GB,15.390114179212
2025-07-19,IE,18.6294999027578
2025-07-19,US,8.07669899482215
2025-07-20,AU,13.4201829217652
2025-07-20,CA,13.9482673654773
2025-07-20,DE,15.1364627539026
2025-07-20,FR,11.8073492063327
2025-07-20,GB,15.3950885663149
2025-07-20,IE,18.6403492926288
2025-07-20,US,8.06454825653186
2025-07-21,AU,13.3897043449211
2025-07-21,CA,13.9083490020731
2025-07-21,DE,15.1576793531558
2025-07-21,FR,11.8069021767971
2025-07-21,GB,15.3970815800277
2025-07-21,IE,18.6385660126669
2025-07-21,US,8.06247916830824
2025-07-22,AU,13.3932929254306
2025-07-22,CA,13.8870051441498
2025-07-22,DE,15.1678053790379
2025-07-22,FR,11.8031367364832
2025-07-22,GB,15.393187711036
2025-07-22,IE,18.6239215972791
2025-07-22,US,8.07382564233958
2025-07-23,AU,13.380883644731
2025-07-23,CA,13.9142784378269
2025-07-23,DE,15.1782522852666
2025-07-23,FR,11.8028818557047
2025-07-23,GB,15.3970257751276
2025-07-23,IE,18.4348405635422
2025-07-23,US,8.08456958906088
2025-07-24,AU,13.3701710765308
2025-07-24,CA,13.9313613221044
2025-07-24,DE,15.1697814165375
2025-07-24,FR,11.8119856733785
2025-07-24,GB,15.3961065178983
2025-07-24,IE,18.2170086951967
2025-07-24,US,8.0980677343744
2025-07-25,AU,13.3760064962227
2025-07-25,CA,13.9721496063026
2025-07-25,DE,15.1490267107371
2025-07-25,FR,11.8141501768902
2025-07-25,GB,15.3971379917561
2025-07-25,IE,18.0199666082702
2025-07-25,US,8.10696038847066
2025-07-26,AU,13.4029478048205
2025-07-26,CA,14.0402655396786
2025-07-26,DE,15.1306713541625
2025-07-26,FR,11.7896211254386
2025-07-26,GB,15.441319824685
2025-07-26,IE,17.8203969282389
2025-07-26,US,8.12423812126512
2025-07-27,AU,13.397749377187
2025-07-27,CA,14.1075626110438
2025-07-27,DE,15.1068309106933
2025-07-27,FR,11.7534011305374
2025-07-27,GB,15.4499271433126
2025-07-27,IE,17.5959773222152
2025-07-27,US,8.13990865584133
2025-07-28,AU,13.4122021686497
2025-07-28,CA,14.1654802521412
2025-07-28,DE,15.0866489813365
2025-07-28,FR,11.7246552457546
2025-07-28,GB,15.468844602388
2025-07-28,IE,17.3978033690777
2025-07-28,US,8.15113774393259
2025-07-29,AU,13.4269734555679
2025-07-29,CA,14.2277581590669
2025-07-29,DE,15.0758628309033
2025-07-29,FR,11.7091473808789
2025-07-29,GB,15.4950715110257
2025-07-29,IE,17.1911301950477
2025-07-29,US,8.15261572510336
2025-07-30,AU,13.4543259490266
2025-07-30,CA,14.2432809304208
2025-07-30,DE,15.0697259844057
2025-07-30,FR,11.6901158171538
2025-07-30,GB,15.5073427372464
2025-07-30,IE,17.169110695654
2025-07-30,US,8.15371071667786
2025-07-31,AU,13.4872830684276
2025-07-31,CA,14.2622564203163
2025-07-31,DE,15.0847976089427
2025-07-31,FR,11.6762820326998
2025-07-31,GB,15.5373555217604
2025-07-31,IE,17.2030701610125
2025-07-31,US,8.15040806158147
2025-08-01,AU,13.4990757987364
2025-08-01,CA,14.2819596939372
2025-08-01,DE,15.1055292828417
2025-08-01,FR,11.6568078847306
2025-08-01,GB,15.5560183617473
2025-08-01,IE,17.2426884864802
2025-08-01,US,8.14888710442319
2025-08-02,AU,13.5226512768928
2025-08-02,CA,14.2938896449376
2025-08-02,DE,15.1085175603076
2025-08-02,FR,11.656325645582
2025-08-02,GB,15.5818258892824
2025-08-02,IE,17.3062014915892
2025-08-02,US,8.15428532178451
2025-08-03,AU,13.5407414320242
2025-08-03,CA,14.2956582804655
2025-08-03,DE,15.1174801599199
2025-08-03,FR,11.6584194123038
2025-08-03,GB,15.6153623487579
2025-08-03,IE,17.3595856771238
2025-08-03,US,8.15759095006391
2025-08-04,AU,13.5470837453235
2025-08-04,CA,14.3033286182352
2025-08-04,DE,15.1262659461541
2025-08-04,FR,11.6546236953514
2025-08-04,GB,15.6419155356676
2025-08-04,IE,17.4018448311012
2025-08-04,US,8.16100183597475
2025-08-05,AU,13.5377013400251
2025-08-05,CA,14.3053651163263
2025-08-05,DE,15.1249663127766
2025-08-05,FR,11.6323654537954
2025-08-05,GB,15.6582717015672
2025-08-05,IE,17.4620497863163
2025-08-05,US,8.17055075723087
2025-08-06,AU,13.539903765905
2025-08-06,CA,14.3175847878074
2025-08-06,DE,15.1155330496124
2025-08-06,FR,11.6101806233436
2025-08-06,GB,15.6717889707724
2025-08-06,IE,17.5594970753698
2025-08-06,US,8.17373899889384
2025-08-07,AU,13.5337951272191
2025-08-07,CA,14.3265990647611
2025-08-07,DE,15.0989300669193
2025-08-07,FR,11.5885650463663
2025-08-07,GB,15.6828642073057
2025-08-07,IE,17.6086079404863
2025-08-07,US,8.17775184471873
2025-08-08,AU,13.5324953589986
2025-08-08,CA,14.3302253413741
2025-08-08,DE,15.0894845456136
2025-08-08,FR,11.5638641936292
2025-08-08,GB,15.6875547324826
2025-08-08,IE,17.6082861596415
2025-08-08,US,8.18528710742616
2025-08-09,AU,13.4949566446326
2025-08-09,CA,14.3256962466164
2025-08-09,DE,15.0982875688689
2025-08-09,FR,11.5288072699707
2025-08-09,GB,15.6613729268443
2025-08-09,IE,17.5842610182977
2025-08-09,US,8.18514456599596
2025-08-10,AU,13.4763538039655
2025-08-10,CA,14.3227550327323
2025-08-10,DE,15.1026412790833
2025-08-10,FR,11.4968662589769
2025-08-10,GB,15.6495627193519
2025-08-10,IE,17.5801230036788
2025-08-10,US,8.18889632919459
2025-08-11,AU,13.4568877736349
2025-08-11,CA,14.3417792279085
2025-08-11,DE,15.1047397686502
2025-08-11,FR,11.4787699779719
2025-08-11,GB,15.6507863446232
2025-08-11,IE,17.580195796899
2025-08-11,US,8.19649831321692
2025-08-12,AU,13.4422517925515
2025-08-12,CA,14.3461540106673
2025-08-12,DE,15.1089104480249
2025-08-12,FR,11.4700622162794
2025-08-12,GB,15.6460758093411
2025-08-12,IE,17.5304879148744
2025-08-12,US,8.19447205630815
2025-08-13,AU,13.4227843799404
2025-08-13,CA,14.3451797735294
2025-08-13,DE,15.1196807219558
2025-08-13,FR,11.4711845712551
2025-08-13,GB,15.6433941162169
2025-08-13,IE,17.4502726704957
2025-08-13,US,8.19411533536349
2025-08-14,AU,13.3992417667077
2025-08-14,CA,14.3389812949503
2025-08-14,DE,15.1195342188216
2025-08-14,FR,11.4590748363241
2025-08-14,GB,15.6288248398937
2025-08-14,IE,17.3807890751894
2025-08-14,US,8.19533071749591
2025-08-15,AU,13.3785186944735
2025-08-15,CA,14.285053870153
2025-08-15,DE,15.1017639857373
2025-08-15,FR,11.4429768307165
2025-08-15,GB,15.6220064671384
2025-08-15,IE,17.3488876728569
2025-08-15,US,8.1962715016507
2025-08-16,AU,13.3690281556355
2025-08-16,CA,14.234174995462
2025-08-16,DE,15.0872007488848
2025-08-16,FR,11.4396074702386
2025-08-16,GB,15.6259082554068
2025-08-16,IE,17.3615564629987
2025-08-16,US,8.19627817489472
2025-08-17,AU,13.3581724715839
2025-08-17,CA,14.1794038630207
2025-08-17,DE,15.0673553730612
2025-08-17,FR,11.4317017402661
2025-08-17,GB,15.6127423497241
2025-08-17,IE,17.3453889321292
2025-08-17,US,8.19219532888551
2025-08-18,AU,13.3468089177842
2025-08-18,CA,14.1039043237666
2025-08-18,DE,15.0544317655574
2025-08-18,FR,11.4113885413735
2025-08-18,GB,15.5884404793441
2025-08-18,IE,17.3187287526057
2025-08-18,US,8.18245711375581
2025-08-19,AU,13.3273512616554
2025-08-19,CA,14.0545692186038
2025-08-19,DE,15.0490859231693
2025-08-19,FR,11.3981855225989
2025-08-19,GB,15.5791587833937
2025-08-19,IE,17.3268767362191
2025-08-19,US,8.18107072011937
2025-08-20,AU,13.2996295536899
2025-08-20,CA,13.9796869167807
2025-08-20,DE,15.0291492457115
2025-08-20,FR,11.375237221675
2025-08-20,GB,15.5641996644084
2025-08-20,IE,17.3318402899664
2025-08-20,US,8.18430295619339
2025-08-21,AU,13.2804686173768
2025-08-21,CA,13.901850885953
2025-08-21,DE,15.0096559717384
2025-08-21,FR,11.3651150396346
2025-08-21,GB,15.5129860600601
2025-08-21,IE,17.3201363494431
2025-08-21,US,8.18268654086153
2025-08-22,AU,13.2382794012323
2025-08-22,CA,13.871922764645
2025-08-22,DE,15.0157020510263
2025-08-22,FR,11.362075654518
2025-08-22,GB,15.4658889513898
2025-08-22,IE,17.3008772011599
2025-08-22,US,8.17486364358304
2025-08-23,AU,13.2103614431846
2025-08-23,CA,13.8435428879186
2025-08-23,DE,14.9980083272094
2025-08-23,FR,11.3476153082546
2025-08-23,GB,15.4259326364958
2025-08-23,IE,17.2424814529753
2025-08-23,US,8.1634239459258
2025-08-24,AU,13.1641909174596
2025-08-24,CA,13.8217558834794
2025-08-24,DE,14.9885400064726
2025-08-24,FR,11.3383300049675
2025-08-24,GB,15.3906250538617
2025-08-24,IE,17.2087685473266
2025-08-24,US,8.16320565183157
2025-08-25,AU,13.1161004319425
2025-08-25,CA,13.7973826404312
2025-08-25,DE,14.9600328716204
2025-08-25,FR,11.3286465546915
2025-08-25,GB,15.3615752464634
2025-08-25,IE,17.1685219304218
2025-08-25,US,8.16006205618628
2025-08-26,AU,13.0898672790328
2025-08-26,CA,13.7583239231056
2025-08-26,DE,14.9411529322484
2025-08-26,FR,11.3116217242661
2025-08-26,GB,15.3265815021827
2025-08-26,IE,17.1362527923082
2025-08-26,US,8.16156131287267
2025-08-27,AU,13.0718957481931
2025-08-27,CA,13.7575974493282
2025-08-27,DE,14.9284717895402
2025-08-27,FR,11.286785435575
2025-08-27,GB,15.2815841997748
2025-08-27,IE,17.0682862417599
2025-08-27,US,8.17153885827509
2025-08-28,AU,13.0566853925799
2025-08-28,CA,13.7704224329903
2025-08-28,DE,14.9281594946468
2025-08-28,FR,11.24951798715
2025-08-28,GB,15.2687585862881
2025-08-28,IE,17.0244531845118
2025-08-28,US,8.1876361012231
2025-08-29,AU,13.0265944974361
2025-08-29,CA,13.7570397144182
2025-08-29,DE,14.8885947955643
2025-08-29,FR,11.2065972231863
2025-08-29,GB,15.2219721374786
2025-08-29,IE,16.920828334083
2025-08-29,US,8.18753240335497
2025-08-30,AU,12.9884711460825
2025-08-30,CA,13.7563931730314
2025-08-30,DE,14.8699235955383
2025-08-30,FR,11.1645325822761
2025-08-30,GB,15.1725573367622
2025-08-30,IE,16.8316271470027
2025-08-30,US,8.19799859790302
2025-08-31,AU,12.9454266390935
2025-08-31,CA,13.7514174341082
2025-08-31,DE,14.8503241992321
2025-08-31,FR,11.1140254020373
2025-08-31,GB,15.114732348542
2025-08-31,IE,16.7361998785728
2025-08-31,US,8.19729037812031
2025-09-01,AU,12.9103944170821
2025-09-01,CA,13.7619060877748
2025-09-01,DE,14.8454471462523
2025-09-01,FR,11.0701514180632
2025-09-01,GB,15.0603968242415
2025-09-01,IE,16.6725768672924
2025-09-01,US,8.1993616660912
2025-09-02,AU,12.8656358408515
2025-09-02,CA,13.7628702305716
2025-09-02,DE,14.8164257537622
2025-09-02,FR,11.0281457998212
2025-09-02,GB,14.9941244505515
2025-09-02,IE,16.5917284133002
2025-09-02,US,8.19437249543185
2025-09-03,AU,12.7947604735095
2025-09-03,CA,13.7231290574236
2025-09-03,DE,14.7894447838692
2025-09-03,FR,11.0034674715502
2025-09-03,GB,14.9470933909056
2025-09-03,IE,16.5633389201104
2025-09-03,US,8.17693984296602
2025-09-04,AU,12.7243309410265
2025-09-04,CA,13.6820943009173
2025-09-04,DE,14.7620013410048
2025-09-04,FR,10.9895912368065
2025-09-04,GB,14.9065527732706
2025-09-04,IE,16.563407020602
2025-09-04,US,8.15536293234465
2025-09-05,AU,12.6716903706944
2025-09-05,CA,13.6627421331163
2025-09-05,DE,14.7510236672771
2025-09-05,FR,10.9879493253
2025-09-05,GB,14.8910255967682
2025-09-05,IE,16.6172001571296
2025-09-05,US,8.15287928376959
2025-09-06,AU,12.612092669098
2025-09-06,CA,13.6397002176829
2025-09-06,DE,14.7350795987159
2025-09-06,FR,10.9935384168543
2025-09-06,GB,14.8825063464272
2025-09-06,IE,16.6842527427376
2025-09-06,US,8.15137118517249
2025-09-07,AU,12.5664490150769
2025-09-07,CA,13.609557676503
2025-09-07,DE,14.7210107097575
2025-09-07,FR,11.002722536443
2025-09-07,GB,14.8742956498337
2025-09-07,IE,16.7538805155959
2025-09-07,US,8.15093421562258
2025-09-08,AU,12.5168433446438
2025-09-08,CA,13.5739661832178
2025-09-08,DE,14.7000690339263
2025-09-08,FR,11.0182805557407
2025-09-08,GB,14.8553815855407
2025-09-08,IE,16.8128580162789
2025-09-08,US,8.15587680462585
2025-09-09,AU,12.4544626218711
2025-09-09,CA,13.5509517705813
2025-09-09,DE,14.6863455746118
2025-09-09,FR,11.0368220974006
2025-09-09,GB,14.8362856782315
2025-09-09,IE,16.8652536388745
2025-09-09,US,8.16061260569354
2025-09-10,AU,12.4122637143875
2025-09-10,CA,13.5467394646881
2025-09-10,DE,14.6578187661554
2025-09-10,FR,11.0585527342123
2025-09-10,GB,14.8147479279738
2025-09-10,IE,16.8990440729922
2025-09-10,US,8.1732775147991
2025-09-11,AU,12.372283661059
2025-09-11,CA,13.6031165119295
2025-09-11,DE,14.6277071378759
2025-09-11,FR,11.0845125992323
2025-09-11,GB,14.7994803849509
2025-09-11,IE,16.8695612252961
2025-09-11,US,8.19312879888062
2025-09-12,AU,12.3476812984189
2025-09-12,CA,13.6646458242959
2025-09-12,DE,14.5971458825325
2025-09-12,FR,11.1059041573443
2025-09-12,GB,14.7873825647565
2025-09-12,IE,16.8734714271068
2025-09-12,US,8.21494031612569
2025-09-13,AU,12.3486712250959
2025-09-13,CA,13.7485712897676
2025-09-13,DE,14.5731237461924
2025-09-13,FR,11.1356663277805
2025-09-13,GB,14.7711532087457
2025-09-13,IE,16.8723793867295
2025-09-13,US,8.23435084145943
2025-09-14,AU,12.3457222784851
2025-09-14,CA,13.8252505512131
2025-09-14,DE,14.5434323428317
2025-09-14,FR,11.1630629343027
2025-09-14,GB,14.7569431771763
2025-09-14,IE,16.8752435227601
2025-09-14,US,8.25435556801722
2025-09-15,AU,12.3280202263808
2025-09-15,CA,13.8974013853859
2025-09-15,DE,14.513768754065
2025-09-15,FR,11.1785674769584
2025-09-15,GB,14.7396215556464
2025-09-15,IE,16.8638073183847
2025-09-15,US,8.26675301239178
2025-09-16,AU,12.3147127992585
2025-09-16,CA,13.9506652366616
2025-09-16,DE,14.4977606018365
2025-09-16,FR,11.1975103410305
2025-09-16,GB,14.7336690856448
2025-09-16,IE,16.87731114431
2025-09-16,US,8.28431660829665
2025-09-17,AU,12.3072160104095
2025-09-17,CA,14.0156285193983
2025-09-17,DE,14.4872922184492
2025-09-17,FR,11.2097775983053
2025-09-17,GB,14.7248574098679
2025-09-17,IE,16.8938431033847
2025-09-17,US,8.29643949497589
2025-09-18,AU,12.2859700739073
2025-09-18,CA,14.0149067937356
2025-09-18,DE,14.4792778547688
2025-09-18,FR,11.2200618465295
2025-09-18,GB,14.723279654224
2025-09-18,IE,16.976151386467
2025-09-18,US,8.30486911486977
2025-09-19,AU,12.2516898039049
2025-09-19,CA,14.0161019981436
2025-09-19,DE,14.4785738269513
2025-09-19,FR,11.2372922025457
2025-09-19,GB,14.7178685696998
2025-09-19,IE,16.989040317267
2025-09-19,US,8.30933329162515
2025-09-20,AU,12.2054773753616
2025-09-20,CA,14.0560972179047
2025-09-20,DE,14.4650150813703
2025-09-20,FR,11.2610213229366
2025-09-20,GB,14.712150662431
2025-09-20,IE,16.9845346913915
2025-09-20,US,8.31280969381277
2025-09-21,AU,12.1545714062344
2025-09-21,CA,14.1042691477848
2025-09-21,DE,14.4578158812447
2025-09-21,FR,11.2890220682438
2025-09-21,GB,14.7037890044909
2025-09-21,IE,16.9892029696509
2025-09-21,US,8.31643835020591
2025-09-22,AU,12.1179952120669
2025-09-22,CA,14.1507139757935
2025-09-22,DE,14.4440211392698
2025-09-22,FR,11.3250360907089
2025-09-22,GB,14.6988999652937
2025-09-22,IE,17.0106945164342
2025-09-22,US,8.32346127138314
2025-09-23,AU,12.0971601795376
2025-09-23,CA,14.2573817474049
2025-09-23,DE,14.4323914221483
2025-09-23,FR,11.362155942957
2025-09-23,GB,14.7066849419502
2025-09-23,IE,17.0396160214834
2025-09-23,US,8.33177150477651
2025-09-24,AU,12.0726518618888
2025-09-24,CA,14.3556720490153
2025-09-24,DE,14.4245478974925
2025-09-24,FR,11.3976862031474
2025-09-24,GB,14.7091333832541
2025-09-24,IE,17.0461683244049
2025-09-24,US,8.33322962117102
2025-09-25,AU,12.0573186751917
2025-09-25,CA,14.4677877844533
2025-09-25,DE,14.4047017680144
2025-09-25,FR,11.4360669635059
2025-09-25,GB,14.6978358131184
2025-09-25,IE,17.0100104674629
2025-09-25,US,8.33402056233362
2025-09-26,AU,12.0556570537279
2025-09-26,CA,14.5669570980796
2025-09-26,DE,14.3787083116696
2025-09-26,FR,11.4759111678652
2025-09-26,GB,14.6873814234679
2025-09-26,IE,17.0508711453489
2025-09-26,US,8.33362720643197
2025-09-27,AU,12.0454032699814
2025-09-27,CA,14.6110722842278
2025-09-27,DE,14.3729544580017
2025-09-27,FR,11.5040892680579
2025-09-27,GB,14.7003696417468
2025-09-27,IE,17.0823313028616
2025-09-27,US,8.33344447604019
2025-09-28,AU,12.0388477554093
2025-09-28,CA,14.6554253239936
2025-09-28,DE,14.3666632888278
2025-09-28,FR,11.542651279729
2025-09-28,GB,14.7422031746778
2025-09-28,IE,17.1148786149926
2025-09-28,US,8.33338866384443
2025-09-29,AU,12.03213155676
2025-09-29,CA,14.6989629417041
2025-09-29,DE,14.3604690342921
2025-09-29,FR,11.5787070651007
2025-09-29,GB,14.780492866294
2025-09-29,IE,17.1295524586224
2025-09-29,US,8.33235826465255
2025-09-30,AU,12.0197738834384
2025-09-30,CA,14.7033837312665
2025-09-30,DE,14.3447572189726
2025-09-30,FR,11.5869147049553
2025-09-30,GB,14.822964086212
2025-09-30,IE,17.1530530082439
2025-09-30,US,8.32474374771626
2025-10-01,AU,12.0244845870004
2025-10-01,CA,14.7111747410168
2025-10-01,DE,14.3392309687245
2025-10-01,FR,11.5738053372753
2025-10-01,GB,14.8831857889463
2025-10-01,IE,17.2036913799191
2025-10-01,US,8.32221544622515
2025-10-02,AU,12.0327967535549
2025-10-02,CA,14.703440324394
2025-10-02,DE,14.3488592119699
2025-10-02,FR,11.5643431763037
2025-10-02,GB,14.9505548253623
2025-10-02,IE,17.2459358608916
2025-10-02,US,8.3204456155384
2025-10-03,AU,12.0492878854555
2025-10-03,CA,14.7178123533746
2025-10-03,DE,14.3623691402305
2025-10-03,FR,11.5584911601691
2025-10-03,GB,15.0321479390029
2025-10-03,IE,17.261805812228
2025-10-03,US,8.32107830731964
2025-10-04,AU,12.0724187197319
2025-10-04,CA,14.7135253030522
2025-10-04,DE,14.3776979364801
2025-10-04,FR,11.5495972428323
2025-10-04,GB,15.0840827249217
2025-10-04,IE,17.2672888590156
2025-10-04,US,8.31355312528322
2025-10-05,AU,12.1002912115085
2025-10-05,CA,14.7134314931194
2025-10-05,DE,14.3874334583268
2025-10-05,FR,11.5365020645258
2025-10-05,GB,15.1207163257959
2025-10-05,IE,17.2678588441757
2025-10-05,US,8.30613680920698
2025-10-06,AU,12.1306871847031
2025-10-06,CA,14.7185654862824
2025-10-06,DE,14.4062770903552
2025-10-06,FR,11.5263454982413
2025-10-06,GB,15.1691566575375
2025-10-06,IE,17.2887168629472
2025-10-06,US,8.29923620134716
2025-10-07,AU,12.1620998774226
2025-10-07,CA,14.7145976753998
2025-10-07,DE,14.4260979359464
2025-10-07,FR,11.5470214833983
2025-10-07,GB,15.2056599571092
2025-10-07,IE,17.2803549813739
2025-10-07,US,8.29992965796691
2025-10-08,AU,12.1806488032633
2025-10-08,CA,14.6360825682639
2025-10-08,DE,14.4377012558112
2025-10-08,FR,11.6030335335284
2025-10-08,GB,15.2224134119944
2025-10-08,IE,17.2586131567501
2025-10-08,US,8.30523740176276
2025-10-09,AU,12.1927126307675
2025-10-09,CA,14.5671288760792
2025-10-09,DE,14.4435567258186
2025-10-09,FR,11.6512118965436
2025-10-09,GB,15.1817351742092
2025-10-09,IE,17.256252583699
2025-10-09,US,8.30918309799828
2025-10-10,AU,12.1816113628298
2025-10-10,CA,14.4930763501778
2025-10-10,DE,14.4548930323245
2025-10-10,FR,11.6463297988661
2025-10-10,GB,15.1441841235932
2025-10-10,IE,17.2957987240371
2025-10-10,US,8.31896439426729
2025-10-11,AU,12.1695504017303
2025-10-11,CA,14.4291569889019
2025-10-11,DE,14.4527011614892
2025-10-11,FR,11.6503368725578
2025-10-11,GB,15.123149511442
2025-10-11,IE,17.340403953196
2025-10-11,US,8.33151266655767
2025-10-12,AU,12.1503716842769
2025-10-12,CA,14.3647639137812
2025-10-12,DE,14.4556871136989
2025-10-12,FR,11.6533475860752
2025-10-12,GB,15.0860806685313
2025-10-12,IE,17.3859712442103
2025-10-12,US,8.3437801763216
2025-10-13,AU,12.1448666974793
2025-10-13,CA,14.3095102467938
2025-10-13,DE,14.4583881624911
2025-10-13,FR,11.6576833985989
2025-10-13,GB,15.0593449273171
2025-10-13,IE,17.4256353684305
2025-10-13,US,8.35922963550334
2025-10-14,AU,12.1491444863156
2025-10-14,CA,14.2758414883449
2025-10-14,DE,14.4623423307904
2025-10-14,FR,11.6627626379155
2025-10-14,GB,15.0378797018167
2025-10-14,IE,17.4595942872386
2025-10-14,US,8.36552211533226
2025-10-15,AU,12.1519447811943
2025-10-15,CA,14.2988876890882
2025-10-15,DE,14.4550855255572
2025-10-15,FR,11.6576493140164
2025-10-15,GB,15.020106308259
2025-10-15,IE,17.4889726505408
2025-10-15,US,8.37084867019679
2025-10-16,AU,12.1604968912337
2025-10-16,CA,14.3262268050026
2025-10-16,DE,14.448713237405
2025-10-16,FR,11.6462799013799
2025-10-16,GB,15.0598627736629
2025-10-16,IE,17.5398176925608
2025-10-16,US,8.3701842660366
2025-10-17,AU,12.1884501453991
2025-10-17,CA,14.3410313318789
2025-10-17,DE,14.4279950929601
2025-10-17,FR,11.6997306802997
2025-10-17,GB,15.0904994662961
2025-10-17,IE,17.5428852846717
2025-10-17,US,8.35807285713776
2025-10-18,AU,12.1977362485904
2025-10-18,CA,14.3652787752437
2025-10-18,DE,14.4049292287299
2025-10-18,FR,11.741466851501
2025-10-18,GB,15.0958585811924
2025-10-18,IE,17.520379564047
2025-10-18,US,8.3418399059354
2025-10-19,AU,12.2226580587727
2025-10-19,CA,14.3928112550503
2025-10-19,DE,14.3859367101514
2025-10-19,FR,11.7874995433636
2025-10-19,GB,15.1284022436069
2025-10-19,IE,17.5202719960325
2025-10-19,US,8.33373836231035
2025-10-20,AU,12.2433953816761
2025-10-20,CA,14.4056828016216
2025-10-20,DE,14.3685535958682
2025-10-20,FR,11.8257576604043
2025-10-20,GB,15.1452844408818
2025-10-20,IE,17.5113852721097
2025-10-20,US,8.32423459151216
2025-10-21,AU,12.2448905042177
2025-10-21,CA,14.3935230529756
2025-10-21,DE,14.3558478666793
2025-10-21,FR,11.85762401577
2025-10-21,GB,15.1677895271004
2025-10-21,IE,17.5535611445196
2025-10-21,US,8.31594066015259
2025-10-22,AU,12.238509609709
2025-10-22,CA,14.3978342176547
2025-10-22,DE,14.355582681414
2025-10-22,FR,11.8856890091734
2025-10-22,GB,15.1856553135738
2025-10-22,IE,17.5974238204785
2025-10-22,US,8.30808776256135
2025-10-23,AU,12.2312620969746
2025-10-23,CA,14.4013268517296
2025-10-23,DE,14.3611226712383
2025-10-23,FR,11.9177402984383
2025-10-23,GB,15.202419271677
2025-10-23,IE,17.6211602943454
2025-10-23,US,8.30281849542499
2025-10-24,AU,12.2241464575306
2025-10-24,CA,14.4101559237894
2025-10-24,DE,14.3712817665726
2025-10-24,FR,11.9338961117335
2025-10-24,GB,15.2218079951344
2025-10-24,IE,17.6479292408752
2025-10-24,US,8.30188368683713
2025-10-25,AU,12.2380391735348
2025-10-25,CA,14.4026376454163
2025-10-25,DE,14.3868524605432
2025-10-25,FR,11.9498177695751
2025-10-25,GB,15.2491826584481
2025-10-25,IE,17.7008136147092
2025-10-25,US,8.31500992598461
2025-10-26,AU,12.2411746614304
2025-10-26,CA,14.3977153547051
2025-10-26,DE,14.3932546268219
2025-10-26,FR,11.9566566229575
2025-10-26,GB,15.2676945749511
2025-10-26,IE,17.738953464492
2025-10-26,US,8.32873979057019
2025-10-27,AU,12.2413214994109
2025-10-27,CA,14.4002723866198
2025-10-27,DE,14.4072244969566
2025-10-27,FR,11.9652858715888
2025-10-27,GB,15.2850069625069
2025-10-27,IE,17.7737195969863
2025-10-27,US,8.34260817299728
2025-10-28,AU,12.2583529522704
2025-10-28,CA,14.4104564402039
2025-10-28,DE,14.4155964603035
2025-10-28,FR,11.9792088404977
2025-10-28,GB,15.2828141992876
2025-10-28,IE,17.7692974276339
2025-10-28,US,8.35789974907141
2025-10-29,AU,12.2864986394442
2025-10-29,CA,14.4290683389512
2025-10-29,DE,14.4187155001292
2025-10-29,FR,11.9989382995099
2025-10-29,GB,15.2977583968115
2025-10-29,IE,17.7579161098424
2025-10-29,US,8.36678455481325
2025-10-30,AU,12.3288132367294
2025-10-30,CA,14.4440328475649
2025-10-30,DE,14.4102502018174
2025-10-30,FR,12.010569600374
2025-10-30,GB,15.3205771526378
2025-10-30,IE,17.7611258420074
2025-10-30,US,8.37609240700303
2025-10-31,AU,12.3626259770915
2025-10-31,CA,14.4608913088909
2025-10-31,DE,14.4177302312493
2025-10-31,FR,12.0228312070961
2025-10-31,GB,15.3387554013172
2025-10-31,IE,17.751759902624
2025-10-31,US,8.38138193151668
2025-11-01,AU,12.3884243077282
2025-11-01,CA,14.4901321726344
2025-11-01,DE,14.423643119403
2025-11-01,FR,12.0280531074216
2025-11-01,GB,15.3710108287526
2025-11-01,IE,17.7813086518942
2025-11-01,US,8.37827466662099
2025-11-02,AU,12.4250168142182
2025-11-02,CA,14.5187223792543
2025-11-02,DE,14.4413998970928
2025-11-02,FR,12.0301754390929
2025-11-02,GB,15.3983289806424
2025-11-02,IE,17.7768134152448
2025-11-02,US,8.37505704251102
2025-11-03,AU,12.4608198629777
2025-11-03,CA,14.5408409997037
2025-11-03,DE,14.4582823423592
2025-11-03,FR,12.0314864324135
2025-11-03,GB,15.4325337236269
2025-11-03,IE,17.7809270535061
2025-11-03,US,8.37053779952524
2025-11-04,AU,12.4811190974567
2025-11-04,CA,14.5522009511452
2025-11-04,DE,14.4702146524978
2025-11-04,FR,12.0241850006863
2025-11-04,GB,15.4654556388769
2025-11-04,IE,17.761050245774
2025-11-04,US,8.36354868860458
2025-11-05,AU,12.5165879347517
2025-11-05,CA,14.5658435661778
2025-11-05,DE,14.4784038904785
2025-11-05,FR,12.0030757983698
2025-11-05,GB,15.4957911292158
2025-11-05,IE,17.7563370829398
2025-11-05,US,8.35847299006309
2025-11-06,AU,12.5405436316263
2025-11-06,CA,14.5804392298615
2025-11-06,DE,14.4946168347879
2025-11-06,FR,11.9963916361346
2025-11-06,GB,15.5285562138562
2025-11-06,IE,17.7288661538168
2025-11-06,US,8.35605070252603
2025-11-07,AU,12.5542729794283
2025-11-07,CA,14.5764636300255
2025-11-07,DE,14.5028365429035
2025-11-07,FR,11.9738713167028
2025-11-07,GB,15.5522913758903
2025-11-07,IE,17.7327342405271
2025-11-07,US,8.36050544839519
2025-11-08,AU,12.5617785572709
2025-11-08,CA,14.5737616253942
2025-11-08,DE,14.5118457589143
2025-11-08,FR,11.964901481169
2025-11-08,GB,15.5678017711699
2025-11-08,IE,17.6866583027681
2025-11-08,US,8.36804278198442
2025-11-09,AU,12.5636063204692
2025-11-09,CA,14.5605968398435
2025-11-09,DE,14.5098987286122
2025-11-09,FR,11.9659851755941
2025-11-09,GB,15.5791041216562
2025-11-09,IE,17.6855826448062
2025-11-09,US,8.3679214093386
2025-11-10,AU,12.5600214588489
2025-11-10,CA,14.5509312413586
2025-11-10,DE,14.5016050314338
2025-11-10,FR,11.9593095560437
2025-11-10,GB,15.5664051099786
2025-11-10,IE,17.6931832364772
2025-11-10,US,8.36568883912817
2025-11-11,AU,12.563256683365
2025-11-11,CA,14.5536850558558
2025-11-11,DE,14.4898272134233
2025-11-11,FR,11.9608998870456
2025-11-11,GB,15.5753377630479
2025-11-11,IE,17.7303684775954
2025-11-11,US,8.36964766310045
2025-11-12,AU,12.5544696713774
2025-11-12,CA,14.5290295835898
2025-11-12,DE,14.4921468847268
2025-11-12,FR,11.9673167071086
2025-11-12,GB,15.5847085747418
2025-11-12,IE,17.7844387171709
2025-11-12,US,8.37340054887399
2025-11-13,AU,12.5411835316726
2025-11-13,CA,14.4837096135393
2025-11-13,DE,14.4810232200296
2025-11-13,FR,11.9595161070828
2025-11-13,GB,15.582315817935
2025-11-13,IE,17.8506117141179
2025-11-13,US,8.37727824988204
2025-11-14,AU,12.5554587724514
2025-11-14,CA,14.4481291847247
2025-11-14,DE,14.4693624328525
2025-11-14,FR,11.966873091345
2025-11-14,GB,15.5918354629322
2025-11-14,IE,17.8822344828246
2025-11-14,US,8.37703451447348
2025-11-15,AU,12.5998959316769
2025-11-15,CA,14.4254741365528
2025-11-15,DE,14.4700441872281
2025-11-15,FR,11.9790110786951
2025-11-15,GB,15.6298671458847
2025-11-15,IE,17.9875895212913
2025-11-15,US,8.38523841557903
2025-11-16,AU,12.6319877649164
2025-11-16,CA,14.407138060269
2025-11-16,DE,14.4708746483791
2025-11-16,FR,11.9846562032691
2025-11-16,GB,15.6514707956595
2025-11-16,IE,18.0420306421474
2025-11-16,US,8.38681401435003
2025-11-17,AU,12.6702136771692
2025-11-17,CA,14.3949169629482
2025-11-17,DE,14.4799906035214
2025-11-17,FR,11.9943897215395
2025-11-17,GB,15.682987954864
2025-11-17,IE,18.1083658761714
2025-11-17,US,8.38951235273565
2025-11-18,AU,12.7117455899878
2025-11-18,CA,14.299457559199
2025-11-18,DE,14.5050878881669
2025-11-18,FR,11.9955358510518
2025-11-18,GB,15.7051051144713
2025-11-18,IE,18.1505364219286
2025-11-18,US,8.38885299462902
2025-11-19,AU,12.7547483457017
2025-11-19,CA,14.2233491792944
2025-11-19,DE,14.5244338858072
2025-11-19,FR,12.0149927703036
2025-11-19,GB,15.727685058029
2025-11-19,IE,18.1685086221016
2025-11-19,US,8.39101097497248
2025-11-20,AU,12.7931020771457
2025-11-20,CA,14.1695734681726
2025-11-20,DE,14.5504248820605
2025-11-20,FR,12.0421290247362
2025-11-20,GB,15.7483498485159
2025-11-20,IE,18.1896643586148
2025-11-20,US,8.39790448842918
2025-11-21,AU,12.8231737708549
2025-11-21,CA,14.1274593542317
2025-11-21,DE,14.5704203834253
2025-11-21,FR,12.0588921201661
2025-11-21,GB,15.7783227711379
2025-11-21,IE,18.2670198062056
2025-11-21,US,8.4085041795513
2025-11-22,AU,12.8371914423374
2025-11-22,CA,14.067824383121
2025-11-22,DE,14.5878913808784
2025-11-22,FR,12.0838846476822
2025-11-22,GB,15.8010413198063
2025-11-22,IE,18.3288271474351
2025-11-22,US,8.41712941968978
2025-11-23,AU,12.8587313730869
2025-11-23,CA,14.001035459221
2025-11-23,DE,14.5914297247334
2025-11-23,FR,12.1073753789428
2025-11-23,GB,15.821089529157
2025-11-23,IE,18.3854631082972
2025-11-23,US,8.4264098319625
2025-11-24,AU,12.8830491618929
2025-11-24,CA,13.9396191046641
2025-11-24,DE,14.5873109821448
2025-11-24,FR,12.133666106192
2025-11-24,GB,15.8478654033762
2025-11-24,IE,18.4383417513588
2025-11-24,US,8.43557990233405
2025-11-25,AU,12.9060808059134
2025-11-25,CA,13.961310288083
2025-11-25,DE,14.5810553319649
2025-11-25,FR,12.1496778600507
2025-11-25,GB,15.8806436307383
2025-11-25,IE,18.4973085229744
2025-11-25,US,8.4446893195897
2025-11-26,AU,12.9244418450133
2025-11-26,CA,13.9874402991688
2025-11-26,DE,14.5908370783019
2025-11-26,FR,12.171729455514
2025-11-26,GB,15.9085852033963
2025-11-26,IE,18.5746857448152
2025-11-26,US,8.45516626429429
2025-11-27,AU,12.9585824272518
2025-11-27,CA,14.0087989485641
2025-11-27,DE,14.6132843140374
2025-11-27,FR,12.1983484679732
2025-11-27,GB,15.9498188412268
2025-11-27,IE,18.6574611013086
2025-11-27,US,8.4618806764201
2025-11-28,AU,12.9902188800691
2025-11-28,CA,14.0270668559465
2025-11-28,DE,14.6310409807118
2025-11-28,FR,12.2302433066785
2025-11-28,GB,15.976140435039
2025-11-28,IE,18.6899970024892
2025-11-28,US,8.46757372142027
2025-11-29,AU,13.0351622639554
2025-11-29,CA,14.0428478967626
2025-11-29,DE,14.6486535704784
2025-11-29,FR,12.2483166558942
2025-11-29,GB,16.0040859907029
2025-11-29,IE,18.7231857155644
2025-11-29,US,8.46672393483041
2025-11-30,AU,13.0726380133724
2025-11-30,CA,14.0563169829035
2025-11-30,DE,14.675086140632
2025-11-30,FR,12.2688261783765
2025-11-30,GB,16.0366420951026
2025-11-30,IE,18.7524516864463
2025-11-30,US,8.46326113924799
2025-12-01,AU,13.1253659169346
2025-12-01,CA,14.0689318379471
2025-12-01,DE,14.7071058245288
2025-12-01,FR,12.2725299324528
2025-12-01,GB,16.0832785139487
2025-12-01,IE,18.755461726547
2025-12-01,US,8.46510062027398
2025-12-02,AU,13.1842232961984
2025-12-02,CA,14.0848983780385
2025-12-02,DE,14.7325260410334
2025-12-02,FR,12.2938599694639
2025-12-02,GB,16.1211434842342
2025-12-02,IE,18.766664395542
2025-12-02,US,8.46091117919893
2025-12-03,AU,13.2711091460769
2025-12-03,CA,14.0911652467004
2025-12-03,DE,14.7362554249328
2025-12-03,FR,12.2865535900414
2025-12-03,GB,16.2004431942538
2025-12-03,IE,18.830656947512
2025-12-03,US,8.45729207699678
2025-12-04,AU,13.3426531771693
2025-12-04,CA,14.1006326428188
2025-12-04,DE,14.7251352731084
2025-12-04,FR,12.2836497580912
2025-12-04,GB,16.2653301083416
2025-12-04,IE,18.8886569003714
2025-12-04,US,8.45773337018494
2025-12-05,AU,13.3847735388569
2025-12-05,CA,14.1141888007059
2025-12-05,DE,14.7263690702135
2025-12-05,FR,12.2903702463927
2025-12-05,GB,16.327999280183
2025-12-05,IE,18.9466443811361
2025-12-05,US,8.45820337407485
2025-12-06,AU,13.4168194831797
2025-12-06,CA,14.1315975240715
2025-12-06,DE,14.7167188246681
2025-12-06,FR,12.2943945531369
2025-12-06,GB,16.3997656853011
2025-12-06,IE,18.9601625727828
2025-12-06,US,8.46630449400493
2025-12-07,AU,13.4487623933705
2025-12-07,CA,14.1484950541722
2025-12-07,DE,14.7138269330955
2025-12-07,FR,12.2945091408959
2025-12-07,GB,16.4682831526972
2025-12-07,IE,18.9648036354791
2025-12-07,US,8.47602423532214
2025-12-08,AU,13.4602044362472
2025-12-08,CA,14.1597770400683
2025-12-08,DE,14.7057039939913
2025-12-08,FR,12.3144585477779
2025-12-08,GB,16.5167791175508
2025-12-08,IE,19.0011423916308
2025-12-08,US,8.48096649338973
2025-12-09,AU,13.4678966902428
2025-12-09,CA,14.1665217897865
2025-12-09,DE,14.6978735290683
2025-12-09,FR,12.3305802126087
2025-12-09,GB,16.5650443054165
2025-12-09,IE,19.0295500709654
2025-12-09,US,8.49035232363575
2025-12-10,AU,13.4349408246376
2025-12-10,CA,14.1820530381419
2025-12-10,DE,14.7085129601338
2025-12-10,FR,12.3333206852105
2025-12-10,GB,16.5850980781814
2025-12-10,IE,19.0039893309588
2025-12-10,US,8.49989353011434
2025-12-11,AU,13.4169788649414
2025-12-11,CA,14.2221842621666
2025-12-11,DE,14.7120500453788
2025-12-11,FR,12.3216205553182
2025-12-11,GB,16.6241096265279
2025-12-11,IE,18.965031181668
2025-12-11,US,8.50632278640308
2025-12-12,AU,13.4195209870423
2025-12-12,CA,14.2562976355657
2025-12-12,DE,14.7198972745972
2025-12-12,FR,12.3012843292143
2025-12-12,GB,16.6667239866124
2025-12-12,IE,18.9568773676392
2025-12-12,US,8.51638761043075
2025-12-13,AU,13.4210922603795
2025-12-13,CA,14.2861134988915
2025-12-13,DE,14.7309606061257
2025-12-13,FR,12.2666766625968
2025-12-13,GB,16.6993530157603
2025-12-13,IE,18.9891613319421
2025-12-13,US,8.51556766249641
2025-12-14,AU,13.4211514700784
2025-12-14,CA,14.3216065056027
2025-12-14,DE,14.7368065411561
2025-12-14,FR,12.2375055236032
2025-12-14,GB,16.7303794944268
2025-12-14,IE,19.0350491234603
2025-12-14,US,8.51654679047742
2025-12-15,AU,13.4274567730006
2025-12-15,CA,14.3557464564105
2025-12-15,DE,14.7372172434276
2025-12-15,FR,12.2103120922332
2025-12-15,GB,16.775530523923
2025-12-15,IE,19.0477268312234
2025-12-15,US,8.52025365712187
2025-12-16,AU,13.4192963693153
2025-12-16,CA,14.3877781265994
2025-12-16,DE,14.7466019759554
2025-12-16,FR,12.1817911003047
2025-12-16,GB,16.847667365172
2025-12-16,IE,19.0761571099429
2025-12-16,US,8.52405168663498
2025-12-17,AU,13.4279881529674
2025-12-17,CA,14.4128040896257
2025-12-17,DE,14.7467380284611
2025-12-17,FR,12.1779320525961
2025-12-17,GB,16.9086205902775
2025-12-17,IE,19.10796181353
2025-12-17,US,8.51634227110717
2025-12-18,AU,13.4378403312038
2025-12-18,CA,14.4100257449904
2025-12-18,DE,14.7458824158774
2025-12-18,FR,12.1733424820217
2025-12-18,GB,16.9506811619056
2025-12-18,IE,19.1206675809075
2025-12-18,US,8.50622992140296
2025-12-19,AU,13.4557436902871
2025-12-19,CA,14.4170926280577
2025-12-19,DE,14.74575815054
2025-12-19,FR,12.1763297069172
2025-12-19,GB,17.0138713550133
2025-12-19,IE,19.138872421406
2025-12-19,US,8.49654588372752
2025-12-20,AU,13.4955079724139
2025-12-20,CA,14.4409922556359
2025-12-20,DE,14.7561091980214
2025-12-20,FR,12.2023418554451
2025-12-20,GB,17.0873047870151
2025-12-20,IE,19.1745905936276
2025-12-20,US,8.49496205757794
2025-12-21,AU,13.5417728291591
2025-12-21,CA,14.4677114058135
2025-12-21,DE,14.7682397201168
2025-12-21,FR,12.2226364753237
2025-12-21,GB,17.1758275233675
2025-12-21,IE,19.2213732543501
2025-12-21,US,8.49320889039262
2025-12-22,AU,13.5754120907597
2025-12-22,CA,14.4947608280364
2025-12-22,DE,14.7986991303495
2025-12-22,FR,12.2424236855851
2025-12-22,GB,17.2599999674343
2025-12-22,IE,19.2942005240259
2025-12-22,US,8.4878960299445
2025-12-23,AU,13.6299872726805
2025-12-23,CA,14.5237671109937
2025-12-23,DE,14.8097135767541
2025-12-23,FR,12.2574501778314
2025-12-23,GB,17.3399573945772
2025-12-23,IE,19.3715026748027
2025-12-23,US,8.48410403832758
2025-12-24,AU,13.6807339375406
2025-12-24,CA,14.559704819941
2025-12-24,DE,14.824121800425
2025-12-24,FR,12.2708349087836
2025-12-24,GB,17.4291059820766
2025-12-24,IE,19.4357736662337
2025-12-24,US,8.49398716885344
2025-12-25,AU,13.7247710994945
2025-12-25,CA,14.5987976896472
2025-12-25,DE,14.8499657989621
2025-12-25,FR,12.2955141001752
2025-12-25,GB,17.5274796040295
2025-12-25,IE,19.5483046875446
2025-12-25,US,8.50074551850808
2025-12-26,AU,13.7664611236735
2025-12-26,CA,14.6360738025173
2025-12-26,DE,14.8663612425637
2025-12-26,FR,12.3159398642951
2025-12-26,GB,17.6102002239861
2025-12-26,IE,19.6377186558295
2025-12-26,US,8.50393804123579
2025-12-27,AU,13.7965976628588
2025-12-27,CA,14.6667529517167
2025-12-27,DE,14.8800103016186
2025-12-27,FR,12.3324289418813
2025-12-27,GB,17.69386351804
2025-12-27,IE,19.7202876633073
2025-12-27,US,8.50462970796865
2025-12-28,AU,13.8185167223503
2025-12-28,CA,14.6996256157411
2025-12-28,DE,14.8875013252357
2025-12-28,FR,12.3516458194622
2025-12-28,GB,17.7741266581897
2025-12-28,IE,19.7892900571543
2025-12-28,US,8.50276554664271
2025-12-29,AU,13.8470206641637
2025-12-29,CA,14.7222582704566
2025-12-29,DE,14.8947270859276
2025-12-29,FR,12.3692214822575
2025-12-29,GB,17.850719121739
2025-12-29,IE,19.8382560241999
2025-12-29,US,8.50518518057549
2025-12-30,AU,13.8577742321326
2025-12-30,CA,14.7425985380417
2025-12-30,DE,14.9123474102872
2025-12-30,FR,12.389894476367
2025-12-30,GB,17.9053550883201
2025-12-30,IE,19.8602915904163
2025-12-30,US,8.50613506113644
2025-12-31,AU,13.8655434258927
2025-12-31,CA,14.7569918832381
2025-12-31,DE,14.9199102489045
2025-12-31,FR,12.4125666790945
2025-12-31,GB,17.9425202463809
2025-12-31,IE,19.8521992492993
2025-12-31,US,8.49888310198808
2026-01-01,AU,13.8776456701465
2026-01-01,CA,14.7629519287136
2026-01-01,DE,14.9480006320019
2026-01-01,FR,12.4135424973485
2026-01-01,GB,17.9758288310797
2026-01-01,IE,19.831923283376
2026-01-01,US,8.49103811615181
2026-01-02,AU,13.8877874395615
2026-01-02,CA,14.7672558644369
2026-01-02,DE,14.9638573481336
2026-01-02,FR,12.4144494206665
2026-01-02,GB,18.0073864280567
2026-01-02,IE,19.8164459243827
2026-01-02,US,8.4823966547032
2026-01-03,AU,13.8950120490624
2026-01-03,CA,14.7549286706793
2026-01-03,DE,14.9743371841153
2026-01-03,FR,12.4093670115586
2026-01-03,GB,18.0134684580756
2026-01-03,IE,19.760153127578
2026-01-03,US,8.47053839723448
2026-01-04,AU,13.902295918458
2026-01-04,CA,14.7347956567233
2026-01-04,DE,14.9879431546002
2026-01-04,FR,12.3995695856614
2026-01-04,GB,18.001864575858
2026-01-04,IE,19.7034385812526
2026-01-04,US,8.4613366882018
2026-01-05,AU,13.8948998698654
2026-01-05,CA,14.7252021881932
2026-01-05,DE,14.9933249199443
2026-01-05,FR,12.3844359006718
2026-01-05,GB,17.9878519292932
2026-01-05,IE,19.6374500871556
2026-01-05,US,8.4500789181138
2026-01-06,AU,13.8804971675897
2026-01-06,CA,14.7141109326749
2026-01-06,DE,15.0012228030729
2026-01-06,FR,12.3624965044761
2026-01-06,GB,17.9492851733223
2026-01-06,IE,19.5657125608628
2026-01-06,US,8.44154414141343
2026-01-07,AU,13.872883687851
2026-01-07,CA,14.7202952993106
2026-01-07,DE,14.9977746827341
2026-01-07,FR,12.3337950669908
2026-01-07,GB,17.901929480028
2026-01-07,IE,19.5102683999684
2026-01-07,US,8.43740831569237
2026-01-08,AU,13.8545176288799
2026-01-08,CA,14.7437974167958
2026-01-08,DE,14.9667850257422
2026-01-08,FR,12.3240485031436
2026-01-08,GB,17.844915291816
2026-01-08,IE,19.4076054882908
2026-01-08,US,8.44451182460878
2026-01-09,AU,13.7893741799913
2026-01-09,CA,14.7662975905129
2026-01-09,DE,14.9621003268094
2026-01-09,FR,12.3098466399049
2026-01-09,GB,17.7224210314846
2026-01-09,IE,19.2120601477511
2026-01-09,US,8.4567257160321
2026-01-10,AU,13.6881144965216
2026-01-10,CA,14.8043299602666
2026-01-10,DE,14.9737669442378
2026-01-10,FR,12.29325211623
2026-01-10,GB,17.6027665446879
2026-01-10,IE,19.0057412951777
2026-01-10,US,8.47813488891433
2026-01-11,AU,13.5871226127752
2026-01-11,CA,14.8390527619741
2026-01-11,DE,14.9912546793606
2026-01-11,FR,12.2748572503475
2026-01-11,GB,17.4851760549576
2026-01-11,IE,18.779634694451
2026-01-11,US,8.49716983211919
2026-01-12,AU,13.5031630768956
2026-01-12,CA,14.8528895660976
2026-01-12,DE,14.979102024101
2026-01-12,FR,12.2530127802069
2026-01-12,GB,17.3675837232429
2026-01-12,IE,18.5832362765402
2026-01-12,US,8.51643196770131
2026-01-13,AU,13.4427527806645
2026-01-13,CA,14.8666175731614
2026-01-13,DE,14.9578095918017
2026-01-13,FR,12.2384011899319
2026-01-13,GB,17.2634726382528
2026-01-13,IE,18.3797157429138
2026-01-13,US,8.53650094994813
2026-01-14,AU,13.3806163189339
2026-01-14,CA,14.8715750405717
2026-01-14,DE,14.9748578100285
2026-01-14,FR,12.2225435855543
2026-01-14,GB,17.1735662215888
2026-01-14,IE,18.1568996693594
2026-01-14,US,8.56143217828966
2026-01-15,AU,13.3171262081383
2026-01-15,CA,14.8754817429818
2026-01-15,DE,14.9938439270716
2026-01-15,FR,12.2074957252936
2026-01-15,GB,17.0967562455004
2026-01-15,IE,17.9812257212517
2026-01-15,US,8.58206309550637
2026-01-16,AU,13.3005440417814
2026-01-16,CA,14.874437944138
2026-01-16,DE,15.0500914475089
2026-01-16,FR,12.1908601682319
2026-01-16,GB,17.0829723583174
2026-01-16,IE,17.880505323524
2026-01-16,US,8.59727807189206
2026-01-17,AU,13.3162728567833
2026-01-17,CA,14.8671797816096
2026-01-17,DE,15.0426999377209
2026-01-17,FR,12.1781912227502
2026-01-17,GB,17.0757231898835
2026-01-17,IE,17.8174585092432
2026-01-17,US,8.61422305778592
2026-01-18,AU,13.3161623023678
2026-01-18,CA,14.8604900342103
2026-01-18,DE,15.0304905406853
2026-01-18,FR,12.1658055736296
2026-01-18,GB,17.0669286243241
2026-01-18,IE,17.7647418724333
2026-01-18,US,8.63318282112254
2026-01-19,AU,13.3096254751792
2026-01-19,CA,14.8798848493694
2026-01-19,DE,15.0510003937964
2026-01-19,FR,12.1593400767675
2026-01-19,GB,17.0592551985364
2026-01-19,IE,17.6905814155662
2026-01-19,US,8.64918908232418
2026-01-20,AU,13.3122933964832
2026-01-20,CA,14.8894229262544
2026-01-20,DE,15.0800237492694
2026-01-20,FR,12.1489717386165
2026-01-20,GB,17.0614655609978
2026-01-20,IE,17.6423784210769
2026-01-20,US,8.66134627375455
2026-01-21,AU,13.3019851955222
2026-01-21,CA,14.8860523066226
2026-01-21,DE,15.0872003352871
2026-01-21,FR,12.1389915010143
2026-01-21,GB,17.0602165260165
2026-01-21,IE,17.6278893405463
2026-01-21,US,8.66734591760348
2026-01-22,AU,13.303143470488
2026-01-22,CA,14.8718180129169
2026-01-22,DE,15.0964518182118
2026-01-22,FR,12.109994774336
2026-01-22,GB,17.0546840326355
2026-01-22,IE,17.6070375464255
2026-01-22,US,8.67269026639203
2026-01-23,AU,13.3092828707683
2026-01-23,CA,14.8594103108176
2026-01-23,DE,15.0554042669651
2026-01-23,FR,12.0743794320481
2026-01-23,GB,17.0494047364
2026-01-23,IE,17.6010793985739
2026-01-23,US,8.68988265296037
2026-01-24,AU,13.3210230166836
2026-01-24,CA,14.8565972550533
2026-01-24,DE,15.0651786521215
2026-01-24,FR,12.0451955549575
2026-01-24,GB,17.0322558699356
2026-01-24,IE,17.5752856638609
2026-01-24,US,8.70304273528514
2026-01-25,AU,13.3507979143978
2026-01-25,CA,14.8541771177116
2026-01-25,DE,15.0815751142866
2026-01-25,FR,12.0214756343494
2026-01-25,GB,17.0175155651549
2026-01-25,IE,17.5629440314091
2026-01-25,US,8.7151730904802
2026-01-26,AU,13.3917651579533
2026-01-26,CA,14.845816269949
2026-01-26,DE,15.1027758010246
2026-01-26,FR,12.0054076295376
2026-01-26,GB,17.0082867713645
2026-01-26,IE,17.5556993424701
2026-01-26,US,8.725854151408
2026-01-27,AU,13.4188267163054
2026-01-27,CA,14.8405780076821
2026-01-27,DE,15.1182019966538
2026-01-27,FR,11.9916349226781
2026-01-27,GB,16.9868146619784
2026-01-27,IE,17.5338687693608
2026-01-27,US,8.74172515420357
2026-01-28,AU,13.4489124753999
2026-01-28,CA,14.8462344478086
2026-01-28,DE,15.1299245396454
2026-01-28,FR,11.9915903918696
2026-01-28,GB,16.9638958114012
2026-01-28,IE,17.5056660902137
2026-01-28,US,8.75986650943837
2026-01-29,AU,13.4845465150504
2026-01-29,CA,14.8437500383677
2026-01-29,DE,15.1433010092029
2026-01-29,FR,12.0029799031572
2026-01-29,GB,16.9364719525513
2026-01-29,IE,17.4712607815531
2026-01-29,US,8.78009512718486
2026-01-30,AU,13.5136129371459
2026-01-30,CA,14.8254276109788
2026-01-30,DE,15.1479247693629
2026-01-30,FR,12.0259379162456
2026-01-30,GB,16.9077560648135
2026-01-30,IE,17.4542448137537
2026-01-30,US,8.79037181163263
2026-01-31,AU,13.5291290922995
2026-01-31,CA,14.8016389881603
2026-01-31,DE,15.1637071881716
2026-01-31,FR,12.0433459281284
2026-01-31,GB,16.881448452304
2026-01-31,IE,17.4439157161448
2026-01-31,US,8.79836420032397
2026-02-01,AU,13.5528374798733
2026-02-01,CA,14.7734481225644
2026-02-01,DE,15.1618697899987
2026-02-01,FR,12.0576566733671
2026-02-01,GB,16.8573202988527
2026-02-01,IE,17.4383278038906
2026-02-01,US,8.80547681614557
2026-02-02,AU,13.5714379702655
2026-02-02,CA,14.7418737337289
2026-02-02,DE,15.149841752674
2026-02-02,FR,12.0725226564349
2026-02-02,GB,16.8225998364958
2026-02-02,IE,17.4245696232194
2026-02-02,US,8.81613382094793
2026-02-03,AU,13.5823908478635
2026-02-03,CA,14.7145067993322
2026-02-03,DE,15.1531477700068
2026-02-03,FR,12.0781007521369
2026-02-03,GB,16.7950568416683
2026-02-03,IE,17.4482733259468
2026-02-03,US,8.82486180615231
2026-02-04,AU,13.5920577167417
2026-02-04,CA,14.6916479944926
2026-02-04,DE,15.1849131731579
2026-02-04,FR,12.0582580981243
2026-02-04,GB,16.7745287747461
2026-02-04,IE,17.4617438967974
2026-02-04,US,8.82941066512578
2026-02-05,AU,13.594988651616
2026-02-05,CA,14.6830691220079
2026-02-05,DE,15.2342130038157
2026-02-05,FR,12.057837245102
2026-02-05,GB,16.7631987140712
2026-02-05,IE,17.4761240768576
2026-02-05,US,8.83171219653067
2026-02-06,AU,13.5957634943451
2026-02-06,CA,14.681994948881
2026-02-06,DE,15.2750884737683
2026-02-06,FR,12.0598343016787
2026-02-06,GB,16.7476998245005
2026-02-06,IE,17.470979688838
2026-02-06,US,8.83643758942184
2026-02-07,AU,13.6033119882932
2026-02-07,CA,14.674590998814
2026-02-07,DE,15.3032625857511
2026-02-07,FR,12.0649927514032
2026-02-07,GB,16.7404869211142
2026-02-07,IE,17.4805849111635
2026-02-07,US,8.84327478604399
2026-02-08,AU,13.6070225458069
2026-02-08,CA,14.6663697015468
2026-02-08,DE,15.346237956854
2026-02-08,FR,12.0752776561802
2026-02-08,GB,16.726077580603
2026-02-08,IE,17.4807350948531
2026-02-08,US,8.85125035643522
2026-02-09,AU,13.6111985958341
2026-02-09,CA,14.6606241448717
2026-02-09,DE,15.3842472973053
2026-02-09,FR,12.0819526186725
2026-02-09,GB,16.716096772113
2026-02-09,IE,17.4911165326473
2026-02-09,US,8.85845536679655
2026-02-10,AU,13.608442821172
2026-02-10,CA,14.6489670625399
2026-02-10,DE,15.3618903339221
2026-02-10,FR,12.0995550052018
2026-02-10,GB,16.7121832988262
2026-02-10,IE,17.4792426007531
2026-02-10,US,8.86625265485959
2026-02-11,AU,13.6105105813191
2026-02-11,CA,14.630156411158
2026-02-11,DE,15.2978337324547
2026-02-11,FR,12.1328427217397
2026-02-11,GB,16.6995436582564
2026-02-11,IE,17.4530102575496
2026-02-11,US,8.87389987800604
2026-02-12,AU,13.6084065566326
2026-02-12,CA,14.6051306578414
2026-02-12,DE,15.2139790055922
2026-02-12,FR,12.1452312411782
2026-02-12,GB,16.6766511751685
2026-02-12,IE,17.4229517565135
2026-02-12,US,8.88305322186633
2026-02-13,AU,13.5951379638405
2026-02-13,CA,14.5894794820337
2026-02-13,DE,15.1546603765648
2026-02-13,FR,12.1464333511881
2026-02-13,GB,16.6633257720466
2026-02-13,IE,17.3993880618753
2026-02-13,US,8.89057796151223
2026-02-14,AU,13.5717516606794
2026-02-14,CA,14.5778050365601
2026-02-14,DE,15.0947858536674
2026-02-14,FR,12.1493959761899
2026-02-14,GB,16.643569174356
2026-02-14,IE,17.3765520450671
2026-02-14,US,8.90295421720626
2026-02-15,AU,13.5367664446324
2026-02-15,CA,14.5669432949871
2026-02-15,DE,15.0402118139757
2026-02-15,FR,12.1434266854744
2026-02-15,GB,16.6307845604975
2026-02-15,IE,17.3420507122959
2026-02-15,US,8.9153391020116
2026-02-16,AU,13.5020028070041
2026-02-16,CA,14.5547435586848
2026-02-16,DE,14.9828706999721
2026-02-16,FR,12.1377688779374
2026-02-16,GB,16.6185082140935
2026-02-16,IE,17.2979175854531
2026-02-16,US,8.9271046497572
2026-02-17,AU,13.4786504732112
2026-02-17,CA,14.5559856987387
2026-02-17,DE,14.9821818273204
2026-02-17,FR,12.1305563557687
2026-02-17,GB,16.6138513849899
2026-02-17,IE,17.2764769793609
2026-02-17,US,8.93813408395127
2026-02-18,AU,13.4651706475671
2026-02-18,CA,14.5622932652289
2026-02-18,DE,15.011618648443
2026-02-18,FR,12.1229742076971
2026-02-18,GB,16.6298217787138
2026-02-18,IE,17.2566036147672
2026-02-18,US,8.95414812089144
2026-02-19,AU,13.4527265168265
2026-02-19,CA,14.5670035427996
2026-02-19,DE,15.0397633292849
2026-02-19,FR,12.1256475682404
2026-02-19,GB,16.6487069701455
2026-02-19,IE,17.2449223408922
2026-02-19,US,8.96813051400001
2026-02-20,AU,13.462817326624
2026-02-20,CA,14.585204353984
2026-02-20,DE,15.0698702640454
2026-02-20,FR,12.1412578212744
2026-02-20,GB,16.6707565913304
2026-02-20,IE,17.223207014207
2026-02-20,US,8.9830513903043
2026-02-21,AU,13.4767758019104
2026-02-21,CA,14.6109524878403
2026-02-21,DE,15.0836694361666
2026-02-21,FR,12.1510657783767
2026-02-21,GB,16.7026762141441
2026-02-21,IE,17.2033413144892
2026-02-21,US,8.99606717129466
2026-02-22,AU,13.5028757270461
2026-02-22,CA,14.6447298978227
2026-02-22,DE,15.0945731056789
2026-02-22,FR,12.1652145337473
2026-02-22,GB,16.7411850036768
2026-02-22,IE,17.1928834863812
2026-02-22,US,9.00771613633674
2026-02-23,AU,13.5312791423328
2026-02-23,CA,14.6782840849709
2026-02-23,DE,15.0848355236269
2026-02-23,FR,12.1771714450331
2026-02-23,GB,16.7724037608843
2026-02-23,IE,17.2022657955357
2026-02-23,US,9.02243054967794
2026-02-24,AU,13.5623235690129
2026-02-24,CA,14.6993217221289
2026-02-24,DE,15.0525090269309
2026-02-24,FR,12.1787369868309
2026-02-24,GB,16.7933818263597
2026-02-24,IE,17.1745449356873
2026-02-24,US,9.03745936351512
2026-02-25,AU,13.5795258936184
2026-02-25,CA,14.7254503827038
2026-02-25,DE,15.0093154957261
2026-02-25,FR,12.1899974407572
2026-02-25,GB,16.8179633447115
2026-02-25,IE,17.1695166588855
2026-02-25,US,9.04779405478346
2026-02-26,AU,13.581721516453
2026-02-26,CA,14.7409752249292
2026-02-26,DE,14.963408698229
2026-02-26,FR,12.1941148426938
2026-02-26,GB,16.7977670126362
2026-02-26,IE,17.1352194255404
2026-02-26,US,9.05472897446772
2026-02-27,AU,13.5694817531883
2026-02-27,CA,14.7540876460379
2026-02-27,DE,14.9093505294837
2026-02-27,FR,12.19134284588
2026-02-27,GB,16.7795412875095
2026-02-27,IE,17.0708083780507
2026-02-27,US,9.05996815353891
2026-02-28,AU,13.5530818935296
2026-02-28,CA,14.7521454479759
2026-02-28,DE,14.8730812168603
2026-02-28,FR,12.1869741225838
2026-02-28,GB,16.7659355980007
2026-02-28,IE,16.984898742232
2026-02-28,US,9.05830335079565
2026-03-01,AU,13.5361676981072
2026-03-01,CA,14.7355375890125
2026-03-01,DE,14.8349381326087
2026-03-01,FR,12.178394252959
2026-03-01,GB,16.7435092931514
2026-03-01,IE,16.9127507085069
2026-03-01,US,9.05614286652749
2026-03-02,AU,13.5137049209121
2026-03-02,CA,14.7356475274818
2026-03-02,DE,14.824361009121
2026-03-02,FR,12.1727767936108
2026-03-02,GB,16.726868229757
2026-03-02,IE,16.8361083112012
2026-03-02,US,9.05428617291282
2026-03-03,AU,13.4889315698773
2026-03-03,CA,14.7411378997235
2026-03-03,DE,14.8277282896282
2026-03-03,FR,12.1742274425783
2026-03-03,GB,16.7085796802582
2026-03-03,IE,16.7765609748569
2026-03-03,US,9.05192560756766
2026-03-04,AU,13.4690192314187
2026-03-04,CA,14.7313551241751
2026-03-04,DE,14.833233352123
2026-03-04,FR,12.171514539366
2026-03-04,GB,16.6604192964991
2026-03-04,IE,16.7406410559795
2026-03-04,US,9.05042973971062
2026-03-05,AU,13.4638028594139
2026-03-05,CA,14.7320571827208
2026-03-05,DE,14.844184856048
2026-03-05,FR,12.1748456559977
2026-03-05,GB,16.6358033340825
2026-03-05,IE,16.7157852871398
2026-03-05,US,9.05008834463647
2026-03-06,AU,13.4712253236511
2026-03-06,CA,14.7141865258709
2026-03-06,DE,14.8533584680582
2026-03-06,FR,12.1815633010113
2026-03-06,GB,16.5961528072058
2026-03-06,IE,16.7152259317552
2026-03-06,US,9.04797086003495
2026-03-07,AU,13.4898704140239
2026-03-07,CA,14.7042347182533
2026-03-07,DE,14.8630492635838
2026-03-07,FR,12.1826595379614
2026-03-07,GB,16.5445036819185
2026-03-07,IE,16.7273562139929
2026-03-07,US,9.05327446731557
2026-03-08,AU,13.5117345648886
2026-03-08,CA,14.6986825500748
2026-03-08,DE,14.8586244875035
2026-03-08,FR,12.1914792089331
2026-03-08,GB,16.4975450582077
2026-03-08,IE,16.729710919898
2026-03-08,US,9.05773563078513
2026-03-09,AU,13.5211331251458
2026-03-09,CA,14.6878063097296
2026-03-09,DE,14.8623114852494
2026-03-09,FR,12.2089116079608
2026-03-09,GB,16.453478909942
2026-03-09,IE,16.7181516209256
2026-03-09,US,9.0637848005869
2026-03-10,AU,13.5316494148158
2026-03-10,CA,14.6706313545383
2026-03-10,DE,14.8705269145315
2026-03-10,FR,12.230208158268
2026-03-10,GB,16.4057758494882
2026-03-10,IE,16.7294295330567
2026-03-10,US,9.07096434778123
2026-03-11,AU,13.5752075615849
2026-03-11,CA,14.6728640154605
2026-03-11,DE,14.8778588222788
2026-03-11,FR,12.2427156372904
2026-03-11,GB,16.3878119195962
2026-03-11,IE,16.7298706230433
2026-03-11,US,9.06546380933315
2026-03-12,AU,13.5920469970916
2026-03-12,CA,14.6583692627255
2026-03-12,DE,14.8871500366463
2026-03-12,FR,12.2668381737723
2026-03-12,GB,16.3675330263231
2026-03-12,IE,16.7339788016731
2026-03-12,US,9.06600572559399
2026-03-13,AU,13.6019469038776
2026-03-13,CA,14.6705258389618
2026-03-13,DE,14.8794940297016
2026-03-13,FR,12.3128880757658
2026-03-13,GB,16.3617091120881
2026-03-13,IE,16.7485348169181
2026-03-13,US,9.06777653420048
2026-03-14,AU,13.6175381222044
2026-03-14,CA,14.6861062872727
2026-03-14,DE,14.8771226663603
2026-03-14,FR,12.3740191324941
2026-03-14,GB,16.3707984728165
2026-03-14,IE,16.7803601287283
2026-03-14,US,9.06084429005949
2026-03-15,AU,13.6229768964952
2026-03-15,CA,14.6713500975164
2026-03-15,DE,14.8811444482678
2026-03-15,FR,12.4336123658876
2026-03-15,GB,16.3791695059781
2026-03-15,IE,16.8275472035899
2026-03-15,US,9.05724260013402
2026-03-16,AU,13.6459662894015
2026-03-16,CA,14.6482915887897
2026-03-16,DE,14.8715502510328
2026-03-16,FR,12.4808329230389
2026-03-16,GB,16.3949374234122
2026-03-16,IE,16.9301039252498
2026-03-16,US,9.05297941441926
2026-03-17,AU,13.6774813468212
2026-03-17,CA,14.6500802386143
2026-03-17,DE,14.8753457977211
2026-03-17,FR,12.5391350278563
2026-03-17,GB,16.4338943840605
2026-03-17,IE,17.017824831991
2026-03-17,US,9.04959745807439
2026-03-18,AU,13.6801837066747
2026-03-18,CA,14.616619816505
2026-03-18,DE,14.8558797561699
2026-03-18,FR,12.6083981872977
2026-03-18,GB,16.455739203168
2026-03-18,IE,17.1341711357295
2026-03-18,US,9.04559482109839
2026-03-19,AU,13.7089454804884
2026-03-19,CA,14.6137261424224
2026-03-19,DE,14.8438847352495
2026-03-19,FR,12.6774303522793
2026-03-19,GB,16.5114851415095
2026-03-19,IE,17.2570327877458
2026-03-19,US,9.03603014948923
2026-03-20,AU,13.7320765189198
2026-03-20,CA,14.5842261291665
2026-03-20,DE,14.8424980405604
2026-03-20,FR,12.7226143397232
2026-03-20,GB,16.5472838570447
2026-03-20,IE,17.3339903534879
2026-03-20,US,9.02637430939951
2026-03-21,AU,13.7514906264644
2026-03-21,CA,14.5567036561696
2026-03-21,DE,14.8300898273701
2026-03-21,FR,12.7636663784711
2026-03-21,GB,16.5826276482594
2026-03-21,IE,17.4214715516802
2026-03-21,US,9.02244763273652
2026-03-22,AU,13.7801543516382
2026-03-22,CA,14.5660200209066
2026-03-22,DE,14.8275716840551
2026-03-22,FR,12.8080717908068
2026-03-22,GB,16.6192942287791
2026-03-22,IE,17.5071428255557
2026-03-22,US,9.01583681280785
2026-03-23,AU,13.7976052347458
2026-03-23,CA,14.5828594810257
2026-03-23,DE,14.8233408839996
2026-03-23,FR,12.8524767981066
2026-03-23,GB,16.6469230626331
2026-03-23,IE,17.5511433338691
2026-03-23,US,9.0148398701439
2026-03-24,AU,13.8109603243629
2026-03-24,CA,14.58707090911
2026-03-24,DE,14.79874397548
2026-03-24,FR,12.8824781242785
2026-03-24,GB,16.6668212409605
2026-03-24,IE,17.5671323039234
2026-03-24,US,9.00623546562795
2026-03-25,AU,13.8326392981661
2026-03-25,CA,14.6207470952846
2026-03-25,DE,14.7982623596108
2026-03-25,FR,12.9082199070596
2026-03-25,GB,16.6973801222708
2026-03-25,IE,17.5470670643886
2026-03-25,US,9.01805368547519
2026-03-26,AU,13.8464674330282
2026-03-26,CA,14.6298765048494
2026-03-26,DE,14.7808541259189
2026-03-26,FR,12.9094445565726
2026-03-26,GB,16.7155868023201
2026-03-26,IE,17.5544196664094
2026-03-26,US,9.02395657925191
2026-03-27,AU,13.8658732441301
2026-03-27,CA,14.641622960505
2026-03-27,DE,14.7704820191043
2026-03-27,FR,12.9070547276394
2026-03-27,GB,16.7418849482492
2026-03-27,IE,17.588750206611
2026-03-27,US,9.01117121375441
2026-03-28,AU,13.8910432099313
2026-03-28,CA,14.6430757200915
2026-03-28,DE,14.7697336921533
2026-03-28,FR,12.9074063589403
2026-03-28,GB,16.76040916272
2026-03-28,IE,17.6200231232899
2026-03-28,US,8.98930809040074
2026-03-29,AU,13.9109199135275
2026-03-29,CA,14.6453560815284
2026-03-29,DE,14.7669991590106
2026-03-29,FR,12.9030189056262
2026-03-29,GB,16.7728619214696
2026-03-29,IE,17.646990406041
2026-03-29,US,8.968921778873
2026-03-30,AU,13.9368031392081
2026-03-30,CA,14.6376097409238
2026-03-30,DE,14.7648388683219
2026-03-30,FR,12.8963119373109
2026-03-30,GB,16.7877385597
2026-03-30,IE,17.674047185754
2026-03-30,US,8.94142333067671
2026-03-31,AU,13.9622482222041
2026-03-31,CA,14.6161036079048
2026-03-31,DE,14.7720547493386
2026-03-31,FR,12.8925975017509
2026-03-31,GB,16.8103814916828
2026-03-31,IE,17.6907670884643
2026-03-31,US,8.91310976150385
2026-04-01,AU,13.9928467749653
2026-04-01,CA,14.5703622035352
2026-04-01,DE,14.78185395791
2026-04-01,FR,12.8710303402258
2026-04-01,GB,16.8384353719525
2026-04-01,IE,17.704237624155
2026-04-01,US,8.84753319425755
2026-04-02,AU,14.0221011835528
2026-04-02,CA,14.5453491526114
2026-04-02,DE,14.8023910192913
2026-04-02,FR,12.8697196143701
2026-04-02,GB,16.8568148974001
2026-04-02,IE,17.6977202640194
2026-04-02,US,8.78273867976562
2026-04-03,AU,14.0616139431453
2026-04-03,CA,14.5231831764863
2026-04-03,DE,14.8304818550087
2026-04-03,FR,12.8725113628524
2026-04-03,GB,16.8860938935843
2026-04-03,IE,17.7117657666802
2026-04-03,US,8.73291076783633
2026-04-04,AU,14.0873608561103
2026-04-04,CA,14.5025049860672
2026-04-04,DE,14.8517194237154
2026-04-04,FR,12.8693145566484
2026-04-04,GB,16.9165455878938
2026-04-04,IE,17.7035096519486
2026-04-04,US,8.68916896832519
2026-04-05,AU,14.1120824025275
2026-04-05,CA,14.4820422757396
2026-04-05,DE,14.859100224315
2026-04-05,FR,12.8668522912258
2026-04-05,GB,16.9562029729353
2026-04-05,IE,17.6824447696224
2026-04-05,US,8.64502138316608
2026-04-06,AU,14.1439279906173
2026-04-06,CA,14.4587981870683
2026-04-06,DE,14.8805529848879
2026-04-06,FR,12.853650782573
2026-04-06,GB,16.9791511196169
2026-04-06,IE,17.6482459659088
2026-04-06,US,8.61557647796018
2026-04-07,AU,14.1745435707344
2026-04-07,CA,14.4311062256762
2026-04-07,DE,14.8900737980906
2026-04-07,FR,12.8538828101993
2026-04-07,GB,17.001950009642
2026-04-07,IE,17.6961712883673
2026-04-07,US,8.59048739572468
2026-04-08,AU,14.1883729546394
2026-04-08,CA,14.4097335535611
2026-04-08,DE,14.8924558023486
2026-04-08,FR,12.8740914028697
2026-04-08,GB,16.994999226197
2026-04-08,IE,17.745937091331
2026-04-08,US,8.5954551290081
2026-04-09,AU,14.2150293695665
2026-04-09,CA,14.3823288440313
2026-04-09,DE,14.8942499418004
2026-04-09,FR,12.8798480458424
2026-04-09,GB,16.9884926023337
2026-04-09,IE,17.7888386250767
2026-04-09,US,8.59096536452253
2026-04-10,AU,14.2314131677418
2026-04-10,CA,14.3546979070962
2026-04-10,DE,14.8837044355536
2026-04-10,FR,12.8946223001692
2026-04-10,GB,16.9711125696709
2026-04-10,IE,17.8312809125721
2026-04-10,US,8.60830046456783
2026-04-11,AU,14.2441811670813
2026-04-11,CA,14.316736309526
2026-04-11,DE,14.8724397203901
2026-04-11,FR,12.8944924307536
2026-04-11,GB,16.9414842272986
2026-04-11,IE,17.8601747694982
2026-04-11,US,8.62656017859356
2026-04-12,AU,14.2652487343922
2026-04-12,CA,14.2889690451334
2026-04-12,DE,14.8686532933026
2026-04-12,FR,12.8888336857307
2026-04-12,GB,16.9058278209688
2026-04-12,IE,17.9144585506101
2026-04-12,US,8.64185979683171
2026-04-13,AU,14.2845868738388
2026-04-13,CA,14.262377343756
2026-04-13,DE,14.8580543608206
2026-04-13,FR,12.8892954195967
2026-04-13,GB,16.884153839255
2026-04-13,IE,17.9739122795082
2026-04-13,US,8.63774624060103
2026-04-14,AU,14.2856899055426
2026-04-14,CA,14.2437986101591
2026-04-14,DE,14.8438005765809
2026-04-14,FR,12.8738080223353
2026-04-14,GB,16.8417227639658
2026-04-14,IE,18.0564978298148
2026-04-14,US,8.62886242998438
2026-04-15,AU,14.2884908727428
2026-04-15,CA,14.2277933599986
2026-04-15,DE,14.8300136966632
2026-04-15,FR,12.8653840573052
2026-04-15,GB,16.8201278772846
2026-04-15,IE,18.1518044756058
2026-04-15,US,8.62585549408188
2026-04-16,AU,14.2691505656696
2026-04-16,CA,14.1980078551117
2026-04-16,DE,14.8167836777478
2026-04-16,FR,12.846845458711
2026-04-16,GB,16.8124065886836
2026-04-16,IE,18.2963691709598
2026-04-16,US,8.62060268619671
2026-04-17,AU,14.2677740789048
2026-04-17,CA,14.1738919527678
2026-04-17,DE,14.7997425217875
2026-04-17,FR,12.8108041567061
2026-04-17,GB,16.8083417281009
2026-04-17,IE,18.4108066949584
2026-04-17,US,8.61143410090239
2026-04-18,AU,14.2707237003637
2026-04-18,CA,14.145123336952
2026-04-18,DE,14.8056429770507
2026-04-18,FR,12.7864036926129
2026-04-18,GB,16.799002327485
2026-04-18,IE,18.5284006766881
2026-04-18,US,8.60370316163226
2026-04-19,AU,14.2795612846237
2026-04-19,CA,14.1131592772345
2026-04-19,DE,14.8095188688708
2026-04-19,FR,12.7608605139014
2026-04-19,GB,16.7980059607984
2026-04-19,IE,18.6324560021345
2026-04-19,US,8.59726533007279
2026-04-20,AU,14.2801938291335
2026-04-20,CA,14.0682119036933
2026-04-20,DE,14.799046736123
2026-04-20,FR,12.7459818140382
2026-04-20,GB,16.8081000996755
2026-04-20,IE,18.7554229742675
2026-04-20,US,8.59496234472943
2026-04-21,AU,14.299205720652
2026-04-21,CA,14.0420469813493
2026-04-21,DE,14.7992168968295
2026-04-21,FR,12.7233289992239
2026-04-21,GB,16.8302437252528
2026-04-21,IE,18.7928060920463
2026-04-21,US,8.60393657687944
2026-04-22,AU,14.3291423118006
2026-04-22,CA,14.0421914503929
2026-04-22,DE,14.8020939243266
2026-04-22,FR,12.6929054291141
2026-04-22,GB,16.8772737683035
2026-04-22,IE,18.921386386645
2026-04-22,US,8.61792502077319
2026-04-23,AU,14.3589560462503
2026-04-23,CA,14.0170405514354
2026-04-23,DE,14.7867564185098
2026-04-23,FR,12.6667919171858
2026-04-23,GB,16.8847278168976
2026-04-23,IE,18.9120576222945
2026-04-23,US,8.61316723562216
2026-04-24,AU,14.3529930244927
2026-04-24,CA,14.0050180396871
2026-04-24,DE,14.7843612563176
2026-04-24,FR,12.6455692566872
2026-04-24,GB,16.8966841973901
2026-04-24,IE,18.9187212259066
2026-04-24,US,8.60026050956352
2026-04-25,AU,14.3422713960675
2026-04-25,CA,14.0114981949613
2026-04-25,DE,14.7488956303623
2026-04-25,FR,12.63376104058
2026-04-25,GB,16.9142732374183
2026-04-25,IE,18.8966598867613
2026-04-25,US,8.58468686419492
2026-04-26,AU,14.3222492198215
2026-04-26,CA,14.0135218451108
2026-04-26,DE,14.7216743884036
2026-04-26,FR,12.6282570401592
2026-04-26,GB,16.9309685719745
2026-04-26,IE,18.8717821154743
2026-04-26,US,8.56954451080518
2026-04-27,AU,14.3061329474623
2026-04-27,CA,14.026106017474
2026-04-27,DE,14.6970168554975
2026-04-27,FR,12.6274817374971
2026-04-27,GB,16.9191876961703
2026-04-27,IE,18.8533545904363
2026-04-27,US,8.55219985754594
2026-04-28,AU,14.3018142726323
2026-04-28,CA,14.0393738580867
2026-04-28,DE,14.6815857700565
2026-04-28,FR,12.6059166156818
2026-04-28,GB,16.9161411468195
2026-04-28,IE,18.8791140394652
2026-04-28,US,8.53207303698862
2026-04-29,AU,14.278217738301
2026-04-29,CA,14.0311444362294
2026-04-29,DE,14.660652758229
2026-04-29,FR,12.575292352155
2026-04-29,GB,16.8806185941007
2026-04-29,IE,18.7543153467924
2026-04-29,US,8.50348878949597
2026-04-30,AU,14.2542425384673
2026-04-30,CA,14.0821333236643
2026-04-30,DE,14.6673874081696
2026-04-30,FR,12.5644738127651
2026-04-30,GB,16.9113784353956
2026-04-30,IE,18.791063847654
2026-04-30,US,8.52540010725124
2026-05-01,AU,14.2409385377628
2026-05-01,CA,14.1099775618869
2026-05-01,DE,14.6926179496252
2026-05-01,FR,12.5570834853434
2026-05-01,GB,16.9351227328709
2026-05-01,IE,18.8235445721642
2026-05-01,US,8.53877805249014
2026-05-02,AU,14.2490107154128
2026-05-02,CA,14.1387151820437
2026-05-02,DE,14.7208045181322
2026-05-02,FR,12.5643890544447
2026-05-02,GB,16.9629615817611
2026-05-02,IE,18.9041025048376
2026-05-02,US,8.5528193764891
2026-05-03,AU,14.2484097693535
2026-05-03,CA,14.1691563935446
2026-05-03,DE,14.7492965034728
2026-05-03,FR,12.5654747977566
2026-05-03,GB,16.9787972931126
2026-05-03,IE,18.9684758122107
2026-05-03,US,8.57207824430917
2026-05-04,AU,14.2322194849709
2026-05-04,CA,14.1926334319636
2026-05-04,DE,14.791088570259
2026-05-04,FR,12.5643098023232
2026-05-04,GB,17.0154736099369
2026-05-04,IE,19.0043177509679
2026-05-04,US,8.5955314656588
2026-05-05,AU,14.2039874288457
2026-05-05,CA,14.193683460023
2026-05-05,DE,14.8145941842968
2026-05-05,FR,12.5686313277076
2026-05-05,GB,17.0295786201471
2026-05-05,IE,19.0536626085674
2026-05-05,US,8.62150930770437
2026-05-06,AU,14.1463258620749
2026-05-06,CA,14.1947185768601
2026-05-06,DE,14.8526672224502
2026-05-06,FR,12.5736734057663
2026-05-06,GB,17.0269197904856
2026-05-06,IE,18.9922955684105
2026-05-06,US,8.6370299996456
2026-05-07,AU,14.1045472428711
2026-05-07,CA,14.1733136542184
2026-05-07,DE,14.8778951399611
2026-05-07,FR,12.5814181073102
2026-05-07,GB,16.9904260280853
2026-05-07,IE,18.8639781969035
2026-05-07,US,8.64366600424794
2026-05-08,AU,14.0717972759254
2026-05-08,CA,14.1632107360542
2026-05-08,DE,14.8764895024261
2026-05-08,FR,12.582768895391
2026-05-08,GB,16.951774065109
2026-05-08,IE,18.747560209734
2026-05-08,US,8.6450090486157
2026-05-09,AU,14.0426067787729
2026-05-09,CA,14.1511456345574
2026-05-09,DE,14.8839805556612
2026-05-09,FR,12.5682157774325
2026-05-09,GB,16.9200448382022
2026-05-09,IE,18.6255900917486
2026-05-09,US,8.64982933130978
2026-05-10,AU,14.0197605825319
2026-05-10,CA,14.1421359657968
2026-05-10,DE,14.8920346663991
2026-05-10,FR,12.5599130425538
2026-05-10,GB,16.8974672935498
2026-05-10,IE,18.512958864786
2026-05-10,US,8.65212980413996
2026-05-11,AU,14.0082664400016
2026-05-11,CA,14.1469296895452
2026-05-11,DE,14.899643880125
2026-05-11,FR,12.5466522768971
2026-05-11,GB,16.8590613619388
2026-05-11,IE,18.4047018357478
2026-05-11,US,8.65549881075809
2026-05-12,AU,13.9969403974676
2026-05-12,CA,14.157546326432
2026-05-12,DE,14.9049511781576
2026-05-12,FR,12.5408274062032
2026-05-12,GB,16.8300990526652
2026-05-12,IE,18.2414507650241
2026-05-12,US,8.65373273391442
2026-05-13,AU,14.0093628890697
2026-05-13,CA,14.1844326464169
2026-05-13,DE,14.8902545248214
2026-05-13,FR,12.5368602825563
2026-05-13,GB,16.8166446267752
2026-05-13,IE,18.2242870800104
2026-05-13,US,8.66738699973736
2026-05-14,AU,14.0150544259164
2026-05-14,CA,14.2027527718396
2026-05-14,DE,14.8789168649078
2026-05-14,FR,12.555879232484
2026-05-14,GB,16.821198398918
2026-05-14,IE,18.2057065955675
2026-05-14,US,8.67709074430549
2026-05-15,AU,13.9895732774022
2026-05-15,CA,14.2003186104533
2026-05-15,DE,14.8574936157525
2026-05-15,FR,12.5799681604941
2026-05-15,GB,16.8232102239584
2026-05-15,IE,18.1469993421766
2026-05-15,US,8.68527244701842
2026-05-16,AU,13.9494075585148
2026-05-16,CA,14.1950689945845
2026-05-16,DE,14.8431276018415
2026-05-16,FR,12.5997570906678
2026-05-16,GB,16.8326981672747
2026-05-16,IE,18.0738767807996
2026-05-16,US,8.6900752777796
2026-05-17,AU,13.9105232056769
2026-05-17,CA,14.1827173747915
2026-05-17,DE,14.8220216981635
2026-05-17,FR,12.615630338568
2026-05-17,GB,16.8346697270185
2026-05-17,IE,17.9911273820254
2026-05-17,US,8.6917914720123
2026-05-18,AU,13.8738502192056
2026-05-18,CA,14.1537082196549
2026-05-18,DE,14.7953743662161
2026-05-18,FR,12.6294537051129
2026-05-18,GB,16.8537554177675
2026-05-18,IE,17.9099254002574
2026-05-18,US,8.68922540783778
2026-05-19,AU,13.8311660833668
2026-05-19,CA,14.1236476542318
2026-05-19,DE,14.7731727513169
2026-05-19,FR,12.6659892200719
2026-05-19,GB,16.8793445960325
2026-05-19,IE,17.816834249639
2026-05-19,US,8.68128519512702
2026-05-20,AU,13.8157526070482
2026-05-20,CA,14.084411858764
2026-05-20,DE,14.7506639636483
2026-05-20,FR,12.6906644369123
2026-05-20,GB,16.9221471779697
2026-05-20,IE,17.7541732484613
2026-05-20,US,8.67463749443284
2026-05-21,AU,13.806921530794
2026-05-21,CA,14.0441061468928
2026-05-21,DE,14.7182058853219
2026-05-21,FR,12.7046184278264
2026-05-21,GB,16.9582669212082
2026-05-21,IE,17.7614682066022
2026-05-21,US,8.6604330257136
2026-05-22,AU,13.8299047147074
2026-05-22,CA,14.0219942948094
2026-05-22,DE,14.6974885777242
2026-05-22,FR,12.7072842628994
2026-05-22,GB,17.0025156344126
2026-05-22,IE,17.8013235522915
2026-05-22,US,8.65593980493204
2026-05-23,AU,13.8506438251354
2026-05-23,CA,14.0023120224921
2026-05-23,DE,14.6626187018645
2026-05-23,FR,12.7146610766424
2026-05-23,GB,17.0421818820832
2026-05-23,IE,17.8468715509035
2026-05-23,US,8.65721296191232
2026-05-24,AU,13.8573515548384
2026-05-24,CA,13.9821405693435
2026-05-24,DE,14.6283687849304
2026-05-24,FR,12.7220679097841
2026-05-24,GB,17.0890475640772
2026-05-24,IE,17.9116259231174
2026-05-24,US,8.66212468177253
2026-05-25,AU,13.8416167630104
2026-05-25,CA,13.976674490653
2026-05-25,DE,14.5975216024319
2026-05-25,FR,12.7329405244628
2026-05-25,GB,17.1315171391735
2026-05-25,IE,17.997208597471
2026-05-25,US,8.66643078766522
2026-05-26,AU,13.8393928478492
2026-05-26,CA,13.9822669464064
2026-05-26,DE,14.5739500906646
2026-05-26,FR,12.7354284894031
2026-05-26,GB,17.1776512338259
2026-05-26,IE,18.1177520621893
2026-05-26,US,8.66775972110125
2026-05-27,AU,13.8184733761734
2026-05-27,CA,13.9959577445196
2026-05-27,DE,14.5484983024347
2026-05-27,FR,12.7506816229639
2026-05-27,GB,17.2100339584182
2026-05-27,IE,18.2061939483866
2026-05-27,US,8.66137732550198
2026-05-28,AU,13.799310531924
2026-05-28,CA,14.0223565706969
2026-05-28,DE,14.5451743704549
2026-05-28,FR,12.7401078297511
2026-05-28,GB,17.2377498481554
2026-05-28,IE,18.2249245282167
2026-05-28,US,8.66210516623221
2026-05-29,AU,13.7788303069614
2026-05-29,CA,14.0320040993295
2026-05-29,DE,14.5444677460825
2026-05-29,FR,12.742148951021
2026-05-29,GB,17.2612383286325
2026-05-29,IE,18.2639763597338
2026-05-29,US,8.65906034005324
2026-05-30,AU,13.7523167809054
2026-05-30,CA,14.0551769429681
2026-05-30,DE,14.5450876355476
2026-05-30,FR,12.7383244535905
2026-05-30,GB,17.2849687553788
2026-05-30,IE,18.2890273324177
2026-05-30,US,8.66138324574403
2026-05-31,AU,13.7271173640011
2026-05-31,CA,14.0698106701998
2026-05-31,DE,14.5555590955795
2026-05-31,FR,12.7220070227507
2026-05-31,GB,17.2803439411517
2026-05-31,IE,18.2850285288494
2026-05-31,US,8.65927223782618
2026-06-01,AU,13.7272234879005
2026-06-01,CA,14.0843569960521
2026-06-01,DE,14.564713978796
2026-06-01,FR,12.7163577536009
2026-06-01,GB,17.2961932585371
2026-06-01,IE,18.2855175428376
2026-06-01,US,8.65662843882366
2026-06-02,AU,13.7101899097225
2026-06-02,CA,14.0822428145956
2026-06-02,DE,14.5393347695483
2026-06-02,FR,12.7008597854424
2026-06-02,GB,17.2587763535651
2026-06-02,IE,18.2797873944103
2026-06-02,US,8.65500601321944
2026-06-03,AU,13.7176435677472
2026-06-03,CA,14.0695407670627
2026-06-03,DE,14.5181522798533
2026-06-03,FR,12.6858588814198
2026-06-03,GB,17.2177500307332
2026-06-03,IE,18.312158407052
2026-06-03,US,8.64892100452226
2026-06-04,AU,13.7463727672129
2026-06-04,CA,14.0570535655145
2026-06-04,DE,14.4913663772165
2026-06-04,FR,12.6784565644813
2026-06-04,GB,17.1805659399559
2026-06-04,IE,18.3090087287651
2026-06-04,US,8.63841617941572
2026-06-05,AU,13.7785944282611
2026-06-05,CA,14.0371107497997
2026-06-05,DE,14.4495876023946
2026-06-05,FR,12.6618856273707
2026-06-05,GB,17.1535926831221
2026-06-05,IE,18.2996758295421
2026-06-05,US,8.63313034343928
2026-06-06,AU,13.8273010899022
2026-06-06,CA,14.004864543092
2026-06-06,DE,14.4328116083347
2026-06-06,FR,12.6461671882958
2026-06-06,GB,17.1268051738279
2026-06-06,IE,18.2877904971858
2026-06-06,US,8.62029100177767
2026-06-07,AU,13.8855884135247
2026-06-07,CA,13.9852622957785
2026-06-07,DE,14.4008160497437
2026-06-07,FR,12.6409440810435
2026-06-07,GB,17.1082896991514
2026-06-07,IE,18.2819769322512
2026-06-07,US,8.61149482836403
2026-06-08,AU,13.938572714715
2026-06-08,CA,13.9520418170765
2026-06-08,DE,14.3569107504544
2026-06-08,FR,12.6139337829466
2026-06-08,GB,17.0858672670656
2026-06-08,IE,18.2589202694509
2026-06-08,US,8.60538272276754
2026-06-09,AU,13.9939916044698
2026-06-09,CA,13.9246716305137
2026-06-09,DE,14.3483447505677
2026-06-09,FR,12.5959178283663
2026-06-09,GB,17.0585855797446
2026-06-09,IE,18.2064878839594
2026-06-09,US,8.60368009897059
2026-06-10,AU,14.0320446773118
2026-06-10,CA,13.902926004649
2026-06-10,DE,14.3476208221205
2026-06-10,FR,12.5754279211008
2026-06-10,GB,17.0120780769895
2026-06-10,IE,18.116523059779
2026-06-10,US,8.60300174980671
2026-06-11,AU,14.0281576401244
2026-06-11,CA,13.8757135774682
2026-06-11,DE,14.3402564462578
2026-06-11,FR,12.541690770381
2026-06-11,GB,16.9730825066996
2026-06-11,IE,18.1076688281418
2026-06-11,US,8.60696692750752
2026-06-12,AU,14.0062333500628
2026-06-12,CA,13.8728483105154
2026-06-12,DE,14.3451085144219
2026-06-12,FR,12.5124852028721
2026-06-12,GB,16.9186285665694
2026-06-12,IE,18.0957749500674
2026-06-12,US,8.61277566237586
2026-06-13,AU,13.9801185907634
2026-06-13,CA,13.8697327586114
2026-06-13,DE,14.3343151004683
2026-06-13,FR,12.4904503222126
2026-06-13,GB,16.8693893019308
2026-06-13,IE,18.1010999049708
2026-06-13,US,8.62080525363047
2026-06-14,AU,13.954123389647
2026-06-14,CA,13.8610545791808
2026-06-14,DE,14.3332051217211
2026-06-14,FR,12.4758112896923
2026-06-14,GB,16.8245068582434
2026-06-14,IE,18.1583944179569
2026-06-14,US,8.6278915657364
2026-06-15,AU,13.9332108715112
2026-06-15,CA,13.8632611363144
2026-06-15,DE,14.3339702573974
2026-06-15,FR,12.4392070310818
2026-06-15,GB,16.7796761430337
2026-06-15,IE,18.2026213716111
2026-06-15,US,8.63106404601867
2026-06-16,AU,13.9173596790259
2026-06-16,CA,13.8693487578289
2026-06-16,DE,14.3381310686909
2026-06-16,FR,12.4020093778076
2026-06-16,GB,16.7813062670936
2026-06-16,IE,18.2795454395542
2026-06-16,US,8.62943440879016
2026-06-17,AU,13.8806324402752
2026-06-17,CA,13.8690661637152
2026-06-17,DE,14.3405942605891
2026-06-17,FR,12.3660882232594
2026-06-17,GB,16.8043138978092
2026-06-17,IE,18.3859915093924
2026-06-17,US,8.63178991855511
2026-06-18,AU,13.8695806622512
2026-06-18,CA,13.8834747796512
2026-06-18,DE,14.3559733020477
2026-06-18,FR,12.3426157551136
2026-06-18,GB,16.8183025010705
2026-06-18,IE,18.4594674417977
2026-06-18,US,8.64194221813966
2026-06-19,AU,13.8737029273747
2026-06-19,CA,13.9052532481048
2026-06-19,DE,14.3579648926168
2026-06-19,FR,12.3138797274913
2026-06-19,GB,16.8351713181973
2026-06-19,IE,18.5321229457871
2026-06-19,US,8.6548909013629
2026-06-20,AU,13.877054716563
2026-06-20,CA,13.9278613609146
2026-06-20,DE,14.3575481210021
2026-06-20,FR,12.2807155914671
2026-06-20,GB,16.8531995389336
2026-06-20,IE,18.609622238652
2026-06-20,US,8.65730882000537
2026-06-21,AU,13.8820684919922
2026-06-21,CA,13.9581567619937
2026-06-21,DE,14.3572422490734
2026-06-21,FR,12.2421187096407
2026-06-21,GB,16.8723416201715
2026-06-21,IE,18.64135071738
2026-06-21,US,8.66089567808636
2026-06-22,AU,13.8959269630743
2026-06-22,CA,13.9937328947733
2026-06-22,DE,14.3524081206026
2026-06-22,FR,12.2222043213554
2026-06-22,GB,16.8836557787002
2026-06-22,IE,18.6812495662392
2026-06-22,US,8.66602357416494
2026-06-23,AU,13.898739548049
2026-06-23,CA,14.028493259151
2026-06-23,DE,14.3478659184487
2026-06-23,FR,12.198857249461
2026-06-23,GB,16.891247192504
2026-06-23,IE,18.7061342926611
2026-06-23,US,8.6782647902509
2026-06-24,AU,13.9104706832167
2026-06-24,CA,14.0938579401732
2026-06-24,DE,14.3466077082717
2026-06-24,FR,12.1805448781401
2026-06-24,GB,16.8963617854414
2026-06-24,IE,18.7088170593684
2026-06-24,US,8.68631251217102
2026-06-25,AU,13.9317174461534
2026-06-25,CA,14.1433934559942
2026-06-25,DE,14.3251306207702
2026-06-25,FR,12.1498351451421
2026-06-25,GB,16.893366369259
2026-06-25,IE,18.710128764626
2026-06-25,US,8.68338224665236
2026-06-26,AU,13.9305046605005
2026-06-26,CA,14.1755868896872
2026-06-26,DE,14.33018717402
2026-06-26,FR,12.1030304111288
2026-06-26,GB,16.9010903041388
2026-06-26,IE,18.7110258760784
2026-06-26,US,8.67146850282015
2026-06-27,AU,13.9438239065574
2026-06-27,CA,14.2188786680336
2026-06-27,DE,14.324692134497
2026-06-27,FR,12.05555963974
2026-06-27,GB,16.915877181457
2026-06-27,IE,18.700198929654
2026-06-27,US,8.67304151126215
2026-06-28,AU,13.9494754973988
2026-06-28,CA,14.2586693493525
2026-06-28,DE,14.3091792306798
2026-06-28,FR,12.0140033657151
2026-06-28,GB,16.9331528805926
2026-06-28,IE,18.7107372130018
2026-06-28,US,8.67573375604869
2026-06-29,AU,13.9347243518775
2026-06-29,CA,14.2860211327978
2026-06-29,DE,14.3269113413161
2026-06-29,FR,11.9894393050908
2026-06-29,GB,16.9539947654789
2026-06-29,IE,18.6989090504176
2026-06-29,US,8.67094439593029
2026-06-30,AU,13.9305825762617
2026-06-30,CA,14.286406992684
2026-06-30,DE,14.3492331636939
2026-06-30,FR,11.9660634159194
2026-06-30,GB,16.9602115567679
2026-06-30,IE,18.5990208006832
2026-06-30,US,8.66304832360407
2026-07-01,AU,13.9358936358496
2026-07-01,CA,14.2784836418915
2026-07-01,DE,14.3604965214877
2026-07-01,FR,11.9677454807349
2026-07-01,GB,16.964850149635
2026-07-01,IE,18.5254606245319
2026-07-01,US,8.660929869658
2026-07-02,AU,13.923577641574
2026-07-02,CA,14.2794354148705
2026-07-02,DE,14.3749021258216
2026-07-02,FR,11.9581356104435
2026-07-02,GB,16.9639603968909
2026-07-02,IE,18.4716456768736
2026-07-02,US,8.67590704501198
2026-07-03,AU,13.9405583642099
2026-07-03,CA,14.2829538028399
2026-07-03,DE,14.3697195063689
2026-07-03,FR,11.9660417786808
2026-07-03,GB,16.9419414548798
2026-07-03,IE,18.369812301633
2026-07-03,US,8.69528496915405
2026-07-04,AU,13.9422077126229
2026-07-04,CA,14.269642157515
2026-07-04,DE,14.3820412966582
2026-07-04,FR,11.9771502996587
2026-07-04,GB,16.8916581945204
2026-07-04,IE,18.2669549879926
2026-07-04,US,8.70140679837436
2026-07-05,AU,13.9435639632995
2026-07-05,CA,14.2552622010501
2026-07-05,DE,14.3989519208221
2026-07-05,FR,11.9886241975346
2026-07-05,GB,16.8445559164678
2026-07-05,IE,18.165361130159
2026-07-05,US,8.7071266339421
2026-07-06,AU,13.9480306706578
2026-07-06,CA,14.2250276210112
2026-07-06,DE,14.3926419687027
2026-07-06,FR,11.9879527217703
2026-07-06,GB,16.8093975337485
2026-07-06,IE,18.0791361652093
2026-07-06,US,8.71581326795576
2026-07-07,AU,13.952915811504
2026-07-07,CA,14.2188727705639
2026-07-07,DE,14.3851904505319
2026-07-07,FR,11.9949653663067
2026-07-07,GB,16.7765708037013
2026-07-07,IE,18.0545371421115
2026-07-07,US,8.72574422236035
2026-07-08,AU,13.952380842001
2026-07-08,CA,14.1901988979817
2026-07-08,DE,14.3803689552911
2026-07-08,FR,11.9843755835771
2026-07-08,GB,16.7386474776434
2026-07-08,IE,17.9933970760838
2026-07-08,US,8.7340185388361
2026-07-09,AU,13.9510905042799
2026-07-09,CA,14.1347286604748
2026-07-09,DE,14.3817378124098
2026-07-09,FR,11.9989614737459
2026-07-09,GB,16.7108830641073
2026-07-09,IE,17.9313172342699
2026-07-09,US,8.73039499858945
2026-07-10,AU,13.9565527309054
2026-07-10,CA,14.1102525119882
2026-07-10,DE,14.3887952657565
2026-07-10,FR,12.0288781585079
2026-07-10,GB,16.693924295787
2026-07-10,IE,17.9011413256474
2026-07-10,US,8.72457042558723
2026-07-11,AU,13.9681212076778
2026-07-11,CA,14.0981405218324
2026-07-11,DE,14.4057181909424
2026-07-11,FR,12.0520145671339
2026-07-11,GB,16.6916590605621
2026-07-11,IE,17.8706337821833
2026-07-11,US,8.7302817190575
2026-07-12,AU,13.9777559609497
2026-07-12,CA,14.0742395639979
2026-07-12,DE,14.4130517637469
2026-07-12,FR,12.0677353586277
2026-07-12,GB,16.6927549083012
2026-07-12,IE,17.8305530368064
2026-07-12,US,8.73487567205962
2026-07-13,AU,13.9745983402524
2026-07-13,CA,14.0780214492817
2026-07-13,DE,14.4180678262587
2026-07-13,FR,12.0881546239554
2026-07-13,GB,16.6737530709651
2026-07-13,IE,17.8004638076589
2026-07-13,US,8.74346621331471
2026-07-14,AU,13.9577780363385
2026-07-14,CA,14.0514729337092
2026-07-14,DE,14.4115351594304
2026-07-14,FR,12.1005962781269
2026-07-14,GB,16.6538879130814
2026-07-14,IE,17.7760673078422
2026-07-14,US,8.74107411497797
2026-07-15,AU,13.9371700585222
2026-07-15,CA,14.0123526277651
2026-07-15,DE,14.4125496925261
2026-07-15,FR,12.1192012412128
2026-07-15,GB,16.6682581578524
2026-07-15,IE,17.7353129552366
2026-07-15,US,8.73856304100083
2026-07-16,AU,13.9248513414872
2026-07-16,CA,13.9836555607925
2026-07-16,DE,14.4141293099461
2026-07-16,FR,12.1250081386902
2026-07-16,GB,16.6744338282429
2026-07-16,IE,17.7001915198706
2026-07-16,US,8.73158329164874
2026-07-17,AU,13.8734730356298
2026-07-17,CA,13.9087088920112
2026-07-17,DE,14.41975254006
2026-07-17,FR,12.1186912479626
2026-07-17,GB,16.6637921302765
2026-07-17,IE,17.6963898622109
2026-07-17,US,8.7107860197106
2026-07-18,AU,13.8340586113938
2026-07-18,CA,13.8517813710813
2026-07-18,DE,14.4141690342066
2026-07-18,FR,12.1197388984779
2026-07-18,GB,16.6680480679339
2026-07-18,IE,17.7147255809321
2026-07-18,US,8.69420066832887
2026-07-19,AU,13.7918935479697
2026-07-19,CA,13.7980452925649
2026-07-19,DE,14.4122724418213
2026-07-19,FR,12.1251145515662
2026-07-19,GB,16.6549775707305
2026-07-19,IE,17.7335578413174
2026-07-19,US,8.67614151028253
2026-07-20,AU,13.7613694728599
2026-07-20,CA,13.7377876546909
2026-07-20,DE,14.4106074857212
2026-07-20,FR,12.1127303911528
2026-07-20,GB,16.6411047168763
2026-07-20,IE,17.7456247789238
2026-07-20,US,8.65419948417197
2026-07-21,AU,13.7544970454731
2026-07-21,CA,13.7004644727457
2026-07-21,DE,14.4166023987219
2026-07-21,FR,12.103303253936
2026-07-21,GB,16.6328122140566
2026-07-21,IE,17.8093437164078
2026-07-21,US,8.64196607000212
2026-07-22,AU,13.7604779598088
2026-07-22,CA,13.684963660351
2026-07-22,DE,14.4214084331224
2026-07-22,FR,12.0833382289941
2026-07-22,GB,16.6013164850918
2026-07-22,IE,17.8730498877581
2026-07-22,US,8.62817632135733
2026-07-23,AU,13.7455871223609
2026-07-23,CA,13.6795246067397
2026-07-23,DE,14.419457831201
2026-07-23,FR,12.0742584064597
2026-07-23,GB,16.572441648062
2026-07-23,IE,17.9011639645584
2026-07-23,US,8.617499372564
2026-07-24,AU,13.753194816496
2026-07-24,CA,13.6956374858365
2026-07-24,DE,14.4171788621082
2026-07-24,FR,12.0677764274755
2026-07-24,GB,16.5571598989424
2026-07-24,IE,17.9285614006763
2026-07-24,US,8.62350212528032
2026-07-25,AU,13.7418877377613
2026-07-25,CA,13.6974417590329
2026-07-25,DE,14.4123220839116
2026-07-25,FR,12.0567482489211
2026-07-25,GB,16.5215385985515
2026-07-25,IE,17.943185529779
2026-07-25,US,8.62180593708258
2026-07-26,AU,13.7533735877692
2026-07-26,CA,13.7025592742745
2026-07-26,DE,14.412610108045
2026-07-26,FR,12.0468187911415
2026-07-26,GB,16.5069654446945
2026-07-26,IE,17.954393525433
2026-07-26,US,8.62132945129781
2026-07-27,AU,13.7560318741415
2026-07-27,CA,13.7030209014057
2026-07-27,DE,14.4107558764671
2026-07-27,FR,12.0597696755776
2026-07-27,GB,16.4962131579842
2026-07-27,IE,17.9479870563229
2026-07-27,US,8.61923990268595
2026-07-28,AU,13.7334728577558
2026-07-28,CA,13.7370788876995
2026-07-28,DE,14.4113185749745
2026-07-28,FR,12.0798967043073
2026-07-28,GB,16.4854743810991
2026-07-28,IE,17.9235985975765
2026-07-28,US,8.62033897021538
2026-07-29,AU,13.694571499861
2026-07-29,CA,13.7586274027878
2026-07-29,DE,14.3913501749534
2026-07-29,FR,12.0867973515016
2026-07-29,GB,16.4819850756267
2026-07-29,IE,17.9219491665246
2026-07-29,US,8.61317337580542
2026-07-30,AU,13.6622403657553
2026-07-30,CA,13.7909308014553
2026-07-30,DE,14.3724640760866
2026-07-30,FR,12.0984360093399
2026-07-30,GB,16.491769895504
2026-07-30,IE,17.9297764213957
2026-07-30,US,8.58905795056103
2026-07-31,AU,13.6167775892873
2026-07-31,CA,13.8090522590008
2026-07-31,DE,14.3792298729616
2026-07-31,FR,12.0963628719451
2026-07-31,GB,16.5253796382316
2026-07-31,IE,17.9332021546763
2026-07-31,US,8.56857420473903
2026-08-01,AU,13.5688780310537
2026-08-01,CA,13.8281834204878
2026-08-01,DE,14.3778158692737
2026-08-01,FR,12.0922579548191
2026-08-01,GB,16.5594122788591
2026-08-01,IE,17.940527272492
2026-08-01,US,8.54668215996563
2026-08-02,AU,13.5004696363305
2026-08-02,CA,13.8508394412847
2026-08-02,DE,14.3693169693594
2026-08-02,FR,12.0919096490927
2026-08-02,GB,16.5800727705445
2026-08-02,IE,17.9370976420485
2026-08-02,US,8.53064478331531
2026-08-03,AU,13.4414351976459
2026-08-03,CA,13.8778015840313
2026-08-03,DE,14.362168937996
2026-08-03,FR,12.0861289253182
2026-08-03,GB,16.6046810596636
2026-08-03,IE,17.9352053558569
2026-08-03,US,8.50354950584931
2026-08-04,AU,13.4069876543354
2026-08-04,CA,13.8912593307684
2026-08-04,DE,14.3431810856778
2026-08-04,FR,12.0710213140161
2026-08-04,GB,16.6233887127384
2026-08-04,IE,17.9662516372069
2026-08-04,US,8.47610609910296
2026-08-05,AU,13.3534110618155
2026-08-05,CA,13.8924311395453
2026-08-05,DE,14.3420398231317
2026-08-05,FR,12.0637866035552
2026-08-05,GB,16.6297478334859
2026-08-05,IE,18.004916745478
2026-08-05,US,8.45931200997548
2026-08-06,AU,13.3098835085878
2026-08-06,CA,13.8706705488421
2026-08-06,DE,14.3449901804026
2026-08-06,FR,12.0339060882804
2026-08-06,GB,16.6237965885765
2026-08-06,IE,18.0282330968199
2026-08-06,US,8.45371972530865
2026-08-07,AU,13.2948357454691
2026-08-07,CA,13.856569262616
2026-08-07,DE,14.3217808913067
2026-08-07,FR,12.0219002903929
2026-08-07,GB,16.607458224372
2026-08-07,IE,18.0557738834778
2026-08-07,US,8.44516644765709
2026-08-08,AU,13.2849378944611
2026-08-08,CA,13.8331261608996
2026-08-08,DE,14.3076234859945
2026-08-08,FR,12.0117572465897
2026-08-08,GB,16.5870649679096
2026-08-08,IE,18.0574605851045
2026-08-08,US,8.44228150740616
2026-08-09,AU,13.2760662772861
2026-08-09,CA,13.80104646066
2026-08-09,DE,14.2923007904476
2026-08-09,FR,11.9867000615114
2026-08-09,GB,16.5646860584659
2026-08-09,IE,18.0603368149055
2026-08-09,US,8.43150119853401
2026-08-10,AU,13.2625904075578
2026-08-10,CA,13.7675404122707
2026-08-10,DE,14.2828275938756
2026-08-10,FR,11.9726377789061
2026-08-10,GB,16.5378280087985
2026-08-10,IE,18.08097853933
2026-08-10,US,8.43166306180173
2026-08-11,AU,13.2263533452595
2026-08-11,CA,13.7213531852363
2026-08-11,DE,14.2722745406383
2026-08-11,FR,11.9498898115674
2026-08-11,GB,16.5178529213902
2026-08-11,IE,18.0694699816304
2026-08-11,US,8.43228821743989
2026-08-12,AU,13.232629459223
2026-08-12,CA,13.6864070174646
2026-08-12,DE,14.2491756704924
2026-08-12,FR,11.9385278801997
2026-08-12,GB,16.4872457078029
2026-08-12,IE,18.0629591961798
2026-08-12,US,8.43656052745384
2026-08-13,AU,13.2275705656065
2026-08-13,CA,13.6655746269866
2026-08-13,DE,14.2316438537655
2026-08-13,FR,11.927577926179
2026-08-13,GB,16.4561408582385
2026-08-13,IE,18.0366766150635
2026-08-13,US,8.44259759900198
2026-08-14,AU,13.1880615787964
2026-08-14,CA,13.6473496766769
2026-08-14,DE,14.2155463958563
2026-08-14,FR,11.9097778619325
2026-08-14,GB,16.4144812137636
2026-08-14,IE,18.0009239330113
2026-08-14,US,8.44551602425246
2026-08-15,AU,13.1646423886076
2026-08-15,CA,13.6311600222577
2026-08-15,DE,14.2018614744108
2026-08-15,FR,11.8931952542992
2026-08-15,GB,16.3800428888979
2026-08-15,IE,17.972615046221
2026-08-15,US,8.4442144071449
2026-08-16,AU,13.1333096448786
2026-08-16,CA,13.6233761012252
2026-08-16,DE,14.187475937699
2026-08-16,FR,11.8798350911021
2026-08-16,GB,16.3513944468771
2026-08-16,IE,17.9446808948544
2026-08-16,US,8.44408453977695
2026-08-17,AU,13.0972456773234
2026-08-17,CA,13.6131793272344
2026-08-17,DE,14.1768203270034
2026-08-17,FR,11.8536549812466
2026-08-17,GB,16.3300397241197
2026-08-17,IE,17.9352690867333
2026-08-17,US,8.44615481266587
2026-08-18,AU,13.0817274705486
2026-08-18,CA,13.6027796225904
2026-08-18,DE,14.1841228393727
2026-08-18,FR,11.838397816373
2026-08-18,GB,16.3085233180606
2026-08-18,IE,17.9215161069132
2026-08-18,US,8.44586981286168
2026-08-19,AU,13.0382610964535
2026-08-19,CA,13.5991945997953
2026-08-19,DE,14.1813572595741
2026-08-19,FR,11.8148517573589
2026-08-19,GB,16.2964677138106
2026-08-19,IE,17.8711412383891
2026-08-19,US,8.44349003126183
2026-08-20,AU,13.0017846944616
2026-08-20,CA,13.6029567653584
2026-08-20,DE,14.1719673543431
2026-08-20,FR,11.7960896136231
2026-08-20,GB,16.2873579027597
2026-08-20,IE,17.8509109991893
2026-08-20,US,8.44498463841533
2026-08-21,AU,12.9806413457636
2026-08-21,CA,13.6009184671695
2026-08-21,DE,14.1669855373901
2026-08-21,FR,11.807782841766
2026-08-21,GB,16.2880961914319
2026-08-21,IE,17.8184687029327
2026-08-21,US,8.44772968376597
2026-08-22,AU,12.9481808250152
2026-08-22,CA,13.6079045064989
2026-08-22,DE,14.1550346507164
2026-08-22,FR,11.8081006165818
2026-08-22,GB,16.2917286035339
2026-08-22,IE,17.7905979158065
2026-08-22,US,8.45476671175704
2026-08-23,AU,12.9341075304725
2026-08-23,CA,13.6188597588168
2026-08-23,DE,14.1513336856643
2026-08-23,FR,11.8069794082799
2026-08-23,GB,16.281180449731
2026-08-23,IE,17.7652445370374
2026-08-23,US,8.46294886648244
2026-08-24,AU,12.9190203824051
2026-08-24,CA,13.626021506735
2026-08-24,DE,14.1496891518612
2026-08-24,FR,11.8077877942382
2026-08-24,GB,16.2701370341266
2026-08-24,IE,17.747761492779
2026-08-24,US,8.47124089715308
2026-08-25,AU,12.893904297283
2026-08-25,CA,13.6063278503023
2026-08-25,DE,14.132819233666
2026-08-25,FR,11.8147162993969
2026-08-25,GB,16.2719225290307
2026-08-25,IE,17.7022348029883
2026-08-25,US,8.48034313081154
2026-08-26,AU,12.8908133129783
2026-08-26,CA,13.5768769319709
2026-08-26,DE,14.1403870768471
2026-08-26,FR,11.8101616886377
2026-08-26,GB,16.2706693884034
2026-08-26,IE,17.6805564798473
2026-08-26,US,8.47859213124515
2026-08-27,AU,12.8618215698434
2026-08-27,CA,13.5329087687502
2026-08-27,DE,14.1536122320433
2026-08-27,FR,11.8149397028311
2026-08-27,GB,16.2716098298199
2026-08-27,IE,17.630971120416
2026-08-27,US,8.47043133579873
2026-08-28,AU,12.8298930095739
2026-08-28,CA,13.4996159539919
2026-08-28,DE,14.1573847207222
2026-08-28,FR,11.7985057221641
2026-08-28,GB,16.2631239497352
2026-08-28,IE,17.6101667087239
2026-08-28,US,8.46284306441795
2026-08-29,AU,12.7929789755878
2026-08-29,CA,13.4399928297721
2026-08-29,DE,14.1604161098234
2026-08-29,FR,11.7895823397694
2026-08-29,GB,16.2641418437428
2026-08-29,IE,17.6138862516509
2026-08-29,US,8.45512463265386
2026-08-30,AU,12.7231323741496
2026-08-30,CA,13.3818344602226
2026-08-30,DE,14.1672989542064
2026-08-30,FR,11.7815311616624
2026-08-30,GB,16.2685011576633
2026-08-30,IE,17.613709553371
2026-08-30,US,8.44551824660174
2026-08-31,AU,12.6703395731153
2026-08-31,CA,13.3436713237855
2026-08-31,DE,14.1715517515039
2026-08-31,FR,11.7688908395758
2026-08-31,GB,16.2652277363831
2026-08-31,IE,17.5941768000716
2026-08-31,US,8.43542249953719
