date,jobcountry,remote_share_searches
2019-01-01,AU,0.503842358640074
2019-01-01,CA,0.681809116909382
2019-01-01,DE,0.756150490189444
2019-01-01,FR,0.0989523377635144
2019-01-01,GB,0.355293793593877
2019-01-01,IE,0.507310792998805
2019-01-01,US,1.80165720768564
2019-01-01,JP,0.617464107543469
2019-01-02,AU,0.496717902920487
2019-01-02,CA,0.649701445412763
2019-01-02,DE,0.700107513017397
2019-01-02,FR,0.0909275459948641
2019-01-02,GB,0.335099168874119
2019-01-02,IE,0.463485256626139
2019-01-02,US,1.77737771252787
2019-01-02,JP,0.646211307922753
2019-01-03,AU,0.482233866038185
2019-01-03,CA,0.633578841084993
2019-01-03,DE,0.671748403119475
2019-01-03,FR,0.0880921403042563
2019-01-03,GB,0.322192398231062
2019-01-03,IE,0.431475504897547
2019-01-03,US,1.75380749343224
2019-01-03,JP,0.653489485962494
2019-01-04,AU,0.477205839831454
2019-01-04,CA,0.620634846445793
2019-01-04,DE,0.667722486075849
2019-01-04,FR,0.0876517112652325
2019-01-04,GB,0.312439979666415
2019-01-04,IE,0.41873148004058
2019-01-04,US,1.726848563988
2019-01-04,JP,0.652356392195656
2019-01-05,AU,0.485825524021691
2019-01-05,CA,0.612707764972509
2019-01-05,DE,0.684954462099135
2019-01-05,FR,0.0866675328091796
2019-01-05,GB,0.31272184617419
2019-01-05,IE,0.410550429992859
2019-01-05,US,1.71570512901619
2019-01-05,JP,0.659938586417554
2019-01-06,AU,0.484002912270971
2019-01-06,CA,0.616695803145113
2019-01-06,DE,0.695000831985869
2019-01-06,FR,0.0863008781652454
2019-01-06,GB,0.318179764770815
2019-01-06,IE,0.404700704685581
2019-01-06,US,1.72373965777637
2019-01-06,JP,0.669917540663771
2019-01-07,AU,0.479184791696045
2019-01-07,CA,0.612897039491699
2019-01-07,DE,0.686627156082627
2019-01-07,FR,0.0850072328466336
2019-01-07,GB,0.315382736331042
2019-01-07,IE,0.4002903782417
2019-01-07,US,1.72084021736237
2019-01-07,JP,0.671238331389592
2019-01-08,AU,0.470878007666728
2019-01-08,CA,0.596986779276051
2019-01-08,DE,0.668585831655235
2019-01-08,FR,0.0819796596950997
2019-01-08,GB,0.304328188603551
2019-01-08,IE,0.383009983549478
2019-01-08,US,1.69980400246989
2019-01-08,JP,0.681567670262237
2019-01-09,AU,0.466450030386737
2019-01-09,CA,0.591122234755019
2019-01-09,DE,0.666901027164988
2019-01-09,FR,0.081014505689469
2019-01-09,GB,0.298790292267181
2019-01-09,IE,0.37092092382976
2019-01-09,US,1.68747761103644
2019-01-09,JP,0.688990898619501
2019-01-10,AU,0.464363681828645
2019-01-10,CA,0.588766182177322
2019-01-10,DE,0.6663696857155
2019-01-10,FR,0.0809969682857645
2019-01-10,GB,0.294851944102538
2019-01-10,IE,0.369399892696334
2019-01-10,US,1.67986092475363
2019-01-10,JP,0.694982723543639
2019-01-11,AU,0.461859490141157
2019-01-11,CA,0.583565478220329
2019-01-11,DE,0.659652039379822
2019-01-11,FR,0.079907525026486
2019-01-11,GB,0.292041264233263
2019-01-11,IE,0.361566871342895
2019-01-11,US,1.67919744964146
2019-01-11,JP,0.697579820251971
2019-01-12,AU,0.456408801486719
2019-01-12,CA,0.581059053374999
2019-01-12,DE,0.646600593684262
2019-01-12,FR,0.0782299426315789
2019-01-12,GB,0.289588135154096
2019-01-12,IE,0.358146151079997
2019-01-12,US,1.68011181169821
2019-01-12,JP,0.701307060691611
2019-01-13,AU,0.452961605476913
2019-01-13,CA,0.573247006988882
2019-01-13,DE,0.635434032784492
2019-01-13,FR,0.0763907352665524
2019-01-13,GB,0.284665458082498
2019-01-13,IE,0.358104924012435
2019-01-13,US,1.68028048841093
2019-01-13,JP,0.699902663641229
2019-01-14,AU,0.452989378508035
2019-01-14,CA,0.570354132286034
2019-01-14,DE,0.633558917597886
2019-01-14,FR,0.0759262108911557
2019-01-14,GB,0.283236239681187
2019-01-14,IE,0.351767831795397
2019-01-14,US,1.67837980728711
2019-01-14,JP,0.705815041978316
2019-01-15,AU,0.451440932971841
2019-01-15,CA,0.568712354836336
2019-01-15,DE,0.630822331943321
2019-01-15,FR,0.0756830193885907
2019-01-15,GB,0.28263051563311
2019-01-15,IE,0.347536710366181
2019-01-15,US,1.68059769809324
2019-01-15,JP,0.708115428125174
2019-01-16,AU,0.450767350507584
2019-01-16,CA,0.562950611606862
2019-01-16,DE,0.630101061168075
2019-01-16,FR,0.0747265791994772
2019-01-16,GB,0.28234346069356
2019-01-16,IE,0.347754606768458
2019-01-16,US,1.68077984783284
2019-01-16,JP,0.704003881316046
2019-01-17,AU,0.445950348137222
2019-01-17,CA,0.556500988154084
2019-01-17,DE,0.629053116017246
2019-01-17,FR,0.0737722878950498
2019-01-17,GB,0.282291153727119
2019-01-17,IE,0.344855519034772
2019-01-17,US,1.68377853915348
2019-01-17,JP,0.703185608720313
2019-01-18,AU,0.445895809561076
2019-01-18,CA,0.555698541185141
2019-01-18,DE,0.627835641924636
2019-01-18,FR,0.0743338627708597
2019-01-18,GB,0.282635052990177
2019-01-18,IE,0.348425837770765
2019-01-18,US,1.68327629371458
2019-01-18,JP,0.707743586139984
2019-01-19,AU,0.44549994177109
2019-01-19,CA,0.557367848622834
2019-01-19,DE,0.629213518293684
2019-01-19,FR,0.0759099851972688
2019-01-19,GB,0.28500273891279
2019-01-19,IE,0.354622102251588
2019-01-19,US,1.6836252004345
2019-01-19,JP,0.722635631085942
2019-01-20,AU,0.448736604597269
2019-01-20,CA,0.562453159970029
2019-01-20,DE,0.640305892519109
2019-01-20,FR,0.0769416244264927
2019-01-20,GB,0.286839008923959
2019-01-20,IE,0.358004100363954
2019-01-20,US,1.68845559114643
2019-01-20,JP,0.736276368271955
2019-01-21,AU,0.447890906412713
2019-01-21,CA,0.563319861417784
2019-01-21,DE,0.647260964878752
2019-01-21,FR,0.0772156849980721
2019-01-21,GB,0.287031771260743
2019-01-21,IE,0.371431393980852
2019-01-21,US,1.69696613633015
2019-01-21,JP,0.736782405783981
2019-01-22,AU,0.450538851519409
2019-01-22,CA,0.566287310465465
2019-01-22,DE,0.653906866769869
2019-01-22,FR,0.0790543855096903
2019-01-22,GB,0.288923008194141
2019-01-22,IE,0.375317405753766
2019-01-22,US,1.70371783126767
2019-01-22,JP,0.739967331832627
2019-01-23,AU,0.443120602690612
2019-01-23,CA,0.571522126574935
2019-01-23,DE,0.660147295828625
2019-01-23,FR,0.081107620735846
2019-01-23,GB,0.289812348018514
2019-01-23,IE,0.378848315949884
2019-01-23,US,1.70923243719672
2019-01-23,JP,0.743795315921645
2019-01-24,AU,0.443343706871505
2019-01-24,CA,0.574831170271839
2019-01-24,DE,0.675194241481773
2019-01-24,FR,0.0830022192491804
2019-01-24,GB,0.290648986453668
2019-01-24,IE,0.379605494564571
2019-01-24,US,1.71008247623959
2019-01-24,JP,0.747227135517022
2019-01-25,AU,0.443027976875028
2019-01-25,CA,0.576748080678025
2019-01-25,DE,0.682078974147427
2019-01-25,FR,0.0832335146950457
2019-01-25,GB,0.291499090049872
2019-01-25,IE,0.384498964477786
2019-01-25,US,1.70837532289426
2019-01-25,JP,0.747325873211054
2019-01-26,AU,0.443364889614225
2019-01-26,CA,0.576945495574726
2019-01-26,DE,0.686504330314734
2019-01-26,FR,0.0833721994289166
2019-01-26,GB,0.290057740352817
2019-01-26,IE,0.392740677850462
2019-01-26,US,1.70209726439844
2019-01-26,JP,0.735551008007533
2019-01-27,AU,0.4466567808105
2019-01-27,CA,0.579838956204402
2019-01-27,DE,0.685014753047096
2019-01-27,FR,0.0837640079253322
2019-01-27,GB,0.29008182170575
2019-01-27,IE,0.391180357158997
2019-01-27,US,1.69203045526628
2019-01-27,JP,0.729231005575926
2019-01-28,AU,0.451151188162696
2019-01-28,CA,0.586494596358227
2019-01-28,DE,0.683969416860919
2019-01-28,FR,0.0843482256325554
2019-01-28,GB,0.289762081343261
2019-01-28,IE,0.389516315726726
2019-01-28,US,1.68628733821249
2019-01-28,JP,0.72925658342011
2019-01-29,AU,0.448666872025133
2019-01-29,CA,0.591048434350733
2019-01-29,DE,0.682239296493428
2019-01-29,FR,0.0833371008213764
2019-01-29,GB,0.289263709101446
2019-01-29,IE,0.383095971127286
2019-01-29,US,1.68334849509713
2019-01-29,JP,0.72782924186497
2019-01-30,AU,0.450689135025312
2019-01-30,CA,0.595634016122849
2019-01-30,DE,0.681072978058779
2019-01-30,FR,0.0827862686882609
2019-01-30,GB,0.289662456781359
2019-01-30,IE,0.386288049713224
2019-01-30,US,1.68245624868984
2019-01-30,JP,0.726327057416341
2019-01-31,AU,0.450895506991463
2019-01-31,CA,0.60037730755705
2019-01-31,DE,0.675420964675334
2019-01-31,FR,0.0823895460835566
2019-01-31,GB,0.290676527855978
2019-01-31,IE,0.392362231294188
2019-01-31,US,1.68133331205575
2019-01-31,JP,0.726169065850399
2019-02-01,AU,0.451024439041114
2019-02-01,CA,0.605017773783214
2019-02-01,DE,0.672992307284396
2019-02-01,FR,0.0819935484787019
2019-02-01,GB,0.292531496343124
2019-02-01,IE,0.384733458045821
2019-02-01,US,1.68278530421862
2019-02-01,JP,0.727344405859761
2019-02-02,AU,0.455948216469814
2019-02-02,CA,0.606023585901149
2019-02-02,DE,0.666138254859284
2019-02-02,FR,0.0830114837363665
2019-02-02,GB,0.292674326541478
2019-02-02,IE,0.383206899892442
2019-02-02,US,1.68346568212506
2019-02-02,JP,0.725059318689564
2019-02-03,AU,0.450138051866752
2019-02-03,CA,0.609824962541578
2019-02-03,DE,0.669370800015262
2019-02-03,FR,0.0841405915745514
2019-02-03,GB,0.292417362842674
2019-02-03,IE,0.385712157787334
2019-02-03,US,1.68500901555548
2019-02-03,JP,0.719400247957377
2019-02-04,AU,0.442979290601873
2019-02-04,CA,0.607261237332646
2019-02-04,DE,0.666833538816069
2019-02-04,FR,0.0849255156517557
2019-02-04,GB,0.292810289636153
2019-02-04,IE,0.379548010910633
2019-02-04,US,1.68082083886985
2019-02-04,JP,0.71678744872419
2019-02-05,AU,0.440442793050661
2019-02-05,CA,0.604582488787355
2019-02-05,DE,0.667176815030063
2019-02-05,FR,0.0846846690623911
2019-02-05,GB,0.293066183130237
2019-02-05,IE,0.38150219053418
2019-02-05,US,1.67825844640025
2019-02-05,JP,0.715815706646179
2019-02-06,AU,0.438375432313267
2019-02-06,CA,0.609126150056123
2019-02-06,DE,0.662544083689515
2019-02-06,FR,0.0845892988473
2019-02-06,GB,0.291928026480737
2019-02-06,IE,0.378231830264799
2019-02-06,US,1.67314289147034
2019-02-06,JP,0.713779063279026
2019-02-07,AU,0.436605081428789
2019-02-07,CA,0.608213094138079
2019-02-07,DE,0.670932137927043
2019-02-07,FR,0.0838024632874307
2019-02-07,GB,0.290427973369992
2019-02-07,IE,0.370494741969007
2019-02-07,US,1.66834848874001
2019-02-07,JP,0.709157712279634
2019-02-08,AU,0.432619244776021
2019-02-08,CA,0.607806673841049
2019-02-08,DE,0.666191842093181
2019-02-08,FR,0.0836831106916922
2019-02-08,GB,0.28679522287196
2019-02-08,IE,0.372480177225279
2019-02-08,US,1.65812257787766
2019-02-08,JP,0.702383147072304
2019-02-09,AU,0.427740298970516
2019-02-09,CA,0.608436352249015
2019-02-09,DE,0.665570937136299
2019-02-09,FR,0.0827307305742118
2019-02-09,GB,0.285219359867602
2019-02-09,IE,0.360055346806312
2019-02-09,US,1.65676189989763
2019-02-09,JP,0.695093357299933
2019-02-10,AU,0.424066690474529
2019-02-10,CA,0.60225034446047
2019-02-10,DE,0.656158239964164
2019-02-10,FR,0.0828658965527295
2019-02-10,GB,0.283022109139824
2019-02-10,IE,0.358137283040502
2019-02-10,US,1.65536188035194
2019-02-10,JP,0.689445825880534
2019-02-11,AU,0.422671897639836
2019-02-11,CA,0.600793750849289
2019-02-11,DE,0.65385962918286
2019-02-11,FR,0.0823806301716564
2019-02-11,GB,0.280585301344194
2019-02-11,IE,0.358762801095137
2019-02-11,US,1.65307170901019
2019-02-11,JP,0.691241012438577
2019-02-12,AU,0.422064147180733
2019-02-12,CA,0.601309539280695
2019-02-12,DE,0.645134432501598
2019-02-12,FR,0.0823370629214747
2019-02-12,GB,0.279089469627232
2019-02-12,IE,0.357809055249031
2019-02-12,US,1.65324199644703
2019-02-12,JP,0.693278273634323
2019-02-13,AU,0.420660582692222
2019-02-13,CA,0.597939055205284
2019-02-13,DE,0.63471310821931
2019-02-13,FR,0.0821346261850134
2019-02-13,GB,0.277531316422478
2019-02-13,IE,0.3614256264951
2019-02-13,US,1.65066662124097
2019-02-13,JP,0.687739797571491
2019-02-14,AU,0.42200694450315
2019-02-14,CA,0.593105254629564
2019-02-14,DE,0.612812139303077
2019-02-14,FR,0.0818167506369965
2019-02-14,GB,0.275252284440547
2019-02-14,IE,0.365935476056045
2019-02-14,US,1.64445925385839
2019-02-14,JP,0.681044224014125
2019-02-15,AU,0.428762447247715
2019-02-15,CA,0.593080233522413
2019-02-15,DE,0.609520383628873
2019-02-15,FR,0.0812517172264872
2019-02-15,GB,0.275392819369627
2019-02-15,IE,0.3739661606996
2019-02-15,US,1.64442685796686
2019-02-15,JP,0.689206131324647
2019-02-16,AU,0.423635251273419
2019-02-16,CA,0.5952610024988
2019-02-16,DE,0.605471022811755
2019-02-16,FR,0.0804944692217326
2019-02-16,GB,0.27722084988995
2019-02-16,IE,0.381028228696259
2019-02-16,US,1.63351660629952
2019-02-16,JP,0.692718587730535
2019-02-17,AU,0.423594883808184
2019-02-17,CA,0.595468781570456
2019-02-17,DE,0.596340954475996
2019-02-17,FR,0.0796212947134105
2019-02-17,GB,0.277934265557259
2019-02-17,IE,0.387042068511544
2019-02-17,US,1.63123507975252
2019-02-17,JP,0.693024543318301
2019-02-18,AU,0.422726817075355
2019-02-18,CA,0.601724876049066
2019-02-18,DE,0.594068760443278
2019-02-18,FR,0.0787568273195982
2019-02-18,GB,0.278335321977303
2019-02-18,IE,0.384861856005934
2019-02-18,US,1.63668546327967
2019-02-18,JP,0.688386897969613
2019-02-19,AU,0.424318075175492
2019-02-19,CA,0.598872197387493
2019-02-19,DE,0.598174025462259
2019-02-19,FR,0.0791452370937497
2019-02-19,GB,0.277084682642249
2019-02-19,IE,0.388807546032389
2019-02-19,US,1.63536048664168
2019-02-19,JP,0.681697945526591
2019-02-20,AU,0.42489283356817
2019-02-20,CA,0.593188246738628
2019-02-20,DE,0.60559155683759
2019-02-20,FR,0.0814657169088135
2019-02-20,GB,0.277314138507635
2019-02-20,IE,0.383161695354435
2019-02-20,US,1.64214007739486
2019-02-20,JP,0.682123970750464
2019-02-21,AU,0.424556566808077
2019-02-21,CA,0.594786691345794
2019-02-21,DE,0.607477791400603
2019-02-21,FR,0.0828133069708457
2019-02-21,GB,0.278593725873012
2019-02-21,IE,0.383859669165288
2019-02-21,US,1.6516447596032
2019-02-21,JP,0.685372989487369
2019-02-22,AU,0.424851431717065
2019-02-22,CA,0.592051629106334
2019-02-22,DE,0.605622014822696
2019-02-22,FR,0.0829401933065884
2019-02-22,GB,0.278559871872884
2019-02-22,IE,0.375793275741114
2019-02-22,US,1.66271383901019
2019-02-22,JP,0.671365464049078
2019-02-23,AU,0.429952814304559
2019-02-23,CA,0.586917116223673
2019-02-23,DE,0.60298977865223
2019-02-23,FR,0.0853250661239955
2019-02-23,GB,0.27620256397493
2019-02-23,IE,0.368769143914381
2019-02-23,US,1.67568514739822
2019-02-23,JP,0.666000942282565
2019-02-24,AU,0.429127325306546
2019-02-24,CA,0.582999665568175
2019-02-24,DE,0.610645632979863
2019-02-24,FR,0.0853913923778042
2019-02-24,GB,0.275987050222073
2019-02-24,IE,0.370109169429132
2019-02-24,US,1.67760575790456
2019-02-24,JP,0.666902621972063
2019-02-25,AU,0.431903109019183
2019-02-25,CA,0.574424045294431
2019-02-25,DE,0.606627251631435
2019-02-25,FR,0.0869926963578976
2019-02-25,GB,0.275796724010669
2019-02-25,IE,0.368477461924088
2019-02-25,US,1.6767994577889
2019-02-25,JP,0.666244327439623
2019-02-26,AU,0.429905597233773
2019-02-26,CA,0.573452472096207
2019-02-26,DE,0.600856457564093
2019-02-26,FR,0.0873280856249381
2019-02-26,GB,0.275363674362085
2019-02-26,IE,0.366003866440504
2019-02-26,US,1.6768881393621
2019-02-26,JP,0.668014159203515
2019-02-27,AU,0.433090921913988
2019-02-27,CA,0.572764179696957
2019-02-27,DE,0.601312896255737
2019-02-27,FR,0.0854164995435185
2019-02-27,GB,0.274407926816679
2019-02-27,IE,0.368281984476208
2019-02-27,US,1.66972457258714
2019-02-27,JP,0.670645499298421
2019-02-28,AU,0.434641724658189
2019-02-28,CA,0.571399288448251
2019-02-28,DE,0.600553605470974
2019-02-28,FR,0.0845562617297249
2019-02-28,GB,0.273750227078578
2019-02-28,IE,0.368083688897656
2019-02-28,US,1.66625339192012
2019-02-28,JP,0.670581088360784
2019-03-01,AU,0.433050342167167
2019-03-01,CA,0.569221218349571
2019-03-01,DE,0.603498753625726
2019-03-01,FR,0.0844564914524309
2019-03-01,GB,0.274471659213428
2019-03-01,IE,0.373180977551175
2019-03-01,US,1.66377784603597
2019-03-01,JP,0.67708447084509
2019-03-02,AU,0.431264412682268
2019-03-02,CA,0.565731177076822
2019-03-02,DE,0.606667975488432
2019-03-02,FR,0.0827816207571901
2019-03-02,GB,0.274315321552385
2019-03-02,IE,0.382844628953013
2019-03-02,US,1.66125927186033
2019-03-02,JP,0.675660265820116
2019-03-03,AU,0.433282946115585
2019-03-03,CA,0.567419817267328
2019-03-03,DE,0.610092329206301
2019-03-03,FR,0.0824761095775113
2019-03-03,GB,0.274014156139816
2019-03-03,IE,0.365726939293479
2019-03-03,US,1.66299488089278
2019-03-03,JP,0.671339945533802
2019-03-04,AU,0.436595948024047
2019-03-04,CA,0.566122613951477
2019-03-04,DE,0.617148140156396
2019-03-04,FR,0.0818894211456515
2019-03-04,GB,0.273782480653864
2019-03-04,IE,0.366001111646445
2019-03-04,US,1.65850210208762
2019-03-04,JP,0.673176466431191
2019-03-05,AU,0.439328799805573
2019-03-05,CA,0.56605178458049
2019-03-05,DE,0.63276936447636
2019-03-05,FR,0.0808122231123061
2019-03-05,GB,0.273264673998229
2019-03-05,IE,0.366349847098021
2019-03-05,US,1.6619621305177
2019-03-05,JP,0.666342922025419
2019-03-06,AU,0.44172121814267
2019-03-06,CA,0.56539585332666
2019-03-06,DE,0.637605751691498
2019-03-06,FR,0.0799165978941682
2019-03-06,GB,0.274135706862661
2019-03-06,IE,0.366324077835882
2019-03-06,US,1.66598183866078
2019-03-06,JP,0.661226146279991
2019-03-07,AU,0.446723149445881
2019-03-07,CA,0.562818303319622
2019-03-07,DE,0.641145586559841
2019-03-07,FR,0.0806506774667648
2019-03-07,GB,0.274733409261121
2019-03-07,IE,0.366204743954782
2019-03-07,US,1.66877509865625
2019-03-07,JP,0.65910509943465
2019-03-08,AU,0.442213640414394
2019-03-08,CA,0.562169127199284
2019-03-08,DE,0.644995475737982
2019-03-08,FR,0.0796131132187092
2019-03-08,GB,0.272461073478224
2019-03-08,IE,0.359853706548199
2019-03-08,US,1.66739053097362
2019-03-08,JP,0.654065701413022
2019-03-09,AU,0.443146977934276
2019-03-09,CA,0.565264341708365
2019-03-09,DE,0.658192951573812
2019-03-09,FR,0.0783121726547614
2019-03-09,GB,0.272664551612887
2019-03-09,IE,0.364685811052244
2019-03-09,US,1.66894377192759
2019-03-09,JP,0.654577816190758
2019-03-10,AU,0.442894462976499
2019-03-10,CA,0.563753158040852
2019-03-10,DE,0.660943633012205
2019-03-10,FR,0.0784158157878851
2019-03-10,GB,0.271134198751639
2019-03-10,IE,0.377974374008979
2019-03-10,US,1.66472711877265
2019-03-10,JP,0.653893094167452
2019-03-11,AU,0.44288793745991
2019-03-11,CA,0.561179826756567
2019-03-11,DE,0.660078396987917
2019-03-11,FR,0.0775725065852619
2019-03-11,GB,0.271135670696877
2019-03-11,IE,0.38576574385544
2019-03-11,US,1.67012028050225
2019-03-11,JP,0.645707006067829
2019-03-12,AU,0.439226733256526
2019-03-12,CA,0.558612452286351
2019-03-12,DE,0.648975564746462
2019-03-12,FR,0.0770313086129494
2019-03-12,GB,0.272658103012212
2019-03-12,IE,0.387365132991163
2019-03-12,US,1.6721076291612
2019-03-12,JP,0.647288251392763
2019-03-13,AU,0.43660362861316
2019-03-13,CA,0.553574390194455
2019-03-13,DE,0.643733542271078
2019-03-13,FR,0.0778141847067909
2019-03-13,GB,0.27255278690527
2019-03-13,IE,0.387881490906411
2019-03-13,US,1.67809245388781
2019-03-13,JP,0.646463004468208
2019-03-14,AU,0.435187804494662
2019-03-14,CA,0.551503011094641
2019-03-14,DE,0.643859735212963
2019-03-14,FR,0.0757973788833258
2019-03-14,GB,0.272466563557801
2019-03-14,IE,0.388677406594179
2019-03-14,US,1.67960337738394
2019-03-14,JP,0.645321396183611
2019-03-15,AU,0.433406755763786
2019-03-15,CA,0.545570171363038
2019-03-15,DE,0.640871168755874
2019-03-15,FR,0.0765881664389799
2019-03-15,GB,0.272911810278049
2019-03-15,IE,0.395923844630792
2019-03-15,US,1.6838839153105
2019-03-15,JP,0.646094499042416
2019-03-16,AU,0.431642996291726
2019-03-16,CA,0.539595176773326
2019-03-16,DE,0.632078664215978
2019-03-16,FR,0.0763853281163726
2019-03-16,GB,0.273232548556523
2019-03-16,IE,0.384693371936548
2019-03-16,US,1.68720266415115
2019-03-16,JP,0.64776338642826
2019-03-17,AU,0.433521355692457
2019-03-17,CA,0.53882414875862
2019-03-17,DE,0.630023762447995
2019-03-17,FR,0.0745535905124378
2019-03-17,GB,0.273434377390335
2019-03-17,IE,0.391706534971002
2019-03-17,US,1.69125966883859
2019-03-17,JP,0.651063714175435
2019-03-18,AU,0.426642849220398
2019-03-18,CA,0.539767285217167
2019-03-18,DE,0.63538650726122
2019-03-18,FR,0.0747324234274293
2019-03-18,GB,0.271716449467281
2019-03-18,IE,0.398016704082929
2019-03-18,US,1.69456472946532
2019-03-18,JP,0.655757357502876
2019-03-19,AU,0.427499747447368
2019-03-19,CA,0.540072101570239
2019-03-19,DE,0.639381666842959
2019-03-19,FR,0.0757772537400621
2019-03-19,GB,0.269766460368898
2019-03-19,IE,0.399992258491311
2019-03-19,US,1.69087315536756
2019-03-19,JP,0.659195933436501
2019-03-20,AU,0.430292398175228
2019-03-20,CA,0.543051255923072
2019-03-20,DE,0.635174653158635
2019-03-20,FR,0.075037881342473
2019-03-20,GB,0.268437151730974
2019-03-20,IE,0.398107911608522
2019-03-20,US,1.68042404410219
2019-03-20,JP,0.659105461235297
2019-03-21,AU,0.428467839012761
2019-03-21,CA,0.545054052197258
2019-03-21,DE,0.635640995084519
2019-03-21,FR,0.0757995587949477
2019-03-21,GB,0.267077819487587
2019-03-21,IE,0.394932358378039
2019-03-21,US,1.67683063123603
2019-03-21,JP,0.662930643669168
2019-03-22,AU,0.432112936713529
2019-03-22,CA,0.548279591801425
2019-03-22,DE,0.635231296135491
2019-03-22,FR,0.0751532741049518
2019-03-22,GB,0.267002794867623
2019-03-22,IE,0.387976111334172
2019-03-22,US,1.67118097938076
2019-03-22,JP,0.663107152724214
2019-03-23,AU,0.430037846838456
2019-03-23,CA,0.550597699716002
2019-03-23,DE,0.633906631792996
2019-03-23,FR,0.0768205782684706
2019-03-23,GB,0.26337639122631
2019-03-23,IE,0.386311979913255
2019-03-23,US,1.66171910857725
2019-03-23,JP,0.665448565403523
2019-03-24,AU,0.431589177264676
2019-03-24,CA,0.549846062683233
2019-03-24,DE,0.627004527357916
2019-03-24,FR,0.0786850258046962
2019-03-24,GB,0.261691536332104
2019-03-24,IE,0.370953316144552
2019-03-24,US,1.65542249715702
2019-03-24,JP,0.665864126306029
2019-03-25,AU,0.433110493323285
2019-03-25,CA,0.549207350232554
2019-03-25,DE,0.620532939581
2019-03-25,FR,0.0789457689988356
2019-03-25,GB,0.261211878162796
2019-03-25,IE,0.3567312675055
2019-03-25,US,1.64730729081786
2019-03-25,JP,0.665790534426706
2019-03-26,AU,0.435821434528885
2019-03-26,CA,0.546674008274109
2019-03-26,DE,0.617345810641112
2019-03-26,FR,0.0783152580451939
2019-03-26,GB,0.259817534741067
2019-03-26,IE,0.350895406857903
2019-03-26,US,1.64232194183602
2019-03-26,JP,0.665967093639213
2019-03-27,AU,0.432433164478533
2019-03-27,CA,0.545805335763208
2019-03-27,DE,0.62207265612066
2019-03-27,FR,0.07799702099625
2019-03-27,GB,0.259492328834734
2019-03-27,IE,0.346733080763916
2019-03-27,US,1.64123962743541
2019-03-27,JP,0.670083562450583
2019-03-28,AU,0.429851212714017
2019-03-28,CA,0.542342392322845
2019-03-28,DE,0.622438926688165
2019-03-28,FR,0.077826894542636
2019-03-28,GB,0.258531782066858
2019-03-28,IE,0.347484188291169
2019-03-28,US,1.63870080314066
2019-03-28,JP,0.668864861405609
2019-03-29,AU,0.435780952175349
2019-03-29,CA,0.541330857600144
2019-03-29,DE,0.626680230905971
2019-03-29,FR,0.0780247866965451
2019-03-29,GB,0.257413622738328
2019-03-29,IE,0.348009642843833
2019-03-29,US,1.63820739233949
2019-03-29,JP,0.674362882561461
2019-03-30,AU,0.439480725776903
2019-03-30,CA,0.542214032920888
2019-03-30,DE,0.621755649637669
2019-03-30,FR,0.0776731136225887
2019-03-30,GB,0.257949547606928
2019-03-30,IE,0.345009550128895
2019-03-30,US,1.64291014140463
2019-03-30,JP,0.674268070105435
2019-03-31,AU,0.437224179772702
2019-03-31,CA,0.540341133373602
2019-03-31,DE,0.619752392381133
2019-03-31,FR,0.0768087123620283
2019-03-31,GB,0.258131449381417
2019-03-31,IE,0.347461184605467
2019-03-31,US,1.6444639414862
2019-03-31,JP,0.673338119218249
2019-04-01,AU,0.437003022093884
2019-04-01,CA,0.537155193625002
2019-04-01,DE,0.621250566273849
2019-04-01,FR,0.0760215747588024
2019-04-01,GB,0.257995206652465
2019-04-01,IE,0.349882742949977
2019-04-01,US,1.63891635208341
2019-04-01,JP,0.668357964246161
2019-04-02,AU,0.433872330464133
2019-04-02,CA,0.537562707802344
2019-04-02,DE,0.621340586418227
2019-04-02,FR,0.0765417206907376
2019-04-02,GB,0.259740193983354
2019-04-02,IE,0.351556526706049
2019-04-02,US,1.63663333969128
2019-04-02,JP,0.663709045150843
2019-04-03,AU,0.432495054321086
2019-04-03,CA,0.535866907293888
2019-04-03,DE,0.622085573140217
2019-04-03,FR,0.0770600229223448
2019-04-03,GB,0.259157584179095
2019-04-03,IE,0.359838140982582
2019-04-03,US,1.63390936992065
2019-04-03,JP,0.661651251277858
2019-04-04,AU,0.431541348240852
2019-04-04,CA,0.538499492927033
2019-04-04,DE,0.622875736579931
2019-04-04,FR,0.0767605184287504
2019-04-04,GB,0.260121126539036
2019-04-04,IE,0.36423656647381
2019-04-04,US,1.63158263513859
2019-04-04,JP,0.661968796356246
2019-04-05,AU,0.425755244542712
2019-04-05,CA,0.54025169731761
2019-04-05,DE,0.619774926466074
2019-04-05,FR,0.0775092283268122
2019-04-05,GB,0.260489349671996
2019-04-05,IE,0.363814227508721
2019-04-05,US,1.63024412008438
2019-04-05,JP,0.656935637040975
2019-04-06,AU,0.422663689269584
2019-04-06,CA,0.536443451818841
2019-04-06,DE,0.625062282672497
2019-04-06,FR,0.0768776715774781
2019-04-06,GB,0.262013762609334
2019-04-06,IE,0.368261731968242
2019-04-06,US,1.62555922163816
2019-04-06,JP,0.648041029612116
2019-04-07,AU,0.418812430937991
2019-04-07,CA,0.538693375726357
2019-04-07,DE,0.632752651170578
2019-04-07,FR,0.0782463203920391
2019-04-07,GB,0.263089344408272
2019-04-07,IE,0.370543230260302
2019-04-07,US,1.62504673485986
2019-04-07,JP,0.643852536649395
2019-04-08,AU,0.421361091266588
2019-04-08,CA,0.542929598439261
2019-04-08,DE,0.632815603252909
2019-04-08,FR,0.0789257352917064
2019-04-08,GB,0.264007380282763
2019-04-08,IE,0.369967370363042
2019-04-08,US,1.63110955188793
2019-04-08,JP,0.644873930118476
2019-04-09,AU,0.422730851175021
2019-04-09,CA,0.544172422198301
2019-04-09,DE,0.641379434920057
2019-04-09,FR,0.0790817188706541
2019-04-09,GB,0.262814718092377
2019-04-09,IE,0.369869629989543
2019-04-09,US,1.6350856884191
2019-04-09,JP,0.644406503753319
2019-04-10,AU,0.425523054008368
2019-04-10,CA,0.545429930533242
2019-04-10,DE,0.64163269742969
2019-04-10,FR,0.0795299733318517
2019-04-10,GB,0.26288933963144
2019-04-10,IE,0.362263972969728
2019-04-10,US,1.63764415417319
2019-04-10,JP,0.642071140254806
2019-04-11,AU,0.4253871824913
2019-04-11,CA,0.544977127107148
2019-04-11,DE,0.642011277031529
2019-04-11,FR,0.0801303093566954
2019-04-11,GB,0.260563627232587
2019-04-11,IE,0.360825112879309
2019-04-11,US,1.64039146912883
2019-04-11,JP,0.637034466543102
2019-04-12,AU,0.428252573513401
2019-04-12,CA,0.544358527389473
2019-04-12,DE,0.643549924791843
2019-04-12,FR,0.0798087985827615
2019-04-12,GB,0.259662587942447
2019-04-12,IE,0.365680467885376
2019-04-12,US,1.64441694173004
2019-04-12,JP,0.630283761370589
2019-04-13,AU,0.431760769409866
2019-04-13,CA,0.545992501905506
2019-04-13,DE,0.647603695951602
2019-04-13,FR,0.0787091135195314
2019-04-13,GB,0.257591597243006
2019-04-13,IE,0.362182598731645
2019-04-13,US,1.64602355453395
2019-04-13,JP,0.628881218783341
2019-04-14,AU,0.433225134041815
2019-04-14,CA,0.54434293541357
2019-04-14,DE,0.655325027545329
2019-04-14,FR,0.0778710324549299
2019-04-14,GB,0.255243278321882
2019-04-14,IE,0.369461593582183
2019-04-14,US,1.64187305618303
2019-04-14,JP,0.625067857072126
2019-04-15,AU,0.428795337017863
2019-04-15,CA,0.541738509950809
2019-04-15,DE,0.656801354763703
2019-04-15,FR,0.0774507381855878
2019-04-15,GB,0.252964976992059
2019-04-15,IE,0.369492699385595
2019-04-15,US,1.63922656172436
2019-04-15,JP,0.620886832919586
2019-04-16,AU,0.430229386469449
2019-04-16,CA,0.541729116362613
2019-04-16,DE,0.650219013932305
2019-04-16,FR,0.0771870847105966
2019-04-16,GB,0.252128162103313
2019-04-16,IE,0.372944836286651
2019-04-16,US,1.63770666123509
2019-04-16,JP,0.617078551813587
2019-04-17,AU,0.429230071574313
2019-04-17,CA,0.53884249162861
2019-04-17,DE,0.649532330491235
2019-04-17,FR,0.0778120988681636
2019-04-17,GB,0.250002958879327
2019-04-17,IE,0.375854409278315
2019-04-17,US,1.637153321293
2019-04-17,JP,0.615582499977704
2019-04-18,AU,0.435788560111229
2019-04-18,CA,0.537276512077915
2019-04-18,DE,0.644930630929944
2019-04-18,FR,0.0781665978630071
2019-04-18,GB,0.248921556255102
2019-04-18,IE,0.371294556274918
2019-04-18,US,1.63476807468015
2019-04-18,JP,0.612610102839695
2019-04-19,AU,0.44093523732294
2019-04-19,CA,0.540261480152722
2019-04-19,DE,0.653853995994325
2019-04-19,FR,0.0796748655724842
2019-04-19,GB,0.250143673329774
2019-04-19,IE,0.366598975604753
2019-04-19,US,1.63202030182439
2019-04-19,JP,0.61315711652695
2019-04-20,AU,0.443259898406893
2019-04-20,CA,0.542259589501356
2019-04-20,DE,0.655679980352588
2019-04-20,FR,0.0820699923198696
2019-04-20,GB,0.248966588721244
2019-04-20,IE,0.3678528402123
2019-04-20,US,1.6245368897768
2019-04-20,JP,0.613609740738008
2019-04-21,AU,0.454578213315316
2019-04-21,CA,0.540622928522163
2019-04-21,DE,0.653304143856511
2019-04-21,FR,0.0824509477715095
2019-04-21,GB,0.248945870820132
2019-04-21,IE,0.360567546480644
2019-04-21,US,1.6177198928199
2019-04-21,JP,0.616343645881258
2019-04-22,AU,0.468335741756257
2019-04-22,CA,0.544444351346213
2019-04-22,DE,0.668563408753236
2019-04-22,FR,0.0829737982345644
2019-04-22,GB,0.2532325919865
2019-04-22,IE,0.374475347484546
2019-04-22,US,1.62244357106439
2019-04-22,JP,0.618690295574344
2019-04-23,AU,0.471761384608202
2019-04-23,CA,0.545866904879426
2019-04-23,DE,0.674552210767764
2019-04-23,FR,0.0836736917679954
2019-04-23,GB,0.256821072772786
2019-04-23,IE,0.378751131050306
2019-04-23,US,1.6265837761317
2019-04-23,JP,0.619459249677907
2019-04-24,AU,0.481174941060614
2019-04-24,CA,0.550648616482935
2019-04-24,DE,0.678966090608262
2019-04-24,FR,0.0830604203289978
2019-04-24,GB,0.261502390560017
2019-04-24,IE,0.386395701176014
2019-04-24,US,1.63291396153269
2019-04-24,JP,0.618061081011568
2019-04-25,AU,0.483945894730381
2019-04-25,CA,0.552430158796672
2019-04-25,DE,0.685660947191802
2019-04-25,FR,0.0826030219497536
2019-04-25,GB,0.265771771974602
2019-04-25,IE,0.387775989230981
2019-04-25,US,1.63806978641934
2019-04-25,JP,0.618116708306447
2019-04-26,AU,0.478170606435985
2019-04-26,CA,0.547459020479807
2019-04-26,DE,0.679659748885796
2019-04-26,FR,0.0815539857378222
2019-04-26,GB,0.267152264407341
2019-04-26,IE,0.392249390009789
2019-04-26,US,1.63860116852776
2019-04-26,JP,0.620225482410549
2019-04-27,AU,0.477512417816315
2019-04-27,CA,0.548823688642093
2019-04-27,DE,0.680139117814725
2019-04-27,FR,0.0802973318518937
2019-04-27,GB,0.271932041921303
2019-04-27,IE,0.398441259751402
2019-04-27,US,1.6349241923755
2019-04-27,JP,0.623058787136208
2019-04-28,AU,0.471798210664434
2019-04-28,CA,0.550375753635803
2019-04-28,DE,0.681206904983288
2019-04-28,FR,0.0800615189633756
2019-04-28,GB,0.275880230514531
2019-04-28,IE,0.401957106636955
2019-04-28,US,1.64093294855403
2019-04-28,JP,0.621032863094146
2019-04-29,AU,0.460621944889071
2019-04-29,CA,0.54792493464265
2019-04-29,DE,0.668685230919756
2019-04-29,FR,0.0796338371516124
2019-04-29,GB,0.277413487246994
2019-04-29,IE,0.392919481039513
2019-04-29,US,1.64245118046635
2019-04-29,JP,0.622489527501868
2019-04-30,AU,0.457946947081406
2019-04-30,CA,0.545806451886335
2019-04-30,DE,0.666379967145862
2019-04-30,FR,0.0799626174547739
2019-04-30,GB,0.278333056975744
2019-04-30,IE,0.387467456339527
2019-04-30,US,1.63380514910686
2019-04-30,JP,0.62184872015625
2019-05-01,AU,0.44887818164368
2019-05-01,CA,0.546373534909421
2019-05-01,DE,0.679742143606979
2019-05-01,FR,0.0806069567975794
2019-05-01,GB,0.279296390017136
2019-05-01,IE,0.382844113277868
2019-05-01,US,1.62419917380466
2019-05-01,JP,0.624866044359347
2019-05-02,AU,0.443256099476077
2019-05-02,CA,0.548407555668004
2019-05-02,DE,0.680069335849257
2019-05-02,FR,0.0821400431499197
2019-05-02,GB,0.27857478066913
2019-05-02,IE,0.384168797977125
2019-05-02,US,1.61410329541184
2019-05-02,JP,0.626570204947336
2019-05-03,AU,0.443352344800928
2019-05-03,CA,0.554277880737608
2019-05-03,DE,0.68172754364957
2019-05-03,FR,0.0836228446591452
2019-05-03,GB,0.278466118587614
2019-05-03,IE,0.380138189864071
2019-05-03,US,1.60637977306703
2019-05-03,JP,0.632493917698583
2019-05-04,AU,0.446156195416507
2019-05-04,CA,0.552886541260243
2019-05-04,DE,0.687359088094969
2019-05-04,FR,0.083788903439761
2019-05-04,GB,0.278599054782877
2019-05-04,IE,0.376053153360329
2019-05-04,US,1.60776478406079
2019-05-04,JP,0.669295540987878
2019-05-05,AU,0.443252609789643
2019-05-05,CA,0.552235912479948
2019-05-05,DE,0.685357734383612
2019-05-05,FR,0.0840526774624844
2019-05-05,GB,0.278602829130011
2019-05-05,IE,0.376109690014235
2019-05-05,US,1.60552705682404
2019-05-05,JP,0.682072563607515
2019-05-06,AU,0.442899853045657
2019-05-06,CA,0.555039007380129
2019-05-06,DE,0.680946046123715
2019-05-06,FR,0.0846881552481491
2019-05-06,GB,0.280764054294797
2019-05-06,IE,0.377529418107634
2019-05-06,US,1.59441698412762
2019-05-06,JP,0.690805638530362
2019-05-07,AU,0.439721473100088
2019-05-07,CA,0.557192053307695
2019-05-07,DE,0.675492150920466
2019-05-07,FR,0.0846975726680763
2019-05-07,GB,0.281597380165488
2019-05-07,IE,0.383641715185256
2019-05-07,US,1.5961290728668
2019-05-07,JP,0.700095034528917
2019-05-08,AU,0.437219061732817
2019-05-08,CA,0.554732586882143
2019-05-08,DE,0.663955905436096
2019-05-08,FR,0.0847763428589575
2019-05-08,GB,0.2829057033713
2019-05-08,IE,0.387997842194273
2019-05-08,US,1.59475709869102
2019-05-08,JP,0.705924458240587
2019-05-09,AU,0.434621928651235
2019-05-09,CA,0.554127163791316
2019-05-09,DE,0.66065534128209
2019-05-09,FR,0.0841780759590351
2019-05-09,GB,0.285908109367659
2019-05-09,IE,0.38776009108445
2019-05-09,US,1.59712965485959
2019-05-09,JP,0.711008639904753
2019-05-10,AU,0.43291379521529
2019-05-10,CA,0.551803370144866
2019-05-10,DE,0.659042401760128
2019-05-10,FR,0.0839453709727458
2019-05-10,GB,0.286468249804308
2019-05-10,IE,0.394051352320748
2019-05-10,US,1.60027848165079
2019-05-10,JP,0.710521544014638
2019-05-11,AU,0.42612204080762
2019-05-11,CA,0.549809665924502
2019-05-11,DE,0.645520967517457
2019-05-11,FR,0.0826574913331337
2019-05-11,GB,0.287938459849038
2019-05-11,IE,0.393049337637596
2019-05-11,US,1.59995044878818
2019-05-11,JP,0.677770901391869
2019-05-12,AU,0.426174341678253
2019-05-12,CA,0.549132758725866
2019-05-12,DE,0.640604417642001
2019-05-12,FR,0.0807738617675496
2019-05-12,GB,0.287181707171406
2019-05-12,IE,0.387007296681118
2019-05-12,US,1.58857100701286
2019-05-12,JP,0.676674781114644
2019-05-13,AU,0.428682796080353
2019-05-13,CA,0.549044046624115
2019-05-13,DE,0.644772034543089
2019-05-13,FR,0.0815372632706734
2019-05-13,GB,0.283577645713333
2019-05-13,IE,0.383232405798758
2019-05-13,US,1.59194323526126
2019-05-13,JP,0.673597735841717
2019-05-14,AU,0.430219996341067
2019-05-14,CA,0.549578810415098
2019-05-14,DE,0.649822555443836
2019-05-14,FR,0.0797752898271573
2019-05-14,GB,0.281797001486507
2019-05-14,IE,0.374870231673276
2019-05-14,US,1.59160943537906
2019-05-14,JP,0.675561286952889
2019-05-15,AU,0.434954234285171
2019-05-15,CA,0.551940854381846
2019-05-15,DE,0.644887286536509
2019-05-15,FR,0.0780521106171863
2019-05-15,GB,0.279306864315788
2019-05-15,IE,0.369217994346141
2019-05-15,US,1.59133155055188
2019-05-15,JP,0.669976769228016
2019-05-16,AU,0.434913351007408
2019-05-16,CA,0.552225105093686
2019-05-16,DE,0.647414151784765
2019-05-16,FR,0.0773271042119636
2019-05-16,GB,0.278855292242581
2019-05-16,IE,0.366599791392247
2019-05-16,US,1.58806353497692
2019-05-16,JP,0.667748856677561
2019-05-17,AU,0.431290652638809
2019-05-17,CA,0.550602495882807
2019-05-17,DE,0.645093175784182
2019-05-17,FR,0.0766704834902034
2019-05-17,GB,0.281079753787813
2019-05-17,IE,0.354872521136577
2019-05-17,US,1.58668276483435
2019-05-17,JP,0.662522556047418
2019-05-18,AU,0.435833031422428
2019-05-18,CA,0.553367790542443
2019-05-18,DE,0.651859407481089
2019-05-18,FR,0.0767945255506492
2019-05-18,GB,0.27901424610313
2019-05-18,IE,0.352450232024836
2019-05-18,US,1.58398309787728
2019-05-18,JP,0.65814970712723
2019-05-19,AU,0.434514817247625
2019-05-19,CA,0.555138049765641
2019-05-19,DE,0.647389311120556
2019-05-19,FR,0.0792819084897546
2019-05-19,GB,0.280510565613911
2019-05-19,IE,0.355257286340953
2019-05-19,US,1.58543622549465
2019-05-19,JP,0.650024196434199
2019-05-20,AU,0.432164646396638
2019-05-20,CA,0.561336503487239
2019-05-20,DE,0.643365942278037
2019-05-20,FR,0.0792281244433926
2019-05-20,GB,0.280551763485113
2019-05-20,IE,0.351037612448835
2019-05-20,US,1.57798314589084
2019-05-20,JP,0.648172773175762
2019-05-21,AU,0.431148237435212
2019-05-21,CA,0.56169024612332
2019-05-21,DE,0.641316921366339
2019-05-21,FR,0.0799918264915932
2019-05-21,GB,0.279229681442141
2019-05-21,IE,0.349616854458408
2019-05-21,US,1.56893208089913
2019-05-21,JP,0.644918835245143
2019-05-22,AU,0.425840174898568
2019-05-22,CA,0.561677311898029
2019-05-22,DE,0.644082806351002
2019-05-22,FR,0.0807305399771518
2019-05-22,GB,0.278971846664015
2019-05-22,IE,0.353587501478523
2019-05-22,US,1.56034889250697
2019-05-22,JP,0.643347717117559
2019-05-23,AU,0.425504106573295
2019-05-23,CA,0.560116117157615
2019-05-23,DE,0.640125480944334
2019-05-23,FR,0.0804257749921835
2019-05-23,GB,0.277279166930002
2019-05-23,IE,0.352388415501123
2019-05-23,US,1.5515492192696
2019-05-23,JP,0.639322758721425
2019-05-24,AU,0.424085459692424
2019-05-24,CA,0.560582052233028
2019-05-24,DE,0.630692901467961
2019-05-24,FR,0.079444771189844
2019-05-24,GB,0.273980924765373
2019-05-24,IE,0.35702058480738
2019-05-24,US,1.53778900483901
2019-05-24,JP,0.642628346997669
2019-05-25,AU,0.417981550917356
2019-05-25,CA,0.560065795391665
2019-05-25,DE,0.625269123147685
2019-05-25,FR,0.0806284211005516
2019-05-25,GB,0.270821356902218
2019-05-25,IE,0.353206075513998
2019-05-25,US,1.52611762786355
2019-05-25,JP,0.638735082118512
2019-05-26,AU,0.417983449216114
2019-05-26,CA,0.557911599493612
2019-05-26,DE,0.618657543392796
2019-05-26,FR,0.0782878714084711
2019-05-26,GB,0.266776890648922
2019-05-26,IE,0.352712360599748
2019-05-26,US,1.51078012026268
2019-05-26,JP,0.636955602105147
2019-05-27,AU,0.415798631825525
2019-05-27,CA,0.54770419024968
2019-05-27,DE,0.611741496091365
2019-05-27,FR,0.0777487573798105
2019-05-27,GB,0.26755192815415
2019-05-27,IE,0.351270950143208
2019-05-27,US,1.5046178251927
2019-05-27,JP,0.632936546732488
2019-05-28,AU,0.414153193593906
2019-05-28,CA,0.545320345358896
2019-05-28,DE,0.600720376927608
2019-05-28,FR,0.0780952472743612
2019-05-28,GB,0.269256977728239
2019-05-28,IE,0.348479938383048
2019-05-28,US,1.50232682038974
2019-05-28,JP,0.63036106476044
2019-05-29,AU,0.413947958830589
2019-05-29,CA,0.54216655972261
2019-05-29,DE,0.598151754770939
2019-05-29,FR,0.0777975052761425
2019-05-29,GB,0.268341328362419
2019-05-29,IE,0.340766494214866
2019-05-29,US,1.50129670370414
2019-05-29,JP,0.634685417197246
2019-05-30,AU,0.41107866615501
2019-05-30,CA,0.541965265974893
2019-05-30,DE,0.613981638436848
2019-05-30,FR,0.0779333716731139
2019-05-30,GB,0.267903349326199
2019-05-30,IE,0.340354454763573
2019-05-30,US,1.49827167588572
2019-05-30,JP,0.640615944948115
2019-05-31,AU,0.413293371541818
2019-05-31,CA,0.541889277611151
2019-05-31,DE,0.627210538763579
2019-05-31,FR,0.0791906863089844
2019-05-31,GB,0.267131307105025
2019-05-31,IE,0.342945096017771
2019-05-31,US,1.49887570805968
2019-05-31,JP,0.640086693938848
2019-06-01,AU,0.416953777003995
2019-06-01,CA,0.540883693190675
2019-06-01,DE,0.633154467855383
2019-06-01,FR,0.0813613199455097
2019-06-01,GB,0.267960350872847
2019-06-01,IE,0.353093336389187
2019-06-01,US,1.4966296919031
2019-06-01,JP,0.649474363660326
2019-06-02,AU,0.415280656839042
2019-06-02,CA,0.542483336143491
2019-06-02,DE,0.641108041101363
2019-06-02,FR,0.0837265261527767
2019-06-02,GB,0.269622949755282
2019-06-02,IE,0.347479779872714
2019-06-02,US,1.5003093747497
2019-06-02,JP,0.652837843268153
2019-06-03,AU,0.416705740395202
2019-06-03,CA,0.545700777115643
2019-06-03,DE,0.648546208604127
2019-06-03,FR,0.0846494757875485
2019-06-03,GB,0.267992803852607
2019-06-03,IE,0.353263583909567
2019-06-03,US,1.49753758216878
2019-06-03,JP,0.654161989728876
2019-06-04,AU,0.414125419962279
2019-06-04,CA,0.545625216776998
2019-06-04,DE,0.655617220172001
2019-06-04,FR,0.0853990892388197
2019-06-04,GB,0.265061468410989
2019-06-04,IE,0.353208311458956
2019-06-04,US,1.49320231441138
2019-06-04,JP,0.651663398874822
2019-06-05,AU,0.415993899613873
2019-06-05,CA,0.549146040206554
2019-06-05,DE,0.652208781152029
2019-06-05,FR,0.0868061866181346
2019-06-05,GB,0.264131684170865
2019-06-05,IE,0.354017112739841
2019-06-05,US,1.49031139093204
2019-06-05,JP,0.648519089577532
2019-06-06,AU,0.415977137260446
2019-06-06,CA,0.548512798306998
2019-06-06,DE,0.636118146646671
2019-06-06,FR,0.0876000550051563
2019-06-06,GB,0.263999700833688
2019-06-06,IE,0.349638517230902
2019-06-06,US,1.4891311846943
2019-06-06,JP,0.645636988172057
2019-06-07,AU,0.421560652695821
2019-06-07,CA,0.547025457256216
2019-06-07,DE,0.62608444526578
2019-06-07,FR,0.0862897534450182
2019-06-07,GB,0.264469681888611
2019-06-07,IE,0.338413767434421
2019-06-07,US,1.48619522775872
2019-06-07,JP,0.642203115735528
2019-06-08,AU,0.421116365379818
2019-06-08,CA,0.546266032514972
2019-06-08,DE,0.616998915340388
2019-06-08,FR,0.0848589326436215
2019-06-08,GB,0.264795620626343
2019-06-08,IE,0.332784507463688
2019-06-08,US,1.48951296345071
2019-06-08,JP,0.643727209578162
2019-06-09,AU,0.424222673481747
2019-06-09,CA,0.546132375548399
2019-06-09,DE,0.615140166353468
2019-06-09,FR,0.0852839997777201
2019-06-09,GB,0.260928289530082
2019-06-09,IE,0.334517884624366
2019-06-09,US,1.49123373820832
2019-06-09,JP,0.642185256063556
2019-06-10,AU,0.426753835121539
2019-06-10,CA,0.545417185224782
2019-06-10,DE,0.622880512207836
2019-06-10,FR,0.0854636240549777
2019-06-10,GB,0.259811844575051
2019-06-10,IE,0.332551493229232
2019-06-10,US,1.48959565497169
2019-06-10,JP,0.643548583611963
2019-06-11,AU,0.429046855726714
2019-06-11,CA,0.545561429740902
2019-06-11,DE,0.62096137089195
2019-06-11,FR,0.0851227149884314
2019-06-11,GB,0.260737514420479
2019-06-11,IE,0.335217165039408
2019-06-11,US,1.48592628561056
2019-06-11,JP,0.648532967285721
2019-06-12,AU,0.42846677688877
2019-06-12,CA,0.541399433234322
2019-06-12,DE,0.622122322745006
2019-06-12,FR,0.0864928814619158
2019-06-12,GB,0.262124633306499
2019-06-12,IE,0.33303486899883
2019-06-12,US,1.48305505037252
2019-06-12,JP,0.652065201607287
2019-06-13,AU,0.4328858295936
2019-06-13,CA,0.540630082787807
2019-06-13,DE,0.619200800170235
2019-06-13,FR,0.0870847816532623
2019-06-13,GB,0.261852728309189
2019-06-13,IE,0.335254994670052
2019-06-13,US,1.48217346761067
2019-06-13,JP,0.654990836829322
2019-06-14,AU,0.427657895987112
2019-06-14,CA,0.543460024844265
2019-06-14,DE,0.623642893435171
2019-06-14,FR,0.0898233438751428
2019-06-14,GB,0.261390178112033
2019-06-14,IE,0.338974410041011
2019-06-14,US,1.48391016130161
2019-06-14,JP,0.660389937508531
2019-06-15,AU,0.424583718758749
2019-06-15,CA,0.54272892249934
2019-06-15,DE,0.621278951459935
2019-06-15,FR,0.092078006271114
2019-06-15,GB,0.259521013639931
2019-06-15,IE,0.334838119130271
2019-06-15,US,1.47593722364199
2019-06-15,JP,0.657637951275224
2019-06-16,AU,0.418561632457651
2019-06-16,CA,0.544009503779432
2019-06-16,DE,0.625024870508215
2019-06-16,FR,0.0914551410897318
2019-06-16,GB,0.261221247488728
2019-06-16,IE,0.339970843885346
2019-06-16,US,1.47104170417128
2019-06-16,JP,0.66075936823911
2019-06-17,AU,0.417520432568439
2019-06-17,CA,0.542230663887893
2019-06-17,DE,0.612494584067495
2019-06-17,FR,0.0917993562544281
2019-06-17,GB,0.259680311648794
2019-06-17,IE,0.336441492382056
2019-06-17,US,1.46946453132178
2019-06-17,JP,0.662930474935803
2019-06-18,AU,0.415999077411928
2019-06-18,CA,0.541672055228962
2019-06-18,DE,0.610077414172725
2019-06-18,FR,0.0920410604295602
2019-06-18,GB,0.258356767120381
2019-06-18,IE,0.330584263025647
2019-06-18,US,1.48373204324256
2019-06-18,JP,0.660556004083189
2019-06-19,AU,0.411858290671137
2019-06-19,CA,0.544459032835258
2019-06-19,DE,0.605303218352206
2019-06-19,FR,0.0910398161497137
2019-06-19,GB,0.256244196494822
2019-06-19,IE,0.329576623109242
2019-06-19,US,1.48076716792917
2019-06-19,JP,0.665461038648944
2019-06-20,AU,0.408289544298835
2019-06-20,CA,0.546525608195676
2019-06-20,DE,0.616423054600135
2019-06-20,FR,0.0901099632189246
2019-06-20,GB,0.253594824265513
2019-06-20,IE,0.328245453710053
2019-06-20,US,1.49185145016165
2019-06-20,JP,0.668100201850438
2019-06-21,AU,0.407485737679537
2019-06-21,CA,0.543683382138083
2019-06-21,DE,0.626162781740508
2019-06-21,FR,0.0891314853413331
2019-06-21,GB,0.253064482456728
2019-06-21,IE,0.327931403634472
2019-06-21,US,1.49302468637242
2019-06-21,JP,0.665601257823396
2019-06-22,AU,0.404368469009302
2019-06-22,CA,0.542101018180591
2019-06-22,DE,0.637732905960126
2019-06-22,FR,0.0868982441632799
2019-06-22,GB,0.252646081028362
2019-06-22,IE,0.331910495643105
2019-06-22,US,1.49810906225183
2019-06-22,JP,0.667112758483582
2019-06-23,AU,0.407901552136792
2019-06-23,CA,0.541489831800194
2019-06-23,DE,0.641888401378086
2019-06-23,FR,0.0853676989205178
2019-06-23,GB,0.251811325926235
2019-06-23,IE,0.32805793479341
2019-06-23,US,1.53484187856566
2019-06-23,JP,0.668621817018208
2019-06-24,AU,0.405555309724713
2019-06-24,CA,0.544900632301864
2019-06-24,DE,0.644605666326287
2019-06-24,FR,0.083894333634687
2019-06-24,GB,0.251346650779362
2019-06-24,IE,0.329333621253181
2019-06-24,US,1.53586200095387
2019-06-24,JP,0.668351092613519
2019-06-25,AU,0.404999950695814
2019-06-25,CA,0.543489838840647
2019-06-25,DE,0.652208368829034
2019-06-25,FR,0.0835601806153055
2019-06-25,GB,0.251175676556097
2019-06-25,IE,0.340947737694972
2019-06-25,US,1.5575079889829
2019-06-25,JP,0.672683704520754
2019-06-26,AU,0.405171758609124
2019-06-26,CA,0.541083668905759
2019-06-26,DE,0.657304698942268
2019-06-26,FR,0.082484251401029
2019-06-26,GB,0.251315934840389
2019-06-26,IE,0.343206940623353
2019-06-26,US,1.58262871784949
2019-06-26,JP,0.670777536386961
2019-06-27,AU,0.40658754348243
2019-06-27,CA,0.540586598147315
2019-06-27,DE,0.645743975368784
2019-06-27,FR,0.0834158005377519
2019-06-27,GB,0.252710449812913
2019-06-27,IE,0.351951268404969
2019-06-27,US,1.57248563322619
2019-06-27,JP,0.671166564227404
2019-06-28,AU,0.407809501281981
2019-06-28,CA,0.54223612392147
2019-06-28,DE,0.640103134955627
2019-06-28,FR,0.0832952786069618
2019-06-28,GB,0.251726980204899
2019-06-28,IE,0.355928117802641
2019-06-28,US,1.57347716916915
2019-06-28,JP,0.672370708860454
2019-06-29,AU,0.410286378999517
2019-06-29,CA,0.546548526055718
2019-06-29,DE,0.64009134288282
2019-06-29,FR,0.0837249009225593
2019-06-29,GB,0.249827549816104
2019-06-29,IE,0.354207936821524
2019-06-29,US,1.60261085059465
2019-06-29,JP,0.6678434526363
2019-06-30,AU,0.400477236467356
2019-06-30,CA,0.549454605170061
2019-06-30,DE,0.642094163525168
2019-06-30,FR,0.0840212034246967
2019-06-30,GB,0.249016121729836
2019-06-30,IE,0.352124013069296
2019-06-30,US,1.5784263956542
2019-06-30,JP,0.666378731893575
2019-07-01,AU,0.401342147214399
2019-07-01,CA,0.556060893232623
2019-07-01,DE,0.643853014786395
2019-07-01,FR,0.0848658393867025
2019-07-01,GB,0.24944766440825
2019-07-01,IE,0.352006878819059
2019-07-01,US,1.58295100268116
2019-07-01,JP,0.668154107204795
2019-07-02,AU,0.404414352359182
2019-07-02,CA,0.561987868160997
2019-07-02,DE,0.644063920621665
2019-07-02,FR,0.0839856035243353
2019-07-02,GB,0.248960933574074
2019-07-02,IE,0.345120073784653
2019-07-02,US,1.5484435634242
2019-07-02,JP,0.662028205177318
2019-07-03,AU,0.40255157193701
2019-07-03,CA,0.566613487742762
2019-07-03,DE,0.643929806692393
2019-07-03,FR,0.0836801549100374
2019-07-03,GB,0.248806414204081
2019-07-03,IE,0.348695327821841
2019-07-03,US,1.52350536127749
2019-07-03,JP,0.654154324485444
2019-07-04,AU,0.4033715758843
2019-07-04,CA,0.56852479393746
2019-07-04,DE,0.646320234395542
2019-07-04,FR,0.0812039991334091
2019-07-04,GB,0.247832884424521
2019-07-04,IE,0.343537618494668
2019-07-04,US,1.52500585984519
2019-07-04,JP,0.646806150529589
2019-07-05,AU,0.401143933801505
2019-07-05,CA,0.568967371466215
2019-07-05,DE,0.640873000876243
2019-07-05,FR,0.0802561629419953
2019-07-05,GB,0.248453757556971
2019-07-05,IE,0.34340577253038
2019-07-05,US,1.5280349578665
2019-07-05,JP,0.646783386872964
2019-07-06,AU,0.398998592844521
2019-07-06,CA,0.567689280978227
2019-07-06,DE,0.636302277082525
2019-07-06,FR,0.0801973244429024
2019-07-06,GB,0.251042117138364
2019-07-06,IE,0.346216422878223
2019-07-06,US,1.51060645195884
2019-07-06,JP,0.646576362119299
2019-07-07,AU,0.405718800807907
2019-07-07,CA,0.564893648190721
2019-07-07,DE,0.6307057496613
2019-07-07,FR,0.0816245344093032
2019-07-07,GB,0.252391406691509
2019-07-07,IE,0.349247005943921
2019-07-07,US,1.51848628747805
2019-07-07,JP,0.643638929233445
2019-07-08,AU,0.404517324879358
2019-07-08,CA,0.556623479607972
2019-07-08,DE,0.628812514077992
2019-07-08,FR,0.081275448754984
2019-07-08,GB,0.253378253932733
2019-07-08,IE,0.35638306501184
2019-07-08,US,1.52732808100959
2019-07-08,JP,0.635865090226682
2019-07-09,AU,0.397088827351165
2019-07-09,CA,0.555272256020069
2019-07-09,DE,0.625025118086719
2019-07-09,FR,0.081689203989097
2019-07-09,GB,0.255455921891689
2019-07-09,IE,0.356400155025281
2019-07-09,US,1.53894175024367
2019-07-09,JP,0.636185818596456
2019-07-10,AU,0.396696325715889
2019-07-10,CA,0.554342982093164
2019-07-10,DE,0.620647077912979
2019-07-10,FR,0.0825829071390509
2019-07-10,GB,0.255211330987408
2019-07-10,IE,0.349956479585163
2019-07-10,US,1.55508054012742
2019-07-10,JP,0.63770661828809
2019-07-11,AU,0.390934396469555
2019-07-11,CA,0.556250800549451
2019-07-11,DE,0.61990585709391
2019-07-11,FR,0.083899725542718
2019-07-11,GB,0.256811098008555
2019-07-11,IE,0.350461299558144
2019-07-11,US,1.56464531332989
2019-07-11,JP,0.638071468582042
2019-07-12,AU,0.389442971667025
2019-07-12,CA,0.555563600563624
2019-07-12,DE,0.619060078638869
2019-07-12,FR,0.0855524598905264
2019-07-12,GB,0.257096941543525
2019-07-12,IE,0.355397321501047
2019-07-12,US,1.57066370032893
2019-07-12,JP,0.63804638001626
2019-07-13,AU,0.392362329837027
2019-07-13,CA,0.555398553786818
2019-07-13,DE,0.614698609999478
2019-07-13,FR,0.0858273305413092
2019-07-13,GB,0.257315860534716
2019-07-13,IE,0.368511093655459
2019-07-13,US,1.57772813722341
2019-07-13,JP,0.639190227940208
2019-07-14,AU,0.392151600645967
2019-07-14,CA,0.557131198305698
2019-07-14,DE,0.609018225275761
2019-07-14,FR,0.0863875912245961
2019-07-14,GB,0.258188065597603
2019-07-14,IE,0.370120261620088
2019-07-14,US,1.57685063163279
2019-07-14,JP,0.639346275206001
2019-07-15,AU,0.393701961604763
2019-07-15,CA,0.559492500777486
2019-07-15,DE,0.603557160423393
2019-07-15,FR,0.0864622868480736
2019-07-15,GB,0.256309802322749
2019-07-15,IE,0.363456719375396
2019-07-15,US,1.57272091475508
2019-07-15,JP,0.643387946433254
2019-07-16,AU,0.400359804251186
2019-07-16,CA,0.560262494648995
2019-07-16,DE,0.600077293141927
2019-07-16,FR,0.0871281651683879
2019-07-16,GB,0.252969156867031
2019-07-16,IE,0.366526763414812
2019-07-16,US,1.5756866894302
2019-07-16,JP,0.648406760685074
2019-07-17,AU,0.409538514455327
2019-07-17,CA,0.559158230445788
2019-07-17,DE,0.600959227950461
2019-07-17,FR,0.0873705450739567
2019-07-17,GB,0.25274779378683
2019-07-17,IE,0.37293975778197
2019-07-17,US,1.58417371911614
2019-07-17,JP,0.649174168373061
2019-07-18,AU,0.411000972627796
2019-07-18,CA,0.560827858127214
2019-07-18,DE,0.598468984245785
2019-07-18,FR,0.0874122756853985
2019-07-18,GB,0.25161251536434
2019-07-18,IE,0.38021257466832
2019-07-18,US,1.61503290349144
2019-07-18,JP,0.651198860828024
2019-07-19,AU,0.411151224896048
2019-07-19,CA,0.563863296747569
2019-07-19,DE,0.597723466543685
2019-07-19,FR,0.0867063710210058
2019-07-19,GB,0.250823573359964
2019-07-19,IE,0.384281780944584
2019-07-19,US,1.62208617034459
2019-07-19,JP,0.650409173259339
2019-07-20,AU,0.406343033377237
2019-07-20,CA,0.568707437905165
2019-07-20,DE,0.598106847109621
2019-07-20,FR,0.0870249699785147
2019-07-20,GB,0.250755479077413
2019-07-20,IE,0.365096891607738
2019-07-20,US,1.66496457149301
2019-07-20,JP,0.645681825291897
2019-07-21,AU,0.405009219827299
2019-07-21,CA,0.572516502616904
2019-07-21,DE,0.60167791365849
2019-07-21,FR,0.0865621897946165
2019-07-21,GB,0.2499314239463
2019-07-21,IE,0.37231361806772
2019-07-21,US,1.67627495776698
2019-07-21,JP,0.645939043341769
2019-07-22,AU,0.402614211675188
2019-07-22,CA,0.575309633459325
2019-07-22,DE,0.606335423279346
2019-07-22,FR,0.086344602782665
2019-07-22,GB,0.273765538729374
2019-07-22,IE,0.375799296561916
2019-07-22,US,1.69705984963925
2019-07-22,JP,0.648212341507158
2019-07-23,AU,0.40128951691206
2019-07-23,CA,0.57736355457062
2019-07-23,DE,0.606820539081164
2019-07-23,FR,0.087845516050227
2019-07-23,GB,0.276416334149185
2019-07-23,IE,0.377184831806038
2019-07-23,US,1.73984989641502
2019-07-23,JP,0.646112926917616
2019-07-24,AU,0.396647484549834
2019-07-24,CA,0.580351055151489
2019-07-24,DE,0.6051907606997
2019-07-24,FR,0.0902556821529099
2019-07-24,GB,0.277466675480804
2019-07-24,IE,0.375101319178274
2019-07-24,US,1.77401788350269
2019-07-24,JP,0.647327924125751
2019-07-25,AU,0.395492821171086
2019-07-25,CA,0.578238939676971
2019-07-25,DE,0.609071871745519
2019-07-25,FR,0.0917413713661847
2019-07-25,GB,0.276844571418432
2019-07-25,IE,0.37422599692212
2019-07-25,US,1.77316646276157
2019-07-25,JP,0.648291602905757
2019-07-26,AU,0.397074088389141
2019-07-26,CA,0.579852840344358
2019-07-26,DE,0.608279608657068
2019-07-26,FR,0.0918736753560832
2019-07-26,GB,0.277743028589019
2019-07-26,IE,0.36923121420894
2019-07-26,US,1.81560917126237
2019-07-26,JP,0.651464173319228
2019-07-27,AU,0.399329473999134
2019-07-27,CA,0.581067637726084
2019-07-27,DE,0.610474299598541
2019-07-27,FR,0.0912564088361374
2019-07-27,GB,0.279136541638086
2019-07-27,IE,0.379249787868081
2019-07-27,US,1.78724656988233
2019-07-27,JP,0.655813590570402
2019-07-28,AU,0.402894053495501
2019-07-28,CA,0.584280079147617
2019-07-28,DE,0.607099854219541
2019-07-28,FR,0.0921525402138825
2019-07-28,GB,0.280472674846894
2019-07-28,IE,0.375346812436054
2019-07-28,US,1.79600236770967
2019-07-28,JP,0.656832599327741
2019-07-29,AU,0.40585837265266
2019-07-29,CA,0.585734375145097
2019-07-29,DE,0.60498920744643
2019-07-29,FR,0.092790038159356
2019-07-29,GB,0.258452095105677
2019-07-29,IE,0.377539640287992
2019-07-29,US,1.7924895134311
2019-07-29,JP,0.653950983391341
2019-07-30,AU,0.40530209897304
2019-07-30,CA,0.585546974789006
2019-07-30,DE,0.602995057043383
2019-07-30,FR,0.0912837074484279
2019-07-30,GB,0.258798570029751
2019-07-30,IE,0.376890577540152
2019-07-30,US,1.76945008109592
2019-07-30,JP,0.667371194120384
2019-07-31,AU,0.406134915778794
2019-07-31,CA,0.588815276676165
2019-07-31,DE,0.605286611814409
2019-07-31,FR,0.0883906389172284
2019-07-31,GB,0.259798386111602
2019-07-31,IE,0.379098069889233
2019-07-31,US,1.75513628477124
2019-07-31,JP,0.67110844325692
2019-08-01,AU,0.408484015964477
2019-08-01,CA,0.589891179979777
2019-08-01,DE,0.601828385718208
2019-08-01,FR,0.0882858743570593
2019-08-01,GB,0.262658358473166
2019-08-01,IE,0.376571285989051
2019-08-01,US,1.74115560732656
2019-08-01,JP,0.66846486137659
2019-08-02,AU,0.410854057769665
2019-08-02,CA,0.591358393702598
2019-08-02,DE,0.603220070016997
2019-08-02,FR,0.0876711829013166
2019-08-02,GB,0.264143384945215
2019-08-02,IE,0.381209265668992
2019-08-02,US,1.71305972932572
2019-08-02,JP,0.665743589611632
2019-08-03,AU,0.410193539078013
2019-08-03,CA,0.591019053880661
2019-08-03,DE,0.605890814497247
2019-08-03,FR,0.0897242738022511
2019-08-03,GB,0.264133613067764
2019-08-03,IE,0.381561741349126
2019-08-03,US,1.73637594256618
2019-08-03,JP,0.662738612767689
2019-08-04,AU,0.406591654902455
2019-08-04,CA,0.587830930274268
2019-08-04,DE,0.612555965473772
2019-08-04,FR,0.0906241847147015
2019-08-04,GB,0.263607871476157
2019-08-04,IE,0.384023250398458
2019-08-04,US,1.76978693277404
2019-08-04,JP,0.658669459290575
2019-08-05,AU,0.400680245002971
2019-08-05,CA,0.592509955141196
2019-08-05,DE,0.614294959957409
2019-08-05,FR,0.090388618699457
2019-08-05,GB,0.263771478534194
2019-08-05,IE,0.395282183210481
2019-08-05,US,1.80980832622317
2019-08-05,JP,0.655561198323429
2019-08-06,AU,0.400899761085321
2019-08-06,CA,0.594939149849981
2019-08-06,DE,0.618483664583748
2019-08-06,FR,0.0903034159403636
2019-08-06,GB,0.263264969483798
2019-08-06,IE,0.399253929867587
2019-08-06,US,1.80857791818026
2019-08-06,JP,0.636759492086171
2019-08-07,AU,0.39944269911192
2019-08-07,CA,0.595189247371159
2019-08-07,DE,0.618375405622695
2019-08-07,FR,0.0919315967246287
2019-08-07,GB,0.262920582956552
2019-08-07,IE,0.397456162812737
2019-08-07,US,1.79860120630325
2019-08-07,JP,0.629126011788828
2019-08-08,AU,0.399076419784845
2019-08-08,CA,0.598161354988841
2019-08-08,DE,0.622282606015926
2019-08-08,FR,0.0907262551610852
2019-08-08,GB,0.262269399798564
2019-08-08,IE,0.394911708876782
2019-08-08,US,1.79993944586103
2019-08-08,JP,0.628154049143587
2019-08-09,AU,0.396291045478064
2019-08-09,CA,0.598893369345643
2019-08-09,DE,0.622389440025591
2019-08-09,FR,0.0913250121578059
2019-08-09,GB,0.261272206874656
2019-08-09,IE,0.389426317914839
2019-08-09,US,1.81377095079227
2019-08-09,JP,0.622775119809479
2019-08-10,AU,0.399609049672682
2019-08-10,CA,0.606256901534405
2019-08-10,DE,0.620524399149705
2019-08-10,FR,0.0894818795641491
2019-08-10,GB,0.261625066130513
2019-08-10,IE,0.385498031767929
2019-08-10,US,1.79605486926095
2019-08-10,JP,0.621019793221826
2019-08-11,AU,0.402331679888447
2019-08-11,CA,0.615416615536845
2019-08-11,DE,0.617151280398782
2019-08-11,FR,0.0875794886208815
2019-08-11,GB,0.262522688160127
2019-08-11,IE,0.385577754812601
2019-08-11,US,1.76757801420152
2019-08-11,JP,0.62412132154819
2019-08-12,AU,0.402244358042355
2019-08-12,CA,0.61242145264059
2019-08-12,DE,0.619728412485048
2019-08-12,FR,0.0884936412171841
2019-08-12,GB,0.263857673193617
2019-08-12,IE,0.373576360054502
2019-08-12,US,1.73154610770582
2019-08-12,JP,0.625862741839936
2019-08-13,AU,0.406310968706249
2019-08-13,CA,0.612387462122146
2019-08-13,DE,0.623958701238161
2019-08-13,FR,0.0888171932394205
2019-08-13,GB,0.26432832724581
2019-08-13,IE,0.37180727802817
2019-08-13,US,1.73012843100962
2019-08-13,JP,0.62890804470903
2019-08-14,AU,0.407107474598812
2019-08-14,CA,0.614681325000815
2019-08-14,DE,0.628076361367554
2019-08-14,FR,0.089953941858023
2019-08-14,GB,0.265281663301
2019-08-14,IE,0.377476262709525
2019-08-14,US,1.73108154738582
2019-08-14,JP,0.637010500378974
2019-08-15,AU,0.406002617801838
2019-08-15,CA,0.61724297080549
2019-08-15,DE,0.632102446240326
2019-08-15,FR,0.0913349025058692
2019-08-15,GB,0.263629900759724
2019-08-15,IE,0.381171119265151
2019-08-15,US,1.73460846585835
2019-08-15,JP,0.645997348306005
2019-08-16,AU,0.408500270261393
2019-08-16,CA,0.61807106388014
2019-08-16,DE,0.639816607449945
2019-08-16,FR,0.0921560076031426
2019-08-16,GB,0.264539818731544
2019-08-16,IE,0.383907827753291
2019-08-16,US,1.71930466152319
2019-08-16,JP,0.659607356039774
2019-08-17,AU,0.406435255761518
2019-08-17,CA,0.617287834785117
2019-08-17,DE,0.639976891902149
2019-08-17,FR,0.0933174637597844
2019-08-17,GB,0.26411598335992
2019-08-17,IE,0.389342187911128
2019-08-17,US,1.72178866169384
2019-08-17,JP,0.66798200802363
2019-08-18,AU,0.406681403363967
2019-08-18,CA,0.613282681307311
2019-08-18,DE,0.646055633650549
2019-08-18,FR,0.0944308803816152
2019-08-18,GB,0.264886895495276
2019-08-18,IE,0.388563588113947
2019-08-18,US,1.71878365533531
2019-08-18,JP,0.671885706347541
2019-08-19,AU,0.407696147875678
2019-08-19,CA,0.611997479339228
2019-08-19,DE,0.649172427419
2019-08-19,FR,0.0946148888840757
2019-08-19,GB,0.265426722662611
2019-08-19,IE,0.390950083452145
2019-08-19,US,1.72379921653426
2019-08-19,JP,0.67690810985332
2019-08-20,AU,0.401066829093392
2019-08-20,CA,0.612828825264885
2019-08-20,DE,0.651547307319962
2019-08-20,FR,0.0960495410617643
2019-08-20,GB,0.266057271013658
2019-08-20,IE,0.40049438888709
2019-08-20,US,1.72607984801651
2019-08-20,JP,0.682324062651804
2019-08-21,AU,0.397097527652079
2019-08-21,CA,0.61003691160412
2019-08-21,DE,0.652186662122805
2019-08-21,FR,0.0939741471917153
2019-08-21,GB,0.266185111640471
2019-08-21,IE,0.402694060495348
2019-08-21,US,1.72949377450746
2019-08-21,JP,0.681107795897537
2019-08-22,AU,0.394608802394492
2019-08-22,CA,0.608389632663574
2019-08-22,DE,0.652329570481265
2019-08-22,FR,0.0938586768616901
2019-08-22,GB,0.268248020424859
2019-08-22,IE,0.405805852335777
2019-08-22,US,1.73091373062357
2019-08-22,JP,0.678502822291012
2019-08-23,AU,0.396304078957318
2019-08-23,CA,0.610782231931869
2019-08-23,DE,0.654370289245363
2019-08-23,FR,0.0950883938369485
2019-08-23,GB,0.268810347880037
2019-08-23,IE,0.405804806119122
2019-08-23,US,1.73146537942328
2019-08-23,JP,0.677137457125658
2019-08-24,AU,0.392637411823161
2019-08-24,CA,0.608374737439162
2019-08-24,DE,0.657397529771561
2019-08-24,FR,0.0949787879003357
2019-08-24,GB,0.270054776868014
2019-08-24,IE,0.402554036470442
2019-08-24,US,1.72747153930974
2019-08-24,JP,0.679767434527935
2019-08-25,AU,0.390578889921789
2019-08-25,CA,0.610838708154206
2019-08-25,DE,0.654329215334109
2019-08-25,FR,0.0946792021284178
2019-08-25,GB,0.267973856589044
2019-08-25,IE,0.403287621546739
2019-08-25,US,1.72626811640536
2019-08-25,JP,0.683573253739309
2019-08-26,AU,0.391087832526808
2019-08-26,CA,0.614760470522405
2019-08-26,DE,0.651948554079813
2019-08-26,FR,0.0950136079057256
2019-08-26,GB,0.267936972527874
2019-08-26,IE,0.398376627827484
2019-08-26,US,1.72196099017546
2019-08-26,JP,0.688368221042117
2019-08-27,AU,0.392843674809271
2019-08-27,CA,0.617429112756627
2019-08-27,DE,0.648987282619629
2019-08-27,FR,0.094208903504345
2019-08-27,GB,0.269546943977774
2019-08-27,IE,0.386211598674649
2019-08-27,US,1.72293629243567
2019-08-27,JP,0.692523652094197
2019-08-28,AU,0.395894182780564
2019-08-28,CA,0.619237838460965
2019-08-28,DE,0.647798458457195
2019-08-28,FR,0.0947444946661661
2019-08-28,GB,0.270258116756882
2019-08-28,IE,0.385083803803844
2019-08-28,US,1.71855791391664
2019-08-28,JP,0.695947671217765
2019-08-29,AU,0.403354385757715
2019-08-29,CA,0.623000612882397
2019-08-29,DE,0.647553092290286
2019-08-29,FR,0.0955221683308095
2019-08-29,GB,0.271113328509336
2019-08-29,IE,0.386762736765873
2019-08-29,US,1.71252955378458
2019-08-29,JP,0.699159939067772
2019-08-30,AU,0.400470017181007
2019-08-30,CA,0.623446773708777
2019-08-30,DE,0.643650538910348
2019-08-30,FR,0.0940853249514078
2019-08-30,GB,0.271251576861858
2019-08-30,IE,0.38926207000226
2019-08-30,US,1.70552030129465
2019-08-30,JP,0.695986534358509
2019-08-31,AU,0.400932352746895
2019-08-31,CA,0.62924816322905
2019-08-31,DE,0.647292572161431
2019-08-31,FR,0.0942394902326761
2019-08-31,GB,0.271865091663118
2019-08-31,IE,0.391640642132712
2019-08-31,US,1.70017013440235
2019-08-31,JP,0.694170437631542
2019-09-01,AU,0.400378051854185
2019-09-01,CA,0.627477158308807
2019-09-01,DE,0.650120533626111
2019-09-01,FR,0.0933903214874454
2019-09-01,GB,0.273678793594944
2019-09-01,IE,0.389150120230511
2019-09-01,US,1.68903364736813
2019-09-01,JP,0.693037908804093
2019-09-02,AU,0.403365692936064
2019-09-02,CA,0.634213022007388
2019-09-02,DE,0.651224886962122
2019-09-02,FR,0.0925028166853969
2019-09-02,GB,0.274396802688994
2019-09-02,IE,0.393660721609121
2019-09-02,US,1.69027338236544
2019-09-02,JP,0.690520227548265
2019-09-03,AU,0.406121807178562
2019-09-03,CA,0.637610848403904
2019-09-03,DE,0.655333907379846
2019-09-03,FR,0.0923394861180465
2019-09-03,GB,0.273763498591553
2019-09-03,IE,0.399883296188965
2019-09-03,US,1.73529883110448
2019-09-03,JP,0.685649321718994
2019-09-04,AU,0.407727953798245
2019-09-04,CA,0.643690428710601
2019-09-04,DE,0.659607411008103
2019-09-04,FR,0.0920159366978146
2019-09-04,GB,0.274287023183962
2019-09-04,IE,0.404617140486432
2019-09-04,US,1.78628611079579
2019-09-04,JP,0.681315594865032
2019-09-05,AU,0.397901935565026
2019-09-05,CA,0.649006080399496
2019-09-05,DE,0.66189327291596
2019-09-05,FR,0.0931331573752108
2019-09-05,GB,0.273207381281662
2019-09-05,IE,0.397223007380828
2019-09-05,US,1.83997056661712
2019-09-05,JP,0.675868569921773
2019-09-06,AU,0.39208531337126
2019-09-06,CA,0.65361977308452
2019-09-06,DE,0.665277657427092
2019-09-06,FR,0.0942881985911148
2019-09-06,GB,0.27301776262091
2019-09-06,IE,0.392019510625107
2019-09-06,US,1.85164617296416
2019-09-06,JP,0.67046702529668
2019-09-07,AU,0.396399743488063
2019-09-07,CA,0.649700598182295
2019-09-07,DE,0.667101809645591
2019-09-07,FR,0.0939507562005036
2019-09-07,GB,0.272511267797237
2019-09-07,IE,0.388006190151761
2019-09-07,US,1.86260232011864
2019-09-07,JP,0.670223571581817
2019-09-08,AU,0.398133304673394
2019-09-08,CA,0.653917927975128
2019-09-08,DE,0.670175156198943
2019-09-08,FR,0.095372669678571
2019-09-08,GB,0.271534319842343
2019-09-08,IE,0.391650701655494
2019-09-08,US,1.87804001231829
2019-09-08,JP,0.667399332087765
2019-09-09,AU,0.394305159167896
2019-09-09,CA,0.648945443229573
2019-09-09,DE,0.671376235403231
2019-09-09,FR,0.0968303138475853
2019-09-09,GB,0.271389470602113
2019-09-09,IE,0.393028977541656
2019-09-09,US,1.92947381595686
2019-09-09,JP,0.668284243257512
2019-09-10,AU,0.389563635805185
2019-09-10,CA,0.6492759254815
2019-09-10,DE,0.667262331859643
2019-09-10,FR,0.0978063391956833
2019-09-10,GB,0.271554090473629
2019-09-10,IE,0.392864049050484
2019-09-10,US,1.93416842061986
2019-09-10,JP,0.669643902151799
2019-09-11,AU,0.385426170167473
2019-09-11,CA,0.648403577572774
2019-09-11,DE,0.664896920246772
2019-09-11,FR,0.0981378955025456
2019-09-11,GB,0.270950165781417
2019-09-11,IE,0.38574892322712
2019-09-11,US,1.93098850470214
2019-09-11,JP,0.672793203866411
2019-09-12,AU,0.388506950796197
2019-09-12,CA,0.645074755701715
2019-09-12,DE,0.659134949851139
2019-09-12,FR,0.0967827495372886
2019-09-12,GB,0.27139842743186
2019-09-12,IE,0.388635036438552
2019-09-12,US,1.87856611877703
2019-09-12,JP,0.675065941845472
2019-09-13,AU,0.392659875665458
2019-09-13,CA,0.643307667591518
2019-09-13,DE,0.653110474990922
2019-09-13,FR,0.0976118534917599
2019-09-13,GB,0.270874745875494
2019-09-13,IE,0.390371940867844
2019-09-13,US,1.86875128400452
2019-09-13,JP,0.678034865593031
2019-09-14,AU,0.391965406033043
2019-09-14,CA,0.647266437184051
2019-09-14,DE,0.648331527352697
2019-09-14,FR,0.0987793134466143
2019-09-14,GB,0.26959291863089
2019-09-14,IE,0.396991462294431
2019-09-14,US,1.85572944389879
2019-09-14,JP,0.676512061694898
2019-09-15,AU,0.395225962049324
2019-09-15,CA,0.646968830269728
2019-09-15,DE,0.638234480870623
2019-09-15,FR,0.0989309785803676
2019-09-15,GB,0.270479435254837
2019-09-15,IE,0.395723350817431
2019-09-15,US,1.84148963060574
2019-09-15,JP,0.674602333976152
2019-09-16,AU,0.39743734266171
2019-09-16,CA,0.647544884155863
2019-09-16,DE,0.635164834089176
2019-09-16,FR,0.0980079863044486
2019-09-16,GB,0.268375681444121
2019-09-16,IE,0.392061870567922
2019-09-16,US,1.78316883909849
2019-09-16,JP,0.670482481260002
2019-09-17,AU,0.404117582648775
2019-09-17,CA,0.645326074759952
2019-09-17,DE,0.64536496815533
2019-09-17,FR,0.0973966756062649
2019-09-17,GB,0.269145484287957
2019-09-17,IE,0.39065942240192
2019-09-17,US,1.72407732952403
2019-09-17,JP,0.669577316102588
2019-09-18,AU,0.406130689053452
2019-09-18,CA,0.646085917224614
2019-09-18,DE,0.654176720483095
2019-09-18,FR,0.0970981047233521
2019-09-18,GB,0.269620041646207
2019-09-18,IE,0.390547873453826
2019-09-18,US,1.67411396793773
2019-09-18,JP,0.670328330757688
2019-09-19,AU,0.413648501843613
2019-09-19,CA,0.64598597703108
2019-09-19,DE,0.659820014940131
2019-09-19,FR,0.0966927551519145
2019-09-19,GB,0.270637941908613
2019-09-19,IE,0.389988041713822
2019-09-19,US,1.67552598086372
2019-09-19,JP,0.676478176046844
2019-09-20,AU,0.410349191813573
2019-09-20,CA,0.644977881058068
2019-09-20,DE,0.666010299064158
2019-09-20,FR,0.0941869661594007
2019-09-20,GB,0.272789185175158
2019-09-20,IE,0.388474796375885
2019-09-20,US,1.67698658165721
2019-09-20,JP,0.683019021284728
2019-09-21,AU,0.407356006114621
2019-09-21,CA,0.643028137057577
2019-09-21,DE,0.669226340923056
2019-09-21,FR,0.0925566804421549
2019-09-21,GB,0.271850138733491
2019-09-21,IE,0.383024207705029
2019-09-21,US,1.67676297172697
2019-09-21,JP,0.691032220324487
2019-09-22,AU,0.404215424784176
2019-09-22,CA,0.644670390967827
2019-09-22,DE,0.678496575997602
2019-09-22,FR,0.0919720500670205
2019-09-22,GB,0.272187941313822
2019-09-22,IE,0.386588159251614
2019-09-22,US,1.6811564555489
2019-09-22,JP,0.700854837707293
2019-09-23,AU,0.404999517400882
2019-09-23,CA,0.645092792240193
2019-09-23,DE,0.685751004759044
2019-09-23,FR,0.0914926447252643
2019-09-23,GB,0.274427046209951
2019-09-23,IE,0.387082139736377
2019-09-23,US,1.72288524038571
2019-09-23,JP,0.712419748269686
2019-09-24,AU,0.401457150158668
2019-09-24,CA,0.648821724191552
2019-09-24,DE,0.685996359455209
2019-09-24,FR,0.0917960358314878
2019-09-24,GB,0.274761936814284
2019-09-24,IE,0.386609652299192
2019-09-24,US,1.72391289490316
2019-09-24,JP,0.720571575471345
2019-09-25,AU,0.402800147773323
2019-09-25,CA,0.647919354958956
2019-09-25,DE,0.681478512639958
2019-09-25,FR,0.0927581627790124
2019-09-25,GB,0.274682116660887
2019-09-25,IE,0.382938427878488
2019-09-25,US,1.71974982861355
2019-09-25,JP,0.723490022061634
2019-09-26,AU,0.394522483247645
2019-09-26,CA,0.648209606510844
2019-09-26,DE,0.677908992964875
2019-09-26,FR,0.0936449140738204
2019-09-26,GB,0.275825781690718
2019-09-26,IE,0.38819334685565
2019-09-26,US,1.71179444164485
2019-09-26,JP,0.720860214208917
2019-09-27,AU,0.395544601247662
2019-09-27,CA,0.649353465259428
2019-09-27,DE,0.679130507064357
2019-09-27,FR,0.094046220458731
2019-09-27,GB,0.274373994349899
2019-09-27,IE,0.387043450358072
2019-09-27,US,1.70614136911451
2019-09-27,JP,0.717744340600574
2019-09-28,AU,0.398746171497132
2019-09-28,CA,0.649448887003986
2019-09-28,DE,0.680897807981304
2019-09-28,FR,0.0941616436421215
2019-09-28,GB,0.276771329270122
2019-09-28,IE,0.383506069188575
2019-09-28,US,1.70145751187004
2019-09-28,JP,0.71460755896892
2019-09-29,AU,0.399380500472411
2019-09-29,CA,0.649531926753409
2019-09-29,DE,0.684386998755777
2019-09-29,FR,0.0952591146912628
2019-09-29,GB,0.278146440729772
2019-09-29,IE,0.375125521564362
2019-09-29,US,1.69155363102494
2019-09-29,JP,0.708325013575155
2019-09-30,AU,0.400848357436818
2019-09-30,CA,0.647275515502627
2019-09-30,DE,0.683929497194679
2019-09-30,FR,0.0956246148298258
2019-09-30,GB,0.278463853309933
2019-09-30,IE,0.371478348623123
2019-09-30,US,1.64602957143289
2019-09-30,JP,0.699230396200129
2019-10-01,AU,0.402984109640651
2019-10-01,CA,0.644057108613388
2019-10-01,DE,0.688108853030022
2019-10-01,FR,0.0950000675830928
2019-10-01,GB,0.278686396806484
2019-10-01,IE,0.367356593830592
2019-10-01,US,1.64212649071054
2019-10-01,JP,0.691995195050827
2019-10-02,AU,0.402963026784732
2019-10-02,CA,0.645307580335105
2019-10-02,DE,0.687878198782856
2019-10-02,FR,0.0947699607386702
2019-10-02,GB,0.278479485131161
2019-10-02,IE,0.369297126237488
2019-10-02,US,1.6819641689076
2019-10-02,JP,0.688248856146973
2019-10-03,AU,0.409328457381459
2019-10-03,CA,0.646101601636979
2019-10-03,DE,0.705103822177029
2019-10-03,FR,0.0941401856327755
2019-10-03,GB,0.277964838968824
2019-10-03,IE,0.365367762941922
2019-10-03,US,1.72300812800473
2019-10-03,JP,0.685742595718056
2019-10-04,AU,0.408375045562933
2019-10-04,CA,0.646871221207759
2019-10-04,DE,0.708241957755916
2019-10-04,FR,0.0945826184926567
2019-10-04,GB,0.280254386152864
2019-10-04,IE,0.373393236653968
2019-10-04,US,1.7655067478006
2019-10-04,JP,0.681963355638322
2019-10-05,AU,0.407317618123765
2019-10-05,CA,0.649456581533317
2019-10-05,DE,0.716251704414166
2019-10-05,FR,0.093761404278052
2019-10-05,GB,0.279789364627617
2019-10-05,IE,0.379403937578971
2019-10-05,US,1.81971744427856
2019-10-05,JP,0.675864597730534
2019-10-06,AU,0.403836677902637
2019-10-06,CA,0.650117641088235
2019-10-06,DE,0.721141260923313
2019-10-06,FR,0.0915444034202241
2019-10-06,GB,0.277144553186584
2019-10-06,IE,0.386684839138427
2019-10-06,US,1.87552764359477
2019-10-06,JP,0.671778158881859
2019-10-07,AU,0.405433446194385
2019-10-07,CA,0.655527041243022
2019-10-07,DE,0.722519881863825
2019-10-07,FR,0.0909792547959137
2019-10-07,GB,0.27589916832165
2019-10-07,IE,0.394924116600467
2019-10-07,US,1.92018466043984
2019-10-07,JP,0.667803282957301
2019-10-08,AU,0.404749889160417
2019-10-08,CA,0.657325633980845
2019-10-08,DE,0.716467679352363
2019-10-08,FR,0.0905767160758324
2019-10-08,GB,0.276643544987082
2019-10-08,IE,0.39990777380784
2019-10-08,US,1.96386271794404
2019-10-08,JP,0.663911566178362
2019-10-09,AU,0.408327210246514
2019-10-09,CA,0.658223982069109
2019-10-09,DE,0.720780417824911
2019-10-09,FR,0.0900324671195361
2019-10-09,GB,0.27756297241741
2019-10-09,IE,0.403017788943291
2019-10-09,US,1.96863810799209
2019-10-09,JP,0.662564215891159
2019-10-10,AU,0.407043654478121
2019-10-10,CA,0.659733876101149
2019-10-10,DE,0.711169284681701
2019-10-10,FR,0.089131975604161
2019-10-10,GB,0.278042289234666
2019-10-10,IE,0.404553784438445
2019-10-10,US,1.97262261000827
2019-10-10,JP,0.66158671306616
2019-10-11,AU,0.417052036678571
2019-10-11,CA,0.660209462018933
2019-10-11,DE,0.707086604846769
2019-10-11,FR,0.087661739122795
2019-10-11,GB,0.275836332280376
2019-10-11,IE,0.399097607803833
2019-10-11,US,1.97272423717506
2019-10-11,JP,0.66157749940146
2019-10-12,AU,0.411907284484572
2019-10-12,CA,0.658737420411377
2019-10-12,DE,0.698888631562569
2019-10-12,FR,0.0882654547497695
2019-10-12,GB,0.276148455625227
2019-10-12,IE,0.405059007190486
2019-10-12,US,1.97239320046594
2019-10-12,JP,0.670838472183424
2019-10-13,AU,0.416415554456038
2019-10-13,CA,0.65292294577748
2019-10-13,DE,0.694434588269811
2019-10-13,FR,0.0865215541461623
2019-10-13,GB,0.279246498068917
2019-10-13,IE,0.405203290190089
2019-10-13,US,1.98075273242168
2019-10-13,JP,0.677743614159664
2019-10-14,AU,0.417387808844321
2019-10-14,CA,0.66282486850946
2019-10-14,DE,0.689562500303303
2019-10-14,FR,0.0865473058168552
2019-10-14,GB,0.280607958716338
2019-10-14,IE,0.393180453388117
2019-10-14,US,1.98622423050249
2019-10-14,JP,0.685942396074792
2019-10-15,AU,0.418719831462858
2019-10-15,CA,0.666412333628436
2019-10-15,DE,0.684426930816054
2019-10-15,FR,0.0880637161402929
2019-10-15,GB,0.280090102589937
2019-10-15,IE,0.390070466323489
2019-10-15,US,1.99098713330585
2019-10-15,JP,0.689369534879707
2019-10-16,AU,0.418125603029829
2019-10-16,CA,0.669905865003682
2019-10-16,DE,0.680654818104167
2019-10-16,FR,0.0880332358712085
2019-10-16,GB,0.279286270881856
2019-10-16,IE,0.385323244920334
2019-10-16,US,1.99676116158509
2019-10-16,JP,0.687364209899529
2019-10-17,AU,0.417328232445591
2019-10-17,CA,0.672791707909736
2019-10-17,DE,0.676389559704416
2019-10-17,FR,0.0886852235529466
2019-10-17,GB,0.278418796213857
2019-10-17,IE,0.374300532941563
2019-10-17,US,2.00332560099941
2019-10-17,JP,0.689054287387122
2019-10-18,AU,0.411722025725139
2019-10-18,CA,0.675857428665051
2019-10-18,DE,0.674148117055539
2019-10-18,FR,0.0895641981632148
2019-10-18,GB,0.280052275855926
2019-10-18,IE,0.367933129397732
2019-10-18,US,2.00990431603966
2019-10-18,JP,0.692151937790221
2019-10-19,AU,0.416768117491031
2019-10-19,CA,0.678196199121035
2019-10-19,DE,0.673750181318827
2019-10-19,FR,0.0885809484794912
2019-10-19,GB,0.282800632770069
2019-10-19,IE,0.363622387839574
2019-10-19,US,2.0136181343023
2019-10-19,JP,0.685991339201486
2019-10-20,AU,0.4164090752466
2019-10-20,CA,0.687617003579858
2019-10-20,DE,0.674782694961016
2019-10-20,FR,0.0916190195423236
2019-10-20,GB,0.281497246371077
2019-10-20,IE,0.361594643125528
2019-10-20,US,2.01700719500319
2019-10-20,JP,0.683311346295797
2019-10-21,AU,0.414325842043148
2019-10-21,CA,0.678568691916755
2019-10-21,DE,0.672240857283391
2019-10-21,FR,0.0916213371858364
2019-10-21,GB,0.281579679499407
2019-10-21,IE,0.365483993215605
2019-10-21,US,2.0216947254488
2019-10-21,JP,0.676699673428703
2019-10-22,AU,0.411146977448171
2019-10-22,CA,0.676788829289579
2019-10-22,DE,0.675419659798419
2019-10-22,FR,0.0907243869915838
2019-10-22,GB,0.28110701376686
2019-10-22,IE,0.365879474789557
2019-10-22,US,2.02647677066172
2019-10-22,JP,0.679837059197372
2019-10-23,AU,0.410152876830278
2019-10-23,CA,0.67747290577325
2019-10-23,DE,0.672043992674186
2019-10-23,FR,0.0903701926311176
2019-10-23,GB,0.28029247220583
2019-10-23,IE,0.367629732888756
2019-10-23,US,2.02611618781109
2019-10-23,JP,0.687889822118619
2019-10-24,AU,0.410431516539209
2019-10-24,CA,0.67629608122217
2019-10-24,DE,0.668280691216889
2019-10-24,FR,0.0887727338009174
2019-10-24,GB,0.280074592624912
2019-10-24,IE,0.37168147858357
2019-10-24,US,2.02257262012311
2019-10-24,JP,0.700353687325412
2019-10-25,AU,0.413303965735419
2019-10-25,CA,0.677274957375586
2019-10-25,DE,0.673550499197942
2019-10-25,FR,0.0884642532673545
2019-10-25,GB,0.277573555907313
2019-10-25,IE,0.381429786637866
2019-10-25,US,2.02016645666869
2019-10-25,JP,0.71831344885075
2019-10-26,AU,0.415647419501732
2019-10-26,CA,0.67683781498852
2019-10-26,DE,0.671810535336339
2019-10-26,FR,0.0895952030172202
2019-10-26,GB,0.274697291603172
2019-10-26,IE,0.381827114539159
2019-10-26,US,2.01950642798155
2019-10-26,JP,0.734292764657528
2019-10-27,AU,0.414200662198311
2019-10-27,CA,0.678723595266485
2019-10-27,DE,0.667006269205201
2019-10-27,FR,0.089188578129755
2019-10-27,GB,0.276188959563626
2019-10-27,IE,0.390632110671463
2019-10-27,US,2.01615205109464
2019-10-27,JP,0.753457857033117
2019-10-28,AU,0.412531176500782
2019-10-28,CA,0.67944749309575
2019-10-28,DE,0.671343904115084
2019-10-28,FR,0.0892246595799055
2019-10-28,GB,0.273851305723968
2019-10-28,IE,0.408530559356067
2019-10-28,US,2.01205681600977
2019-10-28,JP,0.772537470745028
2019-10-29,AU,0.416484878509372
2019-10-29,CA,0.68163063726018
2019-10-29,DE,0.668318856655299
2019-10-29,FR,0.0882307259456372
2019-10-29,GB,0.27093030085624
2019-10-29,IE,0.416643336297212
2019-10-29,US,2.01072535596403
2019-10-29,JP,0.793539533051917
2019-10-30,AU,0.415827030363499
2019-10-30,CA,0.676456879585806
2019-10-30,DE,0.672056862006136
2019-10-30,FR,0.0884742126210905
2019-10-30,GB,0.27118426019133
2019-10-30,IE,0.424721997778579
2019-10-30,US,2.01159436386433
2019-10-30,JP,0.801919471687616
2019-10-31,AU,0.417719453924214
2019-10-31,CA,0.675376710891128
2019-10-31,DE,0.677609346872679
2019-10-31,FR,0.0897571739689923
2019-10-31,GB,0.270621247678964
2019-10-31,IE,0.433558266173667
2019-10-31,US,2.0312138813321
2019-10-31,JP,0.795359748158248
2019-11-01,AU,0.415995683283333
2019-11-01,CA,0.677754194386964
2019-11-01,DE,0.682127638807578
2019-11-01,FR,0.0917454823542082
2019-11-01,GB,0.272131793169704
2019-11-01,IE,0.430765486904603
2019-11-01,US,2.05505487973242
2019-11-01,JP,0.781146898454408
2019-11-02,AU,0.413165761829253
2019-11-02,CA,0.680369033432609
2019-11-02,DE,0.687308910328723
2019-11-02,FR,0.091785628722098
2019-11-02,GB,0.273765240438721
2019-11-02,IE,0.427953617601464
2019-11-02,US,2.06188286397217
2019-11-02,JP,0.771654926285143
2019-11-03,AU,0.409821993118661
2019-11-03,CA,0.677860256792335
2019-11-03,DE,0.690206855079209
2019-11-03,FR,0.092759894399383
2019-11-03,GB,0.274438128141129
2019-11-03,IE,0.419574912953703
2019-11-03,US,2.0663508411769
2019-11-03,JP,0.755160468084469
2019-11-04,AU,0.407861869283543
2019-11-04,CA,0.677146345793197
2019-11-04,DE,0.687125000099183
2019-11-04,FR,0.0926920899488901
2019-11-04,GB,0.275932727952339
2019-11-04,IE,0.410172549076802
2019-11-04,US,2.06987852688867
2019-11-04,JP,0.747555396248696
2019-11-05,AU,0.403645009710367
2019-11-05,CA,0.675918355133194
2019-11-05,DE,0.687116037615437
2019-11-05,FR,0.0935112312617141
2019-11-05,GB,0.27881006594575
2019-11-05,IE,0.400888547679788
2019-11-05,US,2.07321108351263
2019-11-05,JP,0.727587364534745
2019-11-06,AU,0.402146124624477
2019-11-06,CA,0.677541026350435
2019-11-06,DE,0.683642970827681
2019-11-06,FR,0.0940513724725976
2019-11-06,GB,0.278764838351365
2019-11-06,IE,0.400248033837123
2019-11-06,US,2.07333845085807
2019-11-06,JP,0.720120161547649
2019-11-07,AU,0.399487553079521
2019-11-07,CA,0.680418073975106
2019-11-07,DE,0.682484923339749
2019-11-07,FR,0.0943824503818146
2019-11-07,GB,0.279595477960456
2019-11-07,IE,0.396787169134803
2019-11-07,US,2.05727423483718
2019-11-07,JP,0.717174278566841
2019-11-08,AU,0.395072850802849
2019-11-08,CA,0.679890721965317
2019-11-08,DE,0.67157897812451
2019-11-08,FR,0.0931565178964446
2019-11-08,GB,0.278522637883198
2019-11-08,IE,0.391195997644196
2019-11-08,US,2.0371676103514
2019-11-08,JP,0.713669691782632
2019-11-09,AU,0.391115017230066
2019-11-09,CA,0.683848180411623
2019-11-09,DE,0.661574867460459
2019-11-09,FR,0.0930012651536376
2019-11-09,GB,0.276792512817225
2019-11-09,IE,0.386382026102953
2019-11-09,US,2.03075275332061
2019-11-09,JP,0.709468465709745
2019-11-10,AU,0.391926552676768
2019-11-10,CA,0.689822869406346
2019-11-10,DE,0.65863253403451
2019-11-10,FR,0.0921386870652663
2019-11-10,GB,0.276112201742249
2019-11-10,IE,0.383372464330059
2019-11-10,US,2.02408969961662
2019-11-10,JP,0.710834868424045
2019-11-11,AU,0.39113478639602
2019-11-11,CA,0.701576843114366
2019-11-11,DE,0.659574814574082
2019-11-11,FR,0.0925346456617974
2019-11-11,GB,0.277025709841039
2019-11-11,IE,0.375297629298717
2019-11-11,US,2.02898743989262
2019-11-11,JP,0.706659455321172
2019-11-12,AU,0.392595565367328
2019-11-12,CA,0.709630699426169
2019-11-12,DE,0.65886899170352
2019-11-12,FR,0.0921604966491691
2019-11-12,GB,0.277893914527248
2019-11-12,IE,0.380544499231856
2019-11-12,US,2.03195448525217
2019-11-12,JP,0.711343851317497
2019-11-13,AU,0.392288417196482
2019-11-13,CA,0.713758249398206
2019-11-13,DE,0.659420296730282
2019-11-13,FR,0.0911729484506694
2019-11-13,GB,0.278627600389453
2019-11-13,IE,0.380153241606384
2019-11-13,US,2.03509936813115
2019-11-13,JP,0.725943934573263
2019-11-14,AU,0.392250871829086
2019-11-14,CA,0.715803035573172
2019-11-14,DE,0.659188156727763
2019-11-14,FR,0.0913486977705512
2019-11-14,GB,0.279611093264541
2019-11-14,IE,0.381303089311392
2019-11-14,US,2.03855311997813
2019-11-14,JP,0.73214039608398
2019-11-15,AU,0.392560295361287
2019-11-15,CA,0.714171025938168
2019-11-15,DE,0.658583083913447
2019-11-15,FR,0.0923112499323692
2019-11-15,GB,0.280553621453491
2019-11-15,IE,0.387805065475231
2019-11-15,US,2.03861256225261
2019-11-15,JP,0.739852076666017
2019-11-16,AU,0.395353047563234
2019-11-16,CA,0.710836654379418
2019-11-16,DE,0.66211656281333
2019-11-16,FR,0.0930714425053199
2019-11-16,GB,0.280241686153838
2019-11-16,IE,0.396647960799753
2019-11-16,US,2.04261758050271
2019-11-16,JP,0.745119635585529
2019-11-17,AU,0.395492986700472
2019-11-17,CA,0.706017492716127
2019-11-17,DE,0.661766377800451
2019-11-17,FR,0.0939244870057077
2019-11-17,GB,0.278618382413375
2019-11-17,IE,0.39981460042011
2019-11-17,US,2.04832389809809
2019-11-17,JP,0.751917673048517
2019-11-18,AU,0.399802214459307
2019-11-18,CA,0.696649396898332
2019-11-18,DE,0.660673279330819
2019-11-18,FR,0.0941042562712303
2019-11-18,GB,0.277675115321311
2019-11-18,IE,0.40308493172544
2019-11-18,US,2.040823494715
2019-11-18,JP,0.754721301310636
2019-11-19,AU,0.398142972205439
2019-11-19,CA,0.692182735825833
2019-11-19,DE,0.661027296849378
2019-11-19,FR,0.09443993647213
2019-11-19,GB,0.275077006777208
2019-11-19,IE,0.40003788285898
2019-11-19,US,2.03473390517012
2019-11-19,JP,0.756111635301295
2019-11-20,AU,0.401082647004844
2019-11-20,CA,0.689845333139063
2019-11-20,DE,0.661800810409801
2019-11-20,FR,0.0945922221322804
2019-11-20,GB,0.275254169719061
2019-11-20,IE,0.392790292450467
2019-11-20,US,2.02767747553034
2019-11-20,JP,0.745823064516094
2019-11-21,AU,0.399131919250778
2019-11-21,CA,0.691600109465449
2019-11-21,DE,0.662885924783015
2019-11-21,FR,0.0940009306340763
2019-11-21,GB,0.272140934684806
2019-11-21,IE,0.391409757601227
2019-11-21,US,2.01955355556069
2019-11-21,JP,0.746734854428633
2019-11-22,AU,0.401513112666661
2019-11-22,CA,0.694767599710434
2019-11-22,DE,0.665269045467058
2019-11-22,FR,0.094185496788654
2019-11-22,GB,0.270022010823207
2019-11-22,IE,0.386860359017115
2019-11-22,US,2.01918602818166
2019-11-22,JP,0.74932037827304
2019-11-23,AU,0.403115995678487
2019-11-23,CA,0.702746283213362
2019-11-23,DE,0.664726714962374
2019-11-23,FR,0.0955232440837576
2019-11-23,GB,0.270224630124018
2019-11-23,IE,0.381684787724886
2019-11-23,US,2.01588425474111
2019-11-23,JP,0.759178120425869
2019-11-24,AU,0.405274303568478
2019-11-24,CA,0.704067072649027
2019-11-24,DE,0.66425010666437
2019-11-24,FR,0.0953137594470805
2019-11-24,GB,0.269302525347101
2019-11-24,IE,0.373335760108516
2019-11-24,US,2.00532424996506
2019-11-24,JP,0.770880136937283
2019-11-25,AU,0.40452073073869
2019-11-25,CA,0.703178025721463
2019-11-25,DE,0.664022026770013
2019-11-25,FR,0.095466404371292
2019-11-25,GB,0.267900758995996
2019-11-25,IE,0.371860815571132
2019-11-25,US,1.99891040747629
2019-11-25,JP,0.784033078423332
2019-11-26,AU,0.406575664668317
2019-11-26,CA,0.704683523201576
2019-11-26,DE,0.663346097864021
2019-11-26,FR,0.096105361571966
2019-11-26,GB,0.268623237745646
2019-11-26,IE,0.373770263652006
2019-11-26,US,1.99392330837841
2019-11-26,JP,0.80032412126092
2019-11-27,AU,0.405603604981509
2019-11-27,CA,0.709861813747009
2019-11-27,DE,0.65742274147563
2019-11-27,FR,0.0968809596190009
2019-11-27,GB,0.266414375302477
2019-11-27,IE,0.378551342736522
2019-11-27,US,1.98106512563008
2019-11-27,JP,0.810538240143155
2019-11-28,AU,0.409410381062095
2019-11-28,CA,0.708340813183649
2019-11-28,DE,0.649671102643069
2019-11-28,FR,0.0974195287713552
2019-11-28,GB,0.266578262004655
2019-11-28,IE,0.37914157500037
2019-11-28,US,1.9694098369408
2019-11-28,JP,0.819707240167976
2019-11-29,AU,0.405748018832455
2019-11-29,CA,0.710017020485648
2019-11-29,DE,0.642328831581195
2019-11-29,FR,0.09728577434759
2019-11-29,GB,0.267208805447291
2019-11-29,IE,0.3753165599139
2019-11-29,US,1.96867966948274
2019-11-29,JP,0.828638418705815
2019-11-30,AU,0.407672735072439
2019-11-30,CA,0.71179807730214
2019-11-30,DE,0.636707730408597
2019-11-30,FR,0.0952093263669345
2019-11-30,GB,0.266850661987361
2019-11-30,IE,0.390956493359983
2019-11-30,US,1.97909780989609
2019-11-30,JP,0.83420013627457
2019-12-01,AU,0.405526858258283
2019-12-01,CA,0.716387783622268
2019-12-01,DE,0.636214534347114
2019-12-01,FR,0.0965977436766307
2019-12-01,GB,0.264715888715923
2019-12-01,IE,0.398940752904028
2019-12-01,US,1.99124373473795
2019-12-01,JP,0.828886103930383
2019-12-02,AU,0.402411677537565
2019-12-02,CA,0.718003048640678
2019-12-02,DE,0.633365540242661
2019-12-02,FR,0.0967943052269269
2019-12-02,GB,0.264359587554448
2019-12-02,IE,0.398271584561409
2019-12-02,US,1.99865220746049
2019-12-02,JP,0.823357895785912
2019-12-03,AU,0.401470041662545
2019-12-03,CA,0.719743996865749
2019-12-03,DE,0.626483998965946
2019-12-03,FR,0.0983628089489007
2019-12-03,GB,0.262894093295822
2019-12-03,IE,0.39123787740444
2019-12-03,US,2.00090529062329
2019-12-03,JP,0.807329181104268
2019-12-04,AU,0.402141758199724
2019-12-04,CA,0.718211859233474
2019-12-04,DE,0.628791339458358
2019-12-04,FR,0.100029361698388
2019-12-04,GB,0.265775431973106
2019-12-04,IE,0.393040060060426
2019-12-04,US,2.0127972171657
2019-12-04,JP,0.799252143189436
2019-12-05,AU,0.399259750524878
2019-12-05,CA,0.720554661421047
2019-12-05,DE,0.632052386239954
2019-12-05,FR,0.101830196869745
2019-12-05,GB,0.266223311907023
2019-12-05,IE,0.390317664339618
2019-12-05,US,2.02294252787248
2019-12-05,JP,0.792261786512204
2019-12-06,AU,0.398943997475481
2019-12-06,CA,0.71989718537977
2019-12-06,DE,0.638871468573611
2019-12-06,FR,0.102225386724933
2019-12-06,GB,0.265589750815995
2019-12-06,IE,0.404835817811677
2019-12-06,US,2.0159175113162
2019-12-06,JP,0.785853033593444
2019-12-07,AU,0.39555081666736
2019-12-07,CA,0.715931393747582
2019-12-07,DE,0.649925412683603
2019-12-07,FR,0.104325903362391
2019-12-07,GB,0.266044429922541
2019-12-07,IE,0.396283094199016
2019-12-07,US,1.99195468544236
2019-12-07,JP,0.800597013202151
2019-12-08,AU,0.390755880894608
2019-12-08,CA,0.711747404575494
2019-12-08,DE,0.648599849087315
2019-12-08,FR,0.103164291948739
2019-12-08,GB,0.26789765834209
2019-12-08,IE,0.39564716339726
2019-12-08,US,1.97646398191362
2019-12-08,JP,0.802661924056123
2019-12-09,AU,0.387469216436593
2019-12-09,CA,0.712224067967908
2019-12-09,DE,0.650012004897959
2019-12-09,FR,0.105284555648729
2019-12-09,GB,0.269243937377677
2019-12-09,IE,0.400906577042701
2019-12-09,US,1.96437284911507
2019-12-09,JP,0.806391075269448
2019-12-10,AU,0.381620934325423
2019-12-10,CA,0.710262093837754
2019-12-10,DE,0.655118555736033
2019-12-10,FR,0.105747337201145
2019-12-10,GB,0.271632246847051
2019-12-10,IE,0.40952089894121
2019-12-10,US,1.95465391525035
2019-12-10,JP,0.819109940938876
2019-12-11,AU,0.380740931166592
2019-12-11,CA,0.711989439445513
2019-12-11,DE,0.661903392794044
2019-12-11,FR,0.105834851301529
2019-12-11,GB,0.269757674537122
2019-12-11,IE,0.403297697209561
2019-12-11,US,1.9487569166279
2019-12-11,JP,0.824038897709895
2019-12-12,AU,0.379939643056268
2019-12-12,CA,0.708384013777329
2019-12-12,DE,0.664590102775367
2019-12-12,FR,0.105545871005644
2019-12-12,GB,0.269987434420311
2019-12-12,IE,0.407447576209016
2019-12-12,US,1.94320742783436
2019-12-12,JP,0.827013348679984
2019-12-13,AU,0.381333716550496
2019-12-13,CA,0.700952587292494
2019-12-13,DE,0.66705405102956
2019-12-13,FR,0.106020049794524
2019-12-13,GB,0.272739316548406
2019-12-13,IE,0.400550570631379
2019-12-13,US,1.93671246529568
2019-12-13,JP,0.825674169003723
2019-12-14,AU,0.380388544804749
2019-12-14,CA,0.694304912744462
2019-12-14,DE,0.665299355379147
2019-12-14,FR,0.104954710944251
2019-12-14,GB,0.271858194181403
2019-12-14,IE,0.391177734061909
2019-12-14,US,1.9284731711309
2019-12-14,JP,0.803613977281015
2019-12-15,AU,0.390867403371697
2019-12-15,CA,0.690678313319516
2019-12-15,DE,0.669449791027859
2019-12-15,FR,0.104707967990323
2019-12-15,GB,0.272401754491729
2019-12-15,IE,0.393891045405376
2019-12-15,US,1.91926659891329
2019-12-15,JP,0.804503161792595
2019-12-16,AU,0.397066692642235
2019-12-16,CA,0.686055074145785
2019-12-16,DE,0.674273189242174
2019-12-16,FR,0.102978111027717
2019-12-16,GB,0.273235796176859
2019-12-16,IE,0.38861551044876
2019-12-16,US,1.91608249732119
2019-12-16,JP,0.802613893988526
2019-12-17,AU,0.401352732555359
2019-12-17,CA,0.682097953497512
2019-12-17,DE,0.676394040449526
2019-12-17,FR,0.101360350805154
2019-12-17,GB,0.273039149646916
2019-12-17,IE,0.385391107584207
2019-12-17,US,1.91236774732718
2019-12-17,JP,0.806071271224383
2019-12-18,AU,0.398741955224151
2019-12-18,CA,0.677744011984044
2019-12-18,DE,0.673825317726411
2019-12-18,FR,0.0991198091420778
2019-12-18,GB,0.274028670567371
2019-12-18,IE,0.389308958375596
2019-12-18,US,1.9056990950533
2019-12-18,JP,0.806158604440831
2019-12-19,AU,0.395485712929411
2019-12-19,CA,0.671571559442078
2019-12-19,DE,0.675069960533232
2019-12-19,FR,0.0980766542420879
2019-12-19,GB,0.273207671852197
2019-12-19,IE,0.386105005736399
2019-12-19,US,1.89790408447111
2019-12-19,JP,0.804513665796732
2019-12-20,AU,0.391405042039313
2019-12-20,CA,0.671908245433269
2019-12-20,DE,0.672448339026542
2019-12-20,FR,0.0960002904777038
2019-12-20,GB,0.271802438996412
2019-12-20,IE,0.382985102931189
2019-12-20,US,1.89032418012592
2019-12-20,JP,0.804734958119164
2019-12-21,AU,0.391192190602224
2019-12-21,CA,0.664500625508801
2019-12-21,DE,0.666228112279135
2019-12-21,FR,0.0966860469158662
2019-12-21,GB,0.271803149690885
2019-12-21,IE,0.38441483556719
2019-12-21,US,1.88798498275421
2019-12-21,JP,0.794955948931618
2019-12-22,AU,0.381621248021736
2019-12-22,CA,0.655330842603833
2019-12-22,DE,0.660122808521665
2019-12-22,FR,0.0973505490460513
2019-12-22,GB,0.270002107628094
2019-12-22,IE,0.385129289961625
2019-12-22,US,1.88264255734691
2019-12-22,JP,0.781891382201318
2019-12-23,AU,0.376063721460566
2019-12-23,CA,0.648521068906928
2019-12-23,DE,0.658359979784263
2019-12-23,FR,0.0943394559194543
2019-12-23,GB,0.268633893413491
2019-12-23,IE,0.385738874897916
2019-12-23,US,1.86717058615555
2019-12-23,JP,0.768156515908975
2019-12-24,AU,0.378750803627585
2019-12-24,CA,0.637823972029256
2019-12-24,DE,0.660562218036955
2019-12-24,FR,0.0906991394983471
2019-12-24,GB,0.266385331667011
2019-12-24,IE,0.385634890811435
2019-12-24,US,1.84974936019584
2019-12-24,JP,0.741063177077591
2019-12-25,AU,0.381919370380338
2019-12-25,CA,0.631302520806899
2019-12-25,DE,0.671506605941753
2019-12-25,FR,0.0910767540267322
2019-12-25,GB,0.265235131869266
2019-12-25,IE,0.397006980543073
2019-12-25,US,1.84280495237943
2019-12-25,JP,0.72772290932179
2019-12-26,AU,0.394897591044108
2019-12-26,CA,0.642263074516281
2019-12-26,DE,0.688073926680244
2019-12-26,FR,0.089859696976999
2019-12-26,GB,0.273931815355116
2019-12-26,IE,0.412715356021121
2019-12-26,US,1.85183636479178
2019-12-26,JP,0.721331770560052
2019-12-27,AU,0.409089055845137
2019-12-27,CA,0.648438755323629
2019-12-27,DE,0.701200007677921
2019-12-27,FR,0.0903306265270028
2019-12-27,GB,0.278821930928241
2019-12-27,IE,0.422008705198488
2019-12-27,US,1.86985763172456
2019-12-27,JP,0.717243635134256
2019-12-28,AU,0.413260074260216
2019-12-28,CA,0.66050722246837
2019-12-28,DE,0.717123596877672
2019-12-28,FR,0.0908399087512006
2019-12-28,GB,0.28688918545934
2019-12-28,IE,0.418182607088623
2019-12-28,US,1.89265617346018
2019-12-28,JP,0.716072871967635
2019-12-29,AU,0.425799877002367
2019-12-29,CA,0.675809899732914
2019-12-29,DE,0.73437221240857
2019-12-29,FR,0.0906643163663328
2019-12-29,GB,0.292440192029632
2019-12-29,IE,0.421469509895333
2019-12-29,US,1.91509819137493
2019-12-29,JP,0.71178423726577
2019-12-30,AU,0.438386468949242
2019-12-30,CA,0.687817039148926
2019-12-30,DE,0.750950680576318
2019-12-30,FR,0.0946524362457461
2019-12-30,GB,0.295682450453326
2019-12-30,IE,0.431908229952411
2019-12-30,US,1.9408370202285
2019-12-30,JP,0.71150612820434
2019-12-31,AU,0.446253495250192
2019-12-31,CA,0.704557121959137
2019-12-31,DE,0.758664804002372
2019-12-31,FR,0.0989547916220809
2019-12-31,GB,0.300282446680941
2019-12-31,IE,0.439848972649875
2019-12-31,US,1.97159269943764
2019-12-31,JP,0.700599914726039
2020-01-01,AU,0.447437605992731
2020-01-01,CA,0.72165071154009
2020-01-01,DE,0.773862177686514
2020-01-01,FR,0.10013866600657
2020-01-01,GB,0.308330423009787
2020-01-01,IE,0.437449471370439
2020-01-01,US,2.00001865759719
2020-01-01,JP,0.693415389912736
2020-01-02,AU,0.443410852973701
2020-01-02,CA,0.721611881946753
2020-01-02,DE,0.772141106403465
2020-01-02,FR,0.102171725722867
2020-01-02,GB,0.304461510621518
2020-01-02,IE,0.423407769869526
2020-01-02,US,2.00635797743328
2020-01-02,JP,0.692769199371513
2020-01-03,AU,0.437204538258251
2020-01-03,CA,0.719285649552352
2020-01-03,DE,0.776287306026246
2020-01-03,FR,0.101244547803372
2020-01-03,GB,0.301310474389463
2020-01-03,IE,0.421085151305841
2020-01-03,US,2.00258873512174
2020-01-03,JP,0.713525647655167
2020-01-04,AU,0.434643119377914
2020-01-04,CA,0.715656452231585
2020-01-04,DE,0.773608218956471
2020-01-04,FR,0.10015506391384
2020-01-04,GB,0.295313822022992
2020-01-04,IE,0.433031731544306
2020-01-04,US,1.99783485862848
2020-01-04,JP,0.73948076060888
2020-01-05,AU,0.427851549469612
2020-01-05,CA,0.707097605960948
2020-01-05,DE,0.769910744557006
2020-01-05,FR,0.101127365315019
2020-01-05,GB,0.293066242238391
2020-01-05,IE,0.434767755405772
2020-01-05,US,1.98716823825555
2020-01-05,JP,0.766787045481523
2020-01-06,AU,0.421204935045166
2020-01-06,CA,0.700917151858655
2020-01-06,DE,0.766249429981829
2020-01-06,FR,0.0990530248300598
2020-01-06,GB,0.29079714531523
2020-01-06,IE,0.427573228026754
2020-01-06,US,1.97944050742899
2020-01-06,JP,0.790578895145503
2020-01-07,AU,0.411522609292587
2020-01-07,CA,0.690900204979189
2020-01-07,DE,0.766520877474461
2020-01-07,FR,0.0975759969986064
2020-01-07,GB,0.288366945128962
2020-01-07,IE,0.424295972962192
2020-01-07,US,1.96676840712801
2020-01-07,JP,0.830215359072841
2020-01-08,AU,0.407714407805008
2020-01-08,CA,0.675256657766387
2020-01-08,DE,0.748765285936904
2020-01-08,FR,0.0959305724417297
2020-01-08,GB,0.279237992605956
2020-01-08,IE,0.41357833436997
2020-01-08,US,1.94354566518601
2020-01-08,JP,0.862730539257273
2020-01-09,AU,0.406638653235218
2020-01-09,CA,0.667713935968876
2020-01-09,DE,0.747137157454626
2020-01-09,FR,0.096633381179088
2020-01-09,GB,0.279256554718389
2020-01-09,IE,0.423108660188479
2020-01-09,US,1.9386856835081
2020-01-09,JP,0.888348273435123
2020-01-10,AU,0.411606912008159
2020-01-10,CA,0.660396777296194
2020-01-10,DE,0.737996449485665
2020-01-10,FR,0.097181489561673
2020-01-10,GB,0.277531019464838
2020-01-10,IE,0.423643686310934
2020-01-10,US,1.93117733384554
2020-01-10,JP,0.882313698834631
2020-01-11,AU,0.416848052528747
2020-01-11,CA,0.657164419679075
2020-01-11,DE,0.740737182255836
2020-01-11,FR,0.0950821813951434
2020-01-11,GB,0.276632811793996
2020-01-11,IE,0.420707858967504
2020-01-11,US,1.92845509036703
2020-01-11,JP,0.90607810805954
2020-01-12,AU,0.419123388452916
2020-01-12,CA,0.655763847898858
2020-01-12,DE,0.741282982204924
2020-01-12,FR,0.0930574317282552
2020-01-12,GB,0.274456971824439
2020-01-12,IE,0.418068746805884
2020-01-12,US,1.92981140151407
2020-01-12,JP,0.920101692622472
2020-01-13,AU,0.421606882075189
2020-01-13,CA,0.657977542674908
2020-01-13,DE,0.741182109316584
2020-01-13,FR,0.0917288267102583
2020-01-13,GB,0.272372358146478
2020-01-13,IE,0.426589919364547
2020-01-13,US,1.93045589408974
2020-01-13,JP,0.939764334931689
2020-01-14,AU,0.4279631022698
2020-01-14,CA,0.659174793306515
2020-01-14,DE,0.741869467185115
2020-01-14,FR,0.0920713012578111
2020-01-14,GB,0.269988770982869
2020-01-14,IE,0.432479852418263
2020-01-14,US,1.94208846000971
2020-01-14,JP,0.950373219379586
2020-01-15,AU,0.430733755211768
2020-01-15,CA,0.660673834015312
2020-01-15,DE,0.74069648608152
2020-01-15,FR,0.0932343935358847
2020-01-15,GB,0.269811861181843
2020-01-15,IE,0.43496299506326
2020-01-15,US,1.95978510339417
2020-01-15,JP,0.952735132331297
2020-01-16,AU,0.428748994663519
2020-01-16,CA,0.661496776937364
2020-01-16,DE,0.730836088834081
2020-01-16,FR,0.0914296727043925
2020-01-16,GB,0.264265055622559
2020-01-16,IE,0.42595273558269
2020-01-16,US,1.97035877574013
2020-01-16,JP,0.951987993482202
2020-01-17,AU,0.423194353073266
2020-01-17,CA,0.667307544296902
2020-01-17,DE,0.732855132694438
2020-01-17,FR,0.0914900755338196
2020-01-17,GB,0.261691756568673
2020-01-17,IE,0.422072649440856
2020-01-17,US,1.98819083646151
2020-01-17,JP,0.960879716268491
2020-01-18,AU,0.423787469530997
2020-01-18,CA,0.669367826827174
2020-01-18,DE,0.726274152628239
2020-01-18,FR,0.0935384425771502
2020-01-18,GB,0.257858793722472
2020-01-18,IE,0.423960484366933
2020-01-18,US,2.00016430294333
2020-01-18,JP,0.950509249184793
2020-01-19,AU,0.422385115950753
2020-01-19,CA,0.670454749379501
2020-01-19,DE,0.726236237623818
2020-01-19,FR,0.0945630358363624
2020-01-19,GB,0.257207097103562
2020-01-19,IE,0.418783837513561
2020-01-19,US,2.01394564890047
2020-01-19,JP,0.943614862716671
2020-01-20,AU,0.418494254318485
2020-01-20,CA,0.667337188500005
2020-01-20,DE,0.721841030434956
2020-01-20,FR,0.0957215753213609
2020-01-20,GB,0.257365426065778
2020-01-20,IE,0.408529133855193
2020-01-20,US,2.02950345245593
2020-01-20,JP,0.932026357831123
2020-01-21,AU,0.414888299017656
2020-01-21,CA,0.667128924038115
2020-01-21,DE,0.718720306549882
2020-01-21,FR,0.0954002151427285
2020-01-21,GB,0.256094242579211
2020-01-21,IE,0.398394427949477
2020-01-21,US,2.03306566888805
2020-01-21,JP,0.924742279305162
2020-01-22,AU,0.417915708221754
2020-01-22,CA,0.665811468106249
2020-01-22,DE,0.717584657865354
2020-01-22,FR,0.0936628749175969
2020-01-22,GB,0.256552424634234
2020-01-22,IE,0.395533926566637
2020-01-22,US,2.03487081128764
2020-01-22,JP,0.922317436270401
2020-01-23,AU,0.420498933234931
2020-01-23,CA,0.664038218534856
2020-01-23,DE,0.717149436232187
2020-01-23,FR,0.0935225187768255
2020-01-23,GB,0.25776283644828
2020-01-23,IE,0.392964170429354
2020-01-23,US,2.0366324911346
2020-01-23,JP,0.925372217633488
2020-01-24,AU,0.425670578456342
2020-01-24,CA,0.659841006770954
2020-01-24,DE,0.711178084191754
2020-01-24,FR,0.0929580009617438
2020-01-24,GB,0.258410297020551
2020-01-24,IE,0.389118259177966
2020-01-24,US,2.03378596681158
2020-01-24,JP,0.923413837266239
2020-01-25,AU,0.427836040308432
2020-01-25,CA,0.656827414986877
2020-01-25,DE,0.71707904662639
2020-01-25,FR,0.092094070583203
2020-01-25,GB,0.260079230034084
2020-01-25,IE,0.382235691475259
2020-01-25,US,2.03159996051893
2020-01-25,JP,0.91018804181434
2020-01-26,AU,0.441382990101166
2020-01-26,CA,0.659775233973514
2020-01-26,DE,0.714396133836441
2020-01-26,FR,0.0918175674605887
2020-01-26,GB,0.260502509143093
2020-01-26,IE,0.379427925737386
2020-01-26,US,2.0267505325489
2020-01-26,JP,0.913412384348799
2020-01-27,AU,0.447714595144337
2020-01-27,CA,0.659319927355796
2020-01-27,DE,0.711088407089377
2020-01-27,FR,0.0921040985041012
2020-01-27,GB,0.260598812665455
2020-01-27,IE,0.377508079149802
2020-01-27,US,2.02357301419852
2020-01-27,JP,0.907500159917021
2020-01-28,AU,0.449512703322893
2020-01-28,CA,0.659858521201365
2020-01-28,DE,0.705037615118948
2020-01-28,FR,0.0923105497653487
2020-01-28,GB,0.26213582745575
2020-01-28,IE,0.376222623683297
2020-01-28,US,2.02672362915447
2020-01-28,JP,0.90272575910522
2020-01-29,AU,0.447115760267469
2020-01-29,CA,0.657657562434647
2020-01-29,DE,0.703609527824887
2020-01-29,FR,0.0924896176337412
2020-01-29,GB,0.261839180948765
2020-01-29,IE,0.377057576470109
2020-01-29,US,2.02418247100038
2020-01-29,JP,0.891739162327308
2020-01-30,AU,0.449387149018771
2020-01-30,CA,0.655265224960575
2020-01-30,DE,0.700702134991062
2020-01-30,FR,0.0924945646632057
2020-01-30,GB,0.261218254794503
2020-01-30,IE,0.375721527742876
2020-01-30,US,2.02170732932401
2020-01-30,JP,0.871340154562964
2020-01-31,AU,0.445751383165121
2020-01-31,CA,0.655882811998492
2020-01-31,DE,0.69740691760052
2020-01-31,FR,0.092592626486122
2020-01-31,GB,0.261607599212323
2020-01-31,IE,0.377597252825899
2020-01-31,US,2.02728851600968
2020-01-31,JP,0.852979359924776
2020-02-01,AU,0.451355977114889
2020-02-01,CA,0.655846255425499
2020-02-01,DE,0.69287329373712
2020-02-01,FR,0.0939794584271064
2020-02-01,GB,0.261706323332674
2020-02-01,IE,0.381422799777395
2020-02-01,US,2.02698843180834
2020-02-01,JP,0.838314321004309
2020-02-02,AU,0.443788647340378
2020-02-02,CA,0.651785825574857
2020-02-02,DE,0.68960368722144
2020-02-02,FR,0.0926615271871124
2020-02-02,GB,0.262973537613907
2020-02-02,IE,0.384538564235839
2020-02-02,US,2.02695476653577
2020-02-02,JP,0.813761336733416
2020-02-03,AU,0.445033835582727
2020-02-03,CA,0.650845846267421
2020-02-03,DE,0.687954174121352
2020-02-03,FR,0.0924170689451983
2020-02-03,GB,0.263641974598082
2020-02-03,IE,0.387068933351715
2020-02-03,US,2.02512299241475
2020-02-03,JP,0.799884118902945
2020-02-04,AU,0.446345795499717
2020-02-04,CA,0.648051530289853
2020-02-04,DE,0.691058101584313
2020-02-04,FR,0.0924114212356868
2020-02-04,GB,0.265371557340123
2020-02-04,IE,0.384768661408002
2020-02-04,US,2.02329258222462
2020-02-04,JP,0.789577650092984
2020-02-05,AU,0.452749160417905
2020-02-05,CA,0.649916205731047
2020-02-05,DE,0.686024079986618
2020-02-05,FR,0.093064289306665
2020-02-05,GB,0.268037073448872
2020-02-05,IE,0.386370982067474
2020-02-05,US,2.02467755461163
2020-02-05,JP,0.788254512802012
2020-02-06,AU,0.453003286636881
2020-02-06,CA,0.653739019705689
2020-02-06,DE,0.680415643146413
2020-02-06,FR,0.0925354462701858
2020-02-06,GB,0.269280365806335
2020-02-06,IE,0.388603422702348
2020-02-06,US,2.02583750962318
2020-02-06,JP,0.794468266264294
2020-02-07,AU,0.462844188615204
2020-02-07,CA,0.65480193533313
2020-02-07,DE,0.677732149734721
2020-02-07,FR,0.0918869921548466
2020-02-07,GB,0.270949485174102
2020-02-07,IE,0.386742078324072
2020-02-07,US,2.02050460655798
2020-02-07,JP,0.805045972624452
2020-02-08,AU,0.461358811464983
2020-02-08,CA,0.657891197104484
2020-02-08,DE,0.670841583822632
2020-02-08,FR,0.0908855593171923
2020-02-08,GB,0.274247664482756
2020-02-08,IE,0.39788012726394
2020-02-08,US,2.01943177067796
2020-02-08,JP,0.81714644243491
2020-02-09,AU,0.462666743863388
2020-02-09,CA,0.660103720687665
2020-02-09,DE,0.666183284276953
2020-02-09,FR,0.0924119753997454
2020-02-09,GB,0.276888864258187
2020-02-09,IE,0.401011028148908
2020-02-09,US,2.020282798441
2020-02-09,JP,0.823668869090816
2020-02-10,AU,0.460889621442628
2020-02-10,CA,0.659481749589862
2020-02-10,DE,0.667482178027072
2020-02-10,FR,0.0926436454264215
2020-02-10,GB,0.277671792227529
2020-02-10,IE,0.410771835382458
2020-02-10,US,2.02184090900648
2020-02-10,JP,0.829074488974818
2020-02-11,AU,0.455831213123905
2020-02-11,CA,0.657212930036411
2020-02-11,DE,0.667567978880912
2020-02-11,FR,0.0907631713769904
2020-02-11,GB,0.276956676720379
2020-02-11,IE,0.41885494739879
2020-02-11,US,2.01838499503895
2020-02-11,JP,0.840935250177288
2020-02-12,AU,0.447594426642069
2020-02-12,CA,0.656849225972861
2020-02-12,DE,0.667957530629011
2020-02-12,FR,0.0904303119318238
2020-02-12,GB,0.275368450076699
2020-02-12,IE,0.419219004068202
2020-02-12,US,2.01017870350439
2020-02-12,JP,0.843567760075164
2020-02-13,AU,0.445807973258183
2020-02-13,CA,0.649922059692432
2020-02-13,DE,0.674209147888391
2020-02-13,FR,0.0900121915089704
2020-02-13,GB,0.274598421665468
2020-02-13,IE,0.423007258642243
2020-02-13,US,1.99889649509482
2020-02-13,JP,0.846422602438048
2020-02-14,AU,0.43390368224578
2020-02-14,CA,0.643781623011789
2020-02-14,DE,0.679866188861172
2020-02-14,FR,0.0910429650366569
2020-02-14,GB,0.272675447110098
2020-02-14,IE,0.43009228249972
2020-02-14,US,1.99055963869913
2020-02-14,JP,0.847018577770886
2020-02-15,AU,0.427903096607747
2020-02-15,CA,0.638758877447313
2020-02-15,DE,0.687971208084463
2020-02-15,FR,0.0902496992944829
2020-02-15,GB,0.26995431054937
2020-02-15,IE,0.421064528030427
2020-02-15,US,1.98145535530088
2020-02-15,JP,0.850458387455037
2020-02-16,AU,0.418415089603722
2020-02-16,CA,0.635895339446687
2020-02-16,DE,0.69373034287749
2020-02-16,FR,0.0901352793080587
2020-02-16,GB,0.265671981917055
2020-02-16,IE,0.416922458269873
2020-02-16,US,1.97299027161967
2020-02-16,JP,0.869249090304476
2020-02-17,AU,0.415694049696075
2020-02-17,CA,0.643321074340863
2020-02-17,DE,0.688787513285542
2020-02-17,FR,0.089901648957384
2020-02-17,GB,0.263161406513857
2020-02-17,IE,0.40701478296267
2020-02-17,US,1.96775344714543
2020-02-17,JP,0.886592511485603
2020-02-18,AU,0.415352968168478
2020-02-18,CA,0.64640010121699
2020-02-18,DE,0.682471146544809
2020-02-18,FR,0.0911325133867105
2020-02-18,GB,0.262163774657501
2020-02-18,IE,0.399379074365929
2020-02-18,US,1.96283615508368
2020-02-18,JP,0.897426481812249
2020-02-19,AU,0.416388408826056
2020-02-19,CA,0.645496114568575
2020-02-19,DE,0.686024724059532
2020-02-19,FR,0.0908422466174458
2020-02-19,GB,0.260190635121742
2020-02-19,IE,0.394919263729648
2020-02-19,US,1.96657370850262
2020-02-19,JP,0.910169508390272
2020-02-20,AU,0.414434614744861
2020-02-20,CA,0.64642333764879
2020-02-20,DE,0.686094000203938
2020-02-20,FR,0.091032369850934
2020-02-20,GB,0.259626933127515
2020-02-20,IE,0.3891967130079
2020-02-20,US,1.97285693493408
2020-02-20,JP,0.91965054312576
2020-02-21,AU,0.415733739702016
2020-02-21,CA,0.646578127262936
2020-02-21,DE,0.686770628670987
2020-02-21,FR,0.090042400260289
2020-02-21,GB,0.25988454883939
2020-02-21,IE,0.381870842426158
2020-02-21,US,1.97551670476529
2020-02-21,JP,0.926287143995303
2020-02-22,AU,0.413515549215678
2020-02-22,CA,0.643554276239643
2020-02-22,DE,0.678958337399628
2020-02-22,FR,0.090265231226676
2020-02-22,GB,0.260191559494744
2020-02-22,IE,0.377431333490678
2020-02-22,US,1.9752992775193
2020-02-22,JP,0.933391891988292
2020-02-23,AU,0.417521179162941
2020-02-23,CA,0.641320917391256
2020-02-23,DE,0.677267123084248
2020-02-23,FR,0.0888152773040387
2020-02-23,GB,0.261179562795559
2020-02-23,IE,0.378662931369491
2020-02-23,US,1.97579977184765
2020-02-23,JP,0.924741554399196
2020-02-24,AU,0.41497674913356
2020-02-24,CA,0.63140568653228
2020-02-24,DE,0.681533417189985
2020-02-24,FR,0.088154403321852
2020-02-24,GB,0.261155727263677
2020-02-24,IE,0.380045680827211
2020-02-24,US,1.97249149252489
2020-02-24,JP,0.930344465729777
2020-02-25,AU,0.418413657152748
2020-02-25,CA,0.628785784713462
2020-02-25,DE,0.685351120884509
2020-02-25,FR,0.087834218346821
2020-02-25,GB,0.261033435243376
2020-02-25,IE,0.379829587858198
2020-02-25,US,1.9704720492786
2020-02-25,JP,0.943654444771154
2020-02-26,AU,0.421735835046305
2020-02-26,CA,0.629924700955185
2020-02-26,DE,0.683157238292229
2020-02-26,FR,0.088178246170753
2020-02-26,GB,0.262520735195593
2020-02-26,IE,0.375329517586974
2020-02-26,US,1.96899496176395
2020-02-26,JP,0.966309629403009
2020-02-27,AU,0.427018550439357
2020-02-27,CA,0.628648017078939
2020-02-27,DE,0.679638449727616
2020-02-27,FR,0.0887504614064201
2020-02-27,GB,0.262869886225647
2020-02-27,IE,0.373155685358924
2020-02-27,US,1.96611220864163
2020-02-27,JP,0.999049499932396
2020-02-28,AU,0.432891886954694
2020-02-28,CA,0.632884780695789
2020-02-28,DE,0.678954122801363
2020-02-28,FR,0.0895834702504695
2020-02-28,GB,0.264219820219498
2020-02-28,IE,0.371832217503635
2020-02-28,US,1.9699245302415
2020-02-28,JP,1.03619718531338
2020-02-29,AU,0.434933403013319
2020-02-29,CA,0.638203136908994
2020-02-29,DE,0.67983948775752
2020-02-29,FR,0.0893558944693833
2020-02-29,GB,0.264544172851702
2020-02-29,IE,0.36223371969252
2020-02-29,US,1.98168447127517
2020-02-29,JP,1.05306404021488
2020-03-01,AU,0.432101598045851
2020-03-01,CA,0.641553773562328
2020-03-01,DE,0.681608146923615
2020-03-01,FR,0.0897402532193544
2020-03-01,GB,0.265925811691038
2020-03-01,IE,0.356842492817779
2020-03-01,US,1.98259195148032
2020-03-01,JP,1.0736039836877
2020-03-02,AU,0.431082652925458
2020-03-02,CA,0.642706846830908
2020-03-02,DE,0.680680167321712
2020-03-02,FR,0.0915148316328754
2020-03-02,GB,0.269005600293428
2020-03-02,IE,0.354321548602452
2020-03-02,US,1.98707540266944
2020-03-02,JP,1.07495789528551
2020-03-03,AU,0.432357875704859
2020-03-03,CA,0.643184107873896
2020-03-03,DE,0.682529958125574
2020-03-03,FR,0.0921914519257424
2020-03-03,GB,0.270591052918263
2020-03-03,IE,0.353168843382312
2020-03-03,US,1.99665622071228
2020-03-03,JP,1.06112228173752
2020-03-04,AU,0.431996678577575
2020-03-04,CA,0.640028508526965
2020-03-04,DE,0.685102350229858
2020-03-04,FR,0.0934090188364164
2020-03-04,GB,0.272567847172832
2020-03-04,IE,0.356396648749816
2020-03-04,US,2.00272645800037
2020-03-04,JP,1.03249513533036
2020-03-05,AU,0.428639664056549
2020-03-05,CA,0.639483247509833
2020-03-05,DE,0.687509749378788
2020-03-05,FR,0.0937361637262215
2020-03-05,GB,0.273796092103571
2020-03-05,IE,0.358588939896115
2020-03-05,US,2.01203217669197
2020-03-05,JP,1.00004938686209
2020-03-06,AU,0.424101336257007
2020-03-06,CA,0.634030012607521
2020-03-06,DE,0.689212979762045
2020-03-06,FR,0.0943548833058543
2020-03-06,GB,0.275173517830986
2020-03-06,IE,0.35862656090842
2020-03-06,US,2.02163758316701
2020-03-06,JP,0.969027177958422
2020-03-07,AU,0.425561230113172
2020-03-07,CA,0.62819963675002
2020-03-07,DE,0.694436742691226
2020-03-07,FR,0.0951157213532364
2020-03-07,GB,0.278336412514004
2020-03-07,IE,0.369758103473983
2020-03-07,US,2.0238880867243
2020-03-07,JP,0.955962985674828
2020-03-08,AU,0.433216299408692
2020-03-08,CA,0.625884364356198
2020-03-08,DE,0.697824449050007
2020-03-08,FR,0.097284671629729
2020-03-08,GB,0.280062300419312
2020-03-08,IE,0.375621978141243
2020-03-08,US,2.04163510057761
2020-03-08,JP,0.948813544086474
2020-03-09,AU,0.438487781079487
2020-03-09,CA,0.625066593056371
2020-03-09,DE,0.701889346842596
2020-03-09,FR,0.0975573827011717
2020-03-09,GB,0.281167986912044
2020-03-09,IE,0.375603996414811
2020-03-09,US,2.05691244524776
2020-03-09,JP,0.950515779255155
2020-03-10,AU,0.439933327599653
2020-03-10,CA,0.625389776111112
2020-03-10,DE,0.711701775872123
2020-03-10,FR,0.0992057766173954
2020-03-10,GB,0.283346940441577
2020-03-10,IE,0.375903479228492
2020-03-10,US,2.07022331922738
2020-03-10,JP,0.955885321786258
2020-03-11,AU,0.444042918292224
2020-03-11,CA,0.631115559651138
2020-03-11,DE,0.717179174789826
2020-03-11,FR,0.0992598778775577
2020-03-11,GB,0.282845862088631
2020-03-11,IE,0.382231367107473
2020-03-11,US,2.09580199519304
2020-03-11,JP,0.970796417770096
2020-03-12,AU,0.451210148487818
2020-03-12,CA,0.649593757730222
2020-03-12,DE,0.741270779526991
2020-03-12,FR,0.10301431396804
2020-03-12,GB,0.28669316633355
2020-03-12,IE,0.39588091808296
2020-03-12,US,2.14506054798832
2020-03-12,JP,0.979063517698721
2020-03-13,AU,0.465778490262017
2020-03-13,CA,0.68022981059059
2020-03-13,DE,0.778630030578484
2020-03-13,FR,0.110554654393273
2020-03-13,GB,0.292679172573277
2020-03-13,IE,0.423676574013794
2020-03-13,US,2.20418723153455
2020-03-13,JP,0.990282291710722
2020-03-14,AU,0.487700892284576
2020-03-14,CA,0.715200833777722
2020-03-14,DE,0.812243626958566
2020-03-14,FR,0.119694437218468
2020-03-14,GB,0.301820305005815
2020-03-14,IE,0.457969738674756
2020-03-14,US,2.2815171669267
2020-03-14,JP,0.998743981919674
2020-03-15,AU,0.502550365193613
2020-03-15,CA,0.759702459766937
2020-03-15,DE,0.864829095867675
2020-03-15,FR,0.13504593177992
2020-03-15,GB,0.315192769831165
2020-03-15,IE,0.512662309605907
2020-03-15,US,2.38166390717027
2020-03-15,JP,0.998715309320162
2020-03-16,AU,0.522522047523352
2020-03-16,CA,0.825466084055213
2020-03-16,DE,0.926621952160493
2020-03-16,FR,0.156375514558569
2020-03-16,GB,0.334997367462209
2020-03-16,IE,0.575026963838139
2020-03-16,US,2.52284872906226
2020-03-16,JP,0.984912969711895
2020-03-17,AU,0.549806205114708
2020-03-17,CA,0.914982768971278
2020-03-17,DE,1.00124939127097
2020-03-17,FR,0.183812135693702
2020-03-17,GB,0.371294413010941
2020-03-17,IE,0.655864444194103
2020-03-17,US,2.69413141292383
2020-03-17,JP,0.97961049503896
2020-03-18,AU,0.583000007416069
2020-03-18,CA,1.00238414662221
2020-03-18,DE,1.08207844531776
2020-03-18,FR,0.206451766401592
2020-03-18,GB,0.408203970475362
2020-03-18,IE,0.742953495045494
2020-03-18,US,2.87723285213145
2020-03-18,JP,0.973063409516309
2020-03-19,AU,0.613102068612037
2020-03-19,CA,1.09011717470365
2020-03-19,DE,1.15249058232702
2020-03-19,FR,0.228362559736158
2020-03-19,GB,0.438502136026008
2020-03-19,IE,0.82763171279598
2020-03-19,US,3.09886899780804
2020-03-19,JP,0.961342610935274
2020-03-20,AU,0.646489298885114
2020-03-20,CA,1.17891365650357
2020-03-20,DE,1.20576152409497
2020-03-20,FR,0.24887333517678
2020-03-20,GB,0.469308932329822
2020-03-20,IE,0.904415012641719
2020-03-20,US,3.37123166625555
2020-03-20,JP,0.948901122979087
2020-03-21,AU,0.672802308885721
2020-03-21,CA,1.26919870082668
2020-03-21,DE,1.28056367997691
2020-03-21,FR,0.268695621751164
2020-03-21,GB,0.484670993706613
2020-03-21,IE,0.960448243522369
2020-03-21,US,3.60748166346664
2020-03-21,JP,0.931430995864151
2020-03-22,AU,0.742942936525681
2020-03-22,CA,1.36230949326335
2020-03-22,DE,1.32617940374866
2020-03-22,FR,0.278865814428868
2020-03-22,GB,0.510150383411719
2020-03-22,IE,0.993165920349702
2020-03-22,US,3.8233914894761
2020-03-22,JP,0.915973727423831
2020-03-23,AU,0.808293487298696
2020-03-23,CA,1.4544337803108
2020-03-23,DE,1.34981811709365
2020-03-23,FR,0.282222109385993
2020-03-23,GB,0.550941572738382
2020-03-23,IE,1.04057014386765
2020-03-23,US,4.01551413259912
2020-03-23,JP,0.912788886411191
2020-03-24,AU,0.866229193085698
2020-03-24,CA,1.51767257441345
2020-03-24,DE,1.34214052102472
2020-03-24,FR,0.278012965435632
2020-03-24,GB,0.584854578789123
2020-03-24,IE,1.06356057105947
2020-03-24,US,4.16280705655726
2020-03-24,JP,0.911479795409748
2020-03-25,AU,0.913974288260902
2020-03-25,CA,1.5669063428817
2020-03-25,DE,1.32143925906586
2020-03-25,FR,0.277882229101388
2020-03-25,GB,0.626485055194859
2020-03-25,IE,1.05703101816033
2020-03-25,US,4.27548589200501
2020-03-25,JP,0.938197802223254
2020-03-26,AU,0.957075320608017
2020-03-26,CA,1.6042087852586
2020-03-26,DE,1.30420937782308
2020-03-26,FR,0.274470094487259
2020-03-26,GB,0.670836536182006
2020-03-26,IE,1.03655343517793
2020-03-26,US,4.32417990556416
2020-03-26,JP,0.955232311982562
2020-03-27,AU,0.990338968354534
2020-03-27,CA,1.63402377398847
2020-03-27,DE,1.28540631785822
2020-03-27,FR,0.273529915902833
2020-03-27,GB,0.7115410166262
2020-03-27,IE,1.05150662996824
2020-03-27,US,4.30060920358664
2020-03-27,JP,0.988530924015405
2020-03-28,AU,1.02678597047521
2020-03-28,CA,1.65951916766275
2020-03-28,DE,1.24866701915774
2020-03-28,FR,0.269425523158316
2020-03-28,GB,0.76352657378072
2020-03-28,IE,1.05581720092157
2020-03-28,US,4.30093676236269
2020-03-28,JP,1.0135298766103
2020-03-29,AU,1.03655798492084
2020-03-29,CA,1.67313714317959
2020-03-29,DE,1.21771648569622
2020-03-29,FR,0.271012596640176
2020-03-29,GB,0.812843920001285
2020-03-29,IE,1.07620824804911
2020-03-29,US,4.3097067372336
2020-03-29,JP,1.0449417688243
2020-03-30,AU,1.04703208769329
2020-03-30,CA,1.67458717266422
2020-03-30,DE,1.19447556280759
2020-03-30,FR,0.275298572787978
2020-03-30,GB,0.845674211883038
2020-03-30,IE,1.07654497764117
2020-03-30,US,4.34109139751819
2020-03-30,JP,1.08416726307165
2020-03-31,AU,1.05862755113455
2020-03-31,CA,1.6895861946176
2020-03-31,DE,1.18262954689998
2020-03-31,FR,0.278856318069116
2020-03-31,GB,0.86214815660871
2020-03-31,IE,1.08171944320218
2020-03-31,US,4.37925288274568
2020-03-31,JP,1.127717109573
2020-04-01,AU,1.07182254669126
2020-04-01,CA,1.72649129245214
2020-04-01,DE,1.17931331715976
2020-04-01,FR,0.286135055914958
2020-04-01,GB,0.872264795105605
2020-04-01,IE,1.09147056796478
2020-04-01,US,4.41384070651403
2020-04-01,JP,1.1472591042254
2020-04-02,AU,1.09778859073695
2020-04-02,CA,1.76254879116643
2020-04-02,DE,1.16739403584864
2020-04-02,FR,0.292576857975253
2020-04-02,GB,0.882202591582423
2020-04-02,IE,1.11665194309952
2020-04-02,US,4.46841227214309
2020-04-02,JP,1.1846449624751
2020-04-03,AU,1.10679014972444
2020-04-03,CA,1.7979590015894
2020-04-03,DE,1.15855928361421
2020-04-03,FR,0.292692409930158
2020-04-03,GB,0.896698528646455
2020-04-03,IE,1.0978783932537
2020-04-03,US,4.53662932797316
2020-04-03,JP,1.20577691145381
2020-04-04,AU,1.11425910950696
2020-04-04,CA,1.84301084275679
2020-04-04,DE,1.14622112088244
2020-04-04,FR,0.292459674758337
2020-04-04,GB,0.900161082308905
2020-04-04,IE,1.09926205516617
2020-04-04,US,4.59436723718588
2020-04-04,JP,1.23648821710433
2020-04-05,AU,1.11018437974401
2020-04-05,CA,1.88050622656854
2020-04-05,DE,1.14091305598733
2020-04-05,FR,0.293470102899379
2020-04-05,GB,0.891841476694798
2020-04-05,IE,1.14215510040671
2020-04-05,US,4.61777299301677
2020-04-05,JP,1.261978696665
2020-04-06,AU,1.10656823229217
2020-04-06,CA,1.89942194480377
2020-04-06,DE,1.12783774123605
2020-04-06,FR,0.29004897060815
2020-04-06,GB,0.8814252082636
2020-04-06,IE,1.15941762139721
2020-04-06,US,4.61196856352859
2020-04-06,JP,1.29287246473381
2020-04-07,AU,1.0968888758252
2020-04-07,CA,1.89961429877531
2020-04-07,DE,1.11175936569868
2020-04-07,FR,0.290089736157696
2020-04-07,GB,0.874532131809131
2020-04-07,IE,1.1601002780528
2020-04-07,US,4.59266402789295
2020-04-07,JP,1.33022706171247
2020-04-08,AU,1.08992623453963
2020-04-08,CA,1.88199985565521
2020-04-08,DE,1.10408428058439
2020-04-08,FR,0.296542881454722
2020-04-08,GB,0.870400874862217
2020-04-08,IE,1.17450869722628
2020-04-08,US,4.57611505852042
2020-04-08,JP,1.36142586738402
2020-04-09,AU,1.07142724354002
2020-04-09,CA,1.87414746787983
2020-04-09,DE,1.09668017699287
2020-04-09,FR,0.3044841610252
2020-04-09,GB,0.869540890317166
2020-04-09,IE,1.19614756298697
2020-04-09,US,4.54496521081626
2020-04-09,JP,1.38620660741416
2020-04-10,AU,1.11011715380627
2020-04-10,CA,1.87552381912747
2020-04-10,DE,1.09884519471539
2020-04-10,FR,0.312868796907365
2020-04-10,GB,0.86557778395264
2020-04-10,IE,1.2160513753764
2020-04-10,US,4.50809046059629
2020-04-10,JP,1.41151735671145
2020-04-11,AU,1.1240672546177
2020-04-11,CA,1.87068568116279
2020-04-11,DE,1.09359202592745
2020-04-11,FR,0.329042555599439
2020-04-11,GB,0.870108742128148
2020-04-11,IE,1.23507329426502
2020-04-11,US,4.45821873721591
2020-04-11,JP,1.43388324684076
2020-04-12,AU,1.12919862105623
2020-04-12,CA,1.87502806318143
2020-04-12,DE,1.08543842588873
2020-04-12,FR,0.33841736800367
2020-04-12,GB,0.874053123263554
2020-04-12,IE,1.21624223955715
2020-04-12,US,4.40741112362585
2020-04-12,JP,1.46207319131635
2020-04-13,AU,1.13748369691904
2020-04-13,CA,1.86636612050044
2020-04-13,DE,1.09803344017641
2020-04-13,FR,0.356072781178384
2020-04-13,GB,0.879220703300378
2020-04-13,IE,1.24390266051393
2020-04-13,US,4.36994101974369
2020-04-13,JP,1.47028523439824
2020-04-14,AU,1.13576009545897
2020-04-14,CA,1.85073410442407
2020-04-14,DE,1.09570871010608
2020-04-14,FR,0.363665133185031
2020-04-14,GB,0.884169815819881
2020-04-14,IE,1.27864542373785
2020-04-14,US,4.33293148333945
2020-04-14,JP,1.45415960647675
2020-04-15,AU,1.12336082258143
2020-04-15,CA,1.84549735532859
2020-04-15,DE,1.09014641210954
2020-04-15,FR,0.359448601681633
2020-04-15,GB,0.878497961558048
2020-04-15,IE,1.29728986636275
2020-04-15,US,4.328022320985
2020-04-15,JP,1.446619116843
2020-04-16,AU,1.12790888023256
2020-04-16,CA,1.82624633292695
2020-04-16,DE,1.08479555444211
2020-04-16,FR,0.352571297500282
2020-04-16,GB,0.876250269347221
2020-04-16,IE,1.31070521079722
2020-04-16,US,4.30916085172524
2020-04-16,JP,1.45396678277164
2020-04-17,AU,1.08325749356959
2020-04-17,CA,1.78631585665115
2020-04-17,DE,1.06562091033634
2020-04-17,FR,0.342829963547911
2020-04-17,GB,0.871831908759599
2020-04-17,IE,1.304901714394
2020-04-17,US,4.26923829110731
2020-04-17,JP,1.45915003505593
2020-04-18,AU,1.04025294360193
2020-04-18,CA,1.75021342396342
2020-04-18,DE,1.05314963159695
2020-04-18,FR,0.32600480168951
2020-04-18,GB,0.865895637545963
2020-04-18,IE,1.29886556592094
2020-04-18,US,4.23347872225167
2020-04-18,JP,1.45696001554661
2020-04-19,AU,1.01286937405588
2020-04-19,CA,1.72777869318395
2020-04-19,DE,1.03511907855689
2020-04-19,FR,0.314645808794447
2020-04-19,GB,0.860062745794915
2020-04-19,IE,1.30450292628074
2020-04-19,US,4.21125635354363
2020-04-19,JP,1.45209456254065
2020-04-20,AU,0.966193392695136
2020-04-20,CA,1.70254723312757
2020-04-20,DE,1.00681488268843
2020-04-20,FR,0.297563443500644
2020-04-20,GB,0.850245147705455
2020-04-20,IE,1.27228517860817
2020-04-20,US,4.16034899179671
2020-04-20,JP,1.44545339516254
2020-04-21,AU,0.939810274760501
2020-04-21,CA,1.69318828250445
2020-04-21,DE,0.997043806826072
2020-04-21,FR,0.286509632843425
2020-04-21,GB,0.837882153056842
2020-04-21,IE,1.25304412131553
2020-04-21,US,4.1218746882425
2020-04-21,JP,1.43878758177048
2020-04-22,AU,0.925909522240921
2020-04-22,CA,1.67853592714708
2020-04-22,DE,0.983349488177317
2020-04-22,FR,0.279891096129235
2020-04-22,GB,0.840274061210233
2020-04-22,IE,1.2454727204987
2020-04-22,US,4.05854992027408
2020-04-22,JP,1.43707727579821
2020-04-23,AU,0.895062642776039
2020-04-23,CA,1.6699273580457
2020-04-23,DE,0.966251929130632
2020-04-23,FR,0.272017148694132
2020-04-23,GB,0.839345361982787
2020-04-23,IE,1.22806108279325
2020-04-23,US,4.00827086167922
2020-04-23,JP,1.42603491462579
2020-04-24,AU,0.878171726704601
2020-04-24,CA,1.660366691875
2020-04-24,DE,0.954284835110924
2020-04-24,FR,0.265401339164455
2020-04-24,GB,0.842593253478565
2020-04-24,IE,1.23210258827486
2020-04-24,US,3.97088522366467
2020-04-24,JP,1.41193932900971
2020-04-25,AU,0.872818805128573
2020-04-25,CA,1.64766619484723
2020-04-25,DE,0.944534259781779
2020-04-25,FR,0.263738462027592
2020-04-25,GB,0.843472903158454
2020-04-25,IE,1.23614772781917
2020-04-25,US,3.93992313303005
2020-04-25,JP,1.39996753941818
2020-04-26,AU,0.864119043917088
2020-04-26,CA,1.62042756390731
2020-04-26,DE,0.9487702491221
2020-04-26,FR,0.259033123832338
2020-04-26,GB,0.844449969239136
2020-04-26,IE,1.23317916673288
2020-04-26,US,3.91050168551905
2020-04-26,JP,1.3806215201413
2020-04-27,AU,0.864180381039869
2020-04-27,CA,1.60662230711152
2020-04-27,DE,0.944915700262446
2020-04-27,FR,0.25696650551982
2020-04-27,GB,0.845794860257142
2020-04-27,IE,1.21435906589879
2020-04-27,US,3.87344389595029
2020-04-27,JP,1.37950944144403
2020-04-28,AU,0.849137697746816
2020-04-28,CA,1.59094960244209
2020-04-28,DE,0.94164808639219
2020-04-28,FR,0.255177346321713
2020-04-28,GB,0.850300668171246
2020-04-28,IE,1.20693562267523
2020-04-28,US,3.8282519142845
2020-04-28,JP,1.36634967483846
2020-04-29,AU,0.839285162512201
2020-04-29,CA,1.58446974899794
2020-04-29,DE,0.938430735116177
2020-04-29,FR,0.249513157971145
2020-04-29,GB,0.84784190497744
2020-04-29,IE,1.20887884106139
2020-04-29,US,3.78621576668053
2020-04-29,JP,1.36359486057016
2020-04-30,AU,0.835164942471615
2020-04-30,CA,1.5739313327468
2020-04-30,DE,0.936681090506534
2020-04-30,FR,0.246435548481521
2020-04-30,GB,0.847678421986186
2020-04-30,IE,1.20255419437405
2020-04-30,US,3.73829640766367
2020-04-30,JP,1.35055245381722
2020-05-01,AU,0.816080823283514
2020-05-01,CA,1.57808064906074
2020-05-01,DE,0.954380030451172
2020-05-01,FR,0.247948380161472
2020-05-01,GB,0.841029404000022
2020-05-01,IE,1.20786779824697
2020-05-01,US,3.69583385974141
2020-05-01,JP,1.33856404628676
2020-05-02,AU,0.804237045531802
2020-05-02,CA,1.57861593511328
2020-05-02,DE,0.963574352505392
2020-05-02,FR,0.247099848444553
2020-05-02,GB,0.842345537817483
2020-05-02,IE,1.24742249823463
2020-05-02,US,3.65713963316576
2020-05-02,JP,1.32992790900105
2020-05-03,AU,0.792646117285017
2020-05-03,CA,1.58293698132872
2020-05-03,DE,0.953808803182707
2020-05-03,FR,0.244745601060935
2020-05-03,GB,0.843978933501605
2020-05-03,IE,1.25596117732347
2020-05-03,US,3.62705953476269
2020-05-03,JP,1.32619689086791
2020-05-04,AU,0.786421921623093
2020-05-04,CA,1.58637365821951
2020-05-04,DE,0.952652745758005
2020-05-04,FR,0.240599428259436
2020-05-04,GB,0.843924941172077
2020-05-04,IE,1.30186274969532
2020-05-04,US,3.60376130486588
2020-05-04,JP,1.32465624896302
2020-05-05,AU,0.792039539511761
2020-05-05,CA,1.58681327496459
2020-05-05,DE,0.948900337828629
2020-05-05,FR,0.238362135384544
2020-05-05,GB,0.845946384233238
2020-05-05,IE,1.32774203944259
2020-05-05,US,3.58842412028308
2020-05-05,JP,1.3313643976042
2020-05-06,AU,0.783347562911707
2020-05-06,CA,1.59094787919318
2020-05-06,DE,0.940606282456713
2020-05-06,FR,0.236325514438449
2020-05-06,GB,0.847307689069304
2020-05-06,IE,1.33534330309001
2020-05-06,US,3.56757365084953
2020-05-06,JP,1.30664736768029
2020-05-07,AU,0.774363758887306
2020-05-07,CA,1.60323498148837
2020-05-07,DE,0.937727198016309
2020-05-07,FR,0.237108226705466
2020-05-07,GB,0.845574773091259
2020-05-07,IE,1.36362206999883
2020-05-07,US,3.54418009282941
2020-05-07,JP,1.28327130109426
2020-05-08,AU,0.766258284743489
2020-05-08,CA,1.61255916138995
2020-05-08,DE,0.91887768252819
2020-05-08,FR,0.235188177964864
2020-05-08,GB,0.854534369715465
2020-05-08,IE,1.3710996078008
2020-05-08,US,3.53035174586465
2020-05-08,JP,1.25761042400464
2020-05-09,AU,0.762263239696146
2020-05-09,CA,1.61783291476636
2020-05-09,DE,0.908996609484438
2020-05-09,FR,0.233083148501083
2020-05-09,GB,0.86588747800831
2020-05-09,IE,1.35392987368755
2020-05-09,US,3.51216820913106
2020-05-09,JP,1.23665500638043
2020-05-10,AU,0.757357565979851
2020-05-10,CA,1.60905863409474
2020-05-10,DE,0.90456948085642
2020-05-10,FR,0.232849351498962
2020-05-10,GB,0.881332633785286
2020-05-10,IE,1.33378092344891
2020-05-10,US,3.47271551622367
2020-05-10,JP,1.21480363824056
2020-05-11,AU,0.754028979660937
2020-05-11,CA,1.6188844576701
2020-05-11,DE,0.907667397750676
2020-05-11,FR,0.230773955954557
2020-05-11,GB,0.890294167656777
2020-05-11,IE,1.31649964550988
2020-05-11,US,3.46328391495773
2020-05-11,JP,1.17217621039199
2020-05-12,AU,0.745743876520594
2020-05-12,CA,1.63043763401781
2020-05-12,DE,0.908723065188093
2020-05-12,FR,0.226370158704801
2020-05-12,GB,0.898091889344899
2020-05-12,IE,1.30243225350212
2020-05-12,US,3.45661378921634
2020-05-12,JP,1.14206305177423
2020-05-13,AU,0.742147059666224
2020-05-13,CA,1.63330775376047
2020-05-13,DE,0.930052653347982
2020-05-13,FR,0.225765173134893
2020-05-13,GB,0.912854847864567
2020-05-13,IE,1.31485355274468
2020-05-13,US,3.46674546379384
2020-05-13,JP,1.12755670821571
2020-05-14,AU,0.734906646980805
2020-05-14,CA,1.63436874065725
2020-05-14,DE,0.941891524280404
2020-05-14,FR,0.232806913231027
2020-05-14,GB,0.927687504851641
2020-05-14,IE,1.3106022062564
2020-05-14,US,3.48071928120886
2020-05-14,JP,1.11904430743666
2020-05-15,AU,0.733217772600917
2020-05-15,CA,1.63409759542023
2020-05-15,DE,0.945686538552309
2020-05-15,FR,0.238011306698611
2020-05-15,GB,0.935717226886081
2020-05-15,IE,1.31582600196951
2020-05-15,US,3.48409014442038
2020-05-15,JP,1.10945745011388
2020-05-16,AU,0.730829138472557
2020-05-16,CA,1.63862962103029
2020-05-16,DE,0.949383301020928
2020-05-16,FR,0.243359560062224
2020-05-16,GB,0.941465262955669
2020-05-16,IE,1.31488756808212
2020-05-16,US,3.49777402544765
2020-05-16,JP,1.09703938841691
2020-05-17,AU,0.720938351381697
2020-05-17,CA,1.65239804043047
2020-05-17,DE,0.959253861198909
2020-05-17,FR,0.249678588279483
2020-05-17,GB,0.944518320488856
2020-05-17,IE,1.32474442264187
2020-05-17,US,3.53364326660228
2020-05-17,JP,1.08526277735923
2020-05-18,AU,0.71403695572063
2020-05-18,CA,1.67418496347126
2020-05-18,DE,0.959373699977687
2020-05-18,FR,0.252062099338187
2020-05-18,GB,0.942608426598343
2020-05-18,IE,1.31978759007266
2020-05-18,US,3.54255419170603
2020-05-18,JP,1.09157215552407
2020-05-19,AU,0.709334499420018
2020-05-19,CA,1.67372369257313
2020-05-19,DE,0.955301985297436
2020-05-19,FR,0.255910235258796
2020-05-19,GB,0.939150134791315
2020-05-19,IE,1.30438651117223
2020-05-19,US,3.55319438319116
2020-05-19,JP,1.08847357339729
2020-05-20,AU,0.711060606258763
2020-05-20,CA,1.66716486950692
2020-05-20,DE,0.938363057039878
2020-05-20,FR,0.259522617355618
2020-05-20,GB,0.942809417977656
2020-05-20,IE,1.29337418897891
2020-05-20,US,3.54942113701207
2020-05-20,JP,1.0806475489278
2020-05-21,AU,0.709847120543643
2020-05-21,CA,1.66110055617263
2020-05-21,DE,0.934601463575267
2020-05-21,FR,0.256660877297244
2020-05-21,GB,0.946615399348151
2020-05-21,IE,1.27404310776245
2020-05-21,US,3.54613726547915
2020-05-21,JP,1.07574214746325
2020-05-22,AU,0.709993425375284
2020-05-22,CA,1.65517549203595
2020-05-22,DE,0.936748032227004
2020-05-22,FR,0.255001853552376
2020-05-22,GB,0.948105181099593
2020-05-22,IE,1.26658394567902
2020-05-22,US,3.54585601593279
2020-05-22,JP,1.07215904906071
2020-05-23,AU,0.710240282357721
2020-05-23,CA,1.64112398866537
2020-05-23,DE,0.944139917641292
2020-05-23,FR,0.252437040469679
2020-05-23,GB,0.950364489722433
2020-05-23,IE,1.2607552767088
2020-05-23,US,3.54680763577636
2020-05-23,JP,1.06971182521958
2020-05-24,AU,0.712592116256181
2020-05-24,CA,1.6313234859949
2020-05-24,DE,0.949219595878251
2020-05-24,FR,0.249175879734868
2020-05-24,GB,0.955058128033743
2020-05-24,IE,1.25654109058729
2020-05-24,US,3.54835331089747
2020-05-24,JP,1.07221107174728
2020-05-25,AU,0.712177581813605
2020-05-25,CA,1.6079341793937
2020-05-25,DE,0.95255367199113
2020-05-25,FR,0.247403801322637
2020-05-25,GB,0.972131450303039
2020-05-25,IE,1.25546740980284
2020-05-25,US,3.56176496713497
2020-05-25,JP,1.06541203767213
2020-05-26,AU,0.710804313835231
2020-05-26,CA,1.60122810110733
2020-05-26,DE,0.954770252148114
2020-05-26,FR,0.245597081866659
2020-05-26,GB,0.981167276787243
2020-05-26,IE,1.26457776613624
2020-05-26,US,3.56353311720668
2020-05-26,JP,1.06008673670322
2020-05-27,AU,0.701191401268197
2020-05-27,CA,1.60057692695848
2020-05-27,DE,0.955310193732832
2020-05-27,FR,0.240262792384601
2020-05-27,GB,0.975146733155091
2020-05-27,IE,1.25388547132137
2020-05-27,US,3.56594349379553
2020-05-27,JP,1.05344471458771
2020-05-28,AU,0.704536240201409
2020-05-28,CA,1.60547523999123
2020-05-28,DE,0.947354835953719
2020-05-28,FR,0.231125514219105
2020-05-28,GB,0.965804370058573
2020-05-28,IE,1.25114082952251
2020-05-28,US,3.55911500902526
2020-05-28,JP,1.03489354357885
2020-05-29,AU,0.700060173323184
2020-05-29,CA,1.60752966110019
2020-05-29,DE,0.936993345844255
2020-05-29,FR,0.223359208617413
2020-05-29,GB,0.958408382814546
2020-05-29,IE,1.24499260097628
2020-05-29,US,3.55189543550747
2020-05-29,JP,1.01151674052323
2020-05-30,AU,0.700758181113298
2020-05-30,CA,1.6279132838059
2020-05-30,DE,0.919846596044802
2020-05-30,FR,0.215859338754447
2020-05-30,GB,0.951531708515271
2020-05-30,IE,1.23533195306666
2020-05-30,US,3.54176966182272
2020-05-30,JP,0.98763077740304
2020-05-31,AU,0.696205501262333
2020-05-31,CA,1.64142101244416
2020-05-31,DE,0.90491265544878
2020-05-31,FR,0.206873305470049
2020-05-31,GB,0.939025989594067
2020-05-31,IE,1.23803667504103
2020-05-31,US,3.53284721566323
2020-05-31,JP,0.95982432958846
2020-06-01,AU,0.691270070974476
2020-06-01,CA,1.64381068209436
2020-06-01,DE,0.909545259373438
2020-06-01,FR,0.204611105421557
2020-06-01,GB,0.920255665837798
2020-06-01,IE,1.25582259289889
2020-06-01,US,3.51223349957432
2020-06-01,JP,0.928646353557457
2020-06-02,AU,0.683689677465721
2020-06-02,CA,1.64926724169227
2020-06-02,DE,0.909338317277974
2020-06-02,FR,0.200517231253382
2020-06-02,GB,0.907614669829222
2020-06-02,IE,1.2389388455533
2020-06-02,US,3.50253642190465
2020-06-02,JP,0.902656355224252
2020-06-03,AU,0.685158304195442
2020-06-03,CA,1.64509722187801
2020-06-03,DE,0.90800844401202
2020-06-03,FR,0.197442969326899
2020-06-03,GB,0.90121381847003
2020-06-03,IE,1.23393382851481
2020-06-03,US,3.49573606681403
2020-06-03,JP,0.877289450707514
2020-06-04,AU,0.672606083287647
2020-06-04,CA,1.63199969879066
2020-06-04,DE,0.909294288212725
2020-06-04,FR,0.195951291515305
2020-06-04,GB,0.898118362118039
2020-06-04,IE,1.21951611018693
2020-06-04,US,3.48523511413032
2020-06-04,JP,0.859216154529291
2020-06-05,AU,0.668034890656557
2020-06-05,CA,1.6207537486143
2020-06-05,DE,0.906647453156456
2020-06-05,FR,0.193162986969786
2020-06-05,GB,0.892659607924383
2020-06-05,IE,1.20253448987281
2020-06-05,US,3.47056335828937
2020-06-05,JP,0.846895796790584
2020-06-06,AU,0.660459929685099
2020-06-06,CA,1.60138523263129
2020-06-06,DE,0.907685265618942
2020-06-06,FR,0.190752884306992
2020-06-06,GB,0.891416283782106
2020-06-06,IE,1.18893342442813
2020-06-06,US,3.44569188053852
2020-06-06,JP,0.834540823834003
2020-06-07,AU,0.665806365218217
2020-06-07,CA,1.58727623914096
2020-06-07,DE,0.907807057392741
2020-06-07,FR,0.188094571436486
2020-06-07,GB,0.889194016328054
2020-06-07,IE,1.15855616219892
2020-06-07,US,3.41009485200108
2020-06-07,JP,0.82609568563066
2020-06-08,AU,0.668555367193079
2020-06-08,CA,1.58392124678157
2020-06-08,DE,0.889082097525338
2020-06-08,FR,0.182479067121321
2020-06-08,GB,0.883174302095563
2020-06-08,IE,1.10874065609651
2020-06-08,US,3.38616123121645
2020-06-08,JP,0.821304243217479
2020-06-09,AU,0.671169667764839
2020-06-09,CA,1.57631223152869
2020-06-09,DE,0.887049196873756
2020-06-09,FR,0.179916554236605
2020-06-09,GB,0.879013244829569
2020-06-09,IE,1.09613872430768
2020-06-09,US,3.35827289893561
2020-06-09,JP,0.814271765727727
2020-06-10,AU,0.665452622689683
2020-06-10,CA,1.57449994933918
2020-06-10,DE,0.882333241173429
2020-06-10,FR,0.176737664843784
2020-06-10,GB,0.87226799913347
2020-06-10,IE,1.07118338161511
2020-06-10,US,3.34113095156044
2020-06-10,JP,0.81702552001358
2020-06-11,AU,0.664155675633487
2020-06-11,CA,1.56767597979173
2020-06-11,DE,0.877102627636397
2020-06-11,FR,0.174378825593174
2020-06-11,GB,0.867423811914346
2020-06-11,IE,1.05800208697941
2020-06-11,US,3.33539103177549
2020-06-11,JP,0.817309952317572
2020-06-12,AU,0.664669335901317
2020-06-12,CA,1.56166373581798
2020-06-12,DE,0.875406601002805
2020-06-12,FR,0.171746992003266
2020-06-12,GB,0.853977631829903
2020-06-12,IE,1.03843510634707
2020-06-12,US,3.33678957638807
2020-06-12,JP,0.821857402032149
2020-06-13,AU,0.660575319840786
2020-06-13,CA,1.55558944125999
2020-06-13,DE,0.875417417528939
2020-06-13,FR,0.168663843158491
2020-06-13,GB,0.839471022866725
2020-06-13,IE,1.03484056234123
2020-06-13,US,3.35906734173718
2020-06-13,JP,0.828886776769014
2020-06-14,AU,0.646364724615776
2020-06-14,CA,1.54508759118899
2020-06-14,DE,0.87173638229677
2020-06-14,FR,0.167231775130338
2020-06-14,GB,0.829325364285145
2020-06-14,IE,1.02389169117778
2020-06-14,US,3.38901855047613
2020-06-14,JP,0.834015669920417
2020-06-15,AU,0.639000782184618
2020-06-15,CA,1.52762130799782
2020-06-15,DE,0.8694402128561
2020-06-15,FR,0.164535919254069
2020-06-15,GB,0.818600577531272
2020-06-15,IE,1.01050419839035
2020-06-15,US,3.41191253482461
2020-06-15,JP,0.837469298319082
2020-06-16,AU,0.635109183073797
2020-06-16,CA,1.51707685842579
2020-06-16,DE,0.865193049353211
2020-06-16,FR,0.161156313427716
2020-06-16,GB,0.80586159431323
2020-06-16,IE,1.01292521413448
2020-06-16,US,3.43869150458932
2020-06-16,JP,0.843731461929633
2020-06-17,AU,0.63069713163172
2020-06-17,CA,1.50105607411529
2020-06-17,DE,0.860991646892719
2020-06-17,FR,0.159278544860685
2020-06-17,GB,0.792575661020389
2020-06-17,IE,1.00724924617627
2020-06-17,US,3.45141020133524
2020-06-17,JP,0.843517115579362
2020-06-18,AU,0.62613572702448
2020-06-18,CA,1.48802814633285
2020-06-18,DE,0.853034967040921
2020-06-18,FR,0.157209158723705
2020-06-18,GB,0.775058972299852
2020-06-18,IE,1.00608892686598
2020-06-18,US,3.46696122903997
2020-06-18,JP,0.845552321158071
2020-06-19,AU,0.624266970328559
2020-06-19,CA,1.47527505035003
2020-06-19,DE,0.844107436613878
2020-06-19,FR,0.158000636199141
2020-06-19,GB,0.765798188067434
2020-06-19,IE,1.0025961190802
2020-06-19,US,3.47948160970501
2020-06-19,JP,0.839604894343425
2020-06-20,AU,0.633734657091363
2020-06-20,CA,1.46473726944314
2020-06-20,DE,0.83186928463243
2020-06-20,FR,0.157712449971351
2020-06-20,GB,0.755342051676069
2020-06-20,IE,0.986300041091307
2020-06-20,US,3.48245125447987
2020-06-20,JP,0.833012572476535
2020-06-21,AU,0.642448875456887
2020-06-21,CA,1.4645425572911
2020-06-21,DE,0.825243467213966
2020-06-21,FR,0.155564311375885
2020-06-21,GB,0.742557579531943
2020-06-21,IE,0.981056458802263
2020-06-21,US,3.48264391322783
2020-06-21,JP,0.825712313704957
2020-06-22,AU,0.646306148304847
2020-06-22,CA,1.46446246710637
2020-06-22,DE,0.819275197657718
2020-06-22,FR,0.154320691316909
2020-06-22,GB,0.739326893081532
2020-06-22,IE,0.978716663672558
2020-06-22,US,3.50079945644148
2020-06-22,JP,0.821625466465078
2020-06-23,AU,0.653027389290204
2020-06-23,CA,1.46678659383695
2020-06-23,DE,0.817900191875344
2020-06-23,FR,0.154695036842492
2020-06-23,GB,0.741997572962992
2020-06-23,IE,0.965465186150857
2020-06-23,US,3.51618567734125
2020-06-23,JP,0.825608185237723
2020-06-24,AU,0.657724853272843
2020-06-24,CA,1.4678215029224
2020-06-24,DE,0.812036721962981
2020-06-24,FR,0.155252533628653
2020-06-24,GB,0.739379349863067
2020-06-24,IE,0.963907777263394
2020-06-24,US,3.53938683091761
2020-06-24,JP,0.829697817897309
2020-06-25,AU,0.665697448215284
2020-06-25,CA,1.46293137877317
2020-06-25,DE,0.813279752737534
2020-06-25,FR,0.154885659146688
2020-06-25,GB,0.737972073348658
2020-06-25,IE,0.959349083795462
2020-06-25,US,3.56517283757052
2020-06-25,JP,0.840029362052546
2020-06-26,AU,0.667961243638625
2020-06-26,CA,1.45855694315601
2020-06-26,DE,0.810398472120852
2020-06-26,FR,0.153075424849282
2020-06-26,GB,0.738907553457231
2020-06-26,IE,0.960763531645031
2020-06-26,US,3.59344529026164
2020-06-26,JP,0.850722047842596
2020-06-27,AU,0.665533786639053
2020-06-27,CA,1.45376236868998
2020-06-27,DE,0.813335378458629
2020-06-27,FR,0.153150950883448
2020-06-27,GB,0.736258443454292
2020-06-27,IE,0.948349873676328
2020-06-27,US,3.63234953424394
2020-06-27,JP,0.860603053649016
2020-06-28,AU,0.669000991178497
2020-06-28,CA,1.44575389993111
2020-06-28,DE,0.806296889743593
2020-06-28,FR,0.154689606686756
2020-06-28,GB,0.739936951820024
2020-06-28,IE,0.95107226003827
2020-06-28,US,3.67558765573026
2020-06-28,JP,0.869259583128612
2020-06-29,AU,0.670917758636788
2020-06-29,CA,1.43475838868379
2020-06-29,DE,0.810147987661378
2020-06-29,FR,0.154679864890653
2020-06-29,GB,0.74045685882962
2020-06-29,IE,0.963394654476752
2020-06-29,US,3.70445318678557
2020-06-29,JP,0.877212657573462
2020-06-30,AU,0.674730582459318
2020-06-30,CA,1.42923515460136
2020-06-30,DE,0.810460480055567
2020-06-30,FR,0.153929132031795
2020-06-30,GB,0.737659663343668
2020-06-30,IE,0.969842459034058
2020-06-30,US,3.74883542982241
2020-06-30,JP,0.878661952453141
2020-07-01,AU,0.685361826441614
2020-07-01,CA,1.44339626298658
2020-07-01,DE,0.819255367261096
2020-07-01,FR,0.152209401176316
2020-07-01,GB,0.738459415621543
2020-07-01,IE,0.973751449397842
2020-07-01,US,3.78437113124735
2020-07-01,JP,0.872671703981834
2020-07-02,AU,0.696274744306645
2020-07-02,CA,1.46405541131025
2020-07-02,DE,0.822585595625741
2020-07-02,FR,0.150921857890151
2020-07-02,GB,0.738968696184471
2020-07-02,IE,0.965250390228447
2020-07-02,US,3.81687576333835
2020-07-02,JP,0.862686408261669
2020-07-03,AU,0.711170048791329
2020-07-03,CA,1.47738615249774
2020-07-03,DE,0.829630724082474
2020-07-03,FR,0.150244712608371
2020-07-03,GB,0.737993710743668
2020-07-03,IE,0.968163768558691
2020-07-03,US,3.85370777616218
2020-07-03,JP,0.860729856668138
2020-07-04,AU,0.713866307736237
2020-07-04,CA,1.49008415349192
2020-07-04,DE,0.834684851758875
2020-07-04,FR,0.150167240849115
2020-07-04,GB,0.737471992645533
2020-07-04,IE,0.967256059557036
2020-07-04,US,3.88486084975289
2020-07-04,JP,0.862422355290257
2020-07-05,AU,0.722742978024093
2020-07-05,CA,1.50250292167613
2020-07-05,DE,0.844662104781594
2020-07-05,FR,0.149788823974972
2020-07-05,GB,0.734085676691707
2020-07-05,IE,0.954680550013893
2020-07-05,US,3.90978569236721
2020-07-05,JP,0.860848933963349
2020-07-06,AU,0.73036887320361
2020-07-06,CA,1.51499165620803
2020-07-06,DE,0.845545362289389
2020-07-06,FR,0.149240231844626
2020-07-06,GB,0.729587066292302
2020-07-06,IE,0.942313507874523
2020-07-06,US,3.93451647208393
2020-07-06,JP,0.86451432404837
2020-07-07,AU,0.73381399532995
2020-07-07,CA,1.51491797111707
2020-07-07,DE,0.845360859188205
2020-07-07,FR,0.149567902601918
2020-07-07,GB,0.726950273807555
2020-07-07,IE,0.936440855597549
2020-07-07,US,3.94711929739138
2020-07-07,JP,0.85898160487911
2020-07-08,AU,0.741079192536912
2020-07-08,CA,1.50720639372515
2020-07-08,DE,0.849526670552429
2020-07-08,FR,0.150343951583028
2020-07-08,GB,0.729120489020184
2020-07-08,IE,0.930262130730018
2020-07-08,US,3.97598362370854
2020-07-08,JP,0.864135805876755
2020-07-09,AU,0.74619256642775
2020-07-09,CA,1.50705408970369
2020-07-09,DE,0.846950704070742
2020-07-09,FR,0.150205920110115
2020-07-09,GB,0.727143587835666
2020-07-09,IE,0.940361227277364
2020-07-09,US,4.00115623386763
2020-07-09,JP,0.872841073344937
2020-07-10,AU,0.750691258695352
2020-07-10,CA,1.50884491065193
2020-07-10,DE,0.845572254802913
2020-07-10,FR,0.150256997875942
2020-07-10,GB,0.729788706455965
2020-07-10,IE,0.943869624281973
2020-07-10,US,4.01518807892692
2020-07-10,JP,0.877537069691887
2020-07-11,AU,0.767974020554645
2020-07-11,CA,1.51571876918707
2020-07-11,DE,0.848956919751263
2020-07-11,FR,0.150316355861273
2020-07-11,GB,0.730242917511717
2020-07-11,IE,0.96786334441354
2020-07-11,US,4.03749246227056
2020-07-11,JP,0.880754188806094
2020-07-12,AU,0.770153515836819
2020-07-12,CA,1.52272350805103
2020-07-12,DE,0.856209931320032
2020-07-12,FR,0.152493757755228
2020-07-12,GB,0.730454550359268
2020-07-12,IE,0.973315247218157
2020-07-12,US,4.0666520695568
2020-07-12,JP,0.894126721172519
2020-07-13,AU,0.773914499531646
2020-07-13,CA,1.53126436340722
2020-07-13,DE,0.861181809883651
2020-07-13,FR,0.155243518001368
2020-07-13,GB,0.73106767099199
2020-07-13,IE,0.980564286970471
2020-07-13,US,4.09926073949007
2020-07-13,JP,0.901587981819116
2020-07-14,AU,0.779398251798092
2020-07-14,CA,1.54817363093499
2020-07-14,DE,0.865388960585742
2020-07-14,FR,0.160514406743463
2020-07-14,GB,0.731785111988237
2020-07-14,IE,0.984372207020273
2020-07-14,US,4.14112205500589
2020-07-14,JP,0.913383129203771
2020-07-15,AU,0.786859013776953
2020-07-15,CA,1.56408723868053
2020-07-15,DE,0.864043370093963
2020-07-15,FR,0.162546931664334
2020-07-15,GB,0.729053617099452
2020-07-15,IE,0.992534952957472
2020-07-15,US,4.17680486263048
2020-07-15,JP,0.927736389372591
2020-07-16,AU,0.796652244437232
2020-07-16,CA,1.57921152644712
2020-07-16,DE,0.870203200046769
2020-07-16,FR,0.165389484175608
2020-07-16,GB,0.730141373067677
2020-07-16,IE,0.994748977980422
2020-07-16,US,4.220369991545
2020-07-16,JP,0.931418144005814
2020-07-17,AU,0.808586115209591
2020-07-17,CA,1.59180927265272
2020-07-17,DE,0.875998567477118
2020-07-17,FR,0.166917692022798
2020-07-17,GB,0.730839171981792
2020-07-17,IE,0.991972663001864
2020-07-17,US,4.26039841345268
2020-07-17,JP,0.939054726553411
2020-07-18,AU,0.805757356700401
2020-07-18,CA,1.60459717222164
2020-07-18,DE,0.87744166063192
2020-07-18,FR,0.16788499163225
2020-07-18,GB,0.733740199954269
2020-07-18,IE,0.975111011148219
2020-07-18,US,4.29671650737789
2020-07-18,JP,0.942573413737272
2020-07-19,AU,0.821802920956827
2020-07-19,CA,1.62267646112738
2020-07-19,DE,0.878295578381276
2020-07-19,FR,0.169938311957398
2020-07-19,GB,0.736930026833255
2020-07-19,IE,0.988890087503858
2020-07-19,US,4.33736864665677
2020-07-19,JP,0.934581773326841
2020-07-20,AU,0.824828659882067
2020-07-20,CA,1.63808525266486
2020-07-20,DE,0.881329103455093
2020-07-20,FR,0.170776862765739
2020-07-20,GB,0.740424810799179
2020-07-20,IE,0.991449391606901
2020-07-20,US,4.3604332757226
2020-07-20,JP,0.929555672812605
2020-07-21,AU,0.828526449149475
2020-07-21,CA,1.6512620272372
2020-07-21,DE,0.879869688324961
2020-07-21,FR,0.168585793956252
2020-07-21,GB,0.738343029192853
2020-07-21,IE,1.00000512278689
2020-07-21,US,4.36387979592774
2020-07-21,JP,0.929617893944577
2020-07-22,AU,0.820080655489666
2020-07-22,CA,1.6628943179531
2020-07-22,DE,0.878316976195984
2020-07-22,FR,0.169934333366047
2020-07-22,GB,0.737858728077871
2020-07-22,IE,0.993811331212598
2020-07-22,US,4.36374432826879
2020-07-22,JP,0.930289636170097
2020-07-23,AU,0.809394970933722
2020-07-23,CA,1.67072085503631
2020-07-23,DE,0.880459588070426
2020-07-23,FR,0.169986325390506
2020-07-23,GB,0.737948327822984
2020-07-23,IE,1.00033843259137
2020-07-23,US,4.35681027998959
2020-07-23,JP,0.950631280758646
2020-07-24,AU,0.803663179840359
2020-07-24,CA,1.68228468852116
2020-07-24,DE,0.877837967799221
2020-07-24,FR,0.171420319129027
2020-07-24,GB,0.73720388291564
2020-07-24,IE,1.0015574840058
2020-07-24,US,4.36247191513508
2020-07-24,JP,0.972922493504941
2020-07-25,AU,0.80523506222235
2020-07-25,CA,1.68964032968928
2020-07-25,DE,0.872151503074773
2020-07-25,FR,0.175129104035979
2020-07-25,GB,0.741939816021697
2020-07-25,IE,1.01082834217653
2020-07-25,US,4.36467956171893
2020-07-25,JP,0.996679707372395
2020-07-26,AU,0.797965769546868
2020-07-26,CA,1.70012361855412
2020-07-26,DE,0.866865638270562
2020-07-26,FR,0.172679314328002
2020-07-26,GB,0.746819789292948
2020-07-26,IE,1.00215235296347
2020-07-26,US,4.35798248363316
2020-07-26,JP,1.0422146709536
2020-07-27,AU,0.798469373868916
2020-07-27,CA,1.71492624034975
2020-07-27,DE,0.861460376637628
2020-07-27,FR,0.173640422860615
2020-07-27,GB,0.754675827847289
2020-07-27,IE,1.00983545582907
2020-07-27,US,4.37175845207129
2020-07-27,JP,1.07297685047912
2020-07-28,AU,0.788826771689062
2020-07-28,CA,1.72886375588878
2020-07-28,DE,0.861508766557679
2020-07-28,FR,0.173866727337788
2020-07-28,GB,0.762678044517149
2020-07-28,IE,1.00422682038889
2020-07-28,US,4.38845104580306
2020-07-28,JP,1.09445018233616
2020-07-29,AU,0.791117441371437
2020-07-29,CA,1.74752804836836
2020-07-29,DE,0.860057517847775
2020-07-29,FR,0.172802415754613
2020-07-29,GB,0.767644593852336
2020-07-29,IE,1.01252238947222
2020-07-29,US,4.40005775482492
2020-07-29,JP,1.11392546129167
2020-07-30,AU,0.797697511407763
2020-07-30,CA,1.7646722867731
2020-07-30,DE,0.857729861584798
2020-07-30,FR,0.175038058948
2020-07-30,GB,0.769556893674326
2020-07-30,IE,0.997977695852557
2020-07-30,US,4.42907373925534
2020-07-30,JP,1.11370770849101
2020-07-31,AU,0.805051437762502
2020-07-31,CA,1.79129901298842
2020-07-31,DE,0.854288200656957
2020-07-31,FR,0.175426086740569
2020-07-31,GB,0.771529836650278
2020-07-31,IE,0.991908865199022
2020-07-31,US,4.45219799234549
2020-07-31,JP,1.10747423217673
2020-08-01,AU,0.812557625144168
2020-08-01,CA,1.81921379875991
2020-08-01,DE,0.852446368701309
2020-08-01,FR,0.172481434119733
2020-08-01,GB,0.771359280452317
2020-08-01,IE,1.00360480294639
2020-08-01,US,4.46318756322343
2020-08-01,JP,1.10255241243808
2020-08-02,AU,0.818295983695213
2020-08-02,CA,1.84229873495441
2020-08-02,DE,0.845498170459938
2020-08-02,FR,0.172923163876433
2020-08-02,GB,0.771654558745814
2020-08-02,IE,1.00706956430539
2020-08-02,US,4.47865514842179
2020-08-02,JP,1.07972250227788
2020-08-03,AU,0.834170639215216
2020-08-03,CA,1.8792555882207
2020-08-03,DE,0.843689393386834
2020-08-03,FR,0.17365717707312
2020-08-03,GB,0.775773589097716
2020-08-03,IE,1.01034470306112
2020-08-03,US,4.4860589246714
2020-08-03,JP,1.07837249080502
2020-08-04,AU,0.860198548310214
2020-08-04,CA,1.90394038406803
2020-08-04,DE,0.84283542304918
2020-08-04,FR,0.171956999889176
2020-08-04,GB,0.780431229198855
2020-08-04,IE,1.01282930071416
2020-08-04,US,4.49843093310212
2020-08-04,JP,1.07585746552209
2020-08-05,AU,0.87921290109013
2020-08-05,CA,1.91128742244622
2020-08-05,DE,0.839735385199347
2020-08-05,FR,0.171722961393456
2020-08-05,GB,0.787251565005649
2020-08-05,IE,1.01468179095959
2020-08-05,US,4.51228768617441
2020-08-05,JP,1.06320001279239
2020-08-06,AU,0.898555413456334
2020-08-06,CA,1.92373145463915
2020-08-06,DE,0.842288045699007
2020-08-06,FR,0.171601379417643
2020-08-06,GB,0.797241172745059
2020-08-06,IE,1.02255168170369
2020-08-06,US,4.51087954913975
2020-08-06,JP,1.05875575481909
2020-08-07,AU,0.900595164552004
2020-08-07,CA,1.92737434933844
2020-08-07,DE,0.851343261385677
2020-08-07,FR,0.171669294321939
2020-08-07,GB,0.802683369808033
2020-08-07,IE,1.01884732355303
2020-08-07,US,4.51084053884556
2020-08-07,JP,1.05072956075723
2020-08-08,AU,0.90914926539256
2020-08-08,CA,1.93155037973217
2020-08-08,DE,0.85853395319233
2020-08-08,FR,0.173269366983295
2020-08-08,GB,0.805963657681586
2020-08-08,IE,1.00374528644109
2020-08-08,US,4.52027441484848
2020-08-08,JP,1.03772587883167
2020-08-09,AU,0.911846645126344
2020-08-09,CA,1.93743060924086
2020-08-09,DE,0.868050008383943
2020-08-09,FR,0.17397987769717
2020-08-09,GB,0.809652432486919
2020-08-09,IE,1.00833894932574
2020-08-09,US,4.51340088054081
2020-08-09,JP,1.02377639129359
2020-08-10,AU,0.914833995094138
2020-08-10,CA,1.93159449985354
2020-08-10,DE,0.874867424346317
2020-08-10,FR,0.173705456091822
2020-08-10,GB,0.811472764396492
2020-08-10,IE,1.01091932573132
2020-08-10,US,4.51031149440808
2020-08-10,JP,1.0108069581869
2020-08-11,AU,0.905926020185218
2020-08-11,CA,1.93569632579939
2020-08-11,DE,0.882683719847744
2020-08-11,FR,0.175779014482229
2020-08-11,GB,0.814831528070853
2020-08-11,IE,1.01976301440481
2020-08-11,US,4.51351344931263
2020-08-11,JP,1.00657648793448
2020-08-12,AU,0.904036101826605
2020-08-12,CA,1.94734242206591
2020-08-12,DE,0.896829468327501
2020-08-12,FR,0.178393454161109
2020-08-12,GB,0.814159044233056
2020-08-12,IE,1.02463266811558
2020-08-12,US,4.51751874517946
2020-08-12,JP,1.00653102957836
2020-08-13,AU,0.891024969503962
2020-08-13,CA,1.95817775432405
2020-08-13,DE,0.901588513258727
2020-08-13,FR,0.177127492747876
2020-08-13,GB,0.805859721665654
2020-08-13,IE,1.03071291878333
2020-08-13,US,4.52323044380557
2020-08-13,JP,1.0056718259714
2020-08-14,AU,0.890495510036039
2020-08-14,CA,1.9717286437504
2020-08-14,DE,0.906903722721867
2020-08-14,FR,0.177970085036381
2020-08-14,GB,0.803065608008159
2020-08-14,IE,1.04283129499464
2020-08-14,US,4.52604545224512
2020-08-14,JP,1.00504517690024
2020-08-15,AU,0.88370452552829
2020-08-15,CA,1.98048295844592
2020-08-15,DE,0.923780419123197
2020-08-15,FR,0.178403332505955
2020-08-15,GB,0.801352354128869
2020-08-15,IE,1.06471053029464
2020-08-15,US,4.52462938181211
2020-08-15,JP,1.01186624071292
2020-08-16,AU,0.886269448030745
2020-08-16,CA,1.99024103815738
2020-08-16,DE,0.936438234325698
2020-08-16,FR,0.180131004488909
2020-08-16,GB,0.798336330938564
2020-08-16,IE,1.0750646977757
2020-08-16,US,4.54104249324704
2020-08-16,JP,1.02156646274827
2020-08-17,AU,0.874818172053824
2020-08-17,CA,1.99207940558405
2020-08-17,DE,0.946915669817169
2020-08-17,FR,0.182535347749198
2020-08-17,GB,0.792076840452325
2020-08-17,IE,1.0828803559961
2020-08-17,US,4.55837340845638
2020-08-17,JP,1.01478304006288
2020-08-18,AU,0.871895771601257
2020-08-18,CA,1.99136185887912
2020-08-18,DE,0.952736775318478
2020-08-18,FR,0.184118449772956
2020-08-18,GB,0.786920771498544
2020-08-18,IE,1.08652163464444
2020-08-18,US,4.56702050761447
2020-08-18,JP,1.0088848820176
2020-08-19,AU,0.871347257852138
2020-08-19,CA,1.99195433017916
2020-08-19,DE,0.949237958523497
2020-08-19,FR,0.184938473332264
2020-08-19,GB,0.787625220773789
2020-08-19,IE,1.09815485590608
2020-08-19,US,4.57450988786175
2020-08-19,JP,1.00178887087632
2020-08-20,AU,0.865821787495819
2020-08-20,CA,1.98897242321692
2020-08-20,DE,0.955736729569415
2020-08-20,FR,0.186034406273151
2020-08-20,GB,0.788274201970915
2020-08-20,IE,1.11310234027247
2020-08-20,US,4.57942968032684
2020-08-20,JP,0.991438702754112
2020-08-21,AU,0.857470443492379
2020-08-21,CA,1.98428154725953
2020-08-21,DE,0.955808939411919
2020-08-21,FR,0.18694810753339
2020-08-21,GB,0.786954016412032
2020-08-21,IE,1.12980435716042
2020-08-21,US,4.58402563133848
2020-08-21,JP,0.982912134910133
2020-08-22,AU,0.848349325311453
2020-08-22,CA,1.98790842004482
2020-08-22,DE,0.94511181097231
2020-08-22,FR,0.188285491083034
2020-08-22,GB,0.78394452150536
2020-08-22,IE,1.13533674996383
2020-08-22,US,4.58589511945089
2020-08-22,JP,0.972182881285251
2020-08-23,AU,0.837374009238888
2020-08-23,CA,1.98322619880696
2020-08-23,DE,0.942082085462995
2020-08-23,FR,0.189609518496269
2020-08-23,GB,0.783786448959348
2020-08-23,IE,1.15330933402749
2020-08-23,US,4.58912701921225
2020-08-23,JP,0.96147201775513
2020-08-24,AU,0.833831122683602
2020-08-24,CA,1.98116448480816
2020-08-24,DE,0.93706803429332
2020-08-24,FR,0.187874091918786
2020-08-24,GB,0.782176983986803
2020-08-24,IE,1.160892381315
2020-08-24,US,4.59175901108499
2020-08-24,JP,0.954537486145586
2020-08-25,AU,0.835158625805192
2020-08-25,CA,1.98057901090353
2020-08-25,DE,0.93816681887
2020-08-25,FR,0.18377198979985
2020-08-25,GB,0.788137274792558
2020-08-25,IE,1.18059662609374
2020-08-25,US,4.59612068684405
2020-08-25,JP,0.950156810816262
2020-08-26,AU,0.809505810912548
2020-08-26,CA,1.98620432359399
2020-08-26,DE,0.938231787590613
2020-08-26,FR,0.18115830239299
2020-08-26,GB,0.789970993798062
2020-08-26,IE,1.18741246497165
2020-08-26,US,4.61567254394609
2020-08-26,JP,0.948828405874167
2020-08-27,AU,0.808355113097439
2020-08-27,CA,1.98656722457843
2020-08-27,DE,0.934382240796539
2020-08-27,FR,0.181184503861753
2020-08-27,GB,0.798965081166661
2020-08-27,IE,1.19733283542866
2020-08-27,US,4.62046600038601
2020-08-27,JP,0.953052842509295
2020-08-28,AU,0.808387835478812
2020-08-28,CA,1.9869881977544
2020-08-28,DE,0.931442971498594
2020-08-28,FR,0.179655960232035
2020-08-28,GB,0.804823738564337
2020-08-28,IE,1.19960798047362
2020-08-28,US,4.61878467543959
2020-08-28,JP,0.953080859456426
2020-08-29,AU,0.805572976915937
2020-08-29,CA,1.9905137264061
2020-08-29,DE,0.933228349857674
2020-08-29,FR,0.179973728070412
2020-08-29,GB,0.80855591915687
2020-08-29,IE,1.19527178610813
2020-08-29,US,4.610862979039
2020-08-29,JP,0.959276144616527
2020-08-30,AU,0.811381663914943
2020-08-30,CA,1.99358761481616
2020-08-30,DE,0.928001526848082
2020-08-30,FR,0.179697956294614
2020-08-30,GB,0.809007172752654
2020-08-30,IE,1.17841555572747
2020-08-30,US,4.60837415154902
2020-08-30,JP,0.964121629818104
2020-08-31,AU,0.808701528543555
2020-08-31,CA,2.00041414178384
2020-08-31,DE,0.92489087859639
2020-08-31,FR,0.179294237780865
2020-08-31,GB,0.817300992677538
2020-08-31,IE,1.18707026015804
2020-08-31,US,4.60582348054975
2020-08-31,JP,0.971417151102956
2020-09-01,AU,0.797993405953286
2020-09-01,CA,2.01381224883221
2020-09-01,DE,0.922111552830747
2020-09-01,FR,0.181344562989928
2020-09-01,GB,0.816776960463932
2020-09-01,IE,1.17725470963514
2020-09-01,US,4.61140539903552
2020-09-01,JP,0.975122628548081
2020-09-02,AU,0.799474982993639
2020-09-02,CA,2.01356873127667
2020-09-02,DE,0.924389070152455
2020-09-02,FR,0.182314926107017
2020-09-02,GB,0.815722725029872
2020-09-02,IE,1.17505517011302
2020-09-02,US,4.59266101023143
2020-09-02,JP,0.978652497575146
2020-09-03,AU,0.803206484382522
2020-09-03,CA,2.02435498623524
2020-09-03,DE,0.920579628180314
2020-09-03,FR,0.181002711176474
2020-09-03,GB,0.81292088722592
2020-09-03,IE,1.17255859612369
2020-09-03,US,4.58491336316335
2020-09-03,JP,0.97785102052821
2020-09-04,AU,0.791313905826033
2020-09-04,CA,2.02780540899336
2020-09-04,DE,0.925802420422814
2020-09-04,FR,0.182255875302246
2020-09-04,GB,0.810538814580406
2020-09-04,IE,1.17792433104209
2020-09-04,US,4.58856653639704
2020-09-04,JP,0.980976306617497
2020-09-05,AU,0.786588897420889
2020-09-05,CA,2.01901397097664
2020-09-05,DE,0.93032744256537
2020-09-05,FR,0.179873742706571
2020-09-05,GB,0.808837626865177
2020-09-05,IE,1.17371790403723
2020-09-05,US,4.61186838774953
2020-09-05,JP,0.978764304329226
2020-09-06,AU,0.777471770192217
2020-09-06,CA,2.02146763581954
2020-09-06,DE,0.931156662589266
2020-09-06,FR,0.176665651945124
2020-09-06,GB,0.808432538145725
2020-09-06,IE,1.18430644830943
2020-09-06,US,4.62210640076653
2020-09-06,JP,0.981759762714153
2020-09-07,AU,0.776933920164005
2020-09-07,CA,2.0681922792414
2020-09-07,DE,0.932287168884139
2020-09-07,FR,0.176679365835448
2020-09-07,GB,0.804111074306449
2020-09-07,IE,1.18883194674685
2020-09-07,US,4.6468396862731
2020-09-07,JP,0.983237834990385
2020-09-08,AU,0.779462498624867
2020-09-08,CA,2.08449032720662
2020-09-08,DE,0.92817401658638
2020-09-08,FR,0.177742607518218
2020-09-08,GB,0.800865957976265
2020-09-08,IE,1.20386910663142
2020-09-08,US,4.67243878414669
2020-09-08,JP,0.98432070481663
2020-09-09,AU,0.787877014631375
2020-09-09,CA,2.10322193223718
2020-09-09,DE,0.933381969369923
2020-09-09,FR,0.178035157954975
2020-09-09,GB,0.797675269652164
2020-09-09,IE,1.20300585692114
2020-09-09,US,4.70065132854748
2020-09-09,JP,1.00464320192417
2020-09-10,AU,0.778476100555552
2020-09-10,CA,2.11041504223659
2020-09-10,DE,0.937177902808185
2020-09-10,FR,0.179987865908604
2020-09-10,GB,0.800673394166564
2020-09-10,IE,1.20954074976094
2020-09-10,US,4.7290573726257
2020-09-10,JP,1.02103248165584
2020-09-11,AU,0.771632458833169
2020-09-11,CA,2.12224473544521
2020-09-11,DE,0.932291933692752
2020-09-11,FR,0.179430776675307
2020-09-11,GB,0.805800272228665
2020-09-11,IE,1.21613006914973
2020-09-11,US,4.74892329954388
2020-09-11,JP,1.03168960473538
2020-09-12,AU,0.771995841207958
2020-09-12,CA,2.14608255352525
2020-09-12,DE,0.924215473710182
2020-09-12,FR,0.181447631641931
2020-09-12,GB,0.808791440780626
2020-09-12,IE,1.21626107767599
2020-09-12,US,4.7552527913569
2020-09-12,JP,1.03775880300717
2020-09-13,AU,0.764820321976409
2020-09-13,CA,2.15613638046782
2020-09-13,DE,0.929563875544795
2020-09-13,FR,0.183194719829595
2020-09-13,GB,0.816990765082682
2020-09-13,IE,1.21789603163293
2020-09-13,US,4.77586092269798
2020-09-13,JP,1.03756842617401
2020-09-14,AU,0.753804661976476
2020-09-14,CA,2.12741727412499
2020-09-14,DE,0.934451781877155
2020-09-14,FR,0.183531043874196
2020-09-14,GB,0.823927174986472
2020-09-14,IE,1.20285542616053
2020-09-14,US,4.778412796749
2020-09-14,JP,1.04002847002255
2020-09-15,AU,0.742307232554464
2020-09-15,CA,2.12226635273407
2020-09-15,DE,0.934997904178353
2020-09-15,FR,0.183995229997472
2020-09-15,GB,0.83123180797012
2020-09-15,IE,1.18396295871198
2020-09-15,US,4.76366312060905
2020-09-15,JP,1.04227839886383
2020-09-16,AU,0.729029495564906
2020-09-16,CA,2.12438602160993
2020-09-16,DE,0.935588697530236
2020-09-16,FR,0.184336494631516
2020-09-16,GB,0.843223540099395
2020-09-16,IE,1.1835171148208
2020-09-16,US,4.75534678172116
2020-09-16,JP,1.02911819254963
2020-09-17,AU,0.723012450001439
2020-09-17,CA,2.13648900792338
2020-09-17,DE,0.940315527279449
2020-09-17,FR,0.184130875678414
2020-09-17,GB,0.850381991675525
2020-09-17,IE,1.17561156362683
2020-09-17,US,4.75461457734648
2020-09-17,JP,1.0193069223737
2020-09-18,AU,0.737634018524096
2020-09-18,CA,2.13941802765553
2020-09-18,DE,0.945192091108798
2020-09-18,FR,0.184073656104376
2020-09-18,GB,0.857460706763606
2020-09-18,IE,1.18078022759467
2020-09-18,US,4.75009991660041
2020-09-18,JP,1.00638550915006
2020-09-19,AU,0.728630461773751
2020-09-19,CA,2.13966769313713
2020-09-19,DE,0.961147824454831
2020-09-19,FR,0.182495051872128
2020-09-19,GB,0.869372164888116
2020-09-19,IE,1.19049414326498
2020-09-19,US,4.74267198203444
2020-09-19,JP,1.0064481695025
2020-09-20,AU,0.731057864583796
2020-09-20,CA,2.15464192775796
2020-09-20,DE,0.965545060514516
2020-09-20,FR,0.188408379667548
2020-09-20,GB,0.878522617296044
2020-09-20,IE,1.18603400451284
2020-09-20,US,4.73686349603641
2020-09-20,JP,1.00786248553782
2020-09-21,AU,0.73644093509618
2020-09-21,CA,2.16040883304303
2020-09-21,DE,0.974703727721106
2020-09-21,FR,0.188886230551689
2020-09-21,GB,0.888574886124682
2020-09-21,IE,1.19646875546953
2020-09-21,US,4.73633146017539
2020-09-21,JP,1.00581458990713
2020-09-22,AU,0.743676829318749
2020-09-22,CA,2.17636656752132
2020-09-22,DE,0.992165183534203
2020-09-22,FR,0.188567816317369
2020-09-22,GB,0.923115420650148
2020-09-22,IE,1.21060411848105
2020-09-22,US,4.74210872936795
2020-09-22,JP,1.01227005832952
2020-09-23,AU,0.745888817843919
2020-09-23,CA,2.18875153282046
2020-09-23,DE,1.00410212596415
2020-09-23,FR,0.189326606412965
2020-09-23,GB,0.950511252824783
2020-09-23,IE,1.21758291601938
2020-09-23,US,4.7448243290907
2020-09-23,JP,1.01887507447598
2020-09-24,AU,0.743360412090233
2020-09-24,CA,2.19305321296646
2020-09-24,DE,1.01657541610799
2020-09-24,FR,0.190830171927112
2020-09-24,GB,0.973372250821963
2020-09-24,IE,1.23641401007763
2020-09-24,US,4.74873942262997
2020-09-24,JP,1.03389273685721
2020-09-25,AU,0.736168153473807
2020-09-25,CA,2.20030065959838
2020-09-25,DE,1.03239316189484
2020-09-25,FR,0.19252925324461
2020-09-25,GB,0.990398336330429
2020-09-25,IE,1.2389173881167
2020-09-25,US,4.75160341001928
2020-09-25,JP,1.05661525270463
2020-09-26,AU,0.735592147671695
2020-09-26,CA,2.20353500568084
2020-09-26,DE,1.04257827201447
2020-09-26,FR,0.194790413250096
2020-09-26,GB,1.00305888527517
2020-09-26,IE,1.25120042746219
2020-09-26,US,4.75529008320766
2020-09-26,JP,1.06615558020007
2020-09-27,AU,0.732872713594408
2020-09-27,CA,2.20866417311824
2020-09-27,DE,1.06955602674584
2020-09-27,FR,0.190608073584016
2020-09-27,GB,1.01583571283827
2020-09-27,IE,1.25752315992929
2020-09-27,US,4.76111567777681
2020-09-27,JP,1.07146641136942
2020-09-28,AU,0.730302044597446
2020-09-28,CA,2.22641781055933
2020-09-28,DE,1.07909713253036
2020-09-28,FR,0.190806719898238
2020-09-28,GB,1.02384736669062
2020-09-28,IE,1.26027545166845
2020-09-28,US,4.76731348793412
2020-09-28,JP,1.08224457665047
2020-09-29,AU,0.722712454653951
2020-09-29,CA,2.23937500594654
2020-09-29,DE,1.08330238498365
2020-09-29,FR,0.192097790069644
2020-09-29,GB,1.0077209770741
2020-09-29,IE,1.2614877919285
2020-09-29,US,4.76769899143663
2020-09-29,JP,1.08500663106971
2020-09-30,AU,0.728287382330865
2020-09-30,CA,2.25674978929092
2020-09-30,DE,1.07904590047409
2020-09-30,FR,0.190309794001832
2020-09-30,GB,0.994990653779702
2020-09-30,IE,1.26117245385533
2020-09-30,US,4.77991650203801
2020-09-30,JP,1.08041979849786
2020-10-01,AU,0.730525607182539
2020-10-01,CA,2.26749250502404
2020-10-01,DE,1.07098295712436
2020-10-01,FR,0.190096772879796
2020-10-01,GB,0.983932079720996
2020-10-01,IE,1.2491686453356
2020-10-01,US,4.77510274481572
2020-10-01,JP,1.06670806648664
2020-10-02,AU,0.727452643101577
2020-10-02,CA,2.28308522195694
2020-10-02,DE,1.06459080277078
2020-10-02,FR,0.189048246806892
2020-10-02,GB,0.978514746894017
2020-10-02,IE,1.25192131517244
2020-10-02,US,4.7797764097728
2020-10-02,JP,1.04903243731089
2020-10-03,AU,0.723358947935494
2020-10-03,CA,2.29535155580549
2020-10-03,DE,1.06415691281467
2020-10-03,FR,0.18811214234339
2020-10-03,GB,0.979641416739388
2020-10-03,IE,1.24547146866442
2020-10-03,US,4.78345654873977
2020-10-03,JP,1.03348997764857
2020-10-04,AU,0.723096059941626
2020-10-04,CA,2.30171601840511
2020-10-04,DE,1.05337317234187
2020-10-04,FR,0.189762080445149
2020-10-04,GB,0.976273769198058
2020-10-04,IE,1.26409492799469
2020-10-04,US,4.78549768243599
2020-10-04,JP,1.02613929789443
2020-10-05,AU,0.722152327618523
2020-10-05,CA,2.30066204693412
2020-10-05,DE,1.0526095616003
2020-10-05,FR,0.192366511759381
2020-10-05,GB,0.976458642716206
2020-10-05,IE,1.28720418266539
2020-10-05,US,4.79182776968654
2020-10-05,JP,1.01557250847359
2020-10-06,AU,0.72606034540072
2020-10-06,CA,2.28773564225709
2020-10-06,DE,1.05918474437341
2020-10-06,FR,0.19456177624672
2020-10-06,GB,0.983584567945378
2020-10-06,IE,1.34047496935516
2020-10-06,US,4.80960110765315
2020-10-06,JP,1.00629143638461
2020-10-07,AU,0.718916617528014
2020-10-07,CA,2.27553833026804
2020-10-07,DE,1.06458128847588
2020-10-07,FR,0.197426463153096
2020-10-07,GB,0.982833396311708
2020-10-07,IE,1.36839741076821
2020-10-07,US,4.81573693226474
2020-10-07,JP,1.00089231038374
2020-10-08,AU,0.722688217711027
2020-10-08,CA,2.26824252069804
2020-10-08,DE,1.07213628193042
2020-10-08,FR,0.196052064286717
2020-10-08,GB,0.986471566135585
2020-10-08,IE,1.38365411514872
2020-10-08,US,4.82851923977033
2020-10-08,JP,1.00054859374972
2020-10-09,AU,0.716321842571006
2020-10-09,CA,2.26888250244936
2020-10-09,DE,1.07954508268287
2020-10-09,FR,0.197669869678143
2020-10-09,GB,0.984801163648639
2020-10-09,IE,1.39684291970583
2020-10-09,US,4.83586000653269
2020-10-09,JP,1.00883921248683
2020-10-10,AU,0.730511371405363
2020-10-10,CA,2.26960643114298
2020-10-10,DE,1.08340668998235
2020-10-10,FR,0.200860090285428
2020-10-10,GB,0.980846393661988
2020-10-10,IE,1.42921846603499
2020-10-10,US,4.84721149908578
2020-10-10,JP,1.01587177244197
2020-10-11,AU,0.724546053416706
2020-10-11,CA,2.26085353837568
2020-10-11,DE,1.0932599791291
2020-10-11,FR,0.201887615637941
2020-10-11,GB,0.982256472805613
2020-10-11,IE,1.44225218321922
2020-10-11,US,4.85066844915106
2020-10-11,JP,1.02186765335563
2020-10-12,AU,0.72399377574466
2020-10-12,CA,2.29499274547418
2020-10-12,DE,1.0987555453392
2020-10-12,FR,0.202136949122835
2020-10-12,GB,0.98603657220848
2020-10-12,IE,1.43840112157032
2020-10-12,US,4.85332028592312
2020-10-12,JP,1.02356987903063
2020-10-13,AU,0.724230363534651
2020-10-13,CA,2.31061462686092
2020-10-13,DE,1.09576072051799
2020-10-13,FR,0.201177172598152
2020-10-13,GB,0.982640158239942
2020-10-13,IE,1.41148469171428
2020-10-13,US,4.85261285264055
2020-10-13,JP,1.01948783002372
2020-10-14,AU,0.728263388220761
2020-10-14,CA,2.31752329347224
2020-10-14,DE,1.10490106909731
2020-10-14,FR,0.20252337683011
2020-10-14,GB,0.985235811165836
2020-10-14,IE,1.42030920408924
2020-10-14,US,4.85370401804837
2020-10-14,JP,1.02082355506695
2020-10-15,AU,0.730790243579845
2020-10-15,CA,2.33228385919334
2020-10-15,DE,1.11323141735023
2020-10-15,FR,0.206972779306261
2020-10-15,GB,0.988754224018447
2020-10-15,IE,1.45103574595913
2020-10-15,US,4.87015359808155
2020-10-15,JP,1.01899538507562
2020-10-16,AU,0.741125045823793
2020-10-16,CA,2.32548855106257
2020-10-16,DE,1.11703988473078
2020-10-16,FR,0.206595434480742
2020-10-16,GB,0.995278914342395
2020-10-16,IE,1.46526134517754
2020-10-16,US,4.8838810931439
2020-10-16,JP,1.01185852311979
2020-10-17,AU,0.734837534385106
2020-10-17,CA,2.32493473991907
2020-10-17,DE,1.12764468104525
2020-10-17,FR,0.204386784617236
2020-10-17,GB,1.00370322842261
2020-10-17,IE,1.47609812182144
2020-10-17,US,4.89670030480958
2020-10-17,JP,1.00562448087421
2020-10-18,AU,0.738062566391354
2020-10-18,CA,2.32841601930122
2020-10-18,DE,1.1375053363154
2020-10-18,FR,0.20313012522163
2020-10-18,GB,1.0065338988109
2020-10-18,IE,1.48163850288457
2020-10-18,US,4.91650967397715
2020-10-18,JP,1.00246068618673
2020-10-19,AU,0.740038711788145
2020-10-19,CA,2.29741376610707
2020-10-19,DE,1.15054498304345
2020-10-19,FR,0.202994861172673
2020-10-19,GB,1.0068868520291
2020-10-19,IE,1.53435057525764
2020-10-19,US,4.94176457974707
2020-10-19,JP,0.998907883245926
2020-10-20,AU,0.740335974092079
2020-10-20,CA,2.28569991491142
2020-10-20,DE,1.16165527671373
2020-10-20,FR,0.202941858159712
2020-10-20,GB,1.0065446561517
2020-10-20,IE,1.5737194401214
2020-10-20,US,4.96479187710539
2020-10-20,JP,1.00106274357531
2020-10-21,AU,0.735289170185985
2020-10-21,CA,2.28526671521354
2020-10-21,DE,1.16573599555962
2020-10-21,FR,0.201598033042313
2020-10-21,GB,1.01013175911075
2020-10-21,IE,1.59634389749257
2020-10-21,US,4.987830670277
2020-10-21,JP,0.996426471626539
2020-10-22,AU,0.732604395020801
2020-10-22,CA,2.27976040917856
2020-10-22,DE,1.16955099529847
2020-10-22,FR,0.198567781895969
2020-10-22,GB,1.00930078674824
2020-10-22,IE,1.60883406757358
2020-10-22,US,4.99624970503608
2020-10-22,JP,0.99770924414767
2020-10-23,AU,0.734288481913478
2020-10-23,CA,2.28628842958983
2020-10-23,DE,1.17865384575625
2020-10-23,FR,0.199901198408286
2020-10-23,GB,1.00660205112281
2020-10-23,IE,1.60512853926125
2020-10-23,US,5.00691169484164
2020-10-23,JP,1.0022821945603
2020-10-24,AU,0.736170685241621
2020-10-24,CA,2.28910670774123
2020-10-24,DE,1.17958058897385
2020-10-24,FR,0.202823863038303
2020-10-24,GB,1.00242037844627
2020-10-24,IE,1.60480981218489
2020-10-24,US,5.01987953129588
2020-10-24,JP,1.00567848209087
2020-10-25,AU,0.743807615096702
2020-10-25,CA,2.30146946463218
2020-10-25,DE,1.17844852137781
2020-10-25,FR,0.205317623029539
2020-10-25,GB,1.00364220775154
2020-10-25,IE,1.60902571965776
2020-10-25,US,5.03550471841051
2020-10-25,JP,1.00877957132869
2020-10-26,AU,0.740313410041277
2020-10-26,CA,2.31174675895338
2020-10-26,DE,1.18494592544294
2020-10-26,FR,0.205981401705414
2020-10-26,GB,1.00571598960163
2020-10-26,IE,1.61122898198833
2020-10-26,US,5.05180570411866
2020-10-26,JP,1.01265759938086
2020-10-27,AU,0.738602091462155
2020-10-27,CA,2.32204164780035
2020-10-27,DE,1.19434192766051
2020-10-27,FR,0.210962607907284
2020-10-27,GB,1.00619359162646
2020-10-27,IE,1.59210281287134
2020-10-27,US,5.06021021312361
2020-10-27,JP,1.01770014331119
2020-10-28,AU,0.743516263582792
2020-10-28,CA,2.33060168899275
2020-10-28,DE,1.22553731023206
2020-10-28,FR,0.230036987130531
2020-10-28,GB,1.00851732531292
2020-10-28,IE,1.57748613380346
2020-10-28,US,5.07225671396465
2020-10-28,JP,1.01944775818582
2020-10-29,AU,0.736598250290993
2020-10-29,CA,2.3312570784168
2020-10-29,DE,1.2521218890612
2020-10-29,FR,0.260334057975669
2020-10-29,GB,1.01521266132886
2020-10-29,IE,1.5502041162125
2020-10-29,US,5.08755321485023
2020-10-29,JP,1.01703288440635
2020-10-30,AU,0.731895081622311
2020-10-30,CA,2.33027185125626
2020-10-30,DE,1.27156952581456
2020-10-30,FR,0.27873520117657
2020-10-30,GB,1.02540417890679
2020-10-30,IE,1.54655193403236
2020-10-30,US,5.10305082301204
2020-10-30,JP,1.0105932012214
2020-10-31,AU,0.734227688220491
2020-10-31,CA,2.33283227335146
2020-10-31,DE,1.27090554898543
2020-10-31,FR,0.291733452268424
2020-10-31,GB,1.08323719487202
2020-10-31,IE,1.54906725302911
2020-10-31,US,5.11563026683743
2020-10-31,JP,1.00731576705539
2020-11-01,AU,0.728329479585296
2020-11-01,CA,2.34221776565733
2020-11-01,DE,1.28137959948099
2020-11-01,FR,0.305825977907542
2020-11-01,GB,1.15846170353335
2020-11-01,IE,1.56410094753475
2020-11-01,US,5.12054851565042
2020-11-01,JP,0.994957059575196
2020-11-02,AU,0.738033436707982
2020-11-02,CA,2.34550454740451
2020-11-02,DE,1.28089181692715
2020-11-02,FR,0.317410199660239
2020-11-02,GB,1.21320323738673
2020-11-02,IE,1.5128466039595
2020-11-02,US,5.12648491992052
2020-11-02,JP,0.987548609783746
2020-11-03,AU,0.736728392732595
2020-11-03,CA,2.35066641414009
2020-11-03,DE,1.28466847588212
2020-11-03,FR,0.326249769567831
2020-11-03,GB,1.2548198402891
2020-11-03,IE,1.49934573622121
2020-11-03,US,5.12470929578365
2020-11-03,JP,0.983942986820425
2020-11-04,AU,0.74148451957613
2020-11-04,CA,2.34518051317008
2020-11-04,DE,1.26449753965533
2020-11-04,FR,0.316968748312137
2020-11-04,GB,1.2839024801332
2020-11-04,IE,1.48222703577307
2020-11-04,US,5.11597096344491
2020-11-04,JP,0.978198644710174
2020-11-05,AU,0.742419835158762
2020-11-05,CA,2.34311920047663
2020-11-05,DE,1.24871731542311
2020-11-05,FR,0.295725917126087
2020-11-05,GB,1.32130657123838
2020-11-05,IE,1.46729236282096
2020-11-05,US,5.11200356771751
2020-11-05,JP,0.977283781673078
2020-11-06,AU,0.735193854560163
2020-11-06,CA,2.34593583180209
2020-11-06,DE,1.23526222935253
2020-11-06,FR,0.284127080014484
2020-11-06,GB,1.34854846344475
2020-11-06,IE,1.46903656678864
2020-11-06,US,5.1090951091292
2020-11-06,JP,0.975006441493155
2020-11-07,AU,0.721047214786677
2020-11-07,CA,2.33328820792058
2020-11-07,DE,1.23932404113413
2020-11-07,FR,0.27679649006724
2020-11-07,GB,1.32221486809172
2020-11-07,IE,1.44537752947585
2020-11-07,US,5.0967034196358
2020-11-07,JP,0.973505510890189
2020-11-08,AU,0.711496048633948
2020-11-08,CA,2.32470534462687
2020-11-08,DE,1.23435709633752
2020-11-08,FR,0.267101734962697
2020-11-08,GB,1.28310158622622
2020-11-08,IE,1.42440303654584
2020-11-08,US,5.09855732921033
2020-11-08,JP,0.985496694171488
2020-11-09,AU,0.699719436880705
2020-11-09,CA,2.31500500455979
2020-11-09,DE,1.22589656251127
2020-11-09,FR,0.260237288003374
2020-11-09,GB,1.25350389518582
2020-11-09,IE,1.42960199913567
2020-11-09,US,5.10787000009828
2020-11-09,JP,0.996866304883931
2020-11-10,AU,0.699235482892988
2020-11-10,CA,2.31944495013273
2020-11-10,DE,1.2143524401976
2020-11-10,FR,0.253140622215982
2020-11-10,GB,1.2379904523917
2020-11-10,IE,1.43100922258422
2020-11-10,US,5.14067968017267
2020-11-10,JP,1.01833117893615
2020-11-11,AU,0.688210167641079
2020-11-11,CA,2.33554707131317
2020-11-11,DE,1.2077312631662
2020-11-11,FR,0.252012828372147
2020-11-11,GB,1.23120535485611
2020-11-11,IE,1.42670702099101
2020-11-11,US,5.18701476004081
2020-11-11,JP,1.03632064166972
2020-11-12,AU,0.693327378278622
2020-11-12,CA,2.35232465281267
2020-11-12,DE,1.1966335178141
2020-11-12,FR,0.248229831173759
2020-11-12,GB,1.20693623878333
2020-11-12,IE,1.42611769042198
2020-11-12,US,5.2477263801495
2020-11-12,JP,1.04746797504586
2020-11-13,AU,0.688792366112834
2020-11-13,CA,2.37017266459475
2020-11-13,DE,1.19015516892481
2020-11-13,FR,0.244550671315776
2020-11-13,GB,1.18919818145186
2020-11-13,IE,1.40811667128758
2020-11-13,US,5.31508519077205
2020-11-13,JP,1.05739948177293
2020-11-14,AU,0.692483245611951
2020-11-14,CA,2.40329220335062
2020-11-14,DE,1.1873092939227
2020-11-14,FR,0.239126496311044
2020-11-14,GB,1.18270378640106
2020-11-14,IE,1.40347103086557
2020-11-14,US,5.39178439875815
2020-11-14,JP,1.06589023341337
2020-11-15,AU,0.701141036051443
2020-11-15,CA,2.43077245471137
2020-11-15,DE,1.17887696443901
2020-11-15,FR,0.235108867254067
2020-11-15,GB,1.17653526027972
2020-11-15,IE,1.41228940710433
2020-11-15,US,5.46444935261884
2020-11-15,JP,1.06582211645088
2020-11-16,AU,0.707144661816595
2020-11-16,CA,2.45143601178989
2020-11-16,DE,1.18351651157742
2020-11-16,FR,0.231883772402669
2020-11-16,GB,1.16936347000984
2020-11-16,IE,1.40090211531235
2020-11-16,US,5.53572242030101
2020-11-16,JP,1.07102397369499
2020-11-17,AU,0.718684363970604
2020-11-17,CA,2.46959178444381
2020-11-17,DE,1.18700876116119
2020-11-17,FR,0.228282826095552
2020-11-17,GB,1.16648798280949
2020-11-17,IE,1.38585686668503
2020-11-17,US,5.59523812859708
2020-11-17,JP,1.06011387110787
2020-11-18,AU,0.720709072916507
2020-11-18,CA,2.48377296593081
2020-11-18,DE,1.18460934363702
2020-11-18,FR,0.221211736225628
2020-11-18,GB,1.16504809076841
2020-11-18,IE,1.38416629064044
2020-11-18,US,5.64303322587503
2020-11-18,JP,1.06134303384187
2020-11-19,AU,0.715973143877226
2020-11-19,CA,2.50216952760193
2020-11-19,DE,1.1877876095263
2020-11-19,FR,0.219326835252934
2020-11-19,GB,1.18125803552119
2020-11-19,IE,1.39060502959719
2020-11-19,US,5.67164386600368
2020-11-19,JP,1.06447316089482
2020-11-20,AU,0.72165666342043
2020-11-20,CA,2.52089852820845
2020-11-20,DE,1.18651282449672
2020-11-20,FR,0.217100377327474
2020-11-20,GB,1.19918389609476
2020-11-20,IE,1.40215901259553
2020-11-20,US,5.69504365662402
2020-11-20,JP,1.06879832194262
2020-11-21,AU,0.717890557120728
2020-11-21,CA,2.54736977242123
2020-11-21,DE,1.17294502100184
2020-11-21,FR,0.216281062588555
2020-11-21,GB,1.21813515198647
2020-11-21,IE,1.41709738985273
2020-11-21,US,5.71318483646368
2020-11-21,JP,1.06982406365961
2020-11-22,AU,0.717771407139332
2020-11-22,CA,2.5699604499644
2020-11-22,DE,1.16506185695515
2020-11-22,FR,0.220575646158759
2020-11-22,GB,1.23265406281576
2020-11-22,IE,1.38302177601469
2020-11-22,US,5.72601943587148
2020-11-22,JP,1.07262033392351
2020-11-23,AU,0.723753259422214
2020-11-23,CA,2.60447357648933
2020-11-23,DE,1.15816709646399
2020-11-23,FR,0.220140192869978
2020-11-23,GB,1.25061463809033
2020-11-23,IE,1.37979557149702
2020-11-23,US,5.72276938477759
2020-11-23,JP,1.08335551121569
2020-11-24,AU,0.717226409310623
2020-11-24,CA,2.62099818933185
2020-11-24,DE,1.14582723107797
2020-11-24,FR,0.220248769663563
2020-11-24,GB,1.24820122398131
2020-11-24,IE,1.3751073866702
2020-11-24,US,5.71278786192293
2020-11-24,JP,1.08686414073599
2020-11-25,AU,0.722385984019293
2020-11-25,CA,2.63551925394917
2020-11-25,DE,1.14180536523599
2020-11-25,FR,0.218573809096692
2020-11-25,GB,1.23806990862591
2020-11-25,IE,1.3464919138053
2020-11-25,US,5.66855940629406
2020-11-25,JP,1.08948888135254
2020-11-26,AU,0.723788528102229
2020-11-26,CA,2.6434830614331
2020-11-26,DE,1.13512592955633
2020-11-26,FR,0.217018372151476
2020-11-26,GB,1.21530682532548
2020-11-26,IE,1.3234392021149
2020-11-26,US,5.57208952559369
2020-11-26,JP,1.08676353585575
2020-11-27,AU,0.729900860927187
2020-11-27,CA,2.63774682339588
2020-11-27,DE,1.13292418244851
2020-11-27,FR,0.214319797451687
2020-11-27,GB,1.19241068060438
2020-11-27,IE,1.28661577185061
2020-11-27,US,5.57743387159432
2020-11-27,JP,1.09645360955449
2020-11-28,AU,0.752102888427916
2020-11-28,CA,2.63878607217639
2020-11-28,DE,1.13262659359026
2020-11-28,FR,0.211087062715718
2020-11-28,GB,1.16396060994397
2020-11-28,IE,1.25385054237144
2020-11-28,US,5.59761891598983
2020-11-28,JP,1.10611684176734
2020-11-29,AU,0.75764979925272
2020-11-29,CA,2.64050706062599
2020-11-29,DE,1.13207112704099
2020-11-29,FR,0.201103436106033
2020-11-29,GB,1.13151284586516
2020-11-29,IE,1.24249880705775
2020-11-29,US,5.61680762216156
2020-11-29,JP,1.11961761201755
2020-11-30,AU,0.759013365392745
2020-11-30,CA,2.62909284052827
2020-11-30,DE,1.13360138708202
2020-11-30,FR,0.198157134002037
2020-11-30,GB,1.11116428845554
2020-11-30,IE,1.23543592926018
2020-11-30,US,5.63240619865784
2020-11-30,JP,1.11315681042982
2020-12-01,AU,0.752281506095496
2020-12-01,CA,2.63419708290362
2020-12-01,DE,1.13836557210511
2020-12-01,FR,0.196052011110011
2020-12-01,GB,1.10691482385527
2020-12-01,IE,1.22248299600964
2020-12-01,US,5.64686010772365
2020-12-01,JP,1.10673501077059
2020-12-02,AU,0.753293779193992
2020-12-02,CA,2.64549467705671
2020-12-02,DE,1.14098927809114
2020-12-02,FR,0.198098016720254
2020-12-02,GB,1.11538065279948
2020-12-02,IE,1.24534522861425
2020-12-02,US,5.84125316660678
2020-12-02,JP,1.09870210563522
2020-12-03,AU,0.746761147643997
2020-12-03,CA,2.64458414726324
2020-12-03,DE,1.14737314238797
2020-12-03,FR,0.196776520478143
2020-12-03,GB,1.119065317405
2020-12-03,IE,1.25543822670714
2020-12-03,US,5.96619435625291
2020-12-03,JP,1.09547587621817
2020-12-04,AU,0.737559738267811
2020-12-04,CA,2.65286200578524
2020-12-04,DE,1.1520521295468
2020-12-04,FR,0.197066897351875
2020-12-04,GB,1.11692514116053
2020-12-04,IE,1.27766409927394
2020-12-04,US,5.97259278383379
2020-12-04,JP,1.07933001106357
2020-12-05,AU,0.709488390099691
2020-12-05,CA,2.63637811764346
2020-12-05,DE,1.15287467555232
2020-12-05,FR,0.19821504481014
2020-12-05,GB,1.11203939788672
2020-12-05,IE,1.28958894002574
2020-12-05,US,5.95276452831164
2020-12-05,JP,1.07040576447053
2020-12-06,AU,0.697581643512276
2020-12-06,CA,2.63256427119423
2020-12-06,DE,1.15679386429487
2020-12-06,FR,0.203311166749427
2020-12-06,GB,1.1133736774265
2020-12-06,IE,1.28636325320832
2020-12-06,US,5.93835347174147
2020-12-06,JP,1.05989265424697
2020-12-07,AU,0.69010011401841
2020-12-07,CA,2.63594409746281
2020-12-07,DE,1.16270871378974
2020-12-07,FR,0.202446948138366
2020-12-07,GB,1.10750165858283
2020-12-07,IE,1.28379727401499
2020-12-07,US,5.93562997822912
2020-12-07,JP,1.0569161661782
2020-12-08,AU,0.689792384089618
2020-12-08,CA,2.62874022175713
2020-12-08,DE,1.17155066316745
2020-12-08,FR,0.200858433051104
2020-12-08,GB,1.10299195756085
2020-12-08,IE,1.30128422747407
2020-12-08,US,5.94296714848145
2020-12-08,JP,1.06565694914245
2020-12-09,AU,0.687543496097664
2020-12-09,CA,2.61759300475927
2020-12-09,DE,1.18360760026726
2020-12-09,FR,0.200166371419475
2020-12-09,GB,1.08974261625231
2020-12-09,IE,1.32057795607675
2020-12-09,US,5.80455187426834
2020-12-09,JP,1.0740328718894
2020-12-10,AU,0.686212211072519
2020-12-10,CA,2.61033373001808
2020-12-10,DE,1.19070895822605
2020-12-10,FR,0.201480679396087
2020-12-10,GB,1.07920485233211
2020-12-10,IE,1.31307736486609
2020-12-10,US,5.78002044593755
2020-12-10,JP,1.08251499944116
2020-12-11,AU,0.686772686306564
2020-12-11,CA,2.60628549189079
2020-12-11,DE,1.20372631066505
2020-12-11,FR,0.201516372744138
2020-12-11,GB,1.07508374970766
2020-12-11,IE,1.32806860141916
2020-12-11,US,5.75743338761977
2020-12-11,JP,1.09224456347051
2020-12-12,AU,0.698189600003293
2020-12-12,CA,2.63330832606804
2020-12-12,DE,1.22405905744322
2020-12-12,FR,0.204324666055907
2020-12-12,GB,1.07455500371976
2020-12-12,IE,1.33372497813326
2020-12-12,US,5.74541697818651
2020-12-12,JP,1.09780516853867
2020-12-13,AU,0.700000438403358
2020-12-13,CA,2.62934317224176
2020-12-13,DE,1.25739814681141
2020-12-13,FR,0.200209392596121
2020-12-13,GB,1.07129019557037
2020-12-13,IE,1.34812536966899
2020-12-13,US,5.72678155013645
2020-12-13,JP,1.11986438880501
2020-12-14,AU,0.690306356778699
2020-12-14,CA,2.62255075307747
2020-12-14,DE,1.27823324427988
2020-12-14,FR,0.20074223060459
2020-12-14,GB,1.07139773719354
2020-12-14,IE,1.35809160093903
2020-12-14,US,5.70969851477914
2020-12-14,JP,1.13238110952833
2020-12-15,AU,0.685883721007082
2020-12-15,CA,2.62830542183722
2020-12-15,DE,1.29418646682578
2020-12-15,FR,0.200067603958326
2020-12-15,GB,1.07365030420218
2020-12-15,IE,1.36361719325225
2020-12-15,US,5.69823877757862
2020-12-15,JP,1.14761498546992
2020-12-16,AU,0.682827125248231
2020-12-16,CA,2.63596128890538
2020-12-16,DE,1.31471118386842
2020-12-16,FR,0.198015491374458
2020-12-16,GB,1.07767946295803
2020-12-16,IE,1.35406306290794
2020-12-16,US,5.75010894819133
2020-12-16,JP,1.15439856342186
2020-12-17,AU,0.686925725584958
2020-12-17,CA,2.65927004010826
2020-12-17,DE,1.33099668867607
2020-12-17,FR,0.197104689068363
2020-12-17,GB,1.08550813667823
2020-12-17,IE,1.38893876998841
2020-12-17,US,5.76187683742608
2020-12-17,JP,1.16971036090436
2020-12-18,AU,0.694721333539899
2020-12-18,CA,2.6716878794837
2020-12-18,DE,1.33756009950518
2020-12-18,FR,0.195375423592382
2020-12-18,GB,1.09423793083488
2020-12-18,IE,1.40149372191921
2020-12-18,US,5.76216448033948
2020-12-18,JP,1.18447988062064
2020-12-19,AU,0.698002351291525
2020-12-19,CA,2.65993523710788
2020-12-19,DE,1.34872318155998
2020-12-19,FR,0.194254230887631
2020-12-19,GB,1.11642763432367
2020-12-19,IE,1.42609302608258
2020-12-19,US,5.75653802818623
2020-12-19,JP,1.19721976754522
2020-12-20,AU,0.702480990272686
2020-12-20,CA,2.67207835340184
2020-12-20,DE,1.34437310302826
2020-12-20,FR,0.194995307472683
2020-12-20,GB,1.14807487841808
2020-12-20,IE,1.43134341976139
2020-12-20,US,5.75572642962909
2020-12-20,JP,1.18432207228773
2020-12-21,AU,0.710506626519973
2020-12-21,CA,2.69215790529133
2020-12-21,DE,1.34166462347687
2020-12-21,FR,0.193546822706886
2020-12-21,GB,1.17019174484053
2020-12-21,IE,1.4691508726017
2020-12-21,US,5.7345763599241
2020-12-21,JP,1.18456770979725
2020-12-22,AU,0.722935491718863
2020-12-22,CA,2.71525236493144
2020-12-22,DE,1.34576170546609
2020-12-22,FR,0.190954959971467
2020-12-22,GB,1.18993664661493
2020-12-22,IE,1.48694281771622
2020-12-22,US,5.70329690512119
2020-12-22,JP,1.17792080396957
2020-12-23,AU,0.724950060832149
2020-12-23,CA,2.71393053874659
2020-12-23,DE,1.33696718782465
2020-12-23,FR,0.192299869827704
2020-12-23,GB,1.20884347803845
2020-12-23,IE,1.49392859231914
2020-12-23,US,5.58975604962067
2020-12-23,JP,1.17512593639609
2020-12-24,AU,0.716414896584243
2020-12-24,CA,2.70747067551143
2020-12-24,DE,1.33731752034106
2020-12-24,FR,0.194258648553719
2020-12-24,GB,1.22010508463588
2020-12-24,IE,1.47688111426973
2020-12-24,US,5.49407093035295
2020-12-24,JP,1.1601122284209
2020-12-25,AU,0.727100787610602
2020-12-25,CA,2.7329572386231
2020-12-25,DE,1.36925600242765
2020-12-25,FR,0.203472756761894
2020-12-25,GB,1.24843282064798
2020-12-25,IE,1.47001383503234
2020-12-25,US,5.43403913175759
2020-12-25,JP,1.16031230466116
2020-12-26,AU,0.726005819925784
2020-12-26,CA,2.80532467084486
2020-12-26,DE,1.39925642487066
2020-12-26,FR,0.206189345584041
2020-12-26,GB,1.28005094999795
2020-12-26,IE,1.48004576140409
2020-12-26,US,5.47355262841362
2020-12-26,JP,1.16511365045656
2020-12-27,AU,0.736551914511143
2020-12-27,CA,2.8703487116002
2020-12-27,DE,1.41985599090419
2020-12-27,FR,0.208518656116493
2020-12-27,GB,1.29738790566627
2020-12-27,IE,1.50797686061285
2020-12-27,US,5.51214488804049
2020-12-27,JP,1.17288199626433
2020-12-28,AU,0.751084266885708
2020-12-28,CA,2.9302392332798
2020-12-28,DE,1.44515163878245
2020-12-28,FR,0.211753436374479
2020-12-28,GB,1.33069205276394
2020-12-28,IE,1.52537195379324
2020-12-28,US,5.55708744359284
2020-12-28,JP,1.17275543546562
2020-12-29,AU,0.762049083900127
2020-12-29,CA,2.96539800341079
2020-12-29,DE,1.46371021862022
2020-12-29,FR,0.217229292171811
2020-12-29,GB,1.3599566868685
2020-12-29,IE,1.54272880525739
2020-12-29,US,5.59468539254902
2020-12-29,JP,1.17032036321928
2020-12-30,AU,0.769098655914161
2020-12-30,CA,3.00986858161948
2020-12-30,DE,1.4830532148687
2020-12-30,FR,0.219519808011389
2020-12-30,GB,1.40283221326736
2020-12-30,IE,1.591426494709
2020-12-30,US,5.6470962402381
2020-12-30,JP,1.17256694643721
2020-12-31,AU,0.796614596752275
2020-12-31,CA,3.04780703760714
2020-12-31,DE,1.48812050425067
2020-12-31,FR,0.218416350135797
2020-12-31,GB,1.43734796052527
2020-12-31,IE,1.64163349548389
2020-12-31,US,5.70428803404888
2020-12-31,JP,1.18229524366439
2021-01-01,AU,0.802953269434227
2021-01-01,CA,3.101282936371
2021-01-01,DE,1.50427111521122
2021-01-01,FR,0.215074443942831
2021-01-01,GB,1.47472579376532
2021-01-01,IE,1.6989899013586
2021-01-01,US,5.76972665602746
2021-01-01,JP,1.19787650279517
2021-01-02,AU,0.82239923859715
2021-01-02,CA,3.11313786335262
2021-01-02,DE,1.50200146473922
2021-01-02,FR,0.213745192315839
2021-01-02,GB,1.50169265378014
2021-01-02,IE,1.73843765747965
2021-01-02,US,5.76034135537547
2021-01-02,JP,1.22204188003385
2021-01-03,AU,0.825039073615785
2021-01-03,CA,3.11108434509833
2021-01-03,DE,1.50976709794283
2021-01-03,FR,0.213333152439491
2021-01-03,GB,1.53220209454525
2021-01-03,IE,1.79627312293259
2021-01-03,US,5.74811069068526
2021-01-03,JP,1.24519417489739
2021-01-04,AU,0.827500862878087
2021-01-04,CA,3.08062114024351
2021-01-04,DE,1.49790317277279
2021-01-04,FR,0.212419087894106
2021-01-04,GB,1.57690938931214
2021-01-04,IE,1.80412706245036
2021-01-04,US,5.7222587761047
2021-01-04,JP,1.27813141598118
2021-01-05,AU,0.831586013200047
2021-01-05,CA,3.07131936793856
2021-01-05,DE,1.50449109487416
2021-01-05,FR,0.21250191202619
2021-01-05,GB,1.62836254146304
2021-01-05,IE,1.82336801412773
2021-01-05,US,5.70765711546567
2021-01-05,JP,1.30605409978676
2021-01-06,AU,0.842652909039485
2021-01-06,CA,3.04656202761532
2021-01-06,DE,1.51324016107898
2021-01-06,FR,0.210810423157847
2021-01-06,GB,1.64759044991221
2021-01-06,IE,1.82857138394253
2021-01-06,US,5.6819463504625
2021-01-06,JP,1.34216866049798
2021-01-07,AU,0.845717825109052
2021-01-07,CA,3.03070237032576
2021-01-07,DE,1.52145559834741
2021-01-07,FR,0.211003494330617
2021-01-07,GB,1.6725655780452
2021-01-07,IE,1.84929218967721
2021-01-07,US,5.68590789474324
2021-01-07,JP,1.39699587338533
2021-01-08,AU,0.838458797968406
2021-01-08,CA,2.97283632635452
2021-01-08,DE,1.49803459936517
2021-01-08,FR,0.20939482404881
2021-01-08,GB,1.67559942579014
2021-01-08,IE,1.8423578761737
2021-01-08,US,5.6610205889826
2021-01-08,JP,1.42354595507569
2021-01-09,AU,0.839807370219263
2021-01-09,CA,2.92915341405556
2021-01-09,DE,1.49010762272662
2021-01-09,FR,0.210085888284372
2021-01-09,GB,1.67726477526504
2021-01-09,IE,1.81123683362147
2021-01-09,US,5.60838463392595
2021-01-09,JP,1.43699989920766
2021-01-10,AU,0.842469633495451
2021-01-10,CA,2.8987489209185
2021-01-10,DE,1.47862507807761
2021-01-10,FR,0.212599194774646
2021-01-10,GB,1.68650462868816
2021-01-10,IE,1.80396589680443
2021-01-10,US,5.56592105821216
2021-01-10,JP,1.45009482644209
2021-01-11,AU,0.84434530210834
2021-01-11,CA,2.88144845160921
2021-01-11,DE,1.48391804957994
2021-01-11,FR,0.212718457725175
2021-01-11,GB,1.6668768560116
2021-01-11,IE,1.81432271589638
2021-01-11,US,5.5438150060622
2021-01-11,JP,1.472648450878
2021-01-12,AU,0.848591073769384
2021-01-12,CA,2.86625876093752
2021-01-12,DE,1.48072718616051
2021-01-12,FR,0.21222304355465
2021-01-12,GB,1.6318524783122
2021-01-12,IE,1.82279501215809
2021-01-12,US,5.52341522595495
2021-01-12,JP,1.50607796420292
2021-01-13,AU,0.843911308587554
2021-01-13,CA,2.87846285786984
2021-01-13,DE,1.47745436335805
2021-01-13,FR,0.214086648795789
2021-01-13,GB,1.61998176184295
2021-01-13,IE,1.821712194913
2021-01-13,US,5.52009278473246
2021-01-13,JP,1.50694864317672
2021-01-14,AU,0.84938546169664
2021-01-14,CA,2.88305213481471
2021-01-14,DE,1.50407750123335
2021-01-14,FR,0.217414149375921
2021-01-14,GB,1.61311782513247
2021-01-14,IE,1.80148166268705
2021-01-14,US,5.51363885537419
2021-01-14,JP,1.48135250531405
2021-01-15,AU,0.864876765639021
2021-01-15,CA,2.89067586130403
2021-01-15,DE,1.52104857047228
2021-01-15,FR,0.221422471840953
2021-01-15,GB,1.61013334830572
2021-01-15,IE,1.82782809711062
2021-01-15,US,5.51159549255043
2021-01-15,JP,1.46517911172055
2021-01-16,AU,0.872385674055524
2021-01-16,CA,2.89226800123809
2021-01-16,DE,1.5298863279842
2021-01-16,FR,0.224732355894055
2021-01-16,GB,1.60193652601397
2021-01-16,IE,1.8560515448046
2021-01-16,US,5.5263416720358
2021-01-16,JP,1.45107420148818
2021-01-17,AU,0.888740185116768
2021-01-17,CA,2.90269584857908
2021-01-17,DE,1.54294851679899
2021-01-17,FR,0.224122550062618
2021-01-17,GB,1.59544152214561
2021-01-17,IE,1.88762547754512
2021-01-17,US,5.52603903071405
2021-01-17,JP,1.4518534702288
2021-01-18,AU,0.909245613558284
2021-01-18,CA,2.90025073333185
2021-01-18,DE,1.55826820679642
2021-01-18,FR,0.227561512544164
2021-01-18,GB,1.58405832066195
2021-01-18,IE,1.9024111472167
2021-01-18,US,5.53439609357864
2021-01-18,JP,1.42630103142355
2021-01-19,AU,0.914728021321419
2021-01-19,CA,2.88474607876693
2021-01-19,DE,1.57597814870776
2021-01-19,FR,0.231747549168753
2021-01-19,GB,1.58394437588598
2021-01-19,IE,1.91534359268972
2021-01-19,US,5.55070038912033
2021-01-19,JP,1.40402875844191
2021-01-20,AU,0.916151636750086
2021-01-20,CA,2.86697069855993
2021-01-20,DE,1.58622905647992
2021-01-20,FR,0.233038894328284
2021-01-20,GB,1.58210942272518
2021-01-20,IE,1.91731933417681
2021-01-20,US,5.55298615290413
2021-01-20,JP,1.40004859458104
2021-01-21,AU,0.903763876659811
2021-01-21,CA,2.86761148137888
2021-01-21,DE,1.5761473558404
2021-01-21,FR,0.232919725927531
2021-01-21,GB,1.57825169410999
2021-01-21,IE,1.93605583374968
2021-01-21,US,5.55418154044966
2021-01-21,JP,1.40198626731652
2021-01-22,AU,0.897128773102057
2021-01-22,CA,2.87290520759779
2021-01-22,DE,1.56343089750545
2021-01-22,FR,0.23055585709658
2021-01-22,GB,1.57221150893698
2021-01-22,IE,1.93716704029379
2021-01-22,US,5.55665151277423
2021-01-22,JP,1.40344007844448
2021-01-23,AU,0.889179212381832
2021-01-23,CA,2.86440118487427
2021-01-23,DE,1.56625064482037
2021-01-23,FR,0.23136558571942
2021-01-23,GB,1.57345461570509
2021-01-23,IE,1.95773992316058
2021-01-23,US,5.55168567841778
2021-01-23,JP,1.40502916677206
2021-01-24,AU,0.868260832598966
2021-01-24,CA,2.84829331788161
2021-01-24,DE,1.56031556150276
2021-01-24,FR,0.2359394881725
2021-01-24,GB,1.57867110915687
2021-01-24,IE,1.96334093120063
2021-01-24,US,5.57296023851379
2021-01-24,JP,1.4214234927381
2021-01-25,AU,0.857373331339533
2021-01-25,CA,2.86157605469666
2021-01-25,DE,1.54968475289145
2021-01-25,FR,0.238532721798852
2021-01-25,GB,1.58989535759716
2021-01-25,IE,1.97191663565675
2021-01-25,US,5.61349380977823
2021-01-25,JP,1.43005232238717
2021-01-26,AU,0.869829013078001
2021-01-26,CA,2.88171092836134
2021-01-26,DE,1.52908794441392
2021-01-26,FR,0.237317813169612
2021-01-26,GB,1.60342059864832
2021-01-26,IE,1.99153182614543
2021-01-26,US,5.63987227385173
2021-01-26,JP,1.42766735987775
2021-01-27,AU,0.879423423110701
2021-01-27,CA,2.89604871814976
2021-01-27,DE,1.51877942384836
2021-01-27,FR,0.23793383522585
2021-01-27,GB,1.60400234035248
2021-01-27,IE,2.02580106777065
2021-01-27,US,5.68134042606151
2021-01-27,JP,1.42928915737758
2021-01-28,AU,0.894801042756607
2021-01-28,CA,2.88800697866784
2021-01-28,DE,1.50450444954183
2021-01-28,FR,0.238928671218444
2021-01-28,GB,1.60475007715669
2021-01-28,IE,2.02937651083843
2021-01-28,US,5.70998378392767
2021-01-28,JP,1.42530649049323
2021-01-29,AU,0.894846038721759
2021-01-29,CA,2.86605754242197
2021-01-29,DE,1.4830324018623
2021-01-29,FR,0.243035432134003
2021-01-29,GB,1.59759472496528
2021-01-29,IE,2.01429519051654
2021-01-29,US,5.73191146850096
2021-01-29,JP,1.42746643503868
2021-01-30,AU,0.900165323638408
2021-01-30,CA,2.84553974056281
2021-01-30,DE,1.46196599398509
2021-01-30,FR,0.244261342338045
2021-01-30,GB,1.58795633073009
2021-01-30,IE,2.02001392859828
2021-01-30,US,5.74862918399999
2021-01-30,JP,1.41850448821655
2021-01-31,AU,0.914729297412861
2021-01-31,CA,2.82193673258038
2021-01-31,DE,1.44958586133107
2021-01-31,FR,0.246055983624024
2021-01-31,GB,1.56369144594679
2021-01-31,IE,2.01448918345161
2021-01-31,US,5.77105441217547
2021-01-31,JP,1.39315148463576
2021-02-01,AU,0.906462809454722
2021-02-01,CA,2.79514962385282
2021-02-01,DE,1.43678607887663
2021-02-01,FR,0.248888972298602
2021-02-01,GB,1.53873523184758
2021-02-01,IE,2.00394977725919
2021-02-01,US,5.77335119222807
2021-02-01,JP,1.43161239402282
2021-02-02,AU,0.887698965291303
2021-02-02,CA,2.77073001650027
2021-02-02,DE,1.42594312474093
2021-02-02,FR,0.253179094230875
2021-02-02,GB,1.51404131938131
2021-02-02,IE,1.9829130042206
2021-02-02,US,5.78246576252871
2021-02-02,JP,1.44835443547123
2021-02-03,AU,0.88885076297485
2021-02-03,CA,2.75684831138243
2021-02-03,DE,1.4113271625503
2021-02-03,FR,0.258260346960165
2021-02-03,GB,1.49486307441338
2021-02-03,IE,1.94593157905599
2021-02-03,US,5.78514351807632
2021-02-03,JP,1.44883603515186
2021-02-04,AU,0.88690787271784
2021-02-04,CA,2.76197233670407
2021-02-04,DE,1.40147091534424
2021-02-04,FR,0.262440277085097
2021-02-04,GB,1.48742795182361
2021-02-04,IE,1.9543197314398
2021-02-04,US,5.7844829361674
2021-02-04,JP,1.44443500754196
2021-02-05,AU,0.883366332859499
2021-02-05,CA,2.77195954449837
2021-02-05,DE,1.39987433315967
2021-02-05,FR,0.264030794314792
2021-02-05,GB,1.48142104357571
2021-02-05,IE,1.95352725082718
2021-02-05,US,5.78570477157558
2021-02-05,JP,1.43586358844705
2021-02-06,AU,0.881518350811168
2021-02-06,CA,2.77756230330075
2021-02-06,DE,1.39167395697719
2021-02-06,FR,0.264441861971635
2021-02-06,GB,1.4780089829944
2021-02-06,IE,1.92252653709899
2021-02-06,US,5.78273701902776
2021-02-06,JP,1.43446989817088
2021-02-07,AU,0.889424842123826
2021-02-07,CA,2.78042419460862
2021-02-07,DE,1.38842504804411
2021-02-07,FR,0.261215066077229
2021-02-07,GB,1.46998982344756
2021-02-07,IE,1.90374442254441
2021-02-07,US,5.76560550555567
2021-02-07,JP,1.42455467698646
2021-02-08,AU,0.900977399873798
2021-02-08,CA,2.78222483963148
2021-02-08,DE,1.38852565421925
2021-02-08,FR,0.258913447249274
2021-02-08,GB,1.46699185521021
2021-02-08,IE,1.89480135511217
2021-02-08,US,5.75247852643891
2021-02-08,JP,1.36725142500601
2021-02-09,AU,0.912760332279282
2021-02-09,CA,2.77255848908038
2021-02-09,DE,1.39052035856515
2021-02-09,FR,0.256784716002165
2021-02-09,GB,1.45571820680198
2021-02-09,IE,1.88674823568937
2021-02-09,US,5.7330638370667
2021-02-09,JP,1.32959883949413
2021-02-10,AU,0.914484693141186
2021-02-10,CA,2.74697327951531
2021-02-10,DE,1.38422710377135
2021-02-10,FR,0.253976680535967
2021-02-10,GB,1.44526333163173
2021-02-10,IE,1.88568463861187
2021-02-10,US,5.71153383338081
2021-02-10,JP,1.30407504100136
2021-02-11,AU,0.919068641874092
2021-02-11,CA,2.71261218331508
2021-02-11,DE,1.38037263119604
2021-02-11,FR,0.252231355578062
2021-02-11,GB,1.42916952356563
2021-02-11,IE,1.85947870268059
2021-02-11,US,5.70744109015481
2021-02-11,JP,1.29501618284096
2021-02-12,AU,0.943977746339013
2021-02-12,CA,2.68657377134062
2021-02-12,DE,1.3771284926222
2021-02-12,FR,0.248941024514793
2021-02-12,GB,1.41680426318936
2021-02-12,IE,1.82380616864185
2021-02-12,US,5.70193556928085
2021-02-12,JP,1.27920422379463
2021-02-13,AU,0.962920935703509
2021-02-13,CA,2.66358471227062
2021-02-13,DE,1.37307079724087
2021-02-13,FR,0.246713941162675
2021-02-13,GB,1.38784615661877
2021-02-13,IE,1.82357990216199
2021-02-13,US,5.69582144801015
2021-02-13,JP,1.26781695347068
2021-02-14,AU,0.965598106602032
2021-02-14,CA,2.62030481013731
2021-02-14,DE,1.36051467132505
2021-02-14,FR,0.247605623686507
2021-02-14,GB,1.36913974438735
2021-02-14,IE,1.82091721820208
2021-02-14,US,5.66869474547758
2021-02-14,JP,1.26364326761453
2021-02-15,AU,0.968071941353067
2021-02-15,CA,2.62122240172642
2021-02-15,DE,1.35628678863216
2021-02-15,FR,0.245704531461797
2021-02-15,GB,1.35537213926836
2021-02-15,IE,1.82145513127801
2021-02-15,US,5.67667243410449
2021-02-15,JP,1.25590648974745
2021-02-16,AU,0.962136097791186
2021-02-16,CA,2.62832363447008
2021-02-16,DE,1.3476272240978
2021-02-16,FR,0.244696788269646
2021-02-16,GB,1.34542112972243
2021-02-16,IE,1.7990206953326
2021-02-16,US,5.69708581438355
2021-02-16,JP,1.28129116007393
2021-02-17,AU,0.956099005405318
2021-02-17,CA,2.63628429733411
2021-02-17,DE,1.34724856979405
2021-02-17,FR,0.244635867834504
2021-02-17,GB,1.34001408214994
2021-02-17,IE,1.7880794100977
2021-02-17,US,5.71108293181818
2021-02-17,JP,1.29447616957619
2021-02-18,AU,0.951777649258891
2021-02-18,CA,2.64179655037425
2021-02-18,DE,1.33924149820129
2021-02-18,FR,0.240282292546237
2021-02-18,GB,1.33486721784314
2021-02-18,IE,1.7953792242888
2021-02-18,US,5.72887536741874
2021-02-18,JP,1.29921813233395
2021-02-19,AU,0.929246060622347
2021-02-19,CA,2.6337797764724
2021-02-19,DE,1.32852029199831
2021-02-19,FR,0.238659396240027
2021-02-19,GB,1.33739694422609
2021-02-19,IE,1.81877033627271
2021-02-19,US,5.74495649377121
2021-02-19,JP,1.30619512848442
2021-02-20,AU,0.901931627620168
2021-02-20,CA,2.62610817246916
2021-02-20,DE,1.31371508897657
2021-02-20,FR,0.233675380251859
2021-02-20,GB,1.34299053398547
2021-02-20,IE,1.82718151372692
2021-02-20,US,5.7500642859067
2021-02-20,JP,1.30755857468492
2021-02-21,AU,0.899249664394606
2021-02-21,CA,2.6419874929128
2021-02-21,DE,1.30510172630394
2021-02-21,FR,0.227769488728381
2021-02-21,GB,1.35689659683881
2021-02-21,IE,1.81755313085652
2021-02-21,US,5.75138605768521
2021-02-21,JP,1.30730610680837
2021-02-22,AU,0.899961924032063
2021-02-22,CA,2.62135539244933
2021-02-22,DE,1.28474938183395
2021-02-22,FR,0.225529003109897
2021-02-22,GB,1.3551906707992
2021-02-22,IE,1.80300068231672
2021-02-22,US,5.72597207216084
2021-02-22,JP,1.30421971872195
2021-02-23,AU,0.900524765309203
2021-02-23,CA,2.5996899896972
2021-02-23,DE,1.26590097729568
2021-02-23,FR,0.223073618356464
2021-02-23,GB,1.35129725747676
2021-02-23,IE,1.8030607516706
2021-02-23,US,5.68477177204381
2021-02-23,JP,1.28499704341224
2021-02-24,AU,0.906346013368002
2021-02-24,CA,2.57788657936637
2021-02-24,DE,1.24599156373441
2021-02-24,FR,0.218346010652746
2021-02-24,GB,1.34143972062362
2021-02-24,IE,1.80519482672355
2021-02-24,US,5.64795544668908
2021-02-24,JP,1.2788516048702
2021-02-25,AU,0.901406076724097
2021-02-25,CA,2.56219997424829
2021-02-25,DE,1.23215997950948
2021-02-25,FR,0.218149393618972
2021-02-25,GB,1.325604838179
2021-02-25,IE,1.7844347580592
2021-02-25,US,5.59835484946038
2021-02-25,JP,1.27356375624614
2021-02-26,AU,0.904466763601102
2021-02-26,CA,2.55441548549736
2021-02-26,DE,1.22452533535648
2021-02-26,FR,0.217528048217048
2021-02-26,GB,1.30509622982712
2021-02-26,IE,1.76342897949717
2021-02-26,US,5.55536482819216
2021-02-26,JP,1.26854493086796
2021-02-27,AU,0.908098718710035
2021-02-27,CA,2.55002450620821
2021-02-27,DE,1.21605290413599
2021-02-27,FR,0.216220864377631
2021-02-27,GB,1.29436413407293
2021-02-27,IE,1.74224185041626
2021-02-27,US,5.51781411992615
2021-02-27,JP,1.26602043805382
2021-02-28,AU,0.90774626754453
2021-02-28,CA,2.54469932930982
2021-02-28,DE,1.21084539607761
2021-02-28,FR,0.219512018448116
2021-02-28,GB,1.27583028266887
2021-02-28,IE,1.72717645863991
2021-02-28,US,5.51186608077399
2021-02-28,JP,1.26402696110998
2021-03-01,AU,0.908845829061854
2021-03-01,CA,2.54588903857814
2021-03-01,DE,1.20953323471047
2021-03-01,FR,0.221292128890205
2021-03-01,GB,1.26784330961098
2021-03-01,IE,1.70846379538373
2021-03-01,US,5.54368984884045
2021-03-01,JP,1.27085975611932
2021-03-02,AU,0.907783375154767
2021-03-02,CA,2.56501300096454
2021-03-02,DE,1.22409565575857
2021-03-02,FR,0.236852473341046
2021-03-02,GB,1.3179793443697
2021-03-02,IE,1.77699258369512
2021-03-02,US,5.6701573472953
2021-03-02,JP,1.26429951002473
2021-03-03,AU,0.904382655259258
2021-03-03,CA,2.59336176019126
2021-03-03,DE,1.24067217101397
2021-03-03,FR,0.248960704967302
2021-03-03,GB,1.38293658535492
2021-03-03,IE,1.80411341451798
2021-03-03,US,5.81310865695027
2021-03-03,JP,1.26247028840267
2021-03-04,AU,0.918853378319076
2021-03-04,CA,2.60873952836255
2021-03-04,DE,1.27274873419439
2021-03-04,FR,0.260146766467515
2021-03-04,GB,1.4447761972065
2021-03-04,IE,1.84579284499036
2021-03-04,US,5.96192360135496
2021-03-04,JP,1.26033980708098
2021-03-05,AU,0.911086719749398
2021-03-05,CA,2.61375063533664
2021-03-05,DE,1.29441216392612
2021-03-05,FR,0.269939586672445
2021-03-05,GB,1.49694537736872
2021-03-05,IE,1.895103326858
2021-03-05,US,6.10414501307064
2021-03-05,JP,1.26573443317183
2021-03-06,AU,0.90282195860158
2021-03-06,CA,2.61819895042257
2021-03-06,DE,1.33113436187994
2021-03-06,FR,0.286457703419635
2021-03-06,GB,1.56224544734779
2021-03-06,IE,1.93729628412576
2021-03-06,US,6.28839257204722
2021-03-06,JP,1.27113384642654
2021-03-07,AU,0.900224959543519
2021-03-07,CA,2.60996372305135
2021-03-07,DE,1.34659935739169
2021-03-07,FR,0.297182070727463
2021-03-07,GB,1.61904983853262
2021-03-07,IE,1.97476892006321
2021-03-07,US,6.4060443427944
2021-03-07,JP,1.2636849522029
2021-03-08,AU,0.905831462291461
2021-03-08,CA,2.60626949873276
2021-03-08,DE,1.356410396542
2021-03-08,FR,0.308299960149363
2021-03-08,GB,1.66334681737982
2021-03-08,IE,2.03835471550519
2021-03-08,US,6.47829568430136
2021-03-08,JP,1.25492599846893
2021-03-09,AU,0.907339406060354
2021-03-09,CA,2.58374227506495
2021-03-09,DE,1.35299009685318
2021-03-09,FR,0.303752938049485
2021-03-09,GB,1.65080040305027
2021-03-09,IE,1.99878730294888
2021-03-09,US,6.43825775415669
2021-03-09,JP,1.24616704473496
2021-03-10,AU,0.905659437727509
2021-03-10,CA,2.55647184183208
2021-03-10,DE,1.34736985456937
2021-03-10,FR,0.294515828365051
2021-03-10,GB,1.5787281297638
2021-03-10,IE,1.94728099538983
2021-03-10,US,6.2799221967041
2021-03-10,JP,1.23740809100099
2021-03-11,AU,0.893618129435906
2021-03-11,CA,2.53760186281498
2021-03-11,DE,1.32638829308671
2021-03-11,FR,0.28506657751742
2021-03-11,GB,1.51429692878271
2021-03-11,IE,1.89342884318078
2021-03-11,US,6.12930803167431
2021-03-11,JP,1.22138837661554
2021-03-12,AU,0.893497869434969
2021-03-12,CA,2.52655570791742
2021-03-12,DE,1.30472276865798
2021-03-12,FR,0.273863062479805
2021-03-12,GB,1.459057822767
2021-03-12,IE,1.8179639345983
2021-03-12,US,5.97107999842736
2021-03-12,JP,1.20908488130962
2021-03-13,AU,0.9064051293415
2021-03-13,CA,2.51412682265417
2021-03-13,DE,1.27935507974378
2021-03-13,FR,0.263066593961805
2021-03-13,GB,1.38118466804393
2021-03-13,IE,1.74732565191546
2021-03-13,US,5.7695971229154
2021-03-13,JP,1.19982967135728
2021-03-14,AU,0.902644966354528
2021-03-14,CA,2.515022812607
2021-03-14,DE,1.26283930254861
2021-03-14,FR,0.253398299508997
2021-03-14,GB,1.30482848417781
2021-03-14,IE,1.68957741865183
2021-03-14,US,5.61313834508513
2021-03-14,JP,1.19725315654728
2021-03-15,AU,0.888584682683041
2021-03-15,CA,2.50985030830062
2021-03-15,DE,1.25558443057301
2021-03-15,FR,0.242136788916511
2021-03-15,GB,1.25257086333148
2021-03-15,IE,1.62610645632315
2021-03-15,US,5.47887408446192
2021-03-15,JP,1.19383430334557
2021-03-16,AU,0.883283904727418
2021-03-16,CA,2.50440506775581
2021-03-16,DE,1.24338331458408
2021-03-16,FR,0.231768659379887
2021-03-16,GB,1.20579457782296
2021-03-16,IE,1.57198923523909
2021-03-16,US,5.37217827237948
2021-03-16,JP,1.1919457024281
2021-03-17,AU,0.888094336802119
2021-03-17,CA,2.50382868681919
2021-03-17,DE,1.23437525349207
2021-03-17,FR,0.231737897285719
2021-03-17,GB,1.2066249845112
2021-03-17,IE,1.5952996706034
2021-03-17,US,5.36431113246891
2021-03-17,JP,1.18948636727317
2021-03-18,AU,0.890867721529464
2021-03-18,CA,2.5021212555625
2021-03-18,DE,1.22949970760721
2021-03-18,FR,0.23128538456288
2021-03-18,GB,1.20795222589834
2021-03-18,IE,1.60283438802256
2021-03-18,US,5.35469503595262
2021-03-18,JP,1.18920028869108
2021-03-19,AU,0.901117288732935
2021-03-19,CA,2.50723995119133
2021-03-19,DE,1.23547780467588
2021-03-19,FR,0.235892478493863
2021-03-19,GB,1.20597915866948
2021-03-19,IE,1.62434125867098
2021-03-19,US,5.35818365446568
2021-03-19,JP,1.18291866963636
2021-03-20,AU,0.909365555344979
2021-03-20,CA,2.50373722495532
2021-03-20,DE,1.22687079411782
2021-03-20,FR,0.238385480663377
2021-03-20,GB,1.20764549073872
2021-03-20,IE,1.64477575336773
2021-03-20,US,5.35782009769008
2021-03-20,JP,1.18319117803494
2021-03-21,AU,0.912719564521895
2021-03-21,CA,2.49384281889193
2021-03-21,DE,1.22228271668184
2021-03-21,FR,0.241290426267391
2021-03-21,GB,1.21123880855057
2021-03-21,IE,1.63438785524097
2021-03-21,US,5.36650239710434
2021-03-21,JP,1.18237146924786
2021-03-22,AU,0.920369448075623
2021-03-22,CA,2.48304943090288
2021-03-22,DE,1.22373654215353
2021-03-22,FR,0.244135148305643
2021-03-22,GB,1.20901461178328
2021-03-22,IE,1.63135447973115
2021-03-22,US,5.36885117015226
2021-03-22,JP,1.1812416054393
2021-03-23,AU,0.92791128577249
2021-03-23,CA,2.48051095621655
2021-03-23,DE,1.22924854848171
2021-03-23,FR,0.245202135639504
2021-03-23,GB,1.20512830253644
2021-03-23,IE,1.64014183253028
2021-03-23,US,5.36562073823942
2021-03-23,JP,1.17780093940136
2021-03-24,AU,0.93363811986101
2021-03-24,CA,2.47588644072904
2021-03-24,DE,1.22941386453383
2021-03-24,FR,0.244352036508134
2021-03-24,GB,1.20547709223769
2021-03-24,IE,1.61757566920995
2021-03-24,US,5.36399463282283
2021-03-24,JP,1.18381520747363
2021-03-25,AU,0.93821285768947
2021-03-25,CA,2.47595069737351
2021-03-25,DE,1.22802904279051
2021-03-25,FR,0.244715574351841
2021-03-25,GB,1.21021559230337
2021-03-25,IE,1.60964315429369
2021-03-25,US,5.36001074896178
2021-03-25,JP,1.19601490112372
2021-03-26,AU,0.931077687490547
2021-03-26,CA,2.47536414347852
2021-03-26,DE,1.23446480236557
2021-03-26,FR,0.243580512643307
2021-03-26,GB,1.21557982570096
2021-03-26,IE,1.59319859170288
2021-03-26,US,5.34887821812066
2021-03-26,JP,1.20258677062203
2021-03-27,AU,0.927087043546479
2021-03-27,CA,2.47651268805403
2021-03-27,DE,1.24134224777548
2021-03-27,FR,0.240848058952009
2021-03-27,GB,1.21477685637553
2021-03-27,IE,1.58125815301481
2021-03-27,US,5.35164563985404
2021-03-27,JP,1.20324300147931
2021-03-28,AU,0.929226575837584
2021-03-28,CA,2.47684332379786
2021-03-28,DE,1.25223900469652
2021-03-28,FR,0.239614674163552
2021-03-28,GB,1.21801758207372
2021-03-28,IE,1.59051376326949
2021-03-28,US,5.36255076545669
2021-03-28,JP,1.20822679434223
2021-03-29,AU,0.929591076592566
2021-03-29,CA,2.46882577724486
2021-03-29,DE,1.25548675295097
2021-03-29,FR,0.239572173506218
2021-03-29,GB,1.2188305979066
2021-03-29,IE,1.5877081075016
2021-03-29,US,5.36364934773085
2021-03-29,JP,1.20934558709478
2021-03-30,AU,0.929505149538052
2021-03-30,CA,2.46410327942635
2021-03-30,DE,1.25169397120152
2021-03-30,FR,0.241562822164077
2021-03-30,GB,1.21810236536885
2021-03-30,IE,1.59742164766627
2021-03-30,US,5.36086805790553
2021-03-30,JP,1.21952710549527
2021-03-31,AU,0.928736264892599
2021-03-31,CA,2.47312445809269
2021-03-31,DE,1.25802576590576
2021-03-31,FR,0.248545302877282
2021-03-31,GB,1.21560648695357
2021-03-31,IE,1.58398787944606
2021-03-31,US,5.37262922720124
2021-03-31,JP,1.21071869555792
2021-04-01,AU,0.931020676580559
2021-04-01,CA,2.47587828074645
2021-04-01,DE,1.26138276731087
2021-04-01,FR,0.257525161420111
2021-04-01,GB,1.21135490188848
2021-04-01,IE,1.57940272628245
2021-04-01,US,5.38116668447218
2021-04-01,JP,1.19860108143523
2021-04-02,AU,0.946649143731445
2021-04-02,CA,2.49886508690128
2021-04-02,DE,1.26908638998997
2021-04-02,FR,0.268089655284951
2021-04-02,GB,1.20682506002135
2021-04-02,IE,1.5799602841877
2021-04-02,US,5.39760095751348
2021-04-02,JP,1.18953153617642
2021-04-03,AU,0.952129284707467
2021-04-03,CA,2.52223287648549
2021-04-03,DE,1.27820019098491
2021-04-03,FR,0.278669977141059
2021-04-03,GB,1.20701458719073
2021-04-03,IE,1.58352971562742
2021-04-03,US,5.39541874697329
2021-04-03,JP,1.1751131867584
2021-04-04,AU,0.95268886540925
2021-04-04,CA,2.54126931320207
2021-04-04,DE,1.2806134315432
2021-04-04,FR,0.287408174632738
2021-04-04,GB,1.20040073692813
2021-04-04,IE,1.59631750791513
2021-04-04,US,5.37424489486244
2021-04-04,JP,1.16993122617032
2021-04-05,AU,0.966424678633569
2021-04-05,CA,2.57112513994841
2021-04-05,DE,1.30544162439591
2021-04-05,FR,0.300748202402935
2021-04-05,GB,1.2058792491248
2021-04-05,IE,1.62679050330389
2021-04-05,US,5.3888302785664
2021-04-05,JP,1.16393482470053
2021-04-06,AU,0.968484920612058
2021-04-06,CA,2.59455281971803
2021-04-06,DE,1.32704834012694
2021-04-06,FR,0.309029515657922
2021-04-06,GB,1.21313627754633
2021-04-06,IE,1.63376030574498
2021-04-06,US,5.40790744254851
2021-04-06,JP,1.15222266848225
2021-04-07,AU,0.967098592000814
2021-04-07,CA,2.6153347593049
2021-04-07,DE,1.33978336412402
2021-04-07,FR,0.309653592131646
2021-04-07,GB,1.21954429916626
2021-04-07,IE,1.65804753929493
2021-04-07,US,5.42067442372533
2021-04-07,JP,1.14841422977659
2021-04-08,AU,0.960808679222021
2021-04-08,CA,2.6419111635075
2021-04-08,DE,1.35227459471008
2021-04-08,FR,0.304336364135999
2021-04-08,GB,1.22209573672246
2021-04-08,IE,1.66254560129224
2021-04-08,US,5.43102402224127
2021-04-08,JP,1.14815566918723
2021-04-09,AU,0.956892938854914
2021-04-09,CA,2.63818907469364
2021-04-09,DE,1.35382667005174
2021-04-09,FR,0.298189420465262
2021-04-09,GB,1.21953365780702
2021-04-09,IE,1.66871897708704
2021-04-09,US,5.44342813442538
2021-04-09,JP,1.14401638163297
2021-04-10,AU,0.965324159434622
2021-04-10,CA,2.6317944836507
2021-04-10,DE,1.37276783359109
2021-04-10,FR,0.293683135307822
2021-04-10,GB,1.21832767043622
2021-04-10,IE,1.6797931861995
2021-04-10,US,5.47272880355143
2021-04-10,JP,1.14188399991583
2021-04-11,AU,0.963129623626468
2021-04-11,CA,2.64379622526617
2021-04-11,DE,1.38607232707198
2021-04-11,FR,0.289393625281227
2021-04-11,GB,1.22017368046489
2021-04-11,IE,1.66179207398279
2021-04-11,US,5.50249079343269
2021-04-11,JP,1.13276315209542
2021-04-12,AU,0.948336725986278
2021-04-12,CA,2.64371891592689
2021-04-12,DE,1.37235032905191
2021-04-12,FR,0.278547828049909
2021-04-12,GB,1.20813600809623
2021-04-12,IE,1.61622764166261
2021-04-12,US,5.4978365161621
2021-04-12,JP,1.13498991634891
2021-04-13,AU,0.953288105863492
2021-04-13,CA,2.63906241645173
2021-04-13,DE,1.36623753547318
2021-04-13,FR,0.270432839997145
2021-04-13,GB,1.19551746865439
2021-04-13,IE,1.59223649309029
2021-04-13,US,5.4929052080337
2021-04-13,JP,1.13407303036256
2021-04-14,AU,0.956743904658528
2021-04-14,CA,2.63231250333892
2021-04-14,DE,1.36262557288038
2021-04-14,FR,0.264899358205196
2021-04-14,GB,1.18463769934405
2021-04-14,IE,1.56494342250199
2021-04-14,US,5.49435181573134
2021-04-14,JP,1.13627402944456
2021-04-15,AU,0.97106640421761
2021-04-15,CA,2.62915307737142
2021-04-15,DE,1.36332066727025
2021-04-15,FR,0.26594893046131
2021-04-15,GB,1.18043120736368
2021-04-15,IE,1.54896649887369
2021-04-15,US,5.49774872987304
2021-04-15,JP,1.13481332549697
2021-04-16,AU,0.991472255328519
2021-04-16,CA,2.64597984856918
2021-04-16,DE,1.35600594539231
2021-04-16,FR,0.265646556122113
2021-04-16,GB,1.17688513847681
2021-04-16,IE,1.53481781999391
2021-04-16,US,5.50539527832252
2021-04-16,JP,1.13759667690709
2021-04-17,AU,0.994348427559617
2021-04-17,CA,2.68587523881739
2021-04-17,DE,1.3465452708259
2021-04-17,FR,0.266245546463595
2021-04-17,GB,1.17027494778135
2021-04-17,IE,1.51064326609337
2021-04-17,US,5.508112626342
2021-04-17,JP,1.14628833398887
2021-04-18,AU,1.01066619959536
2021-04-18,CA,2.70821168637094
2021-04-18,DE,1.346975503699
2021-04-18,FR,0.267607703489863
2021-04-18,GB,1.16918006801466
2021-04-18,IE,1.51298714083824
2021-04-18,US,5.51814458025489
2021-04-18,JP,1.15100877052898
2021-04-19,AU,1.02182561235807
2021-04-19,CA,2.73175373129756
2021-04-19,DE,1.34920725455176
2021-04-19,FR,0.268881462477644
2021-04-19,GB,1.17264351680456
2021-04-19,IE,1.53055336152252
2021-04-19,US,5.53638857593439
2021-04-19,JP,1.1511125701867
2021-04-20,AU,1.02726402848017
2021-04-20,CA,2.75377464985284
2021-04-20,DE,1.34828197711662
2021-04-20,FR,0.267920245220923
2021-04-20,GB,1.17184258919704
2021-04-20,IE,1.51554628469453
2021-04-20,US,5.55116731296127
2021-04-20,JP,1.15401248253062
2021-04-21,AU,1.04761107869206
2021-04-21,CA,2.77415663547545
2021-04-21,DE,1.35015900327434
2021-04-21,FR,0.265175658981084
2021-04-21,GB,1.1774005187947
2021-04-21,IE,1.51057355873365
2021-04-21,US,5.55874936254733
2021-04-21,JP,1.15423084823869
2021-04-22,AU,1.0459211540793
2021-04-22,CA,2.79725502237431
2021-04-22,DE,1.3510585425215
2021-04-22,FR,0.258898071860168
2021-04-22,GB,1.17861433486511
2021-04-22,IE,1.51555071503696
2021-04-22,US,5.57951057027932
2021-04-22,JP,1.1833410742594
2021-04-23,AU,1.0303589365643
2021-04-23,CA,2.79253876650511
2021-04-23,DE,1.3548750307858
2021-04-23,FR,0.253693928969812
2021-04-23,GB,1.18591517214011
2021-04-23,IE,1.50951115432113
2021-04-23,US,5.59819347454617
2021-04-23,JP,1.20016208277926
2021-04-24,AU,1.02537847018761
2021-04-24,CA,2.78393601217057
2021-04-24,DE,1.35755795797113
2021-04-24,FR,0.248791888089089
2021-04-24,GB,1.18814556622593
2021-04-24,IE,1.4968802830445
2021-04-24,US,5.62137661397883
2021-04-24,JP,1.20435160523775
2021-04-25,AU,1.01783694775406
2021-04-25,CA,2.78489765914626
2021-04-25,DE,1.35150789301271
2021-04-25,FR,0.239418546781421
2021-04-25,GB,1.18708509239422
2021-04-25,IE,1.48110841829541
2021-04-25,US,5.64016929041507
2021-04-25,JP,1.20756856702764
2021-04-26,AU,1.01812941683189
2021-04-26,CA,2.79021615103687
2021-04-26,DE,1.34613774039633
2021-04-26,FR,0.232401766425846
2021-04-26,GB,1.1903193794775
2021-04-26,IE,1.46054676379657
2021-04-26,US,5.66729122566801
2021-04-26,JP,1.21489960825711
2021-04-27,AU,1.01471567471304
2021-04-27,CA,2.8029688015064
2021-04-27,DE,1.40859673629003
2021-04-27,FR,0.232840068375041
2021-04-27,GB,1.19580827718925
2021-04-27,IE,1.47802723081948
2021-04-27,US,5.69918444618666
2021-04-27,JP,1.22094966748983
2021-04-28,AU,0.996382239277566
2021-04-28,CA,2.80910382862487
2021-04-28,DE,1.41833039129429
2021-04-28,FR,0.232990163569828
2021-04-28,GB,1.19195884493216
2021-04-28,IE,1.48034921018304
2021-04-28,US,5.7306355774064
2021-04-28,JP,1.22335604433803
2021-04-29,AU,0.99518709605589
2021-04-29,CA,2.80965689020627
2021-04-29,DE,1.4263306261715
2021-04-29,FR,0.235857304330198
2021-04-29,GB,1.18985176413246
2021-04-29,IE,1.46361675444971
2021-04-29,US,5.75473196956205
2021-04-29,JP,1.22153308519214
2021-04-30,AU,1.00473246840247
2021-04-30,CA,2.82712850988028
2021-04-30,DE,1.43344747725297
2021-04-30,FR,0.235804797332129
2021-04-30,GB,1.18460851790761
2021-04-30,IE,1.45842688645101
2021-04-30,US,5.77549409835431
2021-04-30,JP,1.22156851215731
2021-05-01,AU,1.02140786509379
2021-05-01,CA,2.82607739848043
2021-05-01,DE,1.43673319799977
2021-05-01,FR,0.232326470320216
2021-05-01,GB,1.18097722354991
2021-05-01,IE,1.45356189124737
2021-05-01,US,5.77168573743676
2021-05-01,JP,1.21925988976886
2021-05-02,AU,1.03260114172454
2021-05-02,CA,2.83053037721629
2021-05-02,DE,1.45026624687536
2021-05-02,FR,0.230636262316794
2021-05-02,GB,1.17606345700328
2021-05-02,IE,1.42206182160785
2021-05-02,US,5.76862329786817
2021-05-02,JP,1.21342996127176
2021-05-03,AU,1.04111922591007
2021-05-03,CA,2.82591340096236
2021-05-03,DE,1.46152581802232
2021-05-03,FR,0.231303587793434
2021-05-03,GB,1.17437026965914
2021-05-03,IE,1.41902388952457
2021-05-03,US,5.76140051353464
2021-05-03,JP,1.20324895250596
2021-05-04,AU,1.05649108230924
2021-05-04,CA,2.81078205819334
2021-05-04,DE,1.41462237395354
2021-05-04,FR,0.227643794117743
2021-05-04,GB,1.18292536137696
2021-05-04,IE,1.40684101500331
2021-05-04,US,5.75733095919309
2021-05-04,JP,1.20257000486217
2021-05-05,AU,1.07025325662762
2021-05-05,CA,2.81881995731286
2021-05-05,DE,1.40562376813153
2021-05-05,FR,0.227023302878047
2021-05-05,GB,1.18711237227523
2021-05-05,IE,1.41355270009473
2021-05-05,US,5.75523917773466
2021-05-05,JP,1.2141111141969
2021-05-06,AU,1.08648536509022
2021-05-06,CA,2.80698667960215
2021-05-06,DE,1.39796174373489
2021-05-06,FR,0.225823676731171
2021-05-06,GB,1.18861037243439
2021-05-06,IE,1.41283186436212
2021-05-06,US,5.7338840081914
2021-05-06,JP,1.20000906232673
2021-05-07,AU,1.09355150131527
2021-05-07,CA,2.80300162381366
2021-05-07,DE,1.3855752513277
2021-05-07,FR,0.222556062468872
2021-05-07,GB,1.1906697755931
2021-05-07,IE,1.42087064213007
2021-05-07,US,5.72088339361455
2021-05-07,JP,1.20118912470595
2021-05-08,AU,1.09077535295971
2021-05-08,CA,2.79832860342939
2021-05-08,DE,1.36468083180524
2021-05-08,FR,0.220177639806075
2021-05-08,GB,1.1997073558939
2021-05-08,IE,1.40425264476427
2021-05-08,US,5.71927890211115
2021-05-08,JP,1.21134836322077
2021-05-09,AU,1.08969347401348
2021-05-09,CA,2.77940707701348
2021-05-09,DE,1.32870858490491
2021-05-09,FR,0.222391294004824
2021-05-09,GB,1.20637733895617
2021-05-09,IE,1.41517388512649
2021-05-09,US,5.70343078024573
2021-05-09,JP,1.23295100186955
2021-05-10,AU,1.09043144075758
2021-05-10,CA,2.78526759749691
2021-05-10,DE,1.31095200866647
2021-05-10,FR,0.222946075165958
2021-05-10,GB,1.20871544582966
2021-05-10,IE,1.4191330300996
2021-05-10,US,5.72033482801916
2021-05-10,JP,1.25039143267972
2021-05-11,AU,1.09307200251693
2021-05-11,CA,2.7932158206137
2021-05-11,DE,1.28908770106591
2021-05-11,FR,0.224646214555485
2021-05-11,GB,1.20023967430343
2021-05-11,IE,1.40527107501634
2021-05-11,US,5.74033253823312
2021-05-11,JP,1.2651023806516
2021-05-12,AU,1.0952670934309
2021-05-12,CA,2.77423407474215
2021-05-12,DE,1.28215169798821
2021-05-12,FR,0.223950742574069
2021-05-12,GB,1.19664445435009
2021-05-12,IE,1.38790471589439
2021-05-12,US,5.76278491273646
2021-05-12,JP,1.27817158459243
2021-05-13,AU,1.10453208972477
2021-05-13,CA,2.76646610440591
2021-05-13,DE,1.29202092438658
2021-05-13,FR,0.224322716159902
2021-05-13,GB,1.19290503393926
2021-05-13,IE,1.38804037241249
2021-05-13,US,5.79470531731715
2021-05-13,JP,1.29393417625776
2021-05-14,AU,1.11137634132712
2021-05-14,CA,2.75802434288426
2021-05-14,DE,1.30630761100046
2021-05-14,FR,0.225680432764856
2021-05-14,GB,1.19507557991042
2021-05-14,IE,1.3773794851256
2021-05-14,US,5.81215183313631
2021-05-14,JP,1.29933689221915
2021-05-15,AU,1.11063433528509
2021-05-15,CA,2.75038980254178
2021-05-15,DE,1.31951104193849
2021-05-15,FR,0.227924255829407
2021-05-15,GB,1.18965098781723
2021-05-15,IE,1.37479356640478
2021-05-15,US,5.82567310452139
2021-05-15,JP,1.30684959849503
2021-05-16,AU,1.12461228138999
2021-05-16,CA,2.74454074993725
2021-05-16,DE,1.33995134366672
2021-05-16,FR,0.227919930353986
2021-05-16,GB,1.18624019620929
2021-05-16,IE,1.38078796508778
2021-05-16,US,5.85455220461087
2021-05-16,JP,1.31734382453258
2021-05-17,AU,1.12334957181945
2021-05-17,CA,2.72718622760137
2021-05-17,DE,1.33997586510996
2021-05-17,FR,0.226023861705306
2021-05-17,GB,1.18283981337294
2021-05-17,IE,1.38603980493043
2021-05-17,US,5.85430594946842
2021-05-17,JP,1.32945335087598
2021-05-18,AU,1.12883458869968
2021-05-18,CA,2.70802300261198
2021-05-18,DE,1.34256955338186
2021-05-18,FR,0.225798047278837
2021-05-18,GB,1.18238729651278
2021-05-18,IE,1.40640536237448
2021-05-18,US,5.8536518308772
2021-05-18,JP,1.33554453864752
2021-05-19,AU,1.13586478464694
2021-05-19,CA,2.70468721461951
2021-05-19,DE,1.34879616546337
2021-05-19,FR,0.226671942277127
2021-05-19,GB,1.18303656400175
2021-05-19,IE,1.42989943343914
2021-05-19,US,5.84650953711116
2021-05-19,JP,1.33664915770416
2021-05-20,AU,1.12699753511213
2021-05-20,CA,2.70249320194204
2021-05-20,DE,1.33107447767577
2021-05-20,FR,0.225995236017053
2021-05-20,GB,1.18645531378111
2021-05-20,IE,1.44499184814417
2021-05-20,US,5.84997865387393
2021-05-20,JP,1.33478533352253
2021-05-21,AU,1.12220190877794
2021-05-21,CA,2.69483268371
2021-05-21,DE,1.32157230928125
2021-05-21,FR,0.226754480246035
2021-05-21,GB,1.1870258149899
2021-05-21,IE,1.44429305255583
2021-05-21,US,5.86025817671792
2021-05-21,JP,1.33489188633795
2021-05-22,AU,1.12296679788422
2021-05-22,CA,2.67439167854544
2021-05-22,DE,1.31253743924859
2021-05-22,FR,0.227434995203592
2021-05-22,GB,1.18457953835667
2021-05-22,IE,1.45581353738049
2021-05-22,US,5.87353252945851
2021-05-22,JP,1.33537310918997
2021-05-23,AU,1.11771163347425
2021-05-23,CA,2.66593490075447
2021-05-23,DE,1.30142115449403
2021-05-23,FR,0.228861729223964
2021-05-23,GB,1.18581068950323
2021-05-23,IE,1.43846223912143
2021-05-23,US,5.88630024434478
2021-05-23,JP,1.33357261687942
2021-05-24,AU,1.12421162815126
2021-05-24,CA,2.6852623413462
2021-05-24,DE,1.32884151535334
2021-05-24,FR,0.231980225700055
2021-05-24,GB,1.18854054810545
2021-05-24,IE,1.4102900341199
2021-05-24,US,5.89610427084924
2021-05-24,JP,1.34082726228654
2021-05-25,AU,1.11473184959783
2021-05-25,CA,2.69922682849237
2021-05-25,DE,1.33179933396033
2021-05-25,FR,0.23141044596339
2021-05-25,GB,1.19124367211742
2021-05-25,IE,1.39366232570015
2021-05-25,US,5.90026925614513
2021-05-25,JP,1.34085816052442
2021-05-26,AU,1.12138535641809
2021-05-26,CA,2.69689526895637
2021-05-26,DE,1.32764155640136
2021-05-26,FR,0.233050179171504
2021-05-26,GB,1.19329826807271
2021-05-26,IE,1.37527389275985
2021-05-26,US,5.9048449629274
2021-05-26,JP,1.34233446330161
2021-05-27,AU,1.13269214395784
2021-05-27,CA,2.69937092135323
2021-05-27,DE,1.33204497670707
2021-05-27,FR,0.232240114561789
2021-05-27,GB,1.18733242727488
2021-05-27,IE,1.35408370910932
2021-05-27,US,5.89697941969403
2021-05-27,JP,1.34453324660782
2021-05-28,AU,1.14084043878535
2021-05-28,CA,2.70017266373985
2021-05-28,DE,1.33232099294247
2021-05-28,FR,0.233135479235219
2021-05-28,GB,1.18251523508932
2021-05-28,IE,1.33866141758066
2021-05-28,US,5.88419160929581
2021-05-28,JP,1.3408945898191
2021-05-29,AU,1.16370747114831
2021-05-29,CA,2.71323994408574
2021-05-29,DE,1.33289808194458
2021-05-29,FR,0.229568250308481
2021-05-29,GB,1.18212170038217
2021-05-29,IE,1.31878574685159
2021-05-29,US,5.88219796101067
2021-05-29,JP,1.33329121393438
2021-05-30,AU,1.17661608601437
2021-05-30,CA,2.70436768117084
2021-05-30,DE,1.3386950272198
2021-05-30,FR,0.229018546916979
2021-05-30,GB,1.17502409178648
2021-05-30,IE,1.2913437897957
2021-05-30,US,5.87528091040639
2021-05-30,JP,1.32592609517493
2021-05-31,AU,1.19429067512433
2021-05-31,CA,2.67175993425813
2021-05-31,DE,1.31184558120494
2021-05-31,FR,0.228683060263265
2021-05-31,GB,1.17146618544246
2021-05-31,IE,1.29280761511387
2021-05-31,US,5.86227183453752
2021-05-31,JP,1.30941356359245
2021-06-01,AU,1.21174791021413
2021-06-01,CA,2.65310651611182
2021-06-01,DE,1.30843521177792
2021-06-01,FR,0.229758382318527
2021-06-01,GB,1.17615738949387
2021-06-01,IE,1.27944713919374
2021-06-01,US,5.87817147424569
2021-06-01,JP,1.29612273420278
2021-06-02,AU,1.22559994545285
2021-06-02,CA,2.63512629712567
2021-06-02,DE,1.3124834597139
2021-06-02,FR,0.230278170867367
2021-06-02,GB,1.17808098474166
2021-06-02,IE,1.26894463594179
2021-06-02,US,5.88583853813013
2021-06-02,JP,1.2833593976294
2021-06-03,AU,1.23529260661516
2021-06-03,CA,2.62861490805085
2021-06-03,DE,1.3116900829988
2021-06-03,FR,0.232500060481513
2021-06-03,GB,1.18831963852473
2021-06-03,IE,1.249068580962
2021-06-03,US,5.90082557861888
2021-06-03,JP,1.27471002803846
2021-06-04,AU,1.23933106048869
2021-06-04,CA,2.61744656451808
2021-06-04,DE,1.31688111043592
2021-06-04,FR,0.235290782944819
2021-06-04,GB,1.19726649689791
2021-06-04,IE,1.24455369910689
2021-06-04,US,5.91793483676321
2021-06-04,JP,1.27242815508948
2021-06-05,AU,1.22577541523927
2021-06-05,CA,2.60205053718932
2021-06-05,DE,1.32386095332995
2021-06-05,FR,0.240629632578905
2021-06-05,GB,1.19773758779101
2021-06-05,IE,1.24592414175925
2021-06-05,US,5.92678946728476
2021-06-05,JP,1.26827332707602
2021-06-06,AU,1.22266625864927
2021-06-06,CA,2.60428010793301
2021-06-06,DE,1.32753004425376
2021-06-06,FR,0.2401099017573
2021-06-06,GB,1.20755904902771
2021-06-06,IE,1.27800395144717
2021-06-06,US,5.93583237346404
2021-06-06,JP,1.26535940654919
2021-06-07,AU,1.22214341129949
2021-06-07,CA,2.60113562033522
2021-06-07,DE,1.33195960708844
2021-06-07,FR,0.238553529223414
2021-06-07,GB,1.21681208432188
2021-06-07,IE,1.27509355933024
2021-06-07,US,5.94924446149822
2021-06-07,JP,1.26157835148759
2021-06-08,AU,1.23419991035802
2021-06-08,CA,2.59331841769272
2021-06-08,DE,1.33735783241619
2021-06-08,FR,0.239071132693293
2021-06-08,GB,1.21474883941734
2021-06-08,IE,1.29648758619476
2021-06-08,US,5.93427100592125
2021-06-08,JP,1.25516781231135
2021-06-09,AU,1.23079256267978
2021-06-09,CA,2.59069787972432
2021-06-09,DE,1.33196971090277
2021-06-09,FR,0.238204247420957
2021-06-09,GB,1.22066694610623
2021-06-09,IE,1.31351038484797
2021-06-09,US,5.93096404745133
2021-06-09,JP,1.24920724557198
2021-06-10,AU,1.23458659207097
2021-06-10,CA,2.57125381640312
2021-06-10,DE,1.33220523628286
2021-06-10,FR,0.237512938621306
2021-06-10,GB,1.22429956767578
2021-06-10,IE,1.34126629681972
2021-06-10,US,5.93149491465709
2021-06-10,JP,1.24032018398084
2021-06-11,AU,1.23576920152126
2021-06-11,CA,2.56056043545923
2021-06-11,DE,1.31670529512789
2021-06-11,FR,0.236350130705718
2021-06-11,GB,1.2277388758269
2021-06-11,IE,1.37480605544947
2021-06-11,US,5.93849651592563
2021-06-11,JP,1.2372006500508
2021-06-12,AU,1.23592805499197
2021-06-12,CA,2.54377967392946
2021-06-12,DE,1.30498896405104
2021-06-12,FR,0.234859757602337
2021-06-12,GB,1.23924678759747
2021-06-12,IE,1.39193317678379
2021-06-12,US,5.96200559137505
2021-06-12,JP,1.23400055926372
2021-06-13,AU,1.24039216395174
2021-06-13,CA,2.51966042327884
2021-06-13,DE,1.29756854474461
2021-06-13,FR,0.240716452395988
2021-06-13,GB,1.24701326534326
2021-06-13,IE,1.42103469857379
2021-06-13,US,5.98948064703081
2021-06-13,JP,1.22366043764426
2021-06-14,AU,1.24105028806435
2021-06-14,CA,2.50986087295722
2021-06-14,DE,1.28935933051643
2021-06-14,FR,0.240638734998244
2021-06-14,GB,1.25226015459524
2021-06-14,IE,1.45357390233338
2021-06-14,US,6.02316919883865
2021-06-14,JP,1.22139891284605
2021-06-15,AU,1.23129861847276
2021-06-15,CA,2.50557322282354
2021-06-15,DE,1.28234939964175
2021-06-15,FR,0.241939055223947
2021-06-15,GB,1.25583266216
2021-06-15,IE,1.44738326418739
2021-06-15,US,6.06079122068597
2021-06-15,JP,1.22534864981025
2021-06-16,AU,1.22082506965693
2021-06-16,CA,2.49190642872089
2021-06-16,DE,1.28241674992148
2021-06-16,FR,0.243008123642027
2021-06-16,GB,1.25600734377022
2021-06-16,IE,1.43985976310235
2021-06-16,US,6.09117677474829
2021-06-16,JP,1.22873746323169
2021-06-17,AU,1.21090422540783
2021-06-17,CA,2.49030537452408
2021-06-17,DE,1.28393933011986
2021-06-17,FR,0.2430054729719
2021-06-17,GB,1.26079993883194
2021-06-17,IE,1.42943068545963
2021-06-17,US,6.12576271432073
2021-06-17,JP,1.23284317193861
2021-06-18,AU,1.20857247708676
2021-06-18,CA,2.48263814937543
2021-06-18,DE,1.29125259945551
2021-06-18,FR,0.241595272900028
2021-06-18,GB,1.26784032532589
2021-06-18,IE,1.41320227863792
2021-06-18,US,6.14657536915633
2021-06-18,JP,1.23239254188048
2021-06-19,AU,1.21865384071699
2021-06-19,CA,2.4792160169858
2021-06-19,DE,1.28800014800369
2021-06-19,FR,0.239829684609522
2021-06-19,GB,1.27440510054984
2021-06-19,IE,1.40058359016778
2021-06-19,US,6.16709205584444
2021-06-19,JP,1.23878613125377
2021-06-20,AU,1.206864050292
2021-06-20,CA,2.47135604272945
2021-06-20,DE,1.29831151623318
2021-06-20,FR,0.233694600856036
2021-06-20,GB,1.27540322281513
2021-06-20,IE,1.37703066448739
2021-06-20,US,6.17434407054582
2021-06-20,JP,1.24260912317423
2021-06-21,AU,1.2051119115589
2021-06-21,CA,2.46848541028589
2021-06-21,DE,1.30738338089605
2021-06-21,FR,0.233965679965276
2021-06-21,GB,1.27816452929227
2021-06-21,IE,1.35327653423642
2021-06-21,US,6.20157706065527
2021-06-21,JP,1.24274700234724
2021-06-22,AU,1.20724175996285
2021-06-22,CA,2.46689838741148
2021-06-22,DE,1.31380251510157
2021-06-22,FR,0.233372863895115
2021-06-22,GB,1.28639142174954
2021-06-22,IE,1.35520707254671
2021-06-22,US,6.2245977924248
2021-06-22,JP,1.24280577410356
2021-06-23,AU,1.21574085311523
2021-06-23,CA,2.47602298498382
2021-06-23,DE,1.31764284067153
2021-06-23,FR,0.231572569868987
2021-06-23,GB,1.29395771928334
2021-06-23,IE,1.34115943820829
2021-06-23,US,6.26294273339759
2021-06-23,JP,1.24216492224542
2021-06-24,AU,1.21415561448492
2021-06-24,CA,2.47132597204274
2021-06-24,DE,1.32342329269359
2021-06-24,FR,0.232036202000006
2021-06-24,GB,1.29343580719253
2021-06-24,IE,1.3515840945793
2021-06-24,US,6.28753366925146
2021-06-24,JP,1.24153777257727
2021-06-25,AU,1.22556423425653
2021-06-25,CA,2.4778659339686
2021-06-25,DE,1.3357188570765
2021-06-25,FR,0.233361570966057
2021-06-25,GB,1.28976266109851
2021-06-25,IE,1.35051787720178
2021-06-25,US,6.31857909456625
2021-06-25,JP,1.2379401930249
2021-06-26,AU,1.26803734840174
2021-06-26,CA,2.48645777353957
2021-06-26,DE,1.35181983177261
2021-06-26,FR,0.236138990714502
2021-06-26,GB,1.28492282547983
2021-06-26,IE,1.35359855821406
2021-06-26,US,6.34062589391425
2021-06-26,JP,1.23535954618998
2021-06-27,AU,1.31764894951701
2021-06-27,CA,2.50078553658767
2021-06-27,DE,1.34480826550439
2021-06-27,FR,0.239064905582287
2021-06-27,GB,1.28592702123277
2021-06-27,IE,1.34634386202325
2021-06-27,US,6.37598579891403
2021-06-27,JP,1.236616926851
2021-06-28,AU,1.35027177450643
2021-06-28,CA,2.50357436562735
2021-06-28,DE,1.35168068534234
2021-06-28,FR,0.240956715923435
2021-06-28,GB,1.29339066739996
2021-06-28,IE,1.36254495570687
2021-06-28,US,6.39247029339553
2021-06-28,JP,1.24094631993336
2021-06-29,AU,1.38230194248952
2021-06-29,CA,2.50448833000475
2021-06-29,DE,1.36088341280799
2021-06-29,FR,0.243728814966858
2021-06-29,GB,1.2991476125113
2021-06-29,IE,1.36251834530925
2021-06-29,US,6.40446782217102
2021-06-29,JP,1.25169524222714
2021-06-30,AU,1.41161847563059
2021-06-30,CA,2.50565559341147
2021-06-30,DE,1.37412736660907
2021-06-30,FR,0.247767470999148
2021-06-30,GB,1.30423864108476
2021-06-30,IE,1.37517016880692
2021-06-30,US,6.41327235331456
2021-06-30,JP,1.26219965621459
2021-07-01,AU,1.45459803141321
2021-07-01,CA,2.5148388359944
2021-07-01,DE,1.37734186422462
2021-07-01,FR,0.246548882967419
2021-07-01,GB,1.31380022135632
2021-07-01,IE,1.37908418412015
2021-07-01,US,6.4212103816289
2021-07-01,JP,1.26725076965953
2021-07-02,AU,1.47600596083814
2021-07-02,CA,2.5198171666929
2021-07-02,DE,1.37838804250511
2021-07-02,FR,0.246840855028707
2021-07-02,GB,1.3179470791075
2021-07-02,IE,1.38640880482173
2021-07-02,US,6.41456616389884
2021-07-02,JP,1.26972746745573
2021-07-03,AU,1.45965490765454
2021-07-03,CA,2.52744056830983
2021-07-03,DE,1.3816093043254
2021-07-03,FR,0.247789159044674
2021-07-03,GB,1.33048701915983
2021-07-03,IE,1.39272905292136
2021-07-03,US,6.40086078676904
2021-07-03,JP,1.26892766461637
2021-07-04,AU,1.46336715147114
2021-07-04,CA,2.52544122455546
2021-07-04,DE,1.39377776076306
2021-07-04,FR,0.244941729924969
2021-07-04,GB,1.3446389651912
2021-07-04,IE,1.40846850793385
2021-07-04,US,6.37154790499465
2021-07-04,JP,1.26923490141656
2021-07-05,AU,1.45572121513596
2021-07-05,CA,2.53190999852002
2021-07-05,DE,1.40227619573594
2021-07-05,FR,0.244644191881494
2021-07-05,GB,1.34803351434374
2021-07-05,IE,1.40568692937862
2021-07-05,US,6.33685898687977
2021-07-05,JP,1.26417516574934
2021-07-06,AU,1.44468166232701
2021-07-06,CA,2.53423937344573
2021-07-06,DE,1.40656713274551
2021-07-06,FR,0.240919408617417
2021-07-06,GB,1.35527268651088
2021-07-06,IE,1.41499059195765
2021-07-06,US,6.34611047146793
2021-07-06,JP,1.25702087580238
2021-07-07,AU,1.43088417158937
2021-07-07,CA,2.53256914993591
2021-07-07,DE,1.41529632859833
2021-07-07,FR,0.242232718137155
2021-07-07,GB,1.36150945043175
2021-07-07,IE,1.42329578361695
2021-07-07,US,6.34522440826074
2021-07-07,JP,1.24672282219525
2021-07-08,AU,1.42095498388747
2021-07-08,CA,2.53750254870499
2021-07-08,DE,1.42865420059572
2021-07-08,FR,0.248942591120923
2021-07-08,GB,1.36896217439117
2021-07-08,IE,1.43046557721573
2021-07-08,US,6.35475514210353
2021-07-08,JP,1.25298927791112
2021-07-09,AU,1.43909319732742
2021-07-09,CA,2.53625783460959
2021-07-09,DE,1.44072894928242
2021-07-09,FR,0.254085537995414
2021-07-09,GB,1.38076183225483
2021-07-09,IE,1.44629382556674
2021-07-09,US,6.37449753110456
2021-07-09,JP,1.26084119105935
2021-07-10,AU,1.45897789842726
2021-07-10,CA,2.52501058058001
2021-07-10,DE,1.46265448442157
2021-07-10,FR,0.260663642193777
2021-07-10,GB,1.39464225438634
2021-07-10,IE,1.46035687220975
2021-07-10,US,6.40774126672764
2021-07-10,JP,1.26815527291061
2021-07-11,AU,1.47579248299969
2021-07-11,CA,2.53643657359543
2021-07-11,DE,1.47168743674336
2021-07-11,FR,0.265858253324479
2021-07-11,GB,1.39490425368299
2021-07-11,IE,1.47960673394024
2021-07-11,US,6.46890259297642
2021-07-11,JP,1.27199091460623
2021-07-12,AU,1.50202709870103
2021-07-12,CA,2.54315574675776
2021-07-12,DE,1.47147287848012
2021-07-12,FR,0.270932147902189
2021-07-12,GB,1.40123444520384
2021-07-12,IE,1.49212110500427
2021-07-12,US,6.53429405584134
2021-07-12,JP,1.2767335164941
2021-07-13,AU,1.52578798462892
2021-07-13,CA,2.56702816834974
2021-07-13,DE,1.47899179866061
2021-07-13,FR,0.28201652052166
2021-07-13,GB,1.40777560673106
2021-07-13,IE,1.49384192405405
2021-07-13,US,6.55781972125166
2021-07-13,JP,1.27413797047057
2021-07-14,AU,1.55485723004908
2021-07-14,CA,2.58539037147954
2021-07-14,DE,1.47793037741072
2021-07-14,FR,0.297212215220793
2021-07-14,GB,1.41392748353234
2021-07-14,IE,1.49738555606221
2021-07-14,US,6.58401249321021
2021-07-14,JP,1.26884250880924
2021-07-15,AU,1.58350261528549
2021-07-15,CA,2.5977054391364
2021-07-15,DE,1.46816300728192
2021-07-15,FR,0.300500581075415
2021-07-15,GB,1.41574306090593
2021-07-15,IE,1.50600304619766
2021-07-15,US,6.60034295815751
2021-07-15,JP,1.25487203480285
2021-07-16,AU,1.58704710317372
2021-07-16,CA,2.61209391796032
2021-07-16,DE,1.46173352189969
2021-07-16,FR,0.301725215978812
2021-07-16,GB,1.41429918800528
2021-07-16,IE,1.50274828875881
2021-07-16,US,6.61791747480484
2021-07-16,JP,1.24848799257365
2021-07-17,AU,1.59316788262887
2021-07-17,CA,2.63633813718681
2021-07-17,DE,1.45844798798891
2021-07-17,FR,0.304691078638388
2021-07-17,GB,1.40332652878463
2021-07-17,IE,1.48654114355484
2021-07-17,US,6.62782092013822
2021-07-17,JP,1.24264528597253
2021-07-18,AU,1.60527016284522
2021-07-18,CA,2.65396437794723
2021-07-18,DE,1.4524433856726
2021-07-18,FR,0.319092820896065
2021-07-18,GB,1.40917728157477
2021-07-18,IE,1.48298408219544
2021-07-18,US,6.63137027351647
2021-07-18,JP,1.23729952383523
2021-07-19,AU,1.62696732482948
2021-07-19,CA,2.67810417561966
2021-07-19,DE,1.45931055323854
2021-07-19,FR,0.326883283761727
2021-07-19,GB,1.40690991958161
2021-07-19,IE,1.47561058813823
2021-07-19,US,6.63577210415738
2021-07-19,JP,1.23114110728689
2021-07-20,AU,1.66215820287561
2021-07-20,CA,2.67151325445362
2021-07-20,DE,1.4550256632465
2021-07-20,FR,0.327532475825617
2021-07-20,GB,1.4016624532433
2021-07-20,IE,1.47646152249966
2021-07-20,US,6.65022715231654
2021-07-20,JP,1.23115403863224
2021-07-21,AU,1.6981037256732
2021-07-21,CA,2.6787644459119
2021-07-21,DE,1.45715662810562
2021-07-21,FR,0.323228365635202
2021-07-21,GB,1.4018081882071
2021-07-21,IE,1.50146215762628
2021-07-21,US,6.66494795275235
2021-07-21,JP,1.22772757841174
2021-07-22,AU,1.71422404988383
2021-07-22,CA,2.69702827388478
2021-07-22,DE,1.46629557691715
2021-07-22,FR,0.329766153603387
2021-07-22,GB,1.40907039402391
2021-07-22,IE,1.51015777349452
2021-07-22,US,6.68563631101195
2021-07-22,JP,1.22228829276044
2021-07-23,AU,1.73078963309395
2021-07-23,CA,2.70948715257218
2021-07-23,DE,1.47164845429895
2021-07-23,FR,0.34342788127099
2021-07-23,GB,1.41659927261827
2021-07-23,IE,1.53166094788566
2021-07-23,US,6.70799160512855
2021-07-23,JP,1.22405685011728
2021-07-24,AU,1.75392813860126
2021-07-24,CA,2.73617563116388
2021-07-24,DE,1.45970082098752
2021-07-24,FR,0.351159266480997
2021-07-24,GB,1.43754525776789
2021-07-24,IE,1.56796263602915
2021-07-24,US,6.73997277405494
2021-07-24,JP,1.22989965602192
2021-07-25,AU,1.76087731928275
2021-07-25,CA,2.74439414655011
2021-07-25,DE,1.48019922514945
2021-07-25,FR,0.352963310619473
2021-07-25,GB,1.44888407164357
2021-07-25,IE,1.59006143055473
2021-07-25,US,6.76981739262435
2021-07-25,JP,1.24375218381338
2021-07-26,AU,1.75465969620839
2021-07-26,CA,2.75684872361831
2021-07-26,DE,1.48101798020133
2021-07-26,FR,0.354332095830199
2021-07-26,GB,1.45638132426283
2021-07-26,IE,1.61083399058274
2021-07-26,US,6.79538735257281
2021-07-26,JP,1.25686450125818
2021-07-27,AU,1.74736161837624
2021-07-27,CA,2.78700483889178
2021-07-27,DE,1.4888693897224
2021-07-27,FR,0.358906866614211
2021-07-27,GB,1.47038579501241
2021-07-27,IE,1.61356413965476
2021-07-27,US,6.82194137625877
2021-07-27,JP,1.26421482648586
2021-07-28,AU,1.75444982992935
2021-07-28,CA,2.82008799603032
2021-07-28,DE,1.48960601462606
2021-07-28,FR,0.359329144194206
2021-07-28,GB,1.47997658592956
2021-07-28,IE,1.61048759524188
2021-07-28,US,6.85134646463185
2021-07-28,JP,1.28540769938731
2021-07-29,AU,1.76747067062318
2021-07-29,CA,2.8398758882781
2021-07-29,DE,1.49176903752973
2021-07-29,FR,0.362114868789282
2021-07-29,GB,1.48405461399459
2021-07-29,IE,1.61840557490741
2021-07-29,US,6.88517203836744
2021-07-29,JP,1.31026952078388
2021-07-30,AU,1.77938248267121
2021-07-30,CA,2.86651052743639
2021-07-30,DE,1.5082404799837
2021-07-30,FR,0.36257057641876
2021-07-30,GB,1.50268457434556
2021-07-30,IE,1.60626525936144
2021-07-30,US,6.93000755780143
2021-07-30,JP,1.32372924561157
2021-07-31,AU,1.79599283328004
2021-07-31,CA,2.87990131612333
2021-07-31,DE,1.5207323588977
2021-07-31,FR,0.365804010879416
2021-07-31,GB,1.51975508066191
2021-07-31,IE,1.60813651245196
2021-07-31,US,6.98060002901071
2021-07-31,JP,1.33611902989933
2021-08-01,AU,1.82439156317324
2021-08-01,CA,2.90671743560265
2021-08-01,DE,1.51292901151251
2021-08-01,FR,0.365559253038635
2021-08-01,GB,1.53501253689486
2021-08-01,IE,1.61375060174745
2021-08-01,US,7.00895282037194
2021-08-01,JP,1.34248256133074
2021-08-02,AU,1.82903035161015
2021-08-02,CA,2.92454835601681
2021-08-02,DE,1.52636071928957
2021-08-02,FR,0.367584575768285
2021-08-02,GB,1.55299644403425
2021-08-02,IE,1.62681290244571
2021-08-02,US,7.03869974318072
2021-08-02,JP,1.3484960476548
2021-08-03,AU,1.84317774071907
2021-08-03,CA,2.94239144394256
2021-08-03,DE,1.54193434361465
2021-08-03,FR,0.371783083997275
2021-08-03,GB,1.55584043902612
2021-08-03,IE,1.65497242745087
2021-08-03,US,7.06827960708558
2021-08-03,JP,1.35609414194116
2021-08-04,AU,1.82862102593406
2021-08-04,CA,2.94580768136275
2021-08-04,DE,1.54430051577814
2021-08-04,FR,0.377187450652267
2021-08-04,GB,1.55862308231265
2021-08-04,IE,1.6666325901897
2021-08-04,US,7.10665030001803
2021-08-04,JP,1.36215424166191
2021-08-05,AU,1.83527969431378
2021-08-05,CA,2.95903724029924
2021-08-05,DE,1.54934148940885
2021-08-05,FR,0.377285815340664
2021-08-05,GB,1.56802466684434
2021-08-05,IE,1.66864369326255
2021-08-05,US,7.13886596318739
2021-08-05,JP,1.37151190619154
2021-08-06,AU,1.8568377189104
2021-08-06,CA,2.96315937740045
2021-08-06,DE,1.54487795185843
2021-08-06,FR,0.375730565351268
2021-08-06,GB,1.57046867520316
2021-08-06,IE,1.69997036096278
2021-08-06,US,7.16446335014286
2021-08-06,JP,1.37707800341444
2021-08-07,AU,1.86582901536205
2021-08-07,CA,2.96543023699694
2021-08-07,DE,1.5470300872826
2021-08-07,FR,0.378102600568829
2021-08-07,GB,1.57236398813704
2021-08-07,IE,1.7161840582713
2021-08-07,US,7.1829004323231
2021-08-07,JP,1.38384126636833
2021-08-08,AU,1.87320768480857
2021-08-08,CA,2.9796162597799
2021-08-08,DE,1.55383652873567
2021-08-08,FR,0.379155777455543
2021-08-08,GB,1.58158805533324
2021-08-08,IE,1.72204307870782
2021-08-08,US,7.21735348185306
2021-08-08,JP,1.3851517563782
2021-08-09,AU,1.87702974775458
2021-08-09,CA,2.98208145490299
2021-08-09,DE,1.54629576744386
2021-08-09,FR,0.382760901751312
2021-08-09,GB,1.59050083603053
2021-08-09,IE,1.73033915064065
2021-08-09,US,7.23192322817722
2021-08-09,JP,1.39820837735937
2021-08-10,AU,1.85970167965354
2021-08-10,CA,2.98451593040058
2021-08-10,DE,1.54324289477352
2021-08-10,FR,0.382149601637864
2021-08-10,GB,1.59675918883336
2021-08-10,IE,1.70848079935055
2021-08-10,US,7.23583231195445
2021-08-10,JP,1.40466918634519
2021-08-11,AU,1.87151154059223
2021-08-11,CA,2.99173520229285
2021-08-11,DE,1.55868780660386
2021-08-11,FR,0.380305353989337
2021-08-11,GB,1.61479871345305
2021-08-11,IE,1.71005315702134
2021-08-11,US,7.25196368521278
2021-08-11,JP,1.41461037995514
2021-08-12,AU,1.87467199858226
2021-08-12,CA,2.99799612995694
2021-08-12,DE,1.56796846348655
2021-08-12,FR,0.383251175510007
2021-08-12,GB,1.6263263062685
2021-08-12,IE,1.72548522268034
2021-08-12,US,7.26529182402374
2021-08-12,JP,1.42034603796775
2021-08-13,AU,1.86071564905707
2021-08-13,CA,3.00852950609652
2021-08-13,DE,1.57793727195244
2021-08-13,FR,0.379898035904002
2021-08-13,GB,1.62851175866806
2021-08-13,IE,1.71246649588602
2021-08-13,US,7.28080428398207
2021-08-13,JP,1.4421159922969
2021-08-14,AU,1.86895533558153
2021-08-14,CA,3.01085847108739
2021-08-14,DE,1.5838727809895
2021-08-14,FR,0.378963567632851
2021-08-14,GB,1.63432791632753
2021-08-14,IE,1.72352519951422
2021-08-14,US,7.31280345587705
2021-08-14,JP,1.4595513794763
2021-08-15,AU,1.87395937532336
2021-08-15,CA,3.01412143313813
2021-08-15,DE,1.6075139536364
2021-08-15,FR,0.376841716154135
2021-08-15,GB,1.62987434014246
2021-08-15,IE,1.70196993354081
2021-08-15,US,7.34359565331927
2021-08-15,JP,1.47865961835814
2021-08-16,AU,1.91459467156377
2021-08-16,CA,3.0262229274064
2021-08-16,DE,1.62125054764283
2021-08-16,FR,0.374773205700584
2021-08-16,GB,1.6277677691382
2021-08-16,IE,1.69437530705581
2021-08-16,US,7.36839854348135
2021-08-16,JP,1.49328291006849
2021-08-17,AU,1.94775118248213
2021-08-17,CA,3.04951498336993
2021-08-17,DE,1.63429269365917
2021-08-17,FR,0.37404160014985
2021-08-17,GB,1.67576728071682
2021-08-17,IE,1.72120497577385
2021-08-17,US,7.44295842893066
2021-08-17,JP,1.51468953276703
2021-08-18,AU,1.96704461499235
2021-08-18,CA,3.07404851800262
2021-08-18,DE,1.64094410621286
2021-08-18,FR,0.376594390086266
2021-08-18,GB,1.70286413400076
2021-08-18,IE,1.72735510019017
2021-08-18,US,7.49464753862252
2021-08-18,JP,1.53860272593969
2021-08-19,AU,1.98192321273965
2021-08-19,CA,3.07747759164838
2021-08-19,DE,1.64666187769167
2021-08-19,FR,0.376792828938867
2021-08-19,GB,1.71511363011662
2021-08-19,IE,1.71679919812226
2021-08-19,US,7.54512886441898
2021-08-19,JP,1.55602094082679
2021-08-20,AU,2.01445393032278
2021-08-20,CA,3.09396114064357
2021-08-20,DE,1.65853042093206
2021-08-20,FR,0.383975453942882
2021-08-20,GB,1.73372379299493
2021-08-20,IE,1.74066590688264
2021-08-20,US,7.58669302511224
2021-08-20,JP,1.56274970411776
2021-08-21,AU,2.0242866454236
2021-08-21,CA,3.11842080112663
2021-08-21,DE,1.6826521089387
2021-08-21,FR,0.382883022561948
2021-08-21,GB,1.75195642062299
2021-08-21,IE,1.75338456519569
2021-08-21,US,7.60333748895855
2021-08-21,JP,1.57140591735799
2021-08-22,AU,2.01924745149191
2021-08-22,CA,3.13759594929564
2021-08-22,DE,1.68431903200567
2021-08-22,FR,0.389469924097465
2021-08-22,GB,1.76244807737931
2021-08-22,IE,1.80263251785229
2021-08-22,US,7.61711614051341
2021-08-22,JP,1.58327596424966
2021-08-23,AU,2.00658367745706
2021-08-23,CA,3.15368148119957
2021-08-23,DE,1.69396760168917
2021-08-23,FR,0.388841087278904
2021-08-23,GB,1.76674855208306
2021-08-23,IE,1.82405445489893
2021-08-23,US,7.6652492071405
2021-08-23,JP,1.58873861800198
2021-08-24,AU,1.99746793599279
2021-08-24,CA,3.15958296584199
2021-08-24,DE,1.69902554094365
2021-08-24,FR,0.390459566547863
2021-08-24,GB,1.73319005375944
2021-08-24,IE,1.83738558613266
2021-08-24,US,7.66805141410559
2021-08-24,JP,1.59877593955433
2021-08-25,AU,2.00346877768611
2021-08-25,CA,3.17867509632941
2021-08-25,DE,1.70642595521379
2021-08-25,FR,0.388769265359483
2021-08-25,GB,1.71495029493911
2021-08-25,IE,1.84378535284123
2021-08-25,US,7.67071381959846
2021-08-25,JP,1.59805181440941
2021-08-26,AU,1.99784036406134
2021-08-26,CA,3.20452609944248
2021-08-26,DE,1.71510770284183
2021-08-26,FR,0.38794880826115
2021-08-26,GB,1.70818683008949
2021-08-26,IE,1.84058150295632
2021-08-26,US,7.66685825302225
2021-08-26,JP,1.60574548180089
2021-08-27,AU,2.01717938525068
2021-08-27,CA,3.21488457425044
2021-08-27,DE,1.71687317548168
2021-08-27,FR,0.385117134942735
2021-08-27,GB,1.7018152035584
2021-08-27,IE,1.83161234679596
2021-08-27,US,7.66305571456155
2021-08-27,JP,1.6097246850696
2021-08-28,AU,2.01696310233398
2021-08-28,CA,3.22501090133482
2021-08-28,DE,1.72109661006354
2021-08-28,FR,0.386176201805398
2021-08-28,GB,1.68432551589771
2021-08-28,IE,1.83034926561922
2021-08-28,US,7.6604594160042
2021-08-28,JP,1.61440631482006
2021-08-29,AU,2.0202742519061
2021-08-29,CA,3.2511964732147
2021-08-29,DE,1.72375628051949
2021-08-29,FR,0.384613254588925
2021-08-29,GB,1.68261341281656
2021-08-29,IE,1.82266883122487
2021-08-29,US,7.64746128217878
2021-08-29,JP,1.6196263897534
2021-08-30,AU,2.02970987794421
2021-08-30,CA,3.27488046253001
2021-08-30,DE,1.71846435329149
2021-08-30,FR,0.385994411717873
2021-08-30,GB,1.68741841481271
2021-08-30,IE,1.83077773872187
2021-08-30,US,7.64482331702974
2021-08-30,JP,1.62535976132889
2021-08-31,AU,2.02453007013913
2021-08-31,CA,3.29172195022708
2021-08-31,DE,1.71194736734788
2021-08-31,FR,0.383931076953025
2021-08-31,GB,1.6988707024111
2021-08-31,IE,1.82906010747476
2021-08-31,US,7.64536813760935
2021-08-31,JP,1.62725853771026
2021-09-01,AU,2.00046714611857
2021-09-01,CA,3.30505879990385
2021-09-01,DE,1.70457780506633
2021-09-01,FR,0.384935595696604
2021-09-01,GB,1.70575231341846
2021-09-01,IE,1.83691842550469
2021-09-01,US,7.63717212305837
2021-09-01,JP,1.62984841493661
2021-09-02,AU,1.99808763379285
2021-09-02,CA,3.32512023206052
2021-09-02,DE,1.69977807809806
2021-09-02,FR,0.38498626116659
2021-09-02,GB,1.71191950364706
2021-09-02,IE,1.86741384085679
2021-09-02,US,7.63279800378386
2021-09-02,JP,1.62742162352512
2021-09-03,AU,1.96418137589419
2021-09-03,CA,3.35521747135481
2021-09-03,DE,1.70402438508494
2021-09-03,FR,0.386450514401469
2021-09-03,GB,1.7172100592211
2021-09-03,IE,1.87599987429357
2021-09-03,US,7.61879596711748
2021-09-03,JP,1.62359353397326
2021-09-04,AU,1.95988269278511
2021-09-04,CA,3.38606252253008
2021-09-04,DE,1.71035034600569
2021-09-04,FR,0.387055404706595
2021-09-04,GB,1.72830679060419
2021-09-04,IE,1.861767855666
2021-09-04,US,7.60680641682319
2021-09-04,JP,1.61532903119265
2021-09-05,AU,1.95420707740365
2021-09-05,CA,3.39528512734801
2021-09-05,DE,1.72185007236923
2021-09-05,FR,0.389947829899101
2021-09-05,GB,1.74410779373842
2021-09-05,IE,1.85575797661392
2021-09-05,US,7.60897035119553
2021-09-05,JP,1.61141845067426
2021-09-06,AU,1.94467864191929
2021-09-06,CA,3.4311883249554
2021-09-06,DE,1.73293468019932
2021-09-06,FR,0.392242671832642
2021-09-06,GB,1.75428647022306
2021-09-06,IE,1.8412813349151
2021-09-06,US,7.58421996823421
2021-09-06,JP,1.60621290442418
2021-09-07,AU,1.94072604293137
2021-09-07,CA,3.46075852560754
2021-09-07,DE,1.73762337472712
2021-09-07,FR,0.395888210453023
2021-09-07,GB,1.75561183041606
2021-09-07,IE,1.84272094009335
2021-09-07,US,7.59971500330485
2021-09-07,JP,1.60124989127955
2021-09-08,AU,1.95737039709647
2021-09-08,CA,3.48051981504006
2021-09-08,DE,1.76187615062115
2021-09-08,FR,0.395306236742598
2021-09-08,GB,1.76164413206065
2021-09-08,IE,1.83867242015158
2021-09-08,US,7.61899455520467
2021-09-08,JP,1.59985137421344
2021-09-09,AU,1.94932330950071
2021-09-09,CA,3.49828610420115
2021-09-09,DE,1.77829203259424
2021-09-09,FR,0.397465115383872
2021-09-09,GB,1.76349019363426
2021-09-09,IE,1.83073419254722
2021-09-09,US,7.64900683171275
2021-09-09,JP,1.59774830381358
2021-09-10,AU,1.94914235125136
2021-09-10,CA,3.5030277819309
2021-09-10,DE,1.79043344475521
2021-09-10,FR,0.395726674155455
2021-09-10,GB,1.76581004713702
2021-09-10,IE,1.81050764670738
2021-09-10,US,7.69826328080999
2021-09-10,JP,1.59006369784321
2021-09-11,AU,1.92636117354915
2021-09-11,CA,3.5095890352576
2021-09-11,DE,1.7936536543383
2021-09-11,FR,0.397781158734169
2021-09-11,GB,1.75652521227027
2021-09-11,IE,1.81329364959575
2021-09-11,US,7.73481277618175
2021-09-11,JP,1.57912484702018
2021-09-12,AU,1.92081935891607
2021-09-12,CA,3.51640367872672
2021-09-12,DE,1.79074917006912
2021-09-12,FR,0.392648188304173
2021-09-12,GB,1.75334730549512
2021-09-12,IE,1.7966446447805
2021-09-12,US,7.77790567842378
2021-09-12,JP,1.56796052966087
2021-09-13,AU,1.90823005294385
2021-09-13,CA,3.5113725726805
2021-09-13,DE,1.78694835130763
2021-09-13,FR,0.39445443783166
2021-09-13,GB,1.75855045867406
2021-09-13,IE,1.79124944225065
2021-09-13,US,7.823626165572
2021-09-13,JP,1.55837318888951
2021-09-14,AU,1.90890993248923
2021-09-14,CA,3.50911931927839
2021-09-14,DE,1.79147131014503
2021-09-14,FR,0.393814752114498
2021-09-14,GB,1.765615018723
2021-09-14,IE,1.79261922185366
2021-09-14,US,7.82091964643307
2021-09-14,JP,1.54738575291072
2021-09-15,AU,1.90465745679181
2021-09-15,CA,3.51587051875835
2021-09-15,DE,1.78445187055142
2021-09-15,FR,0.396765474790817
2021-09-15,GB,1.76356949617943
2021-09-15,IE,1.793551896449
2021-09-15,US,7.80891096916375
2021-09-15,JP,1.53768275359696
2021-09-16,AU,1.91406825668626
2021-09-16,CA,3.53739355386573
2021-09-16,DE,1.77647818747093
2021-09-16,FR,0.392136597330268
2021-09-16,GB,1.76994063924006
2021-09-16,IE,1.80474159474217
2021-09-16,US,7.8029418996434
2021-09-16,JP,1.52747706128951
2021-09-17,AU,1.90099777906379
2021-09-17,CA,3.56151892375477
2021-09-17,DE,1.76720465928153
2021-09-17,FR,0.390078727177515
2021-09-17,GB,1.76821034944629
2021-09-17,IE,1.83348437988776
2021-09-17,US,7.78084295954544
2021-09-17,JP,1.52892020533886
2021-09-18,AU,1.92719304134079
2021-09-18,CA,3.56884582434125
2021-09-18,DE,1.75992199245805
2021-09-18,FR,0.384609713577018
2021-09-18,GB,1.77000854898447
2021-09-18,IE,1.83024910358351
2021-09-18,US,7.75430350743198
2021-09-18,JP,1.52600297532178
2021-09-19,AU,1.93185438758849
2021-09-19,CA,3.5839367591582
2021-09-19,DE,1.76349464571311
2021-09-19,FR,0.380470684966531
2021-09-19,GB,1.76719801313985
2021-09-19,IE,1.85482479571749
2021-09-19,US,7.75123615455424
2021-09-19,JP,1.51289335805604
2021-09-20,AU,1.93265905595226
2021-09-20,CA,3.60472653932732
2021-09-20,DE,1.7683513130942
2021-09-20,FR,0.375277201448643
2021-09-20,GB,1.76260779711882
2021-09-20,IE,1.88773318315394
2021-09-20,US,7.76690427248741
2021-09-20,JP,1.51430894674944
2021-09-21,AU,1.93383089452597
2021-09-21,CA,3.63767547657599
2021-09-21,DE,1.76565040451534
2021-09-21,FR,0.374208943588249
2021-09-21,GB,1.76221815711906
2021-09-21,IE,1.90224474430953
2021-09-21,US,7.79003668319844
2021-09-21,JP,1.52014897788854
2021-09-22,AU,1.92724044359442
2021-09-22,CA,3.66376579802617
2021-09-22,DE,1.76345622758224
2021-09-22,FR,0.370349412893983
2021-09-22,GB,1.77053247572236
2021-09-22,IE,1.91436027565247
2021-09-22,US,7.82797835791844
2021-09-22,JP,1.50912418087663
2021-09-23,AU,1.91698726446608
2021-09-23,CA,3.6784916391674
2021-09-23,DE,1.76852690518406
2021-09-23,FR,0.371689318986474
2021-09-23,GB,1.78163498097024
2021-09-23,IE,1.9056461692635
2021-09-23,US,7.84977648852804
2021-09-23,JP,1.50467663952666
2021-09-24,AU,1.91199338479974
2021-09-24,CA,3.68426938902143
2021-09-24,DE,1.77121409370162
2021-09-24,FR,0.374585246842885
2021-09-24,GB,1.79130113360992
2021-09-24,IE,1.89497773353459
2021-09-24,US,7.87801933060197
2021-09-24,JP,1.50286327708071
2021-09-25,AU,1.89082870229238
2021-09-25,CA,3.70102643018723
2021-09-25,DE,1.77234546943045
2021-09-25,FR,0.375032109065195
2021-09-25,GB,1.7955913712683
2021-09-25,IE,1.91602891770201
2021-09-25,US,7.88915452792728
2021-09-25,JP,1.51257211638408
2021-09-26,AU,1.88259144938628
2021-09-26,CA,3.71489130357893
2021-09-26,DE,1.77081795827556
2021-09-26,FR,0.377057222878306
2021-09-26,GB,1.80425818725972
2021-09-26,IE,1.91406933359319
2021-09-26,US,7.88818241104061
2021-09-26,JP,1.53301906271574
2021-09-27,AU,1.88015771488998
2021-09-27,CA,3.72446798486151
2021-09-27,DE,1.77755365527216
2021-09-27,FR,0.376388627558186
2021-09-27,GB,1.8178335351007
2021-09-27,IE,1.90200256196699
2021-09-27,US,7.88879681341543
2021-09-27,JP,1.53718540335932
2021-09-28,AU,1.88357803803644
2021-09-28,CA,3.73302270751176
2021-09-28,DE,1.79198808655018
2021-09-28,FR,0.374616292152363
2021-09-28,GB,1.82774070266469
2021-09-28,IE,1.89985269824071
2021-09-28,US,7.8824180997193
2021-09-28,JP,1.53758176286346
2021-09-29,AU,1.87402424834407
2021-09-29,CA,3.74148586395918
2021-09-29,DE,1.80345376344057
2021-09-29,FR,0.37257630978928
2021-09-29,GB,1.8328204389577
2021-09-29,IE,1.90360015975718
2021-09-29,US,7.90985031309592
2021-09-29,JP,1.54564275519761
2021-09-30,AU,1.87407384082419
2021-09-30,CA,3.74543347355489
2021-09-30,DE,1.81322831070156
2021-09-30,FR,0.369971269118493
2021-09-30,GB,1.84128637933004
2021-09-30,IE,1.91515075967042
2021-09-30,US,7.95567932619818
2021-09-30,JP,1.5467383987101
2021-10-01,AU,1.91361949865283
2021-10-01,CA,3.75007323258708
2021-10-01,DE,1.83000837393076
2021-10-01,FR,0.366188260607578
2021-10-01,GB,1.85506716214175
2021-10-01,IE,1.91534683278623
2021-10-01,US,7.98259130832499
2021-10-01,JP,1.52940047754181
2021-10-02,AU,1.92066293507546
2021-10-02,CA,3.75222829193058
2021-10-02,DE,1.83410910260087
2021-10-02,FR,0.367518915687573
2021-10-02,GB,1.88263045802276
2021-10-02,IE,1.89717822014835
2021-10-02,US,8.02217001520349
2021-10-02,JP,1.50600687375221
2021-10-03,AU,1.95545539967454
2021-10-03,CA,3.75792119763489
2021-10-03,DE,1.83405237904886
2021-10-03,FR,0.368136859171042
2021-10-03,GB,1.90208008982206
2021-10-03,IE,1.91584004157323
2021-10-03,US,8.07190107733142
2021-10-03,JP,1.48109040918155
2021-10-04,AU,1.98423479841947
2021-10-04,CA,3.7748575342326
2021-10-04,DE,1.83936532607906
2021-10-04,FR,0.369371561826481
2021-10-04,GB,1.91615453161958
2021-10-04,IE,1.9124998035113
2021-10-04,US,8.1034379032638
2021-10-04,JP,1.45910822804881
2021-10-05,AU,1.98640538494771
2021-10-05,CA,3.77242036892304
2021-10-05,DE,1.83595278533952
2021-10-05,FR,0.371357746194691
2021-10-05,GB,1.92764562225358
2021-10-05,IE,1.91822309029997
2021-10-05,US,8.12057335128141
2021-10-05,JP,1.43634368183967
2021-10-06,AU,1.99663520096004
2021-10-06,CA,3.77669735530862
2021-10-06,DE,1.81805914947407
2021-10-06,FR,0.370564951601407
2021-10-06,GB,1.93254591023012
2021-10-06,IE,1.91468998484634
2021-10-06,US,8.09941460134831
2021-10-06,JP,1.41381408272073
2021-10-07,AU,1.996283855844
2021-10-07,CA,3.77610511660026
2021-10-07,DE,1.80614938637895
2021-10-07,FR,0.370434691232096
2021-10-07,GB,1.93194314851629
2021-10-07,IE,1.90538321335546
2021-10-07,US,8.07161616892767
2021-10-07,JP,1.39369119045725
2021-10-08,AU,1.96598575906675
2021-10-08,CA,3.77911270228002
2021-10-08,DE,1.78856928327095
2021-10-08,FR,0.375387285168686
2021-10-08,GB,1.92728559358072
2021-10-08,IE,1.9192995621913
2021-10-08,US,8.06569721111604
2021-10-08,JP,1.39153707443081
2021-10-09,AU,1.95849066299259
2021-10-09,CA,3.77301185171904
2021-10-09,DE,1.78981453926455
2021-10-09,FR,0.373558386294367
2021-10-09,GB,1.91567936301234
2021-10-09,IE,1.93596121320745
2021-10-09,US,8.09714914274569
2021-10-09,JP,1.38890673726516
2021-10-10,AU,1.93627633510754
2021-10-10,CA,3.75720407948828
2021-10-10,DE,1.79065245395823
2021-10-10,FR,0.374883664505058
2021-10-10,GB,1.91251593280144
2021-10-10,IE,1.92726170725133
2021-10-10,US,8.14156896683196
2021-10-10,JP,1.38598036410339
2021-10-11,AU,1.92343070462429
2021-10-11,CA,3.7686912394497
2021-10-11,DE,1.78682710749929
2021-10-11,FR,0.381176446270363
2021-10-11,GB,1.90803931828713
2021-10-11,IE,1.92758177681473
2021-10-11,US,8.21157099049419
2021-10-11,JP,1.38293670419286
2021-10-12,AU,1.93336157354759
2021-10-12,CA,3.80429661103145
2021-10-12,DE,1.78575901123699
2021-10-12,FR,0.383626238355512
2021-10-12,GB,1.91016614713575
2021-10-12,IE,1.92291202912491
2021-10-12,US,8.29633213859887
2021-10-12,JP,1.38050901245492
2021-10-13,AU,1.94617080212473
2021-10-13,CA,3.82606131024727
2021-10-13,DE,1.79742494044291
2021-10-13,FR,0.390166596904062
2021-10-13,GB,1.91952350355
2021-10-13,IE,1.92924449125685
2021-10-13,US,8.32483281025547
2021-10-13,JP,1.3868289032368
2021-10-14,AU,1.9697589844392
2021-10-14,CA,3.85888891650609
2021-10-14,DE,1.80150862763675
2021-10-14,FR,0.394474524374074
2021-10-14,GB,1.91653589561237
2021-10-14,IE,1.96151573557406
2021-10-14,US,8.33645804423832
2021-10-14,JP,1.3847861258001
2021-10-15,AU,1.98789206480951
2021-10-15,CA,3.87777649186368
2021-10-15,DE,1.80535677507518
2021-10-15,FR,0.396158807721462
2021-10-15,GB,1.91750672405466
2021-10-15,IE,1.94798676602348
2021-10-15,US,8.33582473701658
2021-10-15,JP,1.38190932669231
2021-10-16,AU,2.00711111505846
2021-10-16,CA,3.91123107358798
2021-10-16,DE,1.7950727700613
2021-10-16,FR,0.399417702959962
2021-10-16,GB,1.9305643097067
2021-10-16,IE,1.95666172160221
2021-10-16,US,8.29759615395946
2021-10-16,JP,1.38739972880075
2021-10-17,AU,2.02099728260525
2021-10-17,CA,3.9643414675561
2021-10-17,DE,1.79686966928833
2021-10-17,FR,0.402453096650647
2021-10-17,GB,1.94356594318817
2021-10-17,IE,1.98230977667498
2021-10-17,US,8.26020944220695
2021-10-17,JP,1.39141422214584
2021-10-18,AU,2.04289516117758
2021-10-18,CA,3.97098697122925
2021-10-18,DE,1.80354606044061
2021-10-18,FR,0.399229717195814
2021-10-18,GB,1.95381089032213
2021-10-18,IE,2.01234611869788
2021-10-18,US,8.20157991460016
2021-10-18,JP,1.39435242766387
2021-10-19,AU,2.06448386999047
2021-10-19,CA,3.95965577024216
2021-10-19,DE,1.81153716699865
2021-10-19,FR,0.401750272500102
2021-10-19,GB,1.9621939502994
2021-10-19,IE,2.02944978385756
2021-10-19,US,8.15588140773699
2021-10-19,JP,1.39784198379116
2021-10-20,AU,2.09587253362859
2021-10-20,CA,3.95577713777537
2021-10-20,DE,1.8057801020969
2021-10-20,FR,0.404613546883789
2021-10-20,GB,1.96613858479449
2021-10-20,IE,2.04285009142558
2021-10-20,US,8.16827663702101
2021-10-20,JP,1.39631106675989
2021-10-21,AU,2.12501239409093
2021-10-21,CA,3.95464451101965
2021-10-21,DE,1.81466060763995
2021-10-21,FR,0.405292680432763
2021-10-21,GB,1.97729613395886
2021-10-21,IE,2.03146608366672
2021-10-21,US,8.16457671849495
2021-10-21,JP,1.40581334741723
2021-10-22,AU,2.12718306375165
2021-10-22,CA,3.97452058054725
2021-10-22,DE,1.822324326607
2021-10-22,FR,0.40369189597588
2021-10-22,GB,1.9880549147225
2021-10-22,IE,2.04312885056276
2021-10-22,US,8.1702512418521
2021-10-22,JP,1.41716489842838
2021-10-23,AU,2.12061301213343
2021-10-23,CA,3.98693746158586
2021-10-23,DE,1.8368421864534
2021-10-23,FR,0.406244771834587
2021-10-23,GB,1.99795928487676
2021-10-23,IE,2.04417017733655
2021-10-23,US,8.21531924820116
2021-10-23,JP,1.41911005837533
2021-10-24,AU,2.11249359799482
2021-10-24,CA,3.9906093692001
2021-10-24,DE,1.83560564775175
2021-10-24,FR,0.408400032177709
2021-10-24,GB,2.00702779690584
2021-10-24,IE,2.00630031366843
2021-10-24,US,8.24847859073601
2021-10-24,JP,1.42469953786474
2021-10-25,AU,2.10878289575494
2021-10-25,CA,4.01603022821824
2021-10-25,DE,1.83127218073236
2021-10-25,FR,0.407269799230636
2021-10-25,GB,2.01100307252892
2021-10-25,IE,2.0309297283292
2021-10-25,US,8.29605491056813
2021-10-25,JP,1.43867031127087
2021-10-26,AU,2.10759173780528
2021-10-26,CA,4.03362418032904
2021-10-26,DE,1.8305959076236
2021-10-26,FR,0.402350315361135
2021-10-26,GB,2.00299568172729
2021-10-26,IE,2.01775274072948
2021-10-26,US,8.35452296498839
2021-10-26,JP,1.44920396087794
2021-10-27,AU,2.08751127861214
2021-10-27,CA,4.04989183203541
2021-10-27,DE,1.83572722096018
2021-10-27,FR,0.396288759274592
2021-10-27,GB,2.00049553218136
2021-10-27,IE,2.01993770857763
2021-10-27,US,8.41694131882179
2021-10-27,JP,1.46402151464355
2021-10-28,AU,2.07134675202824
2021-10-28,CA,4.05014514359363
2021-10-28,DE,1.83030084079247
2021-10-28,FR,0.393911400383451
2021-10-28,GB,2.00494194542511
2021-10-28,IE,2.02550602314367
2021-10-28,US,8.49822014035157
2021-10-28,JP,1.47127676737894
2021-10-29,AU,2.06792650981075
2021-10-29,CA,4.03660731218379
2021-10-29,DE,1.82796490254831
2021-10-29,FR,0.393501632984802
2021-10-29,GB,2.01054420776894
2021-10-29,IE,2.01837161865743
2021-10-29,US,8.5638550452764
2021-10-29,JP,1.47129937267771
2021-10-30,AU,2.07219832350927
2021-10-30,CA,4.02546593448001
2021-10-30,DE,1.81518375331307
2021-10-30,FR,0.39488181984186
2021-10-30,GB,2.0206013703424
2021-10-30,IE,2.00124096752144
2021-10-30,US,8.59144346109129
2021-10-30,JP,1.4750722419835
2021-10-31,AU,2.07865076071279
2021-10-31,CA,4.01196008737841
2021-10-31,DE,1.80299048784841
2021-10-31,FR,0.393882506601785
2021-10-31,GB,2.03053515700399
2021-10-31,IE,2.00523055259683
2021-10-31,US,8.60869204974081
2021-10-31,JP,1.47464619018781
2021-11-01,AU,2.05979609696243
2021-11-01,CA,3.98895008612722
2021-11-01,DE,1.80929475066782
2021-11-01,FR,0.399448224593391
2021-11-01,GB,2.04212255261225
2021-11-01,IE,1.94641120549774
2021-11-01,US,8.62813292810006
2021-11-01,JP,1.46603913684841
2021-11-02,AU,2.06756544731515
2021-11-02,CA,3.98492722924599
2021-11-02,DE,1.80079350072016
2021-11-02,FR,0.398959031579669
2021-11-02,GB,2.06274577919354
2021-11-02,IE,1.96406165999631
2021-11-02,US,8.64857961657993
2021-11-02,JP,1.45625301385441
2021-11-03,AU,2.07413889158717
2021-11-03,CA,3.99552299112587
2021-11-03,DE,1.80228511074091
2021-11-03,FR,0.401480131470784
2021-11-03,GB,2.08052876441699
2021-11-03,IE,1.96068551884581
2021-11-03,US,8.68840176336159
2021-11-03,JP,1.45713867671071
2021-11-04,AU,2.07370303913375
2021-11-04,CA,4.00074391396353
2021-11-04,DE,1.80450166044405
2021-11-04,FR,0.399319434671675
2021-11-04,GB,2.0901099850068
2021-11-04,IE,1.94802668899214
2021-11-04,US,8.72431875662215
2021-11-04,JP,1.45744473516396
2021-11-05,AU,2.05803430310922
2021-11-05,CA,4.01006509870297
2021-11-05,DE,1.80886478925592
2021-11-05,FR,0.396718537565187
2021-11-05,GB,2.09486297424823
2021-11-05,IE,1.94788185548764
2021-11-05,US,8.75226991806435
2021-11-05,JP,1.46268372733493
2021-11-06,AU,2.05231543605531
2021-11-06,CA,4.01068534618039
2021-11-06,DE,1.82357219972947
2021-11-06,FR,0.391267860384443
2021-11-06,GB,2.08953271749722
2021-11-06,IE,1.94926611077224
2021-11-06,US,8.76080174690523
2021-11-06,JP,1.46545824268128
2021-11-07,AU,2.04752645630287
2021-11-07,CA,4.01727467520006
2021-11-07,DE,1.83397140715218
2021-11-07,FR,0.386294086461338
2021-11-07,GB,2.0840874980027
2021-11-07,IE,1.95339620459606
2021-11-07,US,8.76593704336258
2021-11-07,JP,1.47512188020677
2021-11-08,AU,2.0698210655488
2021-11-08,CA,4.03196775595325
2021-11-08,DE,1.83011654925367
2021-11-08,FR,0.380371144448179
2021-11-08,GB,2.07974687313957
2021-11-08,IE,1.94993700877802
2021-11-08,US,8.77554966245935
2021-11-08,JP,1.48409860508837
2021-11-09,AU,2.0769758489821
2021-11-09,CA,4.03124718318265
2021-11-09,DE,1.83586603113408
2021-11-09,FR,0.380902594251028
2021-11-09,GB,2.07553128638782
2021-11-09,IE,1.91615778272814
2021-11-09,US,8.76291776008717
2021-11-09,JP,1.49897790816409
2021-11-10,AU,2.08458435303501
2021-11-10,CA,4.05732013965176
2021-11-10,DE,1.85830005377569
2021-11-10,FR,0.386330008161692
2021-11-10,GB,2.08422275562095
2021-11-10,IE,1.91699994102872
2021-11-10,US,8.76146303640093
2021-11-10,JP,1.49534931266702
2021-11-11,AU,2.08572394182266
2021-11-11,CA,4.07985181360127
2021-11-11,DE,1.8692757390824
2021-11-11,FR,0.394886325205762
2021-11-11,GB,2.07912461042997
2021-11-11,IE,1.9397366139785
2021-11-11,US,8.73622599095146
2021-11-11,JP,1.49996098188252
2021-11-12,AU,2.10056753351049
2021-11-12,CA,4.11605910552927
2021-11-12,DE,1.86496627639983
2021-11-12,FR,0.3982112557595
2021-11-12,GB,2.08372499801854
2021-11-12,IE,1.9639351543098
2021-11-12,US,8.7254665482786
2021-11-12,JP,1.50077637883631
2021-11-13,AU,2.0948741993328
2021-11-13,CA,4.14368623806711
2021-11-13,DE,1.87268155062504
2021-11-13,FR,0.405902815272563
2021-11-13,GB,2.09077754674295
2021-11-13,IE,1.97927837742468
2021-11-13,US,8.71954777609312
2021-11-13,JP,1.50100063400102
2021-11-14,AU,2.10313086092534
2021-11-14,CA,4.17203234596444
2021-11-14,DE,1.90680069631441
2021-11-14,FR,0.413417432197599
2021-11-14,GB,2.09466268781341
2021-11-14,IE,2.00378208292934
2021-11-14,US,8.72389891144955
2021-11-14,JP,1.49781709223258
2021-11-15,AU,2.09644715520736
2021-11-15,CA,4.19317917493906
2021-11-15,DE,1.93614704452523
2021-11-15,FR,0.415385187839104
2021-11-15,GB,2.10072585427988
2021-11-15,IE,2.0306614029502
2021-11-15,US,8.71218045584648
2021-11-15,JP,1.49429587986885
2021-11-16,AU,2.0916305908171
2021-11-16,CA,4.21201438464039
2021-11-16,DE,1.95942088237056
2021-11-16,FR,0.417544253228094
2021-11-16,GB,2.11446180700122
2021-11-16,IE,2.08306739597552
2021-11-16,US,8.69822185840031
2021-11-16,JP,1.48957967887497
2021-11-17,AU,2.09343546856172
2021-11-17,CA,4.19850052663912
2021-11-17,DE,1.97072252644113
2021-11-17,FR,0.412734090129827
2021-11-17,GB,2.11503863705854
2021-11-17,IE,2.10094160715502
2021-11-17,US,8.65919693576626
2021-11-17,JP,1.48162672915762
2021-11-18,AU,2.08213637383774
2021-11-18,CA,4.19600045730973
2021-11-18,DE,1.99102320495778
2021-11-18,FR,0.412247051090011
2021-11-18,GB,2.12413133006176
2021-11-18,IE,2.1169580514188
2021-11-18,US,8.65593444469858
2021-11-18,JP,1.47229846041385
2021-11-19,AU,2.07908517195165
2021-11-19,CA,4.1744440570295
2021-11-19,DE,2.04249646130373
2021-11-19,FR,0.39859576803245
2021-11-19,GB,2.14090042147109
2021-11-19,IE,2.13770925904374
2021-11-19,US,8.65006420535738
2021-11-19,JP,1.46477070835191
2021-11-20,AU,2.07495464407956
2021-11-20,CA,4.16943496593887
2021-11-20,DE,2.09004499898275
2021-11-20,FR,0.385345914748745
2021-11-20,GB,2.15210769514986
2021-11-20,IE,2.1758807927544
2021-11-20,US,8.63715833534615
2021-11-20,JP,1.46399280496896
2021-11-21,AU,2.06082714367689
2021-11-21,CA,4.17508586439677
2021-11-21,DE,2.11778126215007
2021-11-21,FR,0.372567977943949
2021-11-21,GB,2.16023729578584
2021-11-21,IE,2.2035035549365
2021-11-21,US,8.61830274390329
2021-11-21,JP,1.45911472289815
2021-11-22,AU,2.06092203933872
2021-11-22,CA,4.17382189884716
2021-11-22,DE,2.15045914427577
2021-11-22,FR,0.359519246144724
2021-11-22,GB,2.18291280622473
2021-11-22,IE,2.24286125075339
2021-11-22,US,8.59750090418901
2021-11-22,JP,1.44760111112263
2021-11-23,AU,2.05911165174057
2021-11-23,CA,4.18745531588187
2021-11-23,DE,2.18837531953965
2021-11-23,FR,0.3466240574456
2021-11-23,GB,2.198940677763
2021-11-23,IE,2.25806763683086
2021-11-23,US,8.56677127984929
2021-11-23,JP,1.4566896853428
2021-11-24,AU,2.06158307973938
2021-11-24,CA,4.20205632278765
2021-11-24,DE,2.21881553905482
2021-11-24,FR,0.336056589201696
2021-11-24,GB,2.21731875978002
2021-11-24,IE,2.278398576258
2021-11-24,US,8.46898957678748
2021-11-24,JP,1.47289703086013
2021-11-25,AU,2.0689230228314
2021-11-25,CA,4.22223082262846
2021-11-25,DE,2.23788621104336
2021-11-25,FR,0.3257809215657
2021-11-25,GB,2.23647333558071
2021-11-25,IE,2.25384964465616
2021-11-25,US,8.29402540032208
2021-11-25,JP,1.48337079727217
2021-11-26,AU,2.05722538330817
2021-11-26,CA,4.23809274457506
2021-11-26,DE,2.23154502718913
2021-11-26,FR,0.32990608970704
2021-11-26,GB,2.23531214119057
2021-11-26,IE,2.2456638438463
2021-11-26,US,8.29459585432052
2021-11-26,JP,1.48799745093037
2021-11-27,AU,2.05714946133115
2021-11-27,CA,4.25944061422224
2021-11-27,DE,2.22114663914068
2021-11-27,FR,0.330738958065859
2021-11-27,GB,2.26111620431849
2021-11-27,IE,2.21435879834884
2021-11-27,US,8.34382585511051
2021-11-27,JP,1.48752277790151
2021-11-28,AU,2.07308393630322
2021-11-28,CA,4.28556831934996
2021-11-28,DE,2.21923561267319
2021-11-28,FR,0.339082548527072
2021-11-28,GB,2.29264734471364
2021-11-28,IE,2.20737663022801
2021-11-28,US,8.41628811018186
2021-11-28,JP,1.48846603655023
2021-11-29,AU,2.06920757572619
2021-11-29,CA,4.31156179950365
2021-11-29,DE,2.2184612866152
2021-11-29,FR,0.342521003100236
2021-11-29,GB,2.30946622168231
2021-11-29,IE,2.19273019890153
2021-11-29,US,8.46508458332221
2021-11-29,JP,1.49745706684249
2021-11-30,AU,2.07214604790007
2021-11-30,CA,4.3399317142391
2021-11-30,DE,2.21020303174408
2021-11-30,FR,0.349931130442346
2021-11-30,GB,2.31826694377784
2021-11-30,IE,2.17078262100908
2021-11-30,US,8.55101489730852
2021-11-30,JP,1.49270899692376
2021-12-01,AU,2.07582225997708
2021-12-01,CA,4.34427183193207
2021-12-01,DE,2.20719777291671
2021-12-01,FR,0.350692038797678
2021-12-01,GB,2.31992952134866
2021-12-01,IE,2.15186323695388
2021-12-01,US,8.67228290456421
2021-12-01,JP,1.48443623368841
2021-12-02,AU,2.08123269878047
2021-12-02,CA,4.34100944484367
2021-12-02,DE,2.21554043065865
2021-12-02,FR,0.349144436160601
2021-12-02,GB,2.32890512490093
2021-12-02,IE,2.18317038783368
2021-12-02,US,8.8513603106134
2021-12-02,JP,1.47491565482521
2021-12-03,AU,2.10520823116795
2021-12-03,CA,4.34582267688723
2021-12-03,DE,2.22320195571065
2021-12-03,FR,0.3512200432158
2021-12-03,GB,2.33091372690237
2021-12-03,IE,2.20099854736235
2021-12-03,US,8.85556362911583
2021-12-03,JP,1.46810298519608
2021-12-04,AU,2.12618961662665
2021-12-04,CA,4.35849926494432
2021-12-04,DE,2.21817800701179
2021-12-04,FR,0.351331034879495
2021-12-04,GB,2.31021722658871
2021-12-04,IE,2.19241850103011
2021-12-04,US,8.82078698312359
2021-12-04,JP,1.4641442221352
2021-12-05,AU,2.13647965522824
2021-12-05,CA,4.36550217507989
2021-12-05,DE,2.20949051419542
2021-12-05,FR,0.347729104440569
2021-12-05,GB,2.29410438033354
2021-12-05,IE,2.19970214290814
2021-12-05,US,8.77909522057111
2021-12-05,JP,1.46357150082214
2021-12-06,AU,2.14506045337508
2021-12-06,CA,4.36398688490195
2021-12-06,DE,2.19956019653745
2021-12-06,FR,0.352790479303915
2021-12-06,GB,2.28240267300247
2021-12-06,IE,2.20602237882808
2021-12-06,US,8.77008575096474
2021-12-06,JP,1.46305312013001
2021-12-07,AU,2.13361132567571
2021-12-07,CA,4.35086253466724
2021-12-07,DE,2.1853728118478
2021-12-07,FR,0.352109898905007
2021-12-07,GB,2.28152663695439
2021-12-07,IE,2.2229700205043
2021-12-07,US,8.73770962816513
2021-12-07,JP,1.45614385476935
2021-12-08,AU,2.10576969415885
2021-12-08,CA,4.33728534823378
2021-12-08,DE,2.17454350643515
2021-12-08,FR,0.357914724521751
2021-12-08,GB,2.31314516846777
2021-12-08,IE,2.2233563600439
2021-12-08,US,8.72660983100876
2021-12-08,JP,1.45421158068336
2021-12-09,AU,2.06430016593194
2021-12-09,CA,4.32090302392094
2021-12-09,DE,2.1610737658831
2021-12-09,FR,0.358380311176764
2021-12-09,GB,2.33965359223133
2021-12-09,IE,2.20618044470967
2021-12-09,US,8.6994306019668
2021-12-09,JP,1.45260199690052
2021-12-10,AU,2.03833750618515
2021-12-10,CA,4.32391230796069
2021-12-10,DE,2.13812347194009
2021-12-10,FR,0.361431337678352
2021-12-10,GB,2.35955958774545
2021-12-10,IE,2.17822263834841
2021-12-10,US,8.67911170304663
2021-12-10,JP,1.44807018737932
2021-12-11,AU,2.0120623336439
2021-12-11,CA,4.31980536799655
2021-12-11,DE,2.13011632050014
2021-12-11,FR,0.366552031349384
2021-12-11,GB,2.38851590917353
2021-12-11,IE,2.22522263669238
2021-12-11,US,8.66077707197455
2021-12-11,JP,1.44957316807246
2021-12-12,AU,1.99213055556357
2021-12-12,CA,4.29401689839646
2021-12-12,DE,2.12936816013376
2021-12-12,FR,0.37112646146974
2021-12-12,GB,2.41206402472957
2021-12-12,IE,2.21721131388501
2021-12-12,US,8.64381271524306
2021-12-12,JP,1.44790201417133
2021-12-13,AU,1.98774068116967
2021-12-13,CA,4.26516673578594
2021-12-13,DE,2.11343877819711
2021-12-13,FR,0.367363983317313
2021-12-13,GB,2.43859938586271
2021-12-13,IE,2.22076037126343
2021-12-13,US,8.61872959767399
2021-12-13,JP,1.45394591156256
2021-12-14,AU,1.98639511541329
2021-12-14,CA,4.26153575531755
2021-12-14,DE,2.11701078816437
2021-12-14,FR,0.365618612402648
2021-12-14,GB,2.44992347138495
2021-12-14,IE,2.22185348953188
2021-12-14,US,8.58873071128935
2021-12-14,JP,1.4546111757892
2021-12-15,AU,1.99724240582457
2021-12-15,CA,4.28827821297504
2021-12-15,DE,2.11676763775312
2021-12-15,FR,0.362704079691227
2021-12-15,GB,2.42700789505757
2021-12-15,IE,2.22131613865349
2021-12-15,US,8.56739113780239
2021-12-15,JP,1.45397068023492
2021-12-16,AU,2.02359317039906
2021-12-16,CA,4.32394443945311
2021-12-16,DE,2.10744366971672
2021-12-16,FR,0.363491101436532
2021-12-16,GB,2.41403675000151
2021-12-16,IE,2.22971975913638
2021-12-16,US,8.59107438467548
2021-12-16,JP,1.45751514693932
2021-12-17,AU,2.02122964588035
2021-12-17,CA,4.35549886038815
2021-12-17,DE,2.11205458231577
2021-12-17,FR,0.360453184550311
2021-12-17,GB,2.41035473658649
2021-12-17,IE,2.26683478611054
2021-12-17,US,8.61385959770266
2021-12-17,JP,1.46800786993953
2021-12-18,AU,2.03726055168936
2021-12-18,CA,4.39699316884509
2021-12-18,DE,2.10597924508878
2021-12-18,FR,0.360139558966994
2021-12-18,GB,2.40147333561961
2021-12-18,IE,2.26625655745386
2021-12-18,US,8.62195694433351
2021-12-18,JP,1.47024328767553
2021-12-19,AU,2.04059416895382
2021-12-19,CA,4.43975906965464
2021-12-19,DE,2.10831987246565
2021-12-19,FR,0.35811584955873
2021-12-19,GB,2.39326653456274
2021-12-19,IE,2.29593989301524
2021-12-19,US,8.61850203268557
2021-12-19,JP,1.47000935369448
2021-12-20,AU,2.02676356508727
2021-12-20,CA,4.49327924809246
2021-12-20,DE,2.11389346745696
2021-12-20,FR,0.363340016210701
2021-12-20,GB,2.37230089365704
2021-12-20,IE,2.27837800769265
2021-12-20,US,8.61525383533119
2021-12-20,JP,1.47030207331798
2021-12-21,AU,2.01184556902607
2021-12-21,CA,4.53477186489275
2021-12-21,DE,2.11697005110745
2021-12-21,FR,0.369098153743639
2021-12-21,GB,2.36584703025114
2021-12-21,IE,2.26874310753132
2021-12-21,US,8.6185482034456
2021-12-21,JP,1.46757728410695
2021-12-22,AU,1.99487960652887
2021-12-22,CA,4.56195368815932
2021-12-22,DE,2.10427396337761
2021-12-22,FR,0.381820600708673
2021-12-22,GB,2.36429884991613
2021-12-22,IE,2.26713787693384
2021-12-22,US,8.60234313665551
2021-12-22,JP,1.4646335341104
2021-12-23,AU,1.98144971936481
2021-12-23,CA,4.56788761881862
2021-12-23,DE,2.08906296846662
2021-12-23,FR,0.389367393646442
2021-12-23,GB,2.35142234231071
2021-12-23,IE,2.23264496661028
2021-12-23,US,8.51942770453407
2021-12-23,JP,1.46525979037258
2021-12-24,AU,1.97375822201423
2021-12-24,CA,4.54807582446603
2021-12-24,DE,2.07577051905824
2021-12-24,FR,0.393934060380548
2021-12-24,GB,2.350612270448
2021-12-24,IE,2.20136005103053
2021-12-24,US,8.41559401587335
2021-12-24,JP,1.45880961651374
2021-12-25,AU,1.98746024329949
2021-12-25,CA,4.48972605743216
2021-12-25,DE,2.10496447108174
2021-12-25,FR,0.406711607379666
2021-12-25,GB,2.34873851676448
2021-12-25,IE,2.21639725953882
2021-12-25,US,8.36080311601801
2021-12-25,JP,1.46414946714275
2021-12-26,AU,2.00860512685043
2021-12-26,CA,4.50011733357764
2021-12-26,DE,2.10906756100574
2021-12-26,FR,0.413228150238147
2021-12-26,GB,2.35368346077727
2021-12-26,IE,2.23195157567596
2021-12-26,US,8.40759168678853
2021-12-26,JP,1.47322029999614
2021-12-27,AU,2.05284440425973
2021-12-27,CA,4.5380561930128
2021-12-27,DE,2.13759697491449
2021-12-27,FR,0.42180483954602
2021-12-27,GB,2.37473145251299
2021-12-27,IE,2.29672497548427
2021-12-27,US,8.48107818032876
2021-12-27,JP,1.47430753033493
2021-12-28,AU,2.1164641127182
2021-12-28,CA,4.58685855303238
2021-12-28,DE,2.17081576063588
2021-12-28,FR,0.428619206111003
2021-12-28,GB,2.3968602635088
2021-12-28,IE,2.3642329157371
2021-12-28,US,8.57465476187768
2021-12-28,JP,1.47360019338953
2021-12-29,AU,2.1675802135702
2021-12-29,CA,4.62912369673046
2021-12-29,DE,2.20441323018604
2021-12-29,FR,0.429043768541579
2021-12-29,GB,2.423726479416
2021-12-29,IE,2.44453594570826
2021-12-29,US,8.70437478745495
2021-12-29,JP,1.47199594786129
2021-12-30,AU,2.24683458802756
2021-12-30,CA,4.70313753204772
2021-12-30,DE,2.25265397116969
2021-12-30,FR,0.433177367822229
2021-12-30,GB,2.45189517971837
2021-12-30,IE,2.54517013786492
2021-12-30,US,8.86832225598696
2021-12-30,JP,1.46903760406394
2021-12-31,AU,2.32667473007173
2021-12-31,CA,4.76308645732734
2021-12-31,DE,2.27505160309925
2021-12-31,FR,0.443813779478649
2021-12-31,GB,2.46891159201799
2021-12-31,IE,2.59050148040635
2021-12-31,US,9.02820386055545
2021-12-31,JP,1.47641838173051
2022-01-01,AU,2.35997188506439
2022-01-01,CA,4.88629328275706
2022-01-01,DE,2.30631669898442
2022-01-01,FR,0.441712306844217
2022-01-01,GB,2.49562022664931
2022-01-01,IE,2.6236467412253
2022-01-01,US,9.22385130120327
2022-01-01,JP,1.48327805062356
2022-01-02,AU,2.38827095588496
2022-01-02,CA,4.94557404886585
2022-01-02,DE,2.33023341613345
2022-01-02,FR,0.445747083299809
2022-01-02,GB,2.50249186298478
2022-01-02,IE,2.64625519030749
2022-01-02,US,9.35644252406448
2022-01-02,JP,1.48743627271804
2022-01-03,AU,2.41767049643642
2022-01-03,CA,4.99479422382725
2022-01-03,DE,2.33404090462663
2022-01-03,FR,0.455168971342649
2022-01-03,GB,2.50804871828027
2022-01-03,IE,2.65606671762399
2022-01-03,US,9.44901480919096
2022-01-03,JP,1.50180222481558
2022-01-04,AU,2.4278981514851
2022-01-04,CA,5.00674713427905
2022-01-04,DE,2.32973460934901
2022-01-04,FR,0.449349749710125
2022-01-04,GB,2.49740994959605
2022-01-04,IE,2.63116447874396
2022-01-04,US,9.53667418406056
2022-01-04,JP,1.52627423728662
2022-01-05,AU,2.45936478615613
2022-01-05,CA,5.00802498010388
2022-01-05,DE,2.33347388149452
2022-01-05,FR,0.454563515505128
2022-01-05,GB,2.47302633211333
2022-01-05,IE,2.58567180485568
2022-01-05,US,9.58684630992892
2022-01-05,JP,1.55557090445917
2022-01-06,AU,2.4562344137422
2022-01-06,CA,4.98697648368386
2022-01-06,DE,2.3350044491205
2022-01-06,FR,0.464343205812545
2022-01-06,GB,2.45356082515209
2022-01-06,IE,2.55660479460213
2022-01-06,US,9.65148935467275
2022-01-06,JP,1.58616122625571
2022-01-07,AU,2.47652662723977
2022-01-07,CA,4.99569972983699
2022-01-07,DE,2.36380600086229
2022-01-07,FR,0.471298920966504
2022-01-07,GB,2.44793095936589
2022-01-07,IE,2.543604412377
2022-01-07,US,9.74618788477713
2022-01-07,JP,1.60589200941238
2022-01-08,AU,2.51533161800013
2022-01-08,CA,4.96334706592024
2022-01-08,DE,2.344659220121
2022-01-08,FR,0.477012463236675
2022-01-08,GB,2.42836513308292
2022-01-08,IE,2.50230102471982
2022-01-08,US,9.78951850943756
2022-01-08,JP,1.61801059374708
2022-01-09,AU,2.55152063076719
2022-01-09,CA,4.93909908026082
2022-01-09,DE,2.33590510858023
2022-01-09,FR,0.480146317741954
2022-01-09,GB,2.42812747371478
2022-01-09,IE,2.46056728259403
2022-01-09,US,9.81292619459263
2022-01-09,JP,1.62345000142352
2022-01-10,AU,2.56542126508107
2022-01-10,CA,4.88797107048653
2022-01-10,DE,2.32280055966822
2022-01-10,FR,0.479062155053604
2022-01-10,GB,2.40249503326676
2022-01-10,IE,2.43549199503995
2022-01-10,US,9.83797563857858
2022-01-10,JP,1.63891275345421
2022-01-11,AU,2.57625940325676
2022-01-11,CA,4.85391899959015
2022-01-11,DE,2.31061258022178
2022-01-11,FR,0.492418943458278
2022-01-11,GB,2.38768190215813
2022-01-11,IE,2.40669554057825
2022-01-11,US,9.84189185697604
2022-01-11,JP,1.65014497380562
2022-01-12,AU,2.59240040093568
2022-01-12,CA,4.82801465433341
2022-01-12,DE,2.30153837129503
2022-01-12,FR,0.495016768652207
2022-01-12,GB,2.38556346848944
2022-01-12,IE,2.41407646624398
2022-01-12,US,9.86303337815921
2022-01-12,JP,1.66844835525935
2022-01-13,AU,2.6039317199509
2022-01-13,CA,4.81130443802056
2022-01-13,DE,2.29960300693011
2022-01-13,FR,0.489009721453459
2022-01-13,GB,2.38754266242452
2022-01-13,IE,2.4135613105643
2022-01-13,US,9.88407504344046
2022-01-13,JP,1.68434695633792
2022-01-14,AU,2.58305602678398
2022-01-14,CA,4.79105015135844
2022-01-14,DE,2.27817302027497
2022-01-14,FR,0.483304517311748
2022-01-14,GB,2.37632350264193
2022-01-14,IE,2.4088251130841
2022-01-14,US,9.89468425660248
2022-01-14,JP,1.69258080992331
2022-01-15,AU,2.55072791611395
2022-01-15,CA,4.78459401605223
2022-01-15,DE,2.26082511869217
2022-01-15,FR,0.47668512196905
2022-01-15,GB,2.36582364857366
2022-01-15,IE,2.42049343992362
2022-01-15,US,9.87657084191305
2022-01-15,JP,1.70168394365662
2022-01-16,AU,2.52598282940413
2022-01-16,CA,4.77503547509036
2022-01-16,DE,2.25989420935878
2022-01-16,FR,0.475323173660136
2022-01-16,GB,2.34719952126246
2022-01-16,IE,2.43291663483545
2022-01-16,US,9.85251075404936
2022-01-16,JP,1.71903650771411
2022-01-17,AU,2.51306545090283
2022-01-17,CA,4.79725274935866
2022-01-17,DE,2.26575384167381
2022-01-17,FR,0.469561985102732
2022-01-17,GB,2.34674040138186
2022-01-17,IE,2.4325804320063
2022-01-17,US,9.84997447164189
2022-01-17,JP,1.71939439541629
2022-01-18,AU,2.50921376896405
2022-01-18,CA,4.8195914913834
2022-01-18,DE,2.28070326700973
2022-01-18,FR,0.465488759159752
2022-01-18,GB,2.34955185212397
2022-01-18,IE,2.44016805301751
2022-01-18,US,9.85766415776364
2022-01-18,JP,1.72503937754196
2022-01-19,AU,2.50944855944335
2022-01-19,CA,4.82979174123603
2022-01-19,DE,2.29095632143209
2022-01-19,FR,0.459233278916789
2022-01-19,GB,2.34943770852184
2022-01-19,IE,2.44184466802978
2022-01-19,US,9.85491459095999
2022-01-19,JP,1.72848210199595
2022-01-20,AU,2.50068188377035
2022-01-20,CA,4.83880633041332
2022-01-20,DE,2.29793256872342
2022-01-20,FR,0.456579364664809
2022-01-20,GB,2.33303825768126
2022-01-20,IE,2.42495921296515
2022-01-20,US,9.85779053662383
2022-01-20,JP,1.73582659966362
2022-01-21,AU,2.5108138504994
2022-01-21,CA,4.8602874687921
2022-01-21,DE,2.31100188726692
2022-01-21,FR,0.448181669683212
2022-01-21,GB,2.32707234680628
2022-01-21,IE,2.41997377617553
2022-01-21,US,9.85249556266484
2022-01-21,JP,1.74629429284729
2022-01-22,AU,2.53988413556427
2022-01-22,CA,4.86085665800856
2022-01-22,DE,2.31689841535182
2022-01-22,FR,0.442912266664682
2022-01-22,GB,2.32673715659325
2022-01-22,IE,2.4001090957561
2022-01-22,US,9.86295896251297
2022-01-22,JP,1.75918120190009
2022-01-23,AU,2.56845170201332
2022-01-23,CA,4.86566606272327
2022-01-23,DE,2.32372532206297
2022-01-23,FR,0.439307509998297
2022-01-23,GB,2.31983170276522
2022-01-23,IE,2.38074922345798
2022-01-23,US,9.86786099772069
2022-01-23,JP,1.7794851111714
2022-01-24,AU,2.588914838947
2022-01-24,CA,4.841358166372
2022-01-24,DE,2.33137069951154
2022-01-24,FR,0.434898463156785
2022-01-24,GB,2.3199529019887
2022-01-24,IE,2.35231506532283
2022-01-24,US,9.86424941420364
2022-01-24,JP,1.79619600895599
2022-01-25,AU,2.59798051974001
2022-01-25,CA,4.81464162459766
2022-01-25,DE,2.32926377119249
2022-01-25,FR,0.431139419202938
2022-01-25,GB,2.31447867443635
2022-01-25,IE,2.34173394545937
2022-01-25,US,9.83583311969991
2022-01-25,JP,1.81711999754678
2022-01-26,AU,2.62644442436419
2022-01-26,CA,4.80631580411458
2022-01-26,DE,2.32558936043046
2022-01-26,FR,0.429853459896288
2022-01-26,GB,2.3100025639067
2022-01-26,IE,2.33792178607784
2022-01-26,US,9.80362131385897
2022-01-26,JP,1.82823102612783
2022-01-27,AU,2.64313482989263
2022-01-27,CA,4.79047546956937
2022-01-27,DE,2.3165195832445
2022-01-27,FR,0.432167066425094
2022-01-27,GB,2.34268953205463
2022-01-27,IE,2.32961684313728
2022-01-27,US,9.76052637615546
2022-01-27,JP,1.84361792513904
2022-01-28,AU,2.66923977801131
2022-01-28,CA,4.75137308777865
2022-01-28,DE,2.31667219119311
2022-01-28,FR,0.437083082617239
2022-01-28,GB,2.35495766871567
2022-01-28,IE,2.32064227616739
2022-01-28,US,9.72412505595519
2022-01-28,JP,1.86374277243968
2022-01-29,AU,2.64144562096955
2022-01-29,CA,4.71369978664756
2022-01-29,DE,2.34068652447951
2022-01-29,FR,0.439166975782877
2022-01-29,GB,2.35670674646386
2022-01-29,IE,2.32496606356056
2022-01-29,US,9.69592858285218
2022-01-29,JP,1.88331460810077
2022-01-30,AU,2.64672229590708
2022-01-30,CA,4.69096958459155
2022-01-30,DE,2.34696045756237
2022-01-30,FR,0.439211792038578
2022-01-30,GB,2.36879358783844
2022-01-30,IE,2.33377473945273
2022-01-30,US,9.66562587196399
2022-01-30,JP,1.89294361327766
2022-01-31,AU,2.63216161630514
2022-01-31,CA,4.65897679422211
2022-01-31,DE,2.35369482557765
2022-01-31,FR,0.439753390526774
2022-01-31,GB,2.3834679032035
2022-01-31,IE,2.34574411557853
2022-01-31,US,9.65891369834785
2022-01-31,JP,1.89205018204162
2022-02-01,AU,2.62867543416692
2022-02-01,CA,4.62566493916856
2022-02-01,DE,2.35195195543735
2022-02-01,FR,0.437644688418328
2022-02-01,GB,2.39034413417672
2022-02-01,IE,2.32749234176229
2022-02-01,US,9.64706627208132
2022-02-01,JP,1.87299953352192
2022-02-02,AU,2.60140206374465
2022-02-02,CA,4.60070467352759
2022-02-02,DE,2.35480274380757
2022-02-02,FR,0.435290643523843
2022-02-02,GB,2.39398593904938
2022-02-02,IE,2.28874690494565
2022-02-02,US,9.65576644345816
2022-02-02,JP,1.86069167541895
2022-02-03,AU,2.61641380472262
2022-02-03,CA,4.58701836513798
2022-02-03,DE,2.36565808896224
2022-02-03,FR,0.431751347092965
2022-02-03,GB,2.36523722315483
2022-02-03,IE,2.26301569934926
2022-02-03,US,9.67700139320713
2022-02-03,JP,1.83814309098129
2022-02-04,AU,2.58259476956854
2022-02-04,CA,4.5833203833571
2022-02-04,DE,2.37121557042935
2022-02-04,FR,0.424890026086742
2022-02-04,GB,2.35302041927564
2022-02-04,IE,2.26352290980816
2022-02-04,US,9.69417624308579
2022-02-04,JP,1.82186964443586
2022-02-05,AU,2.594576849131
2022-02-05,CA,4.55779989518723
2022-02-05,DE,2.36191976751906
2022-02-05,FR,0.427910158069125
2022-02-05,GB,2.34502813150059
2022-02-05,IE,2.23072193424462
2022-02-05,US,9.67310459970111
2022-02-05,JP,1.80851762631804
2022-02-06,AU,2.59391439027695
2022-02-06,CA,4.53233876811241
2022-02-06,DE,2.37082225224253
2022-02-06,FR,0.425112598702064
2022-02-06,GB,2.32978967708446
2022-02-06,IE,2.21190514551762
2022-02-06,US,9.63693231466581
2022-02-06,JP,1.80268500273948
2022-02-07,AU,2.62153574178452
2022-02-07,CA,4.52042076604445
2022-02-07,DE,2.36095969305923
2022-02-07,FR,0.42397560848189
2022-02-07,GB,2.30232133271307
2022-02-07,IE,2.19011247913654
2022-02-07,US,9.58530236401955
2022-02-07,JP,1.79763506894907
2022-02-08,AU,2.64589028623403
2022-02-08,CA,4.50779661570691
2022-02-08,DE,2.35828244210013
2022-02-08,FR,0.423429069498703
2022-02-08,GB,2.2840630732741
2022-02-08,IE,2.18215369598907
2022-02-08,US,9.55313537543648
2022-02-08,JP,1.80237445421446
2022-02-09,AU,2.64264476140283
2022-02-09,CA,4.48012875840012
2022-02-09,DE,2.34854813962073
2022-02-09,FR,0.421663964525082
2022-02-09,GB,2.2672066839036
2022-02-09,IE,2.16999037615999
2022-02-09,US,9.49604011222084
2022-02-09,JP,1.80385987068507
2022-02-10,AU,2.64282295625635
2022-02-10,CA,4.44142081853639
2022-02-10,DE,2.33555816116811
2022-02-10,FR,0.419983138430278
2022-02-10,GB,2.25646253480697
2022-02-10,IE,2.17257811367632
2022-02-10,US,9.41939768455648
2022-02-10,JP,1.80293299684207
2022-02-11,AU,2.66087047049231
2022-02-11,CA,4.40899602483421
2022-02-11,DE,2.32988495411732
2022-02-11,FR,0.423469407011191
2022-02-11,GB,2.24513223607552
2022-02-11,IE,2.1571051725344
2022-02-11,US,9.34984634864485
2022-02-11,JP,1.80030222420564
2022-02-12,AU,2.67187303714944
2022-02-12,CA,4.40237381347354
2022-02-12,DE,2.31922571353508
2022-02-12,FR,0.421237383950766
2022-02-12,GB,2.24436384230425
2022-02-12,IE,2.15342352303318
2022-02-12,US,9.29338124708174
2022-02-12,JP,1.79736544559112
2022-02-13,AU,2.6575349332428
2022-02-13,CA,4.37110596513881
2022-02-13,DE,2.30675327290425
2022-02-13,FR,0.422172112455872
2022-02-13,GB,2.23849244401372
2022-02-13,IE,2.14732194285702
2022-02-13,US,9.25620502419521
2022-02-13,JP,1.78998526727007
2022-02-14,AU,2.65530493377795
2022-02-14,CA,4.32291049710238
2022-02-14,DE,2.30460933631678
2022-02-14,FR,0.422865524469346
2022-02-14,GB,2.21645886095785
2022-02-14,IE,2.13672219138005
2022-02-14,US,9.2216112217971
2022-02-14,JP,1.78832629218079
2022-02-15,AU,2.65801756074317
2022-02-15,CA,4.3108200737961
2022-02-15,DE,2.30802978297338
2022-02-15,FR,0.425227362265007
2022-02-15,GB,2.22179318510292
2022-02-15,IE,2.14851006996588
2022-02-15,US,9.20989711610541
2022-02-15,JP,1.78846266851266
2022-02-16,AU,2.67622594359133
2022-02-16,CA,4.30251521476816
2022-02-16,DE,2.30898172497064
2022-02-16,FR,0.426980842090811
2022-02-16,GB,2.21735279543196
2022-02-16,IE,2.15704887921953
2022-02-16,US,9.18133100492451
2022-02-16,JP,1.78668084767318
2022-02-17,AU,2.66346642383686
2022-02-17,CA,4.30398853047315
2022-02-17,DE,2.31940269423183
2022-02-17,FR,0.425012014552022
2022-02-17,GB,2.21404536632931
2022-02-17,IE,2.15204953198482
2022-02-17,US,9.18794443922606
2022-02-17,JP,1.78472849351442
2022-02-18,AU,2.66546642501333
2022-02-18,CA,4.29795853704213
2022-02-18,DE,2.3238530624739
2022-02-18,FR,0.425289805839331
2022-02-18,GB,2.22223055331939
2022-02-18,IE,2.16232825580911
2022-02-18,US,9.17346673333587
2022-02-18,JP,1.78370855055457
2022-02-19,AU,2.65379653903238
2022-02-19,CA,4.3012129687959
2022-02-19,DE,2.33038815824494
2022-02-19,FR,0.422260839762963
2022-02-19,GB,2.2283512428739
2022-02-19,IE,2.16495293461156
2022-02-19,US,9.17096657451197
2022-02-19,JP,1.77986976224858
2022-02-20,AU,2.66484975942031
2022-02-20,CA,4.28243697114817
2022-02-20,DE,2.32947133663704
2022-02-20,FR,0.422936681071917
2022-02-20,GB,2.24731143683867
2022-02-20,IE,2.14049628239308
2022-02-20,US,9.15663432735744
2022-02-20,JP,1.77173021295585
2022-02-21,AU,2.66188926108715
2022-02-21,CA,4.30356598757282
2022-02-21,DE,2.33592044876348
2022-02-21,FR,0.423464029867863
2022-02-21,GB,2.27774983514954
2022-02-21,IE,2.14153199238101
2022-02-21,US,9.14301074047769
2022-02-21,JP,1.77370402890987
2022-02-22,AU,2.63426561204723
2022-02-22,CA,4.30303218455368
2022-02-22,DE,2.32883045748766
2022-02-22,FR,0.423295499494352
2022-02-22,GB,2.28353469131768
2022-02-22,IE,2.11745594564756
2022-02-22,US,9.12064030407703
2022-02-22,JP,1.76150648478577
2022-02-23,AU,2.60292259089119
2022-02-23,CA,4.31523398928217
2022-02-23,DE,2.33231940106945
2022-02-23,FR,0.422684420766672
2022-02-23,GB,2.29251435986032
2022-02-23,IE,2.11642986014881
2022-02-23,US,9.14020412531674
2022-02-23,JP,1.76938278208197
2022-02-24,AU,2.58972062489275
2022-02-24,CA,4.31731659087669
2022-02-24,DE,2.31984413152111
2022-02-24,FR,0.42533394942773
2022-02-24,GB,2.30379651135345
2022-02-24,IE,2.12406405852802
2022-02-24,US,9.14260930480913
2022-02-24,JP,1.7725328863806
2022-02-25,AU,2.58937644569138
2022-02-25,CA,4.32865813649289
2022-02-25,DE,2.30917640505663
2022-02-25,FR,0.423510881443332
2022-02-25,GB,2.29792243284576
2022-02-25,IE,2.11503476503453
2022-02-25,US,9.15393794845733
2022-02-25,JP,1.76742693023179
2022-02-26,AU,2.61049573832742
2022-02-26,CA,4.31956093039075
2022-02-26,DE,2.2922456442729
2022-02-26,FR,0.420807584542708
2022-02-26,GB,2.28836998598271
2022-02-26,IE,2.10702302963816
2022-02-26,US,9.14851380728092
2022-02-26,JP,1.75884768757161
2022-02-27,AU,2.619779878446
2022-02-27,CA,4.33965546708989
2022-02-27,DE,2.27779911260532
2022-02-27,FR,0.414279845358733
2022-02-27,GB,2.27391249392089
2022-02-27,IE,2.10742446545289
2022-02-27,US,9.14256449716503
2022-02-27,JP,1.7531428561189
2022-02-28,AU,2.61965872419076
2022-02-28,CA,4.34199459721727
2022-02-28,DE,2.27097109559854
2022-02-28,FR,0.408059602618958
2022-02-28,GB,2.26807034932825
2022-02-28,IE,2.11683992332843
2022-02-28,US,9.11765191528113
2022-02-28,JP,1.73223039391374
2022-03-01,AU,2.65203576013227
2022-03-01,CA,4.34349237177197
2022-03-01,DE,2.275094244044
2022-03-01,FR,0.403132217254791
2022-03-01,GB,2.25668611946778
2022-03-01,IE,2.13053972001143
2022-03-01,US,9.08823235343259
2022-03-01,JP,1.72773893374512
2022-03-02,AU,2.68304618635536
2022-03-02,CA,4.31756289662246
2022-03-02,DE,2.27090290914671
2022-03-02,FR,0.399356998396907
2022-03-02,GB,2.25056853918005
2022-03-02,IE,2.12741001337514
2022-03-02,US,9.04979399076849
2022-03-02,JP,1.69935630092882
2022-03-03,AU,2.69749476867399
2022-03-03,CA,4.30681699728512
2022-03-03,DE,2.2789571551687
2022-03-03,FR,0.396318800890446
2022-03-03,GB,2.24239976772893
2022-03-03,IE,2.13414600515298
2022-03-03,US,9.00961138679971
2022-03-03,JP,1.6745463560896
2022-03-04,AU,2.68312679566336
2022-03-04,CA,4.28895669183161
2022-03-04,DE,2.28989307973379
2022-03-04,FR,0.409825155797128
2022-03-04,GB,2.2429186925391
2022-03-04,IE,2.14982785143595
2022-03-04,US,8.97518134966664
2022-03-04,JP,1.66244986898615
2022-03-05,AU,2.67349390563615
2022-03-05,CA,4.2929277467747
2022-03-05,DE,2.30062539570211
2022-03-05,FR,0.419261676365648
2022-03-05,GB,2.23817757008883
2022-03-05,IE,2.18135458457772
2022-03-05,US,8.95283380788645
2022-03-05,JP,1.65107428012125
2022-03-06,AU,2.65240663420448
2022-03-06,CA,4.27221369121206
2022-03-06,DE,2.31325269307736
2022-03-06,FR,0.43480007379617
2022-03-06,GB,2.23543314797588
2022-03-06,IE,2.22764103715128
2022-03-06,US,8.92769177139572
2022-03-06,JP,1.64455433858567
2022-03-07,AU,2.66538795647284
2022-03-07,CA,4.27111649769604
2022-03-07,DE,2.32719769140174
2022-03-07,FR,0.452978634916417
2022-03-07,GB,2.23186928677547
2022-03-07,IE,2.24448820110283
2022-03-07,US,8.95735908336367
2022-03-07,JP,1.64635755435765
2022-03-08,AU,2.65270062493796
2022-03-08,CA,4.26184123855142
2022-03-08,DE,2.34959044913526
2022-03-08,FR,0.47010254337201
2022-03-08,GB,2.2690090580035
2022-03-08,IE,2.29370508041037
2022-03-08,US,9.00008754694671
2022-03-08,JP,1.6499791704788
2022-03-09,AU,2.63211823477324
2022-03-09,CA,4.26260547547562
2022-03-09,DE,2.38067516603597
2022-03-09,FR,0.487277882471657
2022-03-09,GB,2.31562676311325
2022-03-09,IE,2.3221044686044
2022-03-09,US,9.03000772060901
2022-03-09,JP,1.65677395509172
2022-03-10,AU,2.61521337542494
2022-03-10,CA,4.25498719195176
2022-03-10,DE,2.40777034246461
2022-03-10,FR,0.505113842694986
2022-03-10,GB,2.35898575704362
2022-03-10,IE,2.35542478173157
2022-03-10,US,9.04983098796809
2022-03-10,JP,1.66327911371037
2022-03-11,AU,2.58829679751033
2022-03-11,CA,4.24892278389243
2022-03-11,DE,2.41801468073826
2022-03-11,FR,0.504979200477211
2022-03-11,GB,2.40277755914214
2022-03-11,IE,2.36229828467842
2022-03-11,US,9.05425455326258
2022-03-11,JP,1.66539913570954
2022-03-12,AU,2.56543538457373
2022-03-12,CA,4.2300908041622
2022-03-12,DE,2.42949252575895
2022-03-12,FR,0.508008243452039
2022-03-12,GB,2.43044755717401
2022-03-12,IE,2.36057707860742
2022-03-12,US,9.08899985689764
2022-03-12,JP,1.66254926062224
2022-03-13,AU,2.556880327226
2022-03-13,CA,4.23024752108932
2022-03-13,DE,2.44389105523058
2022-03-13,FR,0.508118914738869
2022-03-13,GB,2.47177146990753
2022-03-13,IE,2.33612738090091
2022-03-13,US,9.12140520375091
2022-03-13,JP,1.65321573318975
2022-03-14,AU,2.54407450994708
2022-03-14,CA,4.2056339434181
2022-03-14,DE,2.4361956842423
2022-03-14,FR,0.506540115779884
2022-03-14,GB,2.51956812959186
2022-03-14,IE,2.32132432463457
2022-03-14,US,9.13072017654725
2022-03-14,JP,1.64723982811668
2022-03-15,AU,2.5366282441842
2022-03-15,CA,4.18492707288712
2022-03-15,DE,2.41916448102283
2022-03-15,FR,0.509112156529951
2022-03-15,GB,2.52689685409405
2022-03-15,IE,2.30346220480065
2022-03-15,US,9.12846627327763
2022-03-15,JP,1.64040506160785
2022-03-16,AU,2.54454520699227
2022-03-16,CA,4.16079870677897
2022-03-16,DE,2.39970658881477
2022-03-16,FR,0.510453118320321
2022-03-16,GB,2.52748151616837
2022-03-16,IE,2.30314092520524
2022-03-16,US,9.12358760300799
2022-03-16,JP,1.63239060621944
2022-03-17,AU,2.552550346479
2022-03-17,CA,4.13660889171202
2022-03-17,DE,2.37586467233863
2022-03-17,FR,0.511306204328231
2022-03-17,GB,2.52700732392921
2022-03-17,IE,2.27322743155831
2022-03-17,US,9.11459546895399
2022-03-17,JP,1.63081642075174
2022-03-18,AU,2.59687831167014
2022-03-18,CA,4.1172541816948
2022-03-18,DE,2.3653890779342
2022-03-18,FR,0.513216668729704
2022-03-18,GB,2.51858320168592
2022-03-18,IE,2.29863380679659
2022-03-18,US,9.12521541568212
2022-03-18,JP,1.63562208267256
2022-03-19,AU,2.59419092510892
2022-03-19,CA,4.10466659076684
2022-03-19,DE,2.35456465033274
2022-03-19,FR,0.512101941613048
2022-03-19,GB,2.52539813226439
2022-03-19,IE,2.30457000568836
2022-03-19,US,9.1160555072456
2022-03-19,JP,1.63893278672022
2022-03-20,AU,2.60668784435585
2022-03-20,CA,4.08388727863636
2022-03-20,DE,2.3481765469646
2022-03-20,FR,0.509676795695118
2022-03-20,GB,2.52381694586531
2022-03-20,IE,2.32503880617121
2022-03-20,US,9.1208234021235
2022-03-20,JP,1.63301801570269
2022-03-21,AU,2.60233219974584
2022-03-21,CA,4.0697864630266
2022-03-21,DE,2.35033396401542
2022-03-21,FR,0.509299883193087
2022-03-21,GB,2.52893509547037
2022-03-21,IE,2.34852772259441
2022-03-21,US,9.10595856102377
2022-03-21,JP,1.63884492706413
2022-03-22,AU,2.59718102755269
2022-03-22,CA,4.0683497707805
2022-03-22,DE,2.35199102176753
2022-03-22,FR,0.506133270011921
2022-03-22,GB,2.53005516741392
2022-03-22,IE,2.36075720141055
2022-03-22,US,9.09346571946063
2022-03-22,JP,1.64516111543331
2022-03-23,AU,2.59109526371685
2022-03-23,CA,4.07999212561025
2022-03-23,DE,2.34242262457695
2022-03-23,FR,0.500804591622301
2022-03-23,GB,2.52966575857243
2022-03-23,IE,2.36754172037724
2022-03-23,US,9.10155128481078
2022-03-23,JP,1.65083119325954
2022-03-24,AU,2.58659850565489
2022-03-24,CA,4.09681521697998
2022-03-24,DE,2.33479899145266
2022-03-24,FR,0.496303759151487
2022-03-24,GB,2.53340518604945
2022-03-24,IE,2.37094486375172
2022-03-24,US,9.10416914781294
2022-03-24,JP,1.66403438933914
2022-03-25,AU,2.57204404509382
2022-03-25,CA,4.09956949681449
2022-03-25,DE,2.33509244119772
2022-03-25,FR,0.493641788597112
2022-03-25,GB,2.52741552018691
2022-03-25,IE,2.30807668540779
2022-03-25,US,9.08520365485382
2022-03-25,JP,1.66973627597649
2022-03-26,AU,2.57864268259771
2022-03-26,CA,4.09091937639075
2022-03-26,DE,2.32534892789173
2022-03-26,FR,0.49843454244625
2022-03-26,GB,2.51157571846785
2022-03-26,IE,2.29285226077504
2022-03-26,US,9.06648652511527
2022-03-26,JP,1.68047000251044
2022-03-27,AU,2.57215035599238
2022-03-27,CA,4.08773280159914
2022-03-27,DE,2.31398649992308
2022-03-27,FR,0.503688334963393
2022-03-27,GB,2.49473634197579
2022-03-27,IE,2.27628348207247
2022-03-27,US,9.0404000754247
2022-03-27,JP,1.70664790936786
2022-03-28,AU,2.56401832910371
2022-03-28,CA,4.0962003387685
2022-03-28,DE,2.30096471780681
2022-03-28,FR,0.500168122078341
2022-03-28,GB,2.47778500237536
2022-03-28,IE,2.25235715412164
2022-03-28,US,9.0214733331266
2022-03-28,JP,1.71933316181426
2022-03-29,AU,2.55186180254245
2022-03-29,CA,4.08931456042099
2022-03-29,DE,2.2927394603881
2022-03-29,FR,0.498802425278704
2022-03-29,GB,2.46772499026562
2022-03-29,IE,2.23138148193363
2022-03-29,US,9.00425308538095
2022-03-29,JP,1.72857742343464
2022-03-30,AU,2.53713295447602
2022-03-30,CA,4.08337314525305
2022-03-30,DE,2.28881449001194
2022-03-30,FR,0.50168564110881
2022-03-30,GB,2.45262684592966
2022-03-30,IE,2.2165356897061
2022-03-30,US,8.98852214516758
2022-03-30,JP,1.73869969892059
2022-03-31,AU,2.51028473912038
2022-03-31,CA,4.07515073345962
2022-03-31,DE,2.29250115771535
2022-03-31,FR,0.500668468185545
2022-03-31,GB,2.44379555102833
2022-03-31,IE,2.1988092185507
2022-03-31,US,8.99781661754323
2022-03-31,JP,1.73812594321176
2022-04-01,AU,2.50404500511582
2022-04-01,CA,4.07266692851813
2022-04-01,DE,2.29560347811537
2022-04-01,FR,0.499491149436534
2022-04-01,GB,2.45434572978964
2022-04-01,IE,2.2509764982038
2022-04-01,US,9.00638568121108
2022-04-01,JP,1.7295791339712
2022-04-02,AU,2.52779198847432
2022-04-02,CA,4.05482642774529
2022-04-02,DE,2.31582767721314
2022-04-02,FR,0.495770290693775
2022-04-02,GB,2.47416270425758
2022-04-02,IE,2.26333529518502
2022-04-02,US,8.99230786389463
2022-04-02,JP,1.72095793112884
2022-04-03,AU,2.52685168073793
2022-04-03,CA,4.06100456950092
2022-04-03,DE,2.32803697276561
2022-04-03,FR,0.494256288247839
2022-04-03,GB,2.48933359581582
2022-04-03,IE,2.28495464369592
2022-04-03,US,8.99398320901422
2022-04-03,JP,1.70779521820122
2022-04-04,AU,2.54132248334931
2022-04-04,CA,4.0540644268933
2022-04-04,DE,2.34453831863796
2022-04-04,FR,0.498137599361866
2022-04-04,GB,2.50428219442153
2022-04-04,IE,2.30858667490977
2022-04-04,US,8.99390402231178
2022-04-04,JP,1.69593888660479
2022-04-05,AU,2.55964349073425
2022-04-05,CA,4.05047784593174
2022-04-05,DE,2.35761695640415
2022-04-05,FR,0.497773077794703
2022-04-05,GB,2.50736752032172
2022-04-05,IE,2.33028902036299
2022-04-05,US,9.00423448511224
2022-04-05,JP,1.68271617360375
2022-04-06,AU,2.57853982369285
2022-04-06,CA,4.03489206277997
2022-04-06,DE,2.37666318098777
2022-04-06,FR,0.496746995337419
2022-04-06,GB,2.51033774804005
2022-04-06,IE,2.33774351403012
2022-04-06,US,9.00629238908555
2022-04-06,JP,1.68120749048454
2022-04-07,AU,2.62527893974672
2022-04-07,CA,4.03253485600061
2022-04-07,DE,2.37708661951129
2022-04-07,FR,0.499533552018447
2022-04-07,GB,2.50947831043147
2022-04-07,IE,2.36480416594691
2022-04-07,US,8.98864048326258
2022-04-07,JP,1.67372044092365
2022-04-08,AU,2.65218756725119
2022-04-08,CA,4.04375878556135
2022-04-08,DE,2.37036345465533
2022-04-08,FR,0.500571451861351
2022-04-08,GB,2.5170859856513
2022-04-08,IE,2.3442945716977
2022-04-08,US,8.98930321600689
2022-04-08,JP,1.6701372810915
2022-04-09,AU,2.63908430643565
2022-04-09,CA,4.06167881199318
2022-04-09,DE,2.35575381310883
2022-04-09,FR,0.502750654077803
2022-04-09,GB,2.52031192293619
2022-04-09,IE,2.33971357803445
2022-04-09,US,9.00619128103545
2022-04-09,JP,1.66389511718201
2022-04-10,AU,2.64882534822126
2022-04-10,CA,4.04973924231092
2022-04-10,DE,2.33642137112079
2022-04-10,FR,0.49893205502448
2022-04-10,GB,2.51385246451107
2022-04-10,IE,2.31823112382096
2022-04-10,US,9.01446885559439
2022-04-10,JP,1.66835393890134
2022-04-11,AU,2.64155825286214
2022-04-11,CA,4.0351967877418
2022-04-11,DE,2.31555009039775
2022-04-11,FR,0.496516523243295
2022-04-11,GB,2.5057751632135
2022-04-11,IE,2.29990631840778
2022-04-11,US,9.0331555216093
2022-04-11,JP,1.66839918520024
2022-04-12,AU,2.62836476634
2022-04-12,CA,4.03964387599056
2022-04-12,DE,2.29500195722058
2022-04-12,FR,0.496901059551368
2022-04-12,GB,2.50624878879651
2022-04-12,IE,2.26960645236293
2022-04-12,US,9.03143269867082
2022-04-12,JP,1.66534038419853
2022-04-13,AU,2.60976854318569
2022-04-13,CA,4.04233831701848
2022-04-13,DE,2.27012594844241
2022-04-13,FR,0.497839911030165
2022-04-13,GB,2.51442719923602
2022-04-13,IE,2.23536777520553
2022-04-13,US,9.03344984662918
2022-04-13,JP,1.66197443403822
2022-04-14,AU,2.56246173568783
2022-04-14,CA,4.02702899648101
2022-04-14,DE,2.26238035757578
2022-04-14,FR,0.495329958255261
2022-04-14,GB,2.51282553494045
2022-04-14,IE,2.21095218835279
2022-04-14,US,9.03034633738857
2022-04-14,JP,1.66169261712204
2022-04-15,AU,2.5307537418176
2022-04-15,CA,4.02426211929261
2022-04-15,DE,2.26629912641878
2022-04-15,FR,0.495788646672385
2022-04-15,GB,2.5054069775485
2022-04-15,IE,2.19421958626693
2022-04-15,US,9.03263980624455
2022-04-15,JP,1.66143294606225
2022-04-16,AU,2.50782313281929
2022-04-16,CA,4.04852551712119
2022-04-16,DE,2.27855194001625
2022-04-16,FR,0.497959964862593
2022-04-16,GB,2.52137043120325
2022-04-16,IE,2.18636879210122
2022-04-16,US,9.02280408566872
2022-04-16,JP,1.66044728074944
2022-04-17,AU,2.48770470781357
2022-04-17,CA,4.07117014699835
2022-04-17,DE,2.29369944762394
2022-04-17,FR,0.49941764399523
2022-04-17,GB,2.53885134284251
2022-04-17,IE,2.21708123845001
2022-04-17,US,9.00974135702858
2022-04-17,JP,1.65984862825777
2022-04-18,AU,2.50672543432855
2022-04-18,CA,4.11609532374561
2022-04-18,DE,2.34720146903827
2022-04-18,FR,0.510361761857714
2022-04-18,GB,2.57000848778903
2022-04-18,IE,2.25886196084101
2022-04-18,US,9.04483493945249
2022-04-18,JP,1.66453677073677
2022-04-19,AU,2.53269726988207
2022-04-19,CA,4.15254734308261
2022-04-19,DE,2.36818287954568
2022-04-19,FR,0.516340343060378
2022-04-19,GB,2.60149411475111
2022-04-19,IE,2.30029005408535
2022-04-19,US,9.0990760026627
2022-04-19,JP,1.68105010954208
2022-04-20,AU,2.5522249372994
2022-04-20,CA,4.18632576470592
2022-04-20,DE,2.39569737230971
2022-04-20,FR,0.525464865576069
2022-04-20,GB,2.63416031753605
2022-04-20,IE,2.34990774075562
2022-04-20,US,9.14283173580935
2022-04-20,JP,1.68683791359448
2022-04-21,AU,2.57628254583847
2022-04-21,CA,4.23542165635222
2022-04-21,DE,2.41185119883494
2022-04-21,FR,0.535477313017747
2022-04-21,GB,2.65116338836786
2022-04-21,IE,2.37792623203637
2022-04-21,US,9.19704942137292
2022-04-21,JP,1.68885274628743
2022-04-22,AU,2.60246599445464
2022-04-22,CA,4.25419527921687
2022-04-22,DE,2.41075956687345
2022-04-22,FR,0.540916872009952
2022-04-22,GB,2.67066231879077
2022-04-22,IE,2.41498013698479
2022-04-22,US,9.23109253389786
2022-04-22,JP,1.69316299789497
2022-04-23,AU,2.63857938066423
2022-04-23,CA,4.25172888218385
2022-04-23,DE,2.41374417691389
2022-04-23,FR,0.550456922506093
2022-04-23,GB,2.6636739001999
2022-04-23,IE,2.42199408064929
2022-04-23,US,9.25939616238079
2022-04-23,JP,1.6933209930749
2022-04-24,AU,2.64788319709349
2022-04-24,CA,4.26719328268499
2022-04-24,DE,2.41821976798022
2022-04-24,FR,0.557109547220609
2022-04-24,GB,2.67027834597719
2022-04-24,IE,2.41941017563324
2022-04-24,US,9.29439507444316
2022-04-24,JP,1.69076870624488
2022-04-25,AU,2.62799914889037
2022-04-25,CA,4.25875474163332
2022-04-25,DE,2.38345958244538
2022-04-25,FR,0.551336982954889
2022-04-25,GB,2.65629253310197
2022-04-25,IE,2.37538785336397
2022-04-25,US,9.29520267452972
2022-04-25,JP,1.69342947006473
2022-04-26,AU,2.61818736131529
2022-04-26,CA,4.23805121347429
2022-04-26,DE,2.38002128203558
2022-04-26,FR,0.550872805460232
2022-04-26,GB,2.64273005751178
2022-04-26,IE,2.34242833494899
2022-04-26,US,9.26897143163665
2022-04-26,JP,1.6866400348168
2022-04-27,AU,2.59848334393776
2022-04-27,CA,4.23092544087286
2022-04-27,DE,2.36036728995735
2022-04-27,FR,0.542624486278054
2022-04-27,GB,2.6227468052908
2022-04-27,IE,2.3236175335618
2022-04-27,US,9.23407245953962
2022-04-27,JP,1.67121134487781
2022-04-28,AU,2.59123708450334
2022-04-28,CA,4.21712778879294
2022-04-28,DE,2.3429062904727
2022-04-28,FR,0.535396171133005
2022-04-28,GB,2.63083476390113
2022-04-28,IE,2.3029868231833
2022-04-28,US,9.2086816018846
2022-04-28,JP,1.65694099372445
2022-04-29,AU,2.57314742351168
2022-04-29,CA,4.21006850290783
2022-04-29,DE,2.33103710562042
2022-04-29,FR,0.531565913558976
2022-04-29,GB,2.62209980784309
2022-04-29,IE,2.28234178216126
2022-04-29,US,9.20705076802834
2022-04-29,JP,1.65699551292253
2022-04-30,AU,2.55193593674523
2022-04-30,CA,4.20549178825268
2022-04-30,DE,2.33652117031618
2022-04-30,FR,0.528279538191995
2022-04-30,GB,2.61552699801025
2022-04-30,IE,2.27432871064525
2022-04-30,US,9.21310321476508
2022-04-30,JP,1.66560029085108
2022-05-01,AU,2.55815894501036
2022-05-01,CA,4.21163790659738
2022-05-01,DE,2.3260346223688
2022-05-01,FR,0.528818721335379
2022-05-01,GB,2.60431111166333
2022-05-01,IE,2.2343409517499
2022-05-01,US,9.21305620219056
2022-05-01,JP,1.66423985425571
2022-05-02,AU,2.55935315395866
2022-05-02,CA,4.2126966824683
2022-05-02,DE,2.32541799372601
2022-05-02,FR,0.533280941930944
2022-05-02,GB,2.60907893227431
2022-05-02,IE,2.24302386627628
2022-05-02,US,9.173552302701
2022-05-02,JP,1.6413888734793
2022-05-03,AU,2.5680143578716
2022-05-03,CA,4.21458614683992
2022-05-03,DE,2.32133314652643
2022-05-03,FR,0.533078020564613
2022-05-03,GB,2.61203631466304
2022-05-03,IE,2.23850817285996
2022-05-03,US,9.1478244502238
2022-05-03,JP,1.62459811555853
2022-05-04,AU,2.59698623176026
2022-05-04,CA,4.2036886285854
2022-05-04,DE,2.3424152609961
2022-05-04,FR,0.535660398191591
2022-05-04,GB,2.61139020815086
2022-05-04,IE,2.23051786217373
2022-05-04,US,9.13561795884362
2022-05-04,JP,1.61591924872847
2022-05-05,AU,2.62446489933569
2022-05-05,CA,4.18736429158957
2022-05-05,DE,2.36906656461001
2022-05-05,FR,0.541403960422547
2022-05-05,GB,2.59838244569773
2022-05-05,IE,2.23433460191042
2022-05-05,US,9.09920110079524
2022-05-05,JP,1.62526219001675
2022-05-06,AU,2.64715662149526
2022-05-06,CA,4.1679270845427
2022-05-06,DE,2.39267069322411
2022-05-06,FR,0.550354388539812
2022-05-06,GB,2.59403634845883
2022-05-06,IE,2.23701411366135
2022-05-06,US,9.06789352426959
2022-05-06,JP,1.62941479004684
2022-05-07,AU,2.65185837554629
2022-05-07,CA,4.14800155493717
2022-05-07,DE,2.43730915580236
2022-05-07,FR,0.550352376165616
2022-05-07,GB,2.60062622602171
2022-05-07,IE,2.23789272601477
2022-05-07,US,9.04606134395946
2022-05-07,JP,1.63519095003477
2022-05-08,AU,2.66689350686508
2022-05-08,CA,4.10922074624715
2022-05-08,DE,2.47061682460889
2022-05-08,FR,0.555157886800642
2022-05-08,GB,2.61296908955512
2022-05-08,IE,2.23549396763758
2022-05-08,US,8.97624134177593
2022-05-08,JP,1.64556415043213
2022-05-09,AU,2.66923212606071
2022-05-09,CA,4.10032917505749
2022-05-09,DE,2.49359204102792
2022-05-09,FR,0.55588966148846
2022-05-09,GB,2.61030700343789
2022-05-09,IE,2.22613655713351
2022-05-09,US,8.98189051104719
2022-05-09,JP,1.67455813893633
2022-05-10,AU,2.66905558142803
2022-05-10,CA,4.09031721912003
2022-05-10,DE,2.50383828699362
2022-05-10,FR,0.558073295783683
2022-05-10,GB,2.61057612767892
2022-05-10,IE,2.23976683466887
2022-05-10,US,8.97611102592003
2022-05-10,JP,1.70216020045692
2022-05-11,AU,2.67069442901478
2022-05-11,CA,4.08681846898599
2022-05-11,DE,2.50695768274426
2022-05-11,FR,0.560316515521094
2022-05-11,GB,2.6259980470027
2022-05-11,IE,2.26799504592088
2022-05-11,US,8.96097042374711
2022-05-11,JP,1.72485850540437
2022-05-12,AU,2.66869207487589
2022-05-12,CA,4.09801103695872
2022-05-12,DE,2.50086041988021
2022-05-12,FR,0.55865023719891
2022-05-12,GB,2.63705682422142
2022-05-12,IE,2.27466542590953
2022-05-12,US,8.98813588222071
2022-05-12,JP,1.73782609818928
2022-05-13,AU,2.65991440270661
2022-05-13,CA,4.10532985064624
2022-05-13,DE,2.50284201692044
2022-05-13,FR,0.552896727163945
2022-05-13,GB,2.64548903154657
2022-05-13,IE,2.25813609110833
2022-05-13,US,8.98000230058353
2022-05-13,JP,1.74802694194025
2022-05-14,AU,2.68401817169953
2022-05-14,CA,4.12150594119765
2022-05-14,DE,2.44207509269374
2022-05-14,FR,0.552126391626567
2022-05-14,GB,2.65265363211599
2022-05-14,IE,2.24119013889395
2022-05-14,US,8.9487563938519
2022-05-14,JP,1.75039153012348
2022-05-15,AU,2.67107347861148
2022-05-15,CA,4.14599676235746
2022-05-15,DE,2.41822085231429
2022-05-15,FR,0.550852961741509
2022-05-15,GB,2.66943105334496
2022-05-15,IE,2.23442129607657
2022-05-15,US,8.97236496571443
2022-05-15,JP,1.75492973380377
2022-05-16,AU,2.67700403017176
2022-05-16,CA,4.1640425940069
2022-05-16,DE,2.40152293188636
2022-05-16,FR,0.548851410366252
2022-05-16,GB,2.67329152774179
2022-05-16,IE,2.25057928542216
2022-05-16,US,8.94309561841213
2022-05-16,JP,1.75442282771742
2022-05-17,AU,2.66818617256347
2022-05-17,CA,4.17800060653417
2022-05-17,DE,2.40497680493236
2022-05-17,FR,0.552986793348095
2022-05-17,GB,2.67156964798758
2022-05-17,IE,2.24198789320237
2022-05-17,US,8.92992223614508
2022-05-17,JP,1.74865972882046
2022-05-18,AU,2.65883137351572
2022-05-18,CA,4.19804876013096
2022-05-18,DE,2.40172834700262
2022-05-18,FR,0.556160832815344
2022-05-18,GB,2.6647937185497
2022-05-18,IE,2.24178596838298
2022-05-18,US,8.94062002805701
2022-05-18,JP,1.74431523582796
2022-05-19,AU,2.65635210807076
2022-05-19,CA,4.20979673874338
2022-05-19,DE,2.39523369263919
2022-05-19,FR,0.558318244069258
2022-05-19,GB,2.67774166320612
2022-05-19,IE,2.23047146173447
2022-05-19,US,8.93853641053082
2022-05-19,JP,1.74296902163572
2022-05-20,AU,2.65271609105594
2022-05-20,CA,4.20765888196505
2022-05-20,DE,2.39078804676103
2022-05-20,FR,0.563180957594955
2022-05-20,GB,2.67865127346655
2022-05-20,IE,2.23677547593147
2022-05-20,US,8.95113372959457
2022-05-20,JP,1.74075251652328
2022-05-21,AU,2.63978798097532
2022-05-21,CA,4.18309757979702
2022-05-21,DE,2.40518502347152
2022-05-21,FR,0.562193227914959
2022-05-21,GB,2.66240243010463
2022-05-21,IE,2.23514781006368
2022-05-21,US,8.91028035444618
2022-05-21,JP,1.73706097930863
2022-05-22,AU,2.6578590487392
2022-05-22,CA,4.15046045263133
2022-05-22,DE,2.398599397785
2022-05-22,FR,0.563221721833238
2022-05-22,GB,2.63328842135124
2022-05-22,IE,2.25522053261499
2022-05-22,US,8.89030263236003
2022-05-22,JP,1.71968181950537
2022-05-23,AU,2.63962393717403
2022-05-23,CA,4.13503089860589
2022-05-23,DE,2.39587857798019
2022-05-23,FR,0.566733846940979
2022-05-23,GB,2.62200133091756
2022-05-23,IE,2.24892055632216
2022-05-23,US,8.90806346030371
2022-05-23,JP,1.71100678168941
2022-05-24,AU,2.65120651617276
2022-05-24,CA,4.14303873734159
2022-05-24,DE,2.38973469810621
2022-05-24,FR,0.564365403132599
2022-05-24,GB,2.61901770096682
2022-05-24,IE,2.26691474014207
2022-05-24,US,8.9153647259978
2022-05-24,JP,1.70256272176474
2022-05-25,AU,2.65555848274302
2022-05-25,CA,4.14059431297882
2022-05-25,DE,2.39358666758677
2022-05-25,FR,0.568102702030707
2022-05-25,GB,2.61769069718817
2022-05-25,IE,2.25054412717728
2022-05-25,US,8.90621778602374
2022-05-25,JP,1.70193928032612
2022-05-26,AU,2.66119335469127
2022-05-26,CA,4.13505120194499
2022-05-26,DE,2.42199425696222
2022-05-26,FR,0.571720023284024
2022-05-26,GB,2.59835346379509
2022-05-26,IE,2.24416496856797
2022-05-26,US,8.85369521364128
2022-05-26,JP,1.69952466851913
2022-05-27,AU,2.67146074750743
2022-05-27,CA,4.15271190287684
2022-05-27,DE,2.43384035784414
2022-05-27,FR,0.57296189448273
2022-05-27,GB,2.59224483414668
2022-05-27,IE,2.23187821543881
2022-05-27,US,8.79785556289335
2022-05-27,JP,1.69285763635766
2022-05-28,AU,2.67549314619006
2022-05-28,CA,4.17844958910758
2022-05-28,DE,2.44560337869112
2022-05-28,FR,0.583299758585083
2022-05-28,GB,2.58469614587293
2022-05-28,IE,2.25236547026565
2022-05-28,US,8.80472874999284
2022-05-28,JP,1.68858410710174
2022-05-29,AU,2.6836192549287
2022-05-29,CA,4.22018986782303
2022-05-29,DE,2.46217095780665
2022-05-29,FR,0.58718354022364
2022-05-29,GB,2.57635777672925
2022-05-29,IE,2.20735545411052
2022-05-29,US,8.76394173171198
2022-05-29,JP,1.69635302901874
2022-05-30,AU,2.72659348559692
2022-05-30,CA,4.2331923465048
2022-05-30,DE,2.46109091473438
2022-05-30,FR,0.588984785020143
2022-05-30,GB,2.55856010179249
2022-05-30,IE,2.18529625778121
2022-05-30,US,8.70736076363356
2022-05-30,JP,1.68219646359648
2022-05-31,AU,2.74626076819943
2022-05-31,CA,4.23886504956298
2022-05-31,DE,2.45405455353948
2022-05-31,FR,0.591573000300166
2022-05-31,GB,2.5483158546957
2022-05-31,IE,2.16523474409161
2022-05-31,US,8.72656996212024
2022-05-31,JP,1.6861696180362
2022-06-01,AU,2.7536319620947
2022-06-01,CA,4.25512400467252
2022-06-01,DE,2.44640014341022
2022-06-01,FR,0.586060414652996
2022-06-01,GB,2.51770062088775
2022-06-01,IE,2.12462562101462
2022-06-01,US,8.73239410352997
2022-06-01,JP,1.68413957079396
2022-06-02,AU,2.7504227498726
2022-06-02,CA,4.26128686697702
2022-06-02,DE,2.42965791597436
2022-06-02,FR,0.587784249648652
2022-06-02,GB,2.50347882203463
2022-06-02,IE,2.10176745121453
2022-06-02,US,8.77142236292705
2022-06-02,JP,1.68001560477535
2022-06-03,AU,2.74700082322927
2022-06-03,CA,4.26299874692077
2022-06-03,DE,2.42349571527353
2022-06-03,FR,0.589133902343893
2022-06-03,GB,2.49795270999808
2022-06-03,IE,2.07758406883575
2022-06-03,US,8.79313199870217
2022-06-03,JP,1.67510420263822
2022-06-04,AU,2.76909859943734
2022-06-04,CA,4.27866040932928
2022-06-04,DE,2.41850106038504
2022-06-04,FR,0.584822175978629
2022-06-04,GB,2.5204568693607
2022-06-04,IE,2.07086368644826
2022-06-04,US,8.82247851783519
2022-06-04,JP,1.68676319031225
2022-06-05,AU,2.77413624521078
2022-06-05,CA,4.29073800649676
2022-06-05,DE,2.41368627725631
2022-06-05,FR,0.585006976678946
2022-06-05,GB,2.54841236648767
2022-06-05,IE,2.09574201313043
2022-06-05,US,8.89630488571047
2022-06-05,JP,1.70135376030003
2022-06-06,AU,2.77831003930842
2022-06-06,CA,4.30722573849686
2022-06-06,DE,2.44391925701723
2022-06-06,FR,0.595862321418049
2022-06-06,GB,2.58305147537335
2022-06-06,IE,2.12131637247396
2022-06-06,US,8.95112419739585
2022-06-06,JP,1.72121829912113
2022-06-07,AU,2.78400578083693
2022-06-07,CA,4.30941939807898
2022-06-07,DE,2.45477383090487
2022-06-07,FR,0.597107356595673
2022-06-07,GB,2.60153127928275
2022-06-07,IE,2.12814507923733
2022-06-07,US,8.93174792288623
2022-06-07,JP,1.74675298646329
2022-06-08,AU,2.8138635453402
2022-06-08,CA,4.30214998146199
2022-06-08,DE,2.45239702656041
2022-06-08,FR,0.600853341976862
2022-06-08,GB,2.63660779577929
2022-06-08,IE,2.15822516460276
2022-06-08,US,8.92514375830327
2022-06-08,JP,1.76477852729276
2022-06-09,AU,2.84058057206999
2022-06-09,CA,4.30628317329439
2022-06-09,DE,2.43867824816591
2022-06-09,FR,0.600208380150906
2022-06-09,GB,2.65287962130344
2022-06-09,IE,2.18697926611916
2022-06-09,US,8.91594561845468
2022-06-09,JP,1.77363581956214
2022-06-10,AU,2.87598779370192
2022-06-10,CA,4.32031944222769
2022-06-10,DE,2.43602754062568
2022-06-10,FR,0.59749920635776
2022-06-10,GB,2.663414249244
2022-06-10,IE,2.23194475853018
2022-06-10,US,8.92830197493438
2022-06-10,JP,1.77806258738203
2022-06-11,AU,2.86995449289546
2022-06-11,CA,4.31840030198254
2022-06-11,DE,2.41600553905872
2022-06-11,FR,0.599681019733862
2022-06-11,GB,2.6610801602791
2022-06-11,IE,2.23664767108107
2022-06-11,US,8.93790283272121
2022-06-11,JP,1.77450365878983
2022-06-12,AU,2.84905243008405
2022-06-12,CA,4.31226172402339
2022-06-12,DE,2.42569433099282
2022-06-12,FR,0.598827610062655
2022-06-12,GB,2.65716674577603
2022-06-12,IE,2.25524391351269
2022-06-12,US,8.93558936660499
2022-06-12,JP,1.76616320131011
2022-06-13,AU,2.84754446668592
2022-06-13,CA,4.31382381809896
2022-06-13,DE,2.41012214801655
2022-06-13,FR,0.592699994874282
2022-06-13,GB,2.65151288040521
2022-06-13,IE,2.24257687398539
2022-06-13,US,8.93553774212706
2022-06-13,JP,1.7623681945673
2022-06-14,AU,2.833977864305
2022-06-14,CA,4.30085661579404
2022-06-14,DE,2.40735313384197
2022-06-14,FR,0.593093819851701
2022-06-14,GB,2.63341667268772
2022-06-14,IE,2.22356512366948
2022-06-14,US,8.93396955757596
2022-06-14,JP,1.73872525840571
2022-06-15,AU,2.82204250964259
2022-06-15,CA,4.31656603665903
2022-06-15,DE,2.42051880025942
2022-06-15,FR,0.592987880953597
2022-06-15,GB,2.61034172922714
2022-06-15,IE,2.22423290423744
2022-06-15,US,8.94724322381201
2022-06-15,JP,1.72790295652721
2022-06-16,AU,2.80735263572356
2022-06-16,CA,4.32695545189633
2022-06-16,DE,2.44665565112128
2022-06-16,FR,0.594258791510496
2022-06-16,GB,2.60294824112838
2022-06-16,IE,2.24593686514105
2022-06-16,US,8.96547272259672
2022-06-16,JP,1.73129935796381
2022-06-17,AU,2.79181718353916
2022-06-17,CA,4.32670882601772
2022-06-17,DE,2.45964475909637
2022-06-17,FR,0.601614191540738
2022-06-17,GB,2.58228931450918
2022-06-17,IE,2.2430769920629
2022-06-17,US,8.96581866384909
2022-06-17,JP,1.73225648173788
2022-06-18,AU,2.80077083028561
2022-06-18,CA,4.34421435904532
2022-06-18,DE,2.48518123381815
2022-06-18,FR,0.601343239536415
2022-06-18,GB,2.56386954175376
2022-06-18,IE,2.22980896925419
2022-06-18,US,8.96352043986757
2022-06-18,JP,1.74731494153782
2022-06-19,AU,2.81691058405787
2022-06-19,CA,4.3410520613613
2022-06-19,DE,2.50024856562881
2022-06-19,FR,0.601001006612357
2022-06-19,GB,2.54431498136575
2022-06-19,IE,2.23615788044625
2022-06-19,US,8.94140516489195
2022-06-19,JP,1.74842674206748
2022-06-20,AU,2.79989560646473
2022-06-20,CA,4.34058183516057
2022-06-20,DE,2.49971367166057
2022-06-20,FR,0.598932588150711
2022-06-20,GB,2.53982269282694
2022-06-20,IE,2.24585928213617
2022-06-20,US,8.95051457241557
2022-06-20,JP,1.75396445307197
2022-06-21,AU,2.79849812214996
2022-06-21,CA,4.34767030078453
2022-06-21,DE,2.50529693982046
2022-06-21,FR,0.602639100760112
2022-06-21,GB,2.55030313825752
2022-06-21,IE,2.27848010191444
2022-06-21,US,8.97277047424266
2022-06-21,JP,1.75476894129351
2022-06-22,AU,2.78135137141468
2022-06-22,CA,4.34402586324918
2022-06-22,DE,2.51314207173741
2022-06-22,FR,0.605437340277491
2022-06-22,GB,2.57082237822076
2022-06-22,IE,2.28549543989223
2022-06-22,US,8.9833941249713
2022-06-22,JP,1.74986862816686
2022-06-23,AU,2.77079656093517
2022-06-23,CA,4.3472349948817
2022-06-23,DE,2.50302774489837
2022-06-23,FR,0.604375339844
2022-06-23,GB,2.59858560326192
2022-06-23,IE,2.28124126734376
2022-06-23,US,8.98059620939115
2022-06-23,JP,1.7445858057203
2022-06-24,AU,2.73771811898252
2022-06-24,CA,4.34737691960083
2022-06-24,DE,2.4855113064317
2022-06-24,FR,0.599483501304433
2022-06-24,GB,2.62689483090016
2022-06-24,IE,2.29640265137889
2022-06-24,US,8.97317568064533
2022-06-24,JP,1.76111373421221
2022-06-25,AU,2.71289895698943
2022-06-25,CA,4.33196960142129
2022-06-25,DE,2.45849509569449
2022-06-25,FR,0.599702679108008
2022-06-25,GB,2.63762150988247
2022-06-25,IE,2.30293070923923
2022-06-25,US,8.97987342583232
2022-06-25,JP,1.74971013644959
2022-06-26,AU,2.69288009830373
2022-06-26,CA,4.34231530756063
2022-06-26,DE,2.41637988891279
2022-06-26,FR,0.621882567162861
2022-06-26,GB,2.65555434102646
2022-06-26,IE,2.28784591743099
2022-06-26,US,9.00708451503448
2022-06-26,JP,1.76377215263583
2022-06-27,AU,2.67059629795242
2022-06-27,CA,4.32859181613917
2022-06-27,DE,2.41180381723207
2022-06-27,FR,0.62713428683122
2022-06-27,GB,2.65199339602431
2022-06-27,IE,2.286563012676
2022-06-27,US,8.99471262171249
2022-06-27,JP,1.78602242958728
2022-06-28,AU,2.65122664829872
2022-06-28,CA,4.32380665559917
2022-06-28,DE,2.40668481891302
2022-06-28,FR,0.624550929548777
2022-06-28,GB,2.65135854378419
2022-06-28,IE,2.25659107457982
2022-06-28,US,8.96566611187636
2022-06-28,JP,1.80363218357049
2022-06-29,AU,2.64319619999091
2022-06-29,CA,4.3163080962941
2022-06-29,DE,2.39442698304178
2022-06-29,FR,0.625790490722396
2022-06-29,GB,2.64834697925688
2022-06-29,IE,2.2500240976732
2022-06-29,US,8.94791347446438
2022-06-29,JP,1.82210287538661
2022-06-30,AU,2.65320141512098
2022-06-30,CA,4.31458460154121
2022-06-30,DE,2.39751534022047
2022-06-30,FR,0.629080681113944
2022-06-30,GB,2.63923747515606
2022-06-30,IE,2.24889148388858
2022-06-30,US,8.95449671943179
2022-06-30,JP,1.83380421113237
2022-07-01,AU,2.69675823570316
2022-07-01,CA,4.33615119928803
2022-07-01,DE,2.41142001138784
2022-07-01,FR,0.634476139475008
2022-07-01,GB,2.65024490690459
2022-07-01,IE,2.25245477862024
2022-07-01,US,9.02592779232798
2022-07-01,JP,1.82622576248206
2022-07-02,AU,2.71576219503538
2022-07-02,CA,4.37766306168652
2022-07-02,DE,2.42809959743571
2022-07-02,FR,0.634066891131767
2022-07-02,GB,2.66948654843666
2022-07-02,IE,2.28073344999965
2022-07-02,US,9.14272800248624
2022-07-02,JP,1.82317076070921
2022-07-03,AU,2.71184122104499
2022-07-03,CA,4.37662017761062
2022-07-03,DE,2.43362678485284
2022-07-03,FR,0.611321753074259
2022-07-03,GB,2.65859217289187
2022-07-03,IE,2.28481217898299
2022-07-03,US,9.1897694407853
2022-07-03,JP,1.8144374750433
2022-07-04,AU,2.72405819820386
2022-07-04,CA,4.36712629504111
2022-07-04,DE,2.43334104763868
2022-07-04,FR,0.610045219189123
2022-07-04,GB,2.64983446897781
2022-07-04,IE,2.26683554821675
2022-07-04,US,9.17365365612009
2022-07-04,JP,1.7918449268619
2022-07-05,AU,2.72894177895391
2022-07-05,CA,4.3667363401704
2022-07-05,DE,2.44247193393007
2022-07-05,FR,0.614393755002487
2022-07-05,GB,2.64743422905634
2022-07-05,IE,2.2727228245516
2022-07-05,US,9.16894701042012
2022-07-05,JP,1.79766842556187
2022-07-06,AU,2.733850987918
2022-07-06,CA,4.36632892907396
2022-07-06,DE,2.45198247665604
2022-07-06,FR,0.619003857236718
2022-07-06,GB,2.644900510969
2022-07-06,IE,2.27899376715291
2022-07-06,US,9.16403344015303
2022-07-06,JP,1.80445781391495
2022-07-07,AU,2.73878602737133
2022-07-07,CA,4.36590286029812
2022-07-07,DE,2.46189690048706
2022-07-07,FR,0.623899949238287
2022-07-07,GB,2.64222182535143
2022-07-07,IE,2.28568731529504
2022-07-07,US,9.1588989647968
2022-07-07,JP,1.79666635822965
2022-07-08,AU,2.74374710172344
2022-07-08,CA,4.36545681930102
2022-07-08,DE,2.47224153971165
2022-07-08,FR,0.62910960512168
2022-07-08,GB,2.63938532069014
2022-07-08,IE,2.29284788765535
2022-07-08,US,9.15352831270799
2022-07-08,JP,1.78583207856178
2022-07-09,AU,2.74873441754641
2022-07-09,CA,4.36498936479577
2022-07-09,DE,2.48304507344461
2022-07-09,FR,0.634664076972855
2022-07-09,GB,2.63637657455648
2022-07-09,IE,2.30052638617895
2022-07-09,US,9.14790476822406
2022-07-09,JP,1.78041243467752
2022-07-10,AU,2.75374818360357
2022-07-10,CA,4.36449891306077
2022-07-10,DE,2.49433879308579
2022-07-10,FR,0.640598932052247
2022-07-10,GB,2.63317934508566
2022-07-10,IE,2.30878143021975
2022-07-10,US,9.14200999646097
2022-07-10,JP,1.77233337616205
2022-07-11,AU,2.7587886108786
2022-07-11,CA,4.36398371985447
2022-07-11,DE,2.50615690732007
2022-07-11,FR,0.646954827864368
2022-07-11,GB,2.62977527354374
2022-07-11,IE,2.31768088538043
2022-07-11,US,9.13582384190648
2022-07-11,JP,1.76699685355779
2022-07-12,AU,2.76385591260516
2022-07-12,CA,4.36344185949544
2022-07-12,DE,2.51853689096695
2022-07-12,FR,0.653778461371822
2022-07-12,GB,2.62614352632364
2022-07-12,IE,2.32730377305046
2022-07-12,US,9.12932409610816
2022-07-12,JP,1.74696627969414
2022-07-13,AU,2.76895030429694
2022-07-13,CA,4.3628712005741
2022-07-13,DE,2.53151988523213
2022-07-13,FR,0.661123740024806
2022-07-13,GB,2.62226036140889
2022-07-13,IE,2.33774267675102
2022-07-13,US,9.122486228764
2022-07-13,JP,1.72834541016431
2022-07-14,AU,2.77407200377822
2022-07-14,CA,4.36226937764428
2022-07-14,DE,2.5451511584413
2022-07-14,FR,0.669053237882102
2022-07-14,GB,2.61809859994627
2022-07-14,IE,2.34910680398718
2022-07-14,US,9.11528307528916
2022-07-14,JP,1.72931615025343
2022-07-15,AU,2.77922123121493
2022-07-15,CA,4.36163375809359
2022-07-15,DE,2.55948063822126
2022-07-15,FR,0.677640021730171
2022-07-15,GB,2.6136269776542
2022-07-15,IE,2.36152592344401
2022-07-15,US,9.10768447238878
2022-07-15,JP,1.73033829021207
2022-07-16,AU,2.78439820914619
2022-07-16,CA,4.36096140320401
2022-07-16,DE,2.57456352843217
2022-07-16,FR,0.686969962479966
2022-07-16,GB,2.60880934275514
2022-07-16,IE,2.37515548654091
2022-07-16,US,9.0996568312232
2022-07-16,JP,1.73693764803218
2022-07-17,AU,2.7896031625164
2022-07-17,CA,4.36024902217393
2022-07-17,DE,2.59046102707078
2022-07-17,FR,0.697144690372728
2022-07-17,GB,2.60360365607054
2022-07-17,IE,2.39018337474728
2022-07-17,US,9.09116263529051
2022-07-17,JP,1.73043082860869
2022-07-18,AU,2.80343535288454
2022-07-18,CA,4.3941123532165
2022-07-18,DE,2.58315162253817
2022-07-18,FR,0.695128369305046
2022-07-18,GB,2.60505901372337
2022-07-18,IE,2.4022339993381
2022-07-18,US,9.16493545965502
2022-07-18,JP,1.74537457662681
2022-07-19,AU,2.79907063597471
2022-07-19,CA,4.41263488269052
2022-07-19,DE,2.57928987416832
2022-07-19,FR,0.690348671041121
2022-07-19,GB,2.59973994616837
2022-07-19,IE,2.42873358626632
2022-07-19,US,9.24797623838483
2022-07-19,JP,1.74905216446787
2022-07-20,AU,2.80028104171091
2022-07-20,CA,4.40472690721634
2022-07-20,DE,2.56147126623716
2022-07-20,FR,0.684257300544675
2022-07-20,GB,2.59795630400529
2022-07-20,IE,2.41325316878205
2022-07-20,US,9.26781294759549
2022-07-20,JP,1.75366540861942
2022-07-21,AU,2.78383909245999
2022-07-21,CA,4.40444135741046
2022-07-21,DE,2.53516228135095
2022-07-21,FR,0.678494902378087
2022-07-21,GB,2.58802247170366
2022-07-21,IE,2.38804503398121
2022-07-21,US,9.30412799209633
2022-07-21,JP,1.7544685011443
2022-07-22,AU,2.74412352656016
2022-07-22,CA,4.39425916879879
2022-07-22,DE,2.51742022356408
2022-07-22,FR,0.673974158883141
2022-07-22,GB,2.5714275425178
2022-07-22,IE,2.35502722262555
2022-07-22,US,9.30683651001759
2022-07-22,JP,1.76415411280096
2022-07-23,AU,2.70732731885539
2022-07-23,CA,4.37010115639845
2022-07-23,DE,2.49885567201368
2022-07-23,FR,0.677122095245481
2022-07-23,GB,2.56707105258009
2022-07-23,IE,2.32635206478012
2022-07-23,US,9.26653955106298
2022-07-23,JP,1.77360829558791
2022-07-24,AU,2.70775238245093
2022-07-24,CA,4.38908260687917
2022-07-24,DE,2.48951174887593
2022-07-24,FR,0.681388603522756
2022-07-24,GB,2.60134552029247
2022-07-24,IE,2.33555165911303
2022-07-24,US,9.27238801084716
2022-07-24,JP,1.79812458493609
2022-07-25,AU,2.68268318096508
2022-07-25,CA,4.39405751298231
2022-07-25,DE,2.49571926559312
2022-07-25,FR,0.684330488710714
2022-07-25,GB,2.61349665695932
2022-07-25,IE,2.3338508199575
2022-07-25,US,9.28074164693161
2022-07-25,JP,1.80375100221469
2022-07-26,AU,2.67529592897872
2022-07-26,CA,4.40379286925863
2022-07-26,DE,2.49154475111559
2022-07-26,FR,0.686456864852531
2022-07-26,GB,2.61566748622934
2022-07-26,IE,2.29557429425493
2022-07-26,US,9.28169186659427
2022-07-26,JP,1.81953467804325
2022-07-27,AU,2.65462424508023
2022-07-27,CA,4.43955018237818
2022-07-27,DE,2.48635722706985
2022-07-27,FR,0.689831640108567
2022-07-27,GB,2.6105504808466
2022-07-27,IE,2.2985398246166
2022-07-27,US,9.32220927899758
2022-07-27,JP,1.83175507998762
2022-07-28,AU,2.65423638917186
2022-07-28,CA,4.45443135823353
2022-07-28,DE,2.49404759643981
2022-07-28,FR,0.692568819808048
2022-07-28,GB,2.60771676857362
2022-07-28,IE,2.32180850482145
2022-07-28,US,9.32542827805892
2022-07-28,JP,1.84271034564982
2022-07-29,AU,2.64598008543436
2022-07-29,CA,4.46781637659629
2022-07-29,DE,2.49421078949155
2022-07-29,FR,0.691837904971452
2022-07-29,GB,2.60800967065952
2022-07-29,IE,2.317044899404
2022-07-29,US,9.33172375572207
2022-07-29,JP,1.857875518979
2022-07-30,AU,2.65249359812819
2022-07-30,CA,4.4765737120273
2022-07-30,DE,2.50051143243344
2022-07-30,FR,0.689771209041972
2022-07-30,GB,2.60405789273921
2022-07-30,IE,2.32110779771848
2022-07-30,US,9.36806809047638
2022-07-30,JP,1.8606984542742
2022-07-31,AU,2.64012892880254
2022-07-31,CA,4.49360501602955
2022-07-31,DE,2.52057830737979
2022-07-31,FR,0.69255810807361
2022-07-31,GB,2.59123879597122
2022-07-31,IE,2.30196182820375
2022-07-31,US,9.44229474798001
2022-07-31,JP,1.86867368508968
2022-08-01,AU,2.6495620382657
2022-08-01,CA,4.51847806077811
2022-08-01,DE,2.52871470596693
2022-08-01,FR,0.695671394178112
2022-08-01,GB,2.59035081233625
2022-08-01,IE,2.33149818776772
2022-08-01,US,9.46264441873506
2022-08-01,JP,1.8698868413544
2022-08-02,AU,2.66254841794541
2022-08-02,CA,4.54327501039335
2022-08-02,DE,2.5385041440636
2022-08-02,FR,0.699831782309334
2022-08-02,GB,2.60296145014654
2022-08-02,IE,2.35789968386116
2022-08-02,US,9.46759362652247
2022-08-02,JP,1.87380564699347
2022-08-03,AU,2.67627170191523
2022-08-03,CA,4.56900982891447
2022-08-03,DE,2.54908212059693
2022-08-03,FR,0.698636931895232
2022-08-03,GB,2.61606889929533
2022-08-03,IE,2.36908693950429
2022-08-03,US,9.47515613531829
2022-08-03,JP,1.87176698308922
2022-08-04,AU,2.66166762981553
2022-08-04,CA,4.59357847411535
2022-08-04,DE,2.55908933847279
2022-08-04,FR,0.696427975418461
2022-08-04,GB,2.63340151081752
2022-08-04,IE,2.36658627481399
2022-08-04,US,9.50040038811172
2022-08-04,JP,1.88209766609995
2022-08-05,AU,2.68034518191284
2022-08-05,CA,4.58404670800872
2022-08-05,DE,2.566964243751
2022-08-05,FR,0.697635642252034
2022-08-05,GB,2.6373694671039
2022-08-05,IE,2.37920199630237
2022-08-05,US,9.51131672786265
2022-08-05,JP,1.88313191258051
2022-08-06,AU,2.68030200574497
2022-08-06,CA,4.5937811622805
2022-08-06,DE,2.58431009880557
2022-08-06,FR,0.699173460150702
2022-08-06,GB,2.64307689934643
2022-08-06,IE,2.38835845262796
2022-08-06,US,9.49798384405649
2022-08-06,JP,1.88707132599967
2022-08-07,AU,2.67776371455957
2022-08-07,CA,4.58401612116102
2022-08-07,DE,2.57749299921694
2022-08-07,FR,0.691935902163175
2022-08-07,GB,2.65768151793592
2022-08-07,IE,2.40611352314226
2022-08-07,US,9.46180057876367
2022-08-07,JP,1.88361134475369
2022-08-08,AU,2.67116215208165
2022-08-08,CA,4.56819512398177
2022-08-08,DE,2.57704916084116
2022-08-08,FR,0.692353067676784
2022-08-08,GB,2.66762082166956
2022-08-08,IE,2.39259559877156
2022-08-08,US,9.4529062408736
2022-08-08,JP,1.89319609518854
2022-08-09,AU,2.64728500672224
2022-08-09,CA,4.57028246900932
2022-08-09,DE,2.57708927450932
2022-08-09,FR,0.696601538167266
2022-08-09,GB,2.67255427082416
2022-08-09,IE,2.38687063762538
2022-08-09,US,9.46158718743655
2022-08-09,JP,1.89262825738001
2022-08-10,AU,2.61117330216708
2022-08-10,CA,4.54129952940754
2022-08-10,DE,2.58281504341385
2022-08-10,FR,0.702405662187669
2022-08-10,GB,2.67297737059275
2022-08-10,IE,2.37439159238628
2022-08-10,US,9.48230324019884
2022-08-10,JP,1.88995381024725
2022-08-11,AU,2.61386451169802
2022-08-11,CA,4.52232423520015
2022-08-11,DE,2.57524124449327
2022-08-11,FR,0.705316414132077
2022-08-11,GB,2.66476096035004
2022-08-11,IE,2.38214744767919
2022-08-11,US,9.47497429435513
2022-08-11,JP,1.88748031122909
2022-08-12,AU,2.58444586795145
2022-08-12,CA,4.53088565548733
2022-08-12,DE,2.56689722165603
2022-08-12,FR,0.707992875297375
2022-08-12,GB,2.66523668218055
2022-08-12,IE,2.38209431801482
2022-08-12,US,9.46400008539469
2022-08-12,JP,1.89315266375599
2022-08-13,AU,2.57973179575613
2022-08-13,CA,4.52688408906983
2022-08-13,DE,2.54860619777208
2022-08-13,FR,0.710216767740746
2022-08-13,GB,2.65866019492075
2022-08-13,IE,2.36316959096349
2022-08-13,US,9.44327625570694
2022-08-13,JP,1.90305867262596
2022-08-14,AU,2.57311491435934
2022-08-14,CA,4.52500420027549
2022-08-14,DE,2.54712160505864
2022-08-14,FR,0.717611551110406
2022-08-14,GB,2.63975959771523
2022-08-14,IE,2.34386238090595
2022-08-14,US,9.42041841786532
2022-08-14,JP,1.91800005644762
2022-08-15,AU,2.5758923197166
2022-08-15,CA,4.5279809434522
2022-08-15,DE,2.5483710687187
2022-08-15,FR,0.724487103647484
2022-08-15,GB,2.63600292216224
2022-08-15,IE,2.35282128881788
2022-08-15,US,9.42754043548446
2022-08-15,JP,1.92664978347333
2022-08-16,AU,2.58837728545849
2022-08-16,CA,4.50994203978003
2022-08-16,DE,2.54542054637641
2022-08-16,FR,0.70948064473836
2022-08-16,GB,2.64405101849394
2022-08-16,IE,2.38067867582149
2022-08-16,US,9.4151290067378
2022-08-16,JP,1.94166374106584
2022-08-17,AU,2.60523428661655
2022-08-17,CA,4.5192050283197
2022-08-17,DE,2.54463553303291
2022-08-17,FR,0.695926572629304
2022-08-17,GB,2.65628303571187
2022-08-17,IE,2.39972398298045
2022-08-17,US,9.392991653316
2022-08-17,JP,1.95784444315815
2022-08-18,AU,2.6041843885197
2022-08-18,CA,4.52933170643378
2022-08-18,DE,2.55526600838118
2022-08-18,FR,0.685062427001237
2022-08-18,GB,2.66385240055787
2022-08-18,IE,2.40140946016718
2022-08-18,US,9.4003696261272
2022-08-18,JP,1.97100877224594
2022-08-19,AU,2.6200855154944
2022-08-19,CA,4.53023939614183
2022-08-19,DE,2.56278741611615
2022-08-19,FR,0.672713006816713
2022-08-19,GB,2.66664695246175
2022-08-19,IE,2.41131947032266
2022-08-19,US,9.42622089440115
2022-08-19,JP,1.99035181728223
2022-08-20,AU,2.61591790614954
2022-08-20,CA,4.54435856143062
2022-08-20,DE,2.56306781227301
2022-08-20,FR,0.65489924139284
2022-08-20,GB,2.68161293965584
2022-08-20,IE,2.42348047634308
2022-08-20,US,9.45632782923982
2022-08-20,JP,1.99815158758599
2022-08-21,AU,2.64648765437459
2022-08-21,CA,4.56081804835563
2022-08-21,DE,2.5722552909797
2022-08-21,FR,0.636117389413338
2022-08-21,GB,2.70072038140456
2022-08-21,IE,2.44787953577929
2022-08-21,US,9.50040657974802
2022-08-21,JP,1.99947894155073
2022-08-22,AU,2.65495089289466
2022-08-22,CA,4.55450237648189
2022-08-22,DE,2.57960520695325
2022-08-22,FR,0.614227381406904
2022-08-22,GB,2.70645611671117
2022-08-22,IE,2.43324871765758
2022-08-22,US,9.52481756063715
2022-08-22,JP,1.99921328971099
2022-08-23,AU,2.66028761775813
2022-08-23,CA,4.55955358231735
2022-08-23,DE,2.59561410409734
2022-08-23,FR,0.617738357562777
2022-08-23,GB,2.70690014621522
2022-08-23,IE,2.40847091542611
2022-08-23,US,9.54089473294712
2022-08-23,JP,2.00206717234005
2022-08-24,AU,2.68770440191734
2022-08-24,CA,4.56388500028899
2022-08-24,DE,2.60851900444395
2022-08-24,FR,0.617896945421884
2022-08-24,GB,2.70610924984889
2022-08-24,IE,2.41061285867304
2022-08-24,US,9.54652475033277
2022-08-24,JP,2.01966574232907
2022-08-25,AU,2.7042061742914
2022-08-25,CA,4.54875170934223
2022-08-25,DE,2.61305548193473
2022-08-25,FR,0.619089334756043
2022-08-25,GB,2.71840195364241
2022-08-25,IE,2.40374090188595
2022-08-25,US,9.52231510175537
2022-08-25,JP,2.02876567896968
2022-08-26,AU,2.72142275308381
2022-08-26,CA,4.53247781440332
2022-08-26,DE,2.61594987080849
2022-08-26,FR,0.62017326455713
2022-08-26,GB,2.73627805696515
2022-08-26,IE,2.39685469344803
2022-08-26,US,9.49283537087902
2022-08-26,JP,2.02222446919892
2022-08-27,AU,2.75193788104049
2022-08-27,CA,4.51909933288857
2022-08-27,DE,2.64180313193455
2022-08-27,FR,0.623779745405038
2022-08-27,GB,2.75491153876221
2022-08-27,IE,2.41722479561685
2022-08-27,US,9.46196977188338
2022-08-27,JP,2.0265019988786
2022-08-28,AU,2.74656908852916
2022-08-28,CA,4.5034020258372
2022-08-28,DE,2.63948828925605
2022-08-28,FR,0.628859333937645
2022-08-28,GB,2.75448885570943
2022-08-28,IE,2.4059201440023
2022-08-28,US,9.43020665624214
2022-08-28,JP,2.03733099463562
2022-08-29,AU,2.75341194171503
2022-08-29,CA,4.49909231962373
2022-08-29,DE,2.62918396515035
2022-08-29,FR,0.630947473367425
2022-08-29,GB,2.77518164666103
2022-08-29,IE,2.40981001865617
2022-08-29,US,9.40648061086335
2022-08-29,JP,2.04097323283956
2022-08-30,AU,2.75546233138172
2022-08-30,CA,4.50041235881744
2022-08-30,DE,2.62528588035786
2022-08-30,FR,0.628037316526672
2022-08-30,GB,2.79764705693297
2022-08-30,IE,2.41726883347559
2022-08-30,US,9.39341895859714
2022-08-30,JP,2.04008494981319
2022-08-31,AU,2.73588332436943
2022-08-31,CA,4.48391146213784
2022-08-31,DE,2.63945608755326
2022-08-31,FR,0.62889599076434
2022-08-31,GB,2.81455637394635
2022-08-31,IE,2.43526925024226
2022-08-31,US,9.38934554220504
2022-08-31,JP,2.02559693411188
2022-09-01,AU,2.72270383656385
2022-09-01,CA,4.48095548087816
2022-09-01,DE,2.64933926508519
2022-09-01,FR,0.630381341762916
2022-09-01,GB,2.82432040620184
2022-09-01,IE,2.43607182500254
2022-09-01,US,9.38242985791477
2022-09-01,JP,2.00809449882192
2022-09-02,AU,2.71671344078182
2022-09-02,CA,4.48114469355484
2022-09-02,DE,2.65249195661544
2022-09-02,FR,0.634008136740245
2022-09-02,GB,2.83347968567531
2022-09-02,IE,2.45935069792162
2022-09-02,US,9.37492897873282
2022-09-02,JP,2.00144526138149
2022-09-03,AU,2.70562307459557
2022-09-03,CA,4.47183507457873
2022-09-03,DE,2.64445627025338
2022-09-03,FR,0.637060107256179
2022-09-03,GB,2.83923351733304
2022-09-03,IE,2.44965341632246
2022-09-03,US,9.36169663223456
2022-09-03,JP,1.99622576066095
2022-09-04,AU,2.69857335897811
2022-09-04,CA,4.46396920384026
2022-09-04,DE,2.65932910953184
2022-09-04,FR,0.640342720834689
2022-09-04,GB,2.8672002980871
2022-09-04,IE,2.46259577026786
2022-09-04,US,9.3149778946242
2022-09-04,JP,1.9799367183854
2022-09-05,AU,2.67905121989749
2022-09-05,CA,4.47656823693254
2022-09-05,DE,2.66097311607281
2022-09-05,FR,0.638181168518174
2022-09-05,GB,2.87322383273675
2022-09-05,IE,2.46731191907529
2022-09-05,US,9.27298702999109
2022-09-05,JP,1.9735227257555
2022-09-06,AU,2.67753367178859
2022-09-06,CA,4.48575459259205
2022-09-06,DE,2.65692424109243
2022-09-06,FR,0.63524620537725
2022-09-06,GB,2.86959806240854
2022-09-06,IE,2.4658218519269
2022-09-06,US,9.27985297599477
2022-09-06,JP,1.9619184788731
2022-09-07,AU,2.67854210393157
2022-09-07,CA,4.49951005816057
2022-09-07,DE,2.63520510450093
2022-09-07,FR,0.635089785381634
2022-09-07,GB,2.86819391310787
2022-09-07,IE,2.45517445966883
2022-09-07,US,9.2829118950211
2022-09-07,JP,1.95773584635052
2022-09-08,AU,2.68339909957792
2022-09-08,CA,4.51717765169298
2022-09-08,DE,2.62459660942175
2022-09-08,FR,0.629437269579787
2022-09-08,GB,2.85473779406921
2022-09-08,IE,2.45112433388599
2022-09-08,US,9.29229338901188
2022-09-08,JP,1.95737427601462
2022-09-09,AU,2.6646077706824
2022-09-09,CA,4.52949015623592
2022-09-09,DE,2.61543383981823
2022-09-09,FR,0.619979727145328
2022-09-09,GB,2.83075647077792
2022-09-09,IE,2.42466787194341
2022-09-09,US,9.29718182830922
2022-09-09,JP,1.94847365555651
2022-09-10,AU,2.65666034398034
2022-09-10,CA,4.52189782242473
2022-09-10,DE,2.61009736916835
2022-09-10,FR,0.608960302847058
2022-09-10,GB,2.79641400470298
2022-09-10,IE,2.38935462628756
2022-09-10,US,9.31398425252282
2022-09-10,JP,1.94375907106108
2022-09-11,AU,2.64233797478316
2022-09-11,CA,4.53670211594946
2022-09-11,DE,2.58347905765846
2022-09-11,FR,0.603163506280573
2022-09-11,GB,2.76210201861818
2022-09-11,IE,2.36510544334742
2022-09-11,US,9.3567565741472
2022-09-11,JP,1.94251332585925
2022-09-12,AU,2.64812114839804
2022-09-12,CA,4.53657869759366
2022-09-12,DE,2.58635085800527
2022-09-12,FR,0.601510193740541
2022-09-12,GB,2.75434265600684
2022-09-12,IE,2.36503723078342
2022-09-12,US,9.39553824658212
2022-09-12,JP,1.93970101226024
2022-09-13,AU,2.648593631873
2022-09-13,CA,4.53235826530608
2022-09-13,DE,2.59075905849469
2022-09-13,FR,0.60085460788255
2022-09-13,GB,2.73637921811645
2022-09-13,IE,2.34247662227097
2022-09-13,US,9.37452171012143
2022-09-13,JP,1.93861747555447
2022-09-14,AU,2.65923562350823
2022-09-14,CA,4.53464473411595
2022-09-14,DE,2.611799852787
2022-09-14,FR,0.602595971785336
2022-09-14,GB,2.72673864688861
2022-09-14,IE,2.33402324638813
2022-09-14,US,9.35776199902776
2022-09-14,JP,1.93771286897495
2022-09-15,AU,2.67378530141131
2022-09-15,CA,4.53375046198406
2022-09-15,DE,2.60679362639561
2022-09-15,FR,0.603176788657886
2022-09-15,GB,2.72908425990063
2022-09-15,IE,2.34439125066374
2022-09-15,US,9.35401912728933
2022-09-15,JP,1.93898617992378
2022-09-16,AU,2.69121852945701
2022-09-16,CA,4.53716574783747
2022-09-16,DE,2.62254201884825
2022-09-16,FR,0.604813559752566
2022-09-16,GB,2.72840693716731
2022-09-16,IE,2.35705184355495
2022-09-16,US,9.34896778088486
2022-09-16,JP,1.93948952999327
2022-09-17,AU,2.68799831373391
2022-09-17,CA,4.54208936641824
2022-09-17,DE,2.626403604605
2022-09-17,FR,0.606379093625403
2022-09-17,GB,2.72357188987038
2022-09-17,IE,2.39020079551732
2022-09-17,US,9.34305282359122
2022-09-17,JP,1.93678669891594
2022-09-18,AU,2.6885668894435
2022-09-18,CA,4.54895640590142
2022-09-18,DE,2.6499197171828
2022-09-18,FR,0.606168409899754
2022-09-18,GB,2.7088958740498
2022-09-18,IE,2.40264150319396
2022-09-18,US,9.35049896019811
2022-09-18,JP,1.92847619089415
2022-09-19,AU,2.6734591014209
2022-09-19,CA,4.55291911749821
2022-09-19,DE,2.67265768774315
2022-09-19,FR,0.608824347117651
2022-09-19,GB,2.69644067342356
2022-09-19,IE,2.41956933333876
2022-09-19,US,9.36078485476909
2022-09-19,JP,1.93357404688339
2022-09-20,AU,2.64943063806652
2022-09-20,CA,4.54403269181299
2022-09-20,DE,2.68735336648195
2022-09-20,FR,0.610470931922643
2022-09-20,GB,2.69992874100002
2022-09-20,IE,2.45432071220144
2022-09-20,US,9.3647566807342
2022-09-20,JP,1.93001245796304
2022-09-21,AU,2.59652739612924
2022-09-21,CA,4.53792129742391
2022-09-21,DE,2.68606894731131
2022-09-21,FR,0.606419942995515
2022-09-21,GB,2.69492046158232
2022-09-21,IE,2.46381954587201
2022-09-21,US,9.38418997282332
2022-09-21,JP,1.9224402195596
2022-09-22,AU,2.57566187594884
2022-09-22,CA,4.529391109508
2022-09-22,DE,2.70699418767843
2022-09-22,FR,0.608484379230886
2022-09-22,GB,2.69442116064595
2022-09-22,IE,2.46199945989262
2022-09-22,US,9.40460962962641
2022-09-22,JP,1.90739338694268
2022-09-23,AU,2.54904448724899
2022-09-23,CA,4.52120318245756
2022-09-23,DE,2.7169404649328
2022-09-23,FR,0.610073244911456
2022-09-23,GB,2.69762288729942
2022-09-23,IE,2.45353965484271
2022-09-23,US,9.42837267270543
2022-09-23,JP,1.91073390867186
2022-09-24,AU,2.52708856125948
2022-09-24,CA,4.52901704035231
2022-09-24,DE,2.73569871669488
2022-09-24,FR,0.610419996519053
2022-09-24,GB,2.7046755699368
2022-09-24,IE,2.45091223629866
2022-09-24,US,9.46046340758352
2022-09-24,JP,1.91391590495727
2022-09-25,AU,2.52736063066436
2022-09-25,CA,4.52192249148158
2022-09-25,DE,2.7491788944102
2022-09-25,FR,0.608771107905313
2022-09-25,GB,2.72516085828297
2022-09-25,IE,2.45501881402005
2022-09-25,US,9.47771026044304
2022-09-25,JP,1.92697580791432
2022-09-26,AU,2.53286539010987
2022-09-26,CA,4.52485768916173
2022-09-26,DE,2.74989630111364
2022-09-26,FR,0.611632415266709
2022-09-26,GB,2.73805321314828
2022-09-26,IE,2.47669632170681
2022-09-26,US,9.47223197252143
2022-09-26,JP,1.92270673352272
2022-09-27,AU,2.52624682757008
2022-09-27,CA,4.53179335578151
2022-09-27,DE,2.76071617240026
2022-09-27,FR,0.614370798755376
2022-09-27,GB,2.74931392980371
2022-09-27,IE,2.49639918866017
2022-09-27,US,9.49755781178294
2022-09-27,JP,1.92909326299398
2022-09-28,AU,2.54513826706646
2022-09-28,CA,4.53347251473419
2022-09-28,DE,2.77015317967522
2022-09-28,FR,0.616841559963071
2022-09-28,GB,2.75185418258878
2022-09-28,IE,2.49711339236162
2022-09-28,US,9.50702627193719
2022-09-28,JP,1.9444862994928
2022-09-29,AU,2.52613737255124
2022-09-29,CA,4.52656137542243
2022-09-29,DE,2.7753356295822
2022-09-29,FR,0.616351221466403
2022-09-29,GB,2.74928914117677
2022-09-29,IE,2.51038333424291
2022-09-29,US,9.50282805018285
2022-09-29,JP,1.96318476502289
2022-09-30,AU,2.51292120405617
2022-09-30,CA,4.52769266876087
2022-09-30,DE,2.77955594537449
2022-09-30,FR,0.615535597046945
2022-09-30,GB,2.75616390856696
2022-09-30,IE,2.53744704451162
2022-09-30,US,9.51998179695308
2022-09-30,JP,1.9623701332096
2022-10-01,AU,2.532505124895
2022-10-01,CA,4.52698015806564
2022-10-01,DE,2.78721191915857
2022-10-01,FR,0.616678650859759
2022-10-01,GB,2.75764173446586
2022-10-01,IE,2.51948423974807
2022-10-01,US,9.50950687132461
2022-10-01,JP,1.95198665488912
2022-10-02,AU,2.53139216221041
2022-10-02,CA,4.51357964444927
2022-10-02,DE,2.78938723916552
2022-10-02,FR,0.614559481646663
2022-10-02,GB,2.74966233708878
2022-10-02,IE,2.51162844354619
2022-10-02,US,9.51199071194966
2022-10-02,JP,1.94178852899551
2022-10-03,AU,2.54409962735091
2022-10-03,CA,4.49944593713425
2022-10-03,DE,2.81370536970808
2022-10-03,FR,0.612157658274436
2022-10-03,GB,2.75464247954314
2022-10-03,IE,2.47617572202654
2022-10-03,US,9.52703973148274
2022-10-03,JP,1.93020940983919
2022-10-04,AU,2.58975158265988
2022-10-04,CA,4.47848201863215
2022-10-04,DE,2.81043505871867
2022-10-04,FR,0.610637066173652
2022-10-04,GB,2.75296991436253
2022-10-04,IE,2.45577767009628
2022-10-04,US,9.52837698251742
2022-10-04,JP,1.91698533101281
2022-10-05,AU,2.64134269548456
2022-10-05,CA,4.4682557415214
2022-10-05,DE,2.80784835945419
2022-10-05,FR,0.608909453466205
2022-10-05,GB,2.76099138758225
2022-10-05,IE,2.45115482603402
2022-10-05,US,9.5281885882552
2022-10-05,JP,1.90891392989781
2022-10-06,AU,2.67824736575994
2022-10-06,CA,4.4506369601991
2022-10-06,DE,2.80240441467682
2022-10-06,FR,0.611861659055257
2022-10-06,GB,2.76951022613013
2022-10-06,IE,2.45031746790995
2022-10-06,US,9.52457642336102
2022-10-06,JP,1.90559518470911
2022-10-07,AU,2.72506267472982
2022-10-07,CA,4.43076368133172
2022-10-07,DE,2.794944448471
2022-10-07,FR,0.612659815225277
2022-10-07,GB,2.75827003511926
2022-10-07,IE,2.41410123033976
2022-10-07,US,9.49369950816897
2022-10-07,JP,1.89887801878836
2022-10-08,AU,2.71393387602894
2022-10-08,CA,4.42260691484247
2022-10-08,DE,2.79791637118759
2022-10-08,FR,0.611227014502869
2022-10-08,GB,2.75740084955727
2022-10-08,IE,2.44291325088308
2022-10-08,US,9.47685571287251
2022-10-08,JP,1.89240166515621
2022-10-09,AU,2.73095764194105
2022-10-09,CA,4.38066660626003
2022-10-09,DE,2.80325428732704
2022-10-09,FR,0.608945280891152
2022-10-09,GB,2.75761280132494
2022-10-09,IE,2.46924869466667
2022-10-09,US,9.47000152987807
2022-10-09,JP,1.8808807587428
2022-10-10,AU,2.71196511825774
2022-10-10,CA,4.36279299619589
2022-10-10,DE,2.7798639254621
2022-10-10,FR,0.608137263688621
2022-10-10,GB,2.74711942144222
2022-10-10,IE,2.47652431254244
2022-10-10,US,9.46698265580862
2022-10-10,JP,1.89286236232685
2022-10-11,AU,2.69369215804446
2022-10-11,CA,4.37944850016623
2022-10-11,DE,2.77378977955016
2022-10-11,FR,0.606310623019755
2022-10-11,GB,2.73200288387394
2022-10-11,IE,2.45322139393577
2022-10-11,US,9.47051078993219
2022-10-11,JP,1.90331419213369
2022-10-12,AU,2.66948165839949
2022-10-12,CA,4.38184204534715
2022-10-12,DE,2.77032653019156
2022-10-12,FR,0.602725743422125
2022-10-12,GB,2.71988403734482
2022-10-12,IE,2.45092111819047
2022-10-12,US,9.47096035408627
2022-10-12,JP,1.91329689741533
2022-10-13,AU,2.64481155768124
2022-10-13,CA,4.40186327961421
2022-10-13,DE,2.77939569176183
2022-10-13,FR,0.601584201664947
2022-10-13,GB,2.70643458141679
2022-10-13,IE,2.43176605557461
2022-10-13,US,9.49031715557714
2022-10-13,JP,1.92550355361032
2022-10-14,AU,2.65301114611795
2022-10-14,CA,4.40934132223782
2022-10-14,DE,2.76685689363479
2022-10-14,FR,0.599628300020801
2022-10-14,GB,2.70196472321844
2022-10-14,IE,2.43027492415887
2022-10-14,US,9.50649242061422
2022-10-14,JP,1.93858476489659
2022-10-15,AU,2.66779411153599
2022-10-15,CA,4.41249426911908
2022-10-15,DE,2.7416186734852
2022-10-15,FR,0.598575143712047
2022-10-15,GB,2.70549733360958
2022-10-15,IE,2.39361869689949
2022-10-15,US,9.52731448366746
2022-10-15,JP,1.96200367648179
2022-10-16,AU,2.66164250711304
2022-10-16,CA,4.45311286402596
2022-10-16,DE,2.72244935357204
2022-10-16,FR,0.602570446787229
2022-10-16,GB,2.70296813146959
2022-10-16,IE,2.37508727392449
2022-10-16,US,9.53940657012912
2022-10-16,JP,1.98710237590544
2022-10-17,AU,2.69043809303334
2022-10-17,CA,4.45964756044078
2022-10-17,DE,2.7114651249832
2022-10-17,FR,0.601157592347148
2022-10-17,GB,2.6905716246414
2022-10-17,IE,2.36593618628491
2022-10-17,US,9.5612698084372
2022-10-17,JP,1.99630900301491
2022-10-18,AU,2.67789385360306
2022-10-18,CA,4.44292648049476
2022-10-18,DE,2.70266156153915
2022-10-18,FR,0.600029261337016
2022-10-18,GB,2.68933321756903
2022-10-18,IE,2.38345416184101
2022-10-18,US,9.58319466747087
2022-10-18,JP,2.00437431844794
2022-10-19,AU,2.67060286088572
2022-10-19,CA,4.43430921252366
2022-10-19,DE,2.69754199712897
2022-10-19,FR,0.603226576189802
2022-10-19,GB,2.68838673110086
2022-10-19,IE,2.38010677917669
2022-10-19,US,9.60425797150048
2022-10-19,JP,2.00530659336097
2022-10-20,AU,2.67731059277055
2022-10-20,CA,4.41325298488889
2022-10-20,DE,2.6932442421564
2022-10-20,FR,0.598463083870355
2022-10-20,GB,2.69567293283493
2022-10-20,IE,2.38576269721463
2022-10-20,US,9.62242617220315
2022-10-20,JP,1.99788215455659
2022-10-21,AU,2.63605692654869
2022-10-21,CA,4.408301683018
2022-10-21,DE,2.70246975913935
2022-10-21,FR,0.596685233705671
2022-10-21,GB,2.7055905747611
2022-10-21,IE,2.38779768363335
2022-10-21,US,9.6420024598301
2022-10-21,JP,2.00052087162379
2022-10-22,AU,2.63915923212663
2022-10-22,CA,4.41133969840622
2022-10-22,DE,2.70373347557682
2022-10-22,FR,0.595811528764109
2022-10-22,GB,2.70580731524642
2022-10-22,IE,2.39461399050092
2022-10-22,US,9.65620772495317
2022-10-22,JP,1.99864973706147
2022-10-23,AU,2.62997528464945
2022-10-23,CA,4.42176898935914
2022-10-23,DE,2.71266573821813
2022-10-23,FR,0.59371141562749
2022-10-23,GB,2.71729919231053
2022-10-23,IE,2.37914936337555
2022-10-23,US,9.67060063748269
2022-10-23,JP,2.01396284277408
2022-10-24,AU,2.62219092155645
2022-10-24,CA,4.43561388652899
2022-10-24,DE,2.71016245543365
2022-10-24,FR,0.591453118102334
2022-10-24,GB,2.71028829775077
2022-10-24,IE,2.35996110199603
2022-10-24,US,9.68029593682995
2022-10-24,JP,2.02416379007064
2022-10-25,AU,2.64067144350848
2022-10-25,CA,4.43481315028166
2022-10-25,DE,2.70765306570698
2022-10-25,FR,0.589854784581026
2022-10-25,GB,2.70911299891157
2022-10-25,IE,2.34056951900367
2022-10-25,US,9.684219502801
2022-10-25,JP,2.03584086684495
2022-10-26,AU,2.65775008891417
2022-10-26,CA,4.44770884696717
2022-10-26,DE,2.71084568439765
2022-10-26,FR,0.583786498626461
2022-10-26,GB,2.70811105414217
2022-10-26,IE,2.3228517374147
2022-10-26,US,9.69033767693078
2022-10-26,JP,2.04057991399555
2022-10-27,AU,2.65678402692727
2022-10-27,CA,4.46674068689788
2022-10-27,DE,2.69490835807782
2022-10-27,FR,0.584212506801761
2022-10-27,GB,2.70374923317289
2022-10-27,IE,2.32435127907682
2022-10-27,US,9.69939369405377
2022-10-27,JP,2.04653166478807
2022-10-28,AU,2.67279035441076
2022-10-28,CA,4.47699215058769
2022-10-28,DE,2.69688961236887
2022-10-28,FR,0.586691159501449
2022-10-28,GB,2.70385006884303
2022-10-28,IE,2.33793287422345
2022-10-28,US,9.70620253893531
2022-10-28,JP,2.04273625796965
2022-10-29,AU,2.66108363205343
2022-10-29,CA,4.48012929332329
2022-10-29,DE,2.69676051669673
2022-10-29,FR,0.588298505476197
2022-10-29,GB,2.70840711683693
2022-10-29,IE,2.3421902413403
2022-10-29,US,9.70296598786589
2022-10-29,JP,2.04365063490198
2022-10-30,AU,2.65871495174407
2022-10-30,CA,4.48316862455597
2022-10-30,DE,2.68079437028518
2022-10-30,FR,0.590673864344502
2022-10-30,GB,2.70904331937207
2022-10-30,IE,2.31892792787501
2022-10-30,US,9.68312799763822
2022-10-30,JP,2.01405673539287
2022-10-31,AU,2.63962791981778
2022-10-31,CA,4.47185258923725
2022-10-31,DE,2.68881290924515
2022-10-31,FR,0.593706107998037
2022-10-31,GB,2.71244658037321
2022-10-31,IE,2.35971686471146
2022-10-31,US,9.63520110247762
2022-10-31,JP,1.99469994607174
2022-11-01,AU,2.63469546381783
2022-11-01,CA,4.48900413918733
2022-11-01,DE,2.71110733144685
2022-11-01,FR,0.600431323122034
2022-11-01,GB,2.7250263949109
2022-11-01,IE,2.38771903345867
2022-11-01,US,9.62509332641442
2022-11-01,JP,1.96769644369019
2022-11-02,AU,2.6140459989666
2022-11-02,CA,4.51399946107299
2022-11-02,DE,2.69828663880249
2022-11-02,FR,0.606013541472506
2022-11-02,GB,2.72453286007183
2022-11-02,IE,2.42260249997962
2022-11-02,US,9.62917450744423
2022-11-02,JP,1.93414785854221
2022-11-03,AU,2.60249578613505
2022-11-03,CA,4.53700010111392
2022-11-03,DE,2.72098457741119
2022-11-03,FR,0.611216006684221
2022-11-03,GB,2.73927031437683
2022-11-03,IE,2.42975201299066
2022-11-03,US,9.63988836503338
2022-11-03,JP,1.91856263473395
2022-11-04,AU,2.58036822020239
2022-11-04,CA,4.54549223057153
2022-11-04,DE,2.75405022898799
2022-11-04,FR,0.609934447522203
2022-11-04,GB,2.7391240590431
2022-11-04,IE,2.42164116156513
2022-11-04,US,9.64929585449126
2022-11-04,JP,1.90857133146594
2022-11-05,AU,2.58191957068869
2022-11-05,CA,4.57383658943055
2022-11-05,DE,2.7803703937763
2022-11-05,FR,0.607508144833537
2022-11-05,GB,2.74350416291289
2022-11-05,IE,2.42477613036836
2022-11-05,US,9.67364119369748
2022-11-05,JP,1.88920310205587
2022-11-06,AU,2.55633281379383
2022-11-06,CA,4.57961927914953
2022-11-06,DE,2.79962705873933
2022-11-06,FR,0.606978964785357
2022-11-06,GB,2.74435754102359
2022-11-06,IE,2.46829370027999
2022-11-06,US,9.70042159044214
2022-11-06,JP,1.89571147949526
2022-11-07,AU,2.53918229908469
2022-11-07,CA,4.60109711004466
2022-11-07,DE,2.81798861706636
2022-11-07,FR,0.613489658989315
2022-11-07,GB,2.7558055800321
2022-11-07,IE,2.42043063673662
2022-11-07,US,9.73470246347836
2022-11-07,JP,1.88527697074124
2022-11-08,AU,2.48365972402522
2022-11-08,CA,4.61191679603321
2022-11-08,DE,2.80545781978481
2022-11-08,FR,0.61283834375488
2022-11-08,GB,2.76854049348653
2022-11-08,IE,2.39716715435944
2022-11-08,US,9.73588883523404
2022-11-08,JP,1.89342679073158
2022-11-09,AU,2.45462756505273
2022-11-09,CA,4.60088953986863
2022-11-09,DE,2.81170968753255
2022-11-09,FR,0.608054812258858
2022-11-09,GB,2.77094709530694
2022-11-09,IE,2.37482866490808
2022-11-09,US,9.72479714284754
2022-11-09,JP,1.91801360508676
2022-11-10,AU,2.42749023338712
2022-11-10,CA,4.59076726847203
2022-11-10,DE,2.79306595455722
2022-11-10,FR,0.601173625445465
2022-11-10,GB,2.7628617159544
2022-11-10,IE,2.35698180681123
2022-11-10,US,9.69517748265778
2022-11-10,JP,1.92799199136487
2022-11-11,AU,2.42817110577275
2022-11-11,CA,4.61783185951737
2022-11-11,DE,2.75492109596006
2022-11-11,FR,0.606211769110303
2022-11-11,GB,2.75981649621553
2022-11-11,IE,2.35267722212907
2022-11-11,US,9.67518420854383
2022-11-11,JP,1.92398522479652
2022-11-12,AU,2.39995862489855
2022-11-12,CA,4.6273730726661
2022-11-12,DE,2.72657112717358
2022-11-12,FR,0.612583913997314
2022-11-12,GB,2.75323778030789
2022-11-12,IE,2.34151219844568
2022-11-12,US,9.68114292054005
2022-11-12,JP,1.93225034876977
2022-11-13,AU,2.39383833584812
2022-11-13,CA,4.65509887383416
2022-11-13,DE,2.71408107968114
2022-11-13,FR,0.616403914608299
2022-11-13,GB,2.7529917376866
2022-11-13,IE,2.30563331790312
2022-11-13,US,9.68970951876232
2022-11-13,JP,1.92994726248814
2022-11-14,AU,2.38628821305887
2022-11-14,CA,4.67262454858644
2022-11-14,DE,2.70576831802479
2022-11-14,FR,0.611328793824269
2022-11-14,GB,2.75086125540784
2022-11-14,IE,2.30382010945468
2022-11-14,US,9.71540232565042
2022-11-14,JP,1.93635497511047
2022-11-15,AU,2.39862352610418
2022-11-15,CA,4.69328264902186
2022-11-15,DE,2.70840762152574
2022-11-15,FR,0.608310192417489
2022-11-15,GB,2.7396589148989
2022-11-15,IE,2.29792111133912
2022-11-15,US,9.74296759207236
2022-11-15,JP,1.9446695483477
2022-11-16,AU,2.40113840701393
2022-11-16,CA,4.7380191018969
2022-11-16,DE,2.7282219701869
2022-11-16,FR,0.613486160988274
2022-11-16,GB,2.74491333920705
2022-11-16,IE,2.29256785560192
2022-11-16,US,9.75823084464762
2022-11-16,JP,1.94063861506293
2022-11-17,AU,2.39727421843632
2022-11-17,CA,4.77116195097845
2022-11-17,DE,2.74066984084162
2022-11-17,FR,0.616647908305428
2022-11-17,GB,2.75274988510286
2022-11-17,IE,2.29615572387581
2022-11-17,US,9.78588742818477
2022-11-17,JP,1.93394404180667
2022-11-18,AU,2.36379247849959
2022-11-18,CA,4.78837158294867
2022-11-18,DE,2.73866102986357
2022-11-18,FR,0.613988215156642
2022-11-18,GB,2.7578622049352
2022-11-18,IE,2.27630476288335
2022-11-18,US,9.81226213088532
2022-11-18,JP,1.93924196989714
2022-11-19,AU,2.33298155265915
2022-11-19,CA,4.79533782452716
2022-11-19,DE,2.73830062506729
2022-11-19,FR,0.610058783069099
2022-11-19,GB,2.75918855746907
2022-11-19,IE,2.27933783561399
2022-11-19,US,9.79794086015508
2022-11-19,JP,1.94434740857593
2022-11-20,AU,2.33971635141368
2022-11-20,CA,4.80869909935406
2022-11-20,DE,2.74055179611653
2022-11-20,FR,0.605734362656729
2022-11-20,GB,2.76140196693802
2022-11-20,IE,2.31559424437318
2022-11-20,US,9.75371622085699
2022-11-20,JP,1.95358540881047
2022-11-21,AU,2.33344556636799
2022-11-21,CA,4.81983580238947
2022-11-21,DE,2.73321257643266
2022-11-21,FR,0.605840158653508
2022-11-21,GB,2.77114969619683
2022-11-21,IE,2.33138959849007
2022-11-21,US,9.67530521220531
2022-11-21,JP,1.9598504095219
2022-11-22,AU,2.32572351758481
2022-11-22,CA,4.82130505324426
2022-11-22,DE,2.72175337506759
2022-11-22,FR,0.607774445949565
2022-11-22,GB,2.76326458390257
2022-11-22,IE,2.32022849578906
2022-11-22,US,9.5796868344689
2022-11-22,JP,1.94414410217557
2022-11-23,AU,2.3117974667373
2022-11-23,CA,4.7777979207848
2022-11-23,DE,2.71304570961592
2022-11-23,FR,0.60981297881162
2022-11-23,GB,2.77049817812285
2022-11-23,IE,2.31876189095218
2022-11-23,US,9.4419087495441
2022-11-23,JP,1.95517065555767
2022-11-24,AU,2.31202356637211
2022-11-24,CA,4.74690838863618
2022-11-24,DE,2.70884178066045
2022-11-24,FR,0.609604563608113
2022-11-24,GB,2.75947304669262
2022-11-24,IE,2.30696195120539
2022-11-24,US,9.23753750995895
2022-11-24,JP,1.96868272633356
2022-11-25,AU,2.30531950427011
2022-11-25,CA,4.71682127783158
2022-11-25,DE,2.72624737794805
2022-11-25,FR,0.606354535686041
2022-11-25,GB,2.75721435477853
2022-11-25,IE,2.30790525474486
2022-11-25,US,9.20924265969721
2022-11-25,JP,1.98643973557758
2022-11-26,AU,2.34481701739228
2022-11-26,CA,4.68496236051814
2022-11-26,DE,2.73512141663967
2022-11-26,FR,0.608662206299357
2022-11-26,GB,2.74905274688298
2022-11-26,IE,2.30327119582247
2022-11-26,US,9.25167313222211
2022-11-26,JP,1.99965945236151
2022-11-27,AU,2.33655556170375
2022-11-27,CA,4.66472396965741
2022-11-27,DE,2.73871937480671
2022-11-27,FR,0.613580735630392
2022-11-27,GB,2.75072105700173
2022-11-27,IE,2.27432704808264
2022-11-27,US,9.33401353519149
2022-11-27,JP,2.01124656819963
2022-11-28,AU,2.32046010039821
2022-11-28,CA,4.64165714490955
2022-11-28,DE,2.74475277976111
2022-11-28,FR,0.61434443356586
2022-11-28,GB,2.74700636176325
2022-11-28,IE,2.25548404088947
2022-11-28,US,9.39504641724057
2022-11-28,JP,2.03077683031328
2022-11-29,AU,2.32473295898975
2022-11-29,CA,4.65596007147577
2022-11-29,DE,2.75174778820626
2022-11-29,FR,0.6133510222052
2022-11-29,GB,2.75188066738411
2022-11-29,IE,2.23978263171822
2022-11-29,US,9.49092508988912
2022-11-29,JP,2.05526762215772
2022-11-30,AU,2.33954454271516
2022-11-30,CA,4.68249845555504
2022-11-30,DE,2.74497081753449
2022-11-30,FR,0.611468063331708
2022-11-30,GB,2.74899971772933
2022-11-30,IE,2.24079495244923
2022-11-30,US,9.66976790119099
2022-11-30,JP,2.05398491264814
2022-12-01,AU,2.340232037455
2022-12-01,CA,4.71799941728003
2022-12-01,DE,2.74995012980815
2022-12-01,FR,0.614208435325118
2022-12-01,GB,2.75627542066132
2022-12-01,IE,2.21908344566763
2022-12-01,US,9.90149399923248
2022-12-01,JP,2.05202151644028
2022-12-02,AU,2.35089982149869
2022-12-02,CA,4.74172945969452
2022-12-02,DE,2.76907764067459
2022-12-02,FR,0.619869021827287
2022-12-02,GB,2.76218374832251
2022-12-02,IE,2.22123016403769
2022-12-02,US,9.94989146489108
2022-12-02,JP,2.04808112866724
2022-12-03,AU,2.32682463675627
2022-12-03,CA,4.7608330881749
2022-12-03,DE,2.78414875942738
2022-12-03,FR,0.621530222009877
2022-12-03,GB,2.78414272058856
2022-12-03,IE,2.19216731736722
2022-12-03,US,9.93447566100235
2022-12-03,JP,2.03495049343222
2022-12-04,AU,2.32100727958343
2022-12-04,CA,4.75715871357756
2022-12-04,DE,2.79615410009303
2022-12-04,FR,0.623028498757403
2022-12-04,GB,2.79364019010341
2022-12-04,IE,2.17997247456758
2022-12-04,US,9.89685560876651
2022-12-04,JP,2.02365306550983
2022-12-05,AU,2.32547175912071
2022-12-05,CA,4.76507977361959
2022-12-05,DE,2.80604431037687
2022-12-05,FR,0.625213544053047
2022-12-05,GB,2.79929473938991
2022-12-05,IE,2.1864279278124
2022-12-05,US,9.91508488793134
2022-12-05,JP,2.01415837617571
2022-12-06,AU,2.32522833958848
2022-12-06,CA,4.73531394405323
2022-12-06,DE,2.81549569655583
2022-12-06,FR,0.628600819807144
2022-12-06,GB,2.7960704889275
2022-12-06,IE,2.19600709690658
2022-12-06,US,9.92724776680202
2022-12-06,JP,2.0068776441111
2022-12-07,AU,2.30303127368916
2022-12-07,CA,4.71675818453385
2022-12-07,DE,2.83526163065512
2022-12-07,FR,0.63365695206896
2022-12-07,GB,2.79809855697949
2022-12-07,IE,2.17882538544829
2022-12-07,US,9.90900773139051
2022-12-07,JP,2.00271155076223
2022-12-08,AU,2.28597090032334
2022-12-08,CA,4.69209010915693
2022-12-08,DE,2.83970677797026
2022-12-08,FR,0.635169703158119
2022-12-08,GB,2.80818975033134
2022-12-08,IE,2.17750725893328
2022-12-08,US,9.90475880522739
2022-12-08,JP,2.00479069768184
2022-12-09,AU,2.28520929078688
2022-12-09,CA,4.68377057823229
2022-12-09,DE,2.82016447302991
2022-12-09,FR,0.637790776235113
2022-12-09,GB,2.82957488940048
2022-12-09,IE,2.19445716524589
2022-12-09,US,9.92400094164275
2022-12-09,JP,2.00046121283466
2022-12-10,AU,2.29238284626769
2022-12-10,CA,4.67844940860322
2022-12-10,DE,2.83997828355289
2022-12-10,FR,0.643192261474454
2022-12-10,GB,2.83699558294563
2022-12-10,IE,2.23127492610004
2022-12-10,US,9.92748624131421
2022-12-10,JP,1.99961230566903
2022-12-11,AU,2.27641512700647
2022-12-11,CA,4.67680650885888
2022-12-11,DE,2.83311875392462
2022-12-11,FR,0.638847420472456
2022-12-11,GB,2.8409348361607
2022-12-11,IE,2.26187620673763
2022-12-11,US,9.94681572103264
2022-12-11,JP,1.99735140930384
2022-12-12,AU,2.26760089329172
2022-12-12,CA,4.66176164535944
2022-12-12,DE,2.84236815586978
2022-12-12,FR,0.640569245048593
2022-12-12,GB,2.8468565144251
2022-12-12,IE,2.27227306578098
2022-12-12,US,9.95328455565572
2022-12-12,JP,2.0022231201946
2022-12-13,AU,2.24847422724418
2022-12-13,CA,4.64593196132382
2022-12-13,DE,2.8607329598747
2022-12-13,FR,0.64221358173949
2022-12-13,GB,2.86065845868753
2022-12-13,IE,2.30252730336435
2022-12-13,US,9.95064998154098
2022-12-13,JP,2.01202053332161
2022-12-14,AU,2.23767713811189
2022-12-14,CA,4.62396734666204
2022-12-14,DE,2.85553890737
2022-12-14,FR,0.640802578714434
2022-12-14,GB,2.85977770020124
2022-12-14,IE,2.32716686377176
2022-12-14,US,9.93982837732194
2022-12-14,JP,2.02800862458782
2022-12-15,AU,2.22358084465276
2022-12-15,CA,4.63329952999937
2022-12-15,DE,2.85865281045551
2022-12-15,FR,0.643064269978317
2022-12-15,GB,2.85971502925678
2022-12-15,IE,2.33916639417978
2022-12-15,US,9.92640281175021
2022-12-15,JP,2.03225720499878
2022-12-16,AU,2.18837328860924
2022-12-16,CA,4.62814191567056
2022-12-16,DE,2.85494258508826
2022-12-16,FR,0.638511878624129
2022-12-16,GB,2.85294290728985
2022-12-16,IE,2.34524012674587
2022-12-16,US,9.8846727792722
2022-12-16,JP,2.04227114776856
2022-12-17,AU,2.16221971820525
2022-12-17,CA,4.61640473338645
2022-12-17,DE,2.82236838742586
2022-12-17,FR,0.634084749363009
2022-12-17,GB,2.83762914149196
2022-12-17,IE,2.33715859204814
2022-12-17,US,9.84356879934939
2022-12-17,JP,2.05711028606006
2022-12-18,AU,2.15867963955026
2022-12-18,CA,4.59672080323599
2022-12-18,DE,2.83378083905383
2022-12-18,FR,0.63576847356597
2022-12-18,GB,2.82549886643845
2022-12-18,IE,2.322174497857
2022-12-18,US,9.80405890739935
2022-12-18,JP,2.07899727381449
2022-12-19,AU,2.14661454237778
2022-12-19,CA,4.58320472303617
2022-12-19,DE,2.81825953700514
2022-12-19,FR,0.635328283001024
2022-12-19,GB,2.80781393273788
2022-12-19,IE,2.29440259243949
2022-12-19,US,9.76099472354471
2022-12-19,JP,2.09091828365546
2022-12-20,AU,2.12897693577184
2022-12-20,CA,4.57727874167232
2022-12-20,DE,2.79156114480831
2022-12-20,FR,0.635215034599869
2022-12-20,GB,2.77883760758123
2022-12-20,IE,2.25625950574866
2022-12-20,US,9.71381922475959
2022-12-20,JP,2.1020520994717
2022-12-21,AU,2.1328016738089
2022-12-21,CA,4.56239993818285
2022-12-21,DE,2.78136187268716
2022-12-21,FR,0.634740272999307
2022-12-21,GB,2.75200051559389
2022-12-21,IE,2.22540144440352
2022-12-21,US,9.67276281831717
2022-12-21,JP,2.10883015592138
2022-12-22,AU,2.11970818653825
2022-12-22,CA,4.51693558655047
2022-12-22,DE,2.7843466757095
2022-12-22,FR,0.640552791595875
2022-12-22,GB,2.72275142917693
2022-12-22,IE,2.19984916940091
2022-12-22,US,9.62672492700407
2022-12-22,JP,2.13236193185854
2022-12-23,AU,2.13101903191377
2022-12-23,CA,4.50080019859116
2022-12-23,DE,2.77963735846778
2022-12-23,FR,0.650041325264996
2022-12-23,GB,2.69620651484366
2022-12-23,IE,2.17068709583589
2022-12-23,US,9.60945954465015
2022-12-23,JP,2.14700351739238
2022-12-24,AU,2.07772030426667
2022-12-24,CA,4.48797308129894
2022-12-24,DE,2.75288114926005
2022-12-24,FR,0.653000923914964
2022-12-24,GB,2.66503741665204
2022-12-24,IE,2.14359629172811
2022-12-24,US,9.57361833394181
2022-12-24,JP,2.13861219024351
2022-12-25,AU,2.03960690292376
2022-12-25,CA,4.44002425752596
2022-12-25,DE,2.75326255928788
2022-12-25,FR,0.662258499271165
2022-12-25,GB,2.6330659314097
2022-12-25,IE,2.14284077743952
2022-12-25,US,9.46657774432097
2022-12-25,JP,2.12643611999596
2022-12-26,AU,2.05703580477356
2022-12-26,CA,4.43452221418604
2022-12-26,DE,2.76814745767182
2022-12-26,FR,0.674569799306176
2022-12-26,GB,2.64420301773104
2022-12-26,IE,2.18266497252375
2022-12-26,US,9.46555309494967
2022-12-26,JP,2.1142396018632
2022-12-27,AU,2.09200401190405
2022-12-27,CA,4.4614762389464
2022-12-27,DE,2.80064830413015
2022-12-27,FR,0.681876674044263
2022-12-27,GB,2.68438995452358
2022-12-27,IE,2.21802212440557
2022-12-27,US,9.53991402905025
2022-12-27,JP,2.09122135497466
2022-12-28,AU,2.10528702091938
2022-12-28,CA,4.50666879205504
2022-12-28,DE,2.83627185457497
2022-12-28,FR,0.694504685235412
2022-12-28,GB,2.73540919864626
2022-12-28,IE,2.26352829730623
2022-12-28,US,9.62834092940239
2022-12-28,JP,2.05894506482841
2022-12-29,AU,2.14746083269529
2022-12-29,CA,4.55099100788091
2022-12-29,DE,2.8688676848034
2022-12-29,FR,0.695672145421939
2022-12-29,GB,2.77247484606163
2022-12-29,IE,2.32111376540223
2022-12-29,US,9.71846029318188
2022-12-29,JP,2.01408990851539
2022-12-30,AU,2.1998845739945
2022-12-30,CA,4.56743165217939
2022-12-30,DE,2.91324404637269
2022-12-30,FR,0.697355578388056
2022-12-30,GB,2.81915527478382
2022-12-30,IE,2.37788746571424
2022-12-30,US,9.78952555447835
2022-12-30,JP,1.9846204302803
2022-12-31,AU,2.30383801910407
2022-12-31,CA,4.57202219824121
2022-12-31,DE,2.95089559891739
2022-12-31,FR,0.699246591187204
2022-12-31,GB,2.86603368478011
2022-12-31,IE,2.41983608383298
2022-12-31,US,9.87926541836632
2022-12-31,JP,1.95952318600303
2023-01-01,AU,2.36763813566496
2023-01-01,CA,4.63247251827668
2023-01-01,DE,3.00042691307838
2023-01-01,FR,0.709749989972148
2023-01-01,GB,2.90881524264454
2023-01-01,IE,2.46095929296007
2023-01-01,US,10.0522726383185
2023-01-01,JP,1.94175589878976
2023-01-02,AU,2.42169790548049
2023-01-02,CA,4.68334311905565
2023-01-02,DE,3.02774030103481
2023-01-02,FR,0.706487823945046
2023-01-02,GB,2.9487854190748
2023-01-02,IE,2.47806065885296
2023-01-02,US,10.1376063854342
2023-01-02,JP,1.9417205371994
2023-01-03,AU,2.44541174866405
2023-01-03,CA,4.69709729773324
2023-01-03,DE,3.04130219186629
2023-01-03,FR,0.701857463564804
2023-01-03,GB,2.9594050018686
2023-01-03,IE,2.51427158480986
2023-01-03,US,10.1693140565124
2023-01-03,JP,1.96897530141863
2023-01-04,AU,2.48142500083766
2023-01-04,CA,4.69057305191648
2023-01-04,DE,3.068950361951
2023-01-04,FR,0.695341982233449
2023-01-04,GB,2.9473403005164
2023-01-04,IE,2.51224702622255
2023-01-04,US,10.1848384026358
2023-01-04,JP,2.00768359467708
2023-01-05,AU,2.51449412773122
2023-01-05,CA,4.67830987596953
2023-01-05,DE,3.07030350500827
2023-01-05,FR,0.68753068395076
2023-01-05,GB,2.93279823767517
2023-01-05,IE,2.51597551586782
2023-01-05,US,10.1835901182438
2023-01-05,JP,2.04200495927071
2023-01-06,AU,2.51677381598596
2023-01-06,CA,4.66510578731315
2023-01-06,DE,3.08618344919951
2023-01-06,FR,0.678152743587924
2023-01-06,GB,2.90371531129832
2023-01-06,IE,2.49991800049401
2023-01-06,US,10.1728297009939
2023-01-06,JP,2.0642296675712
2023-01-07,AU,2.50570770562993
2023-01-07,CA,4.65588811609126
2023-01-07,DE,3.1280440789791
2023-01-07,FR,0.678800763343709
2023-01-07,GB,2.90186484245856
2023-01-07,IE,2.495420428859
2023-01-07,US,10.1710146712476
2023-01-07,JP,2.09798933930662
2023-01-08,AU,2.52380547697251
2023-01-08,CA,4.63792561915404
2023-01-08,DE,3.11360344450435
2023-01-08,FR,0.672151925567766
2023-01-08,GB,2.90736228599596
2023-01-08,IE,2.45794583790407
2023-01-08,US,10.1500982638092
2023-01-08,JP,2.11153838594751
2023-01-09,AU,2.50988041622486
2023-01-09,CA,4.58511305599447
2023-01-09,DE,3.09021448577033
2023-01-09,FR,0.666246559246203
2023-01-09,GB,2.85831280572738
2023-01-09,IE,2.45459817355049
2023-01-09,US,10.1322619304892
2023-01-09,JP,2.11850237597662
2023-01-10,AU,2.51477385847143
2023-01-10,CA,4.52049331043836
2023-01-10,DE,3.07826958856637
2023-01-10,FR,0.664595303711824
2023-01-10,GB,2.82845902235561
2023-01-10,IE,2.41008301938529
2023-01-10,US,10.0718393345314
2023-01-10,JP,2.1068849981254
2023-01-11,AU,2.49586751298882
2023-01-11,CA,4.47519237523854
2023-01-11,DE,3.04225414561019
2023-01-11,FR,0.665050612544409
2023-01-11,GB,2.80697274409803
2023-01-11,IE,2.40481110154649
2023-01-11,US,10.0239841445442
2023-01-11,JP,2.0982438172139
2023-01-12,AU,2.47039180414917
2023-01-12,CA,4.44862378661916
2023-01-12,DE,3.02329475236246
2023-01-12,FR,0.667094966364702
2023-01-12,GB,2.80579452035464
2023-01-12,IE,2.39904332237895
2023-01-12,US,9.99722467912059
2023-01-12,JP,2.09525042867321
2023-01-13,AU,2.4556790872656
2023-01-13,CA,4.42803794624113
2023-01-13,DE,2.98451326483404
2023-01-13,FR,0.673526178335281
2023-01-13,GB,2.80828077443906
2023-01-13,IE,2.38284263542659
2023-01-13,US,9.99454630487122
2023-01-13,JP,2.09640347073363
2023-01-14,AU,2.47850340800203
2023-01-14,CA,4.41821884886399
2023-01-14,DE,2.97791596184269
2023-01-14,FR,0.674309848179872
2023-01-14,GB,2.80814288559462
2023-01-14,IE,2.40296446077385
2023-01-14,US,10.0039590951896
2023-01-14,JP,2.10221767528356
2023-01-15,AU,2.49574787236582
2023-01-15,CA,4.40538204147378
2023-01-15,DE,2.96226386983447
2023-01-15,FR,0.666133850350862
2023-01-15,GB,2.80886844557821
2023-01-15,IE,2.40967587532997
2023-01-15,US,10.010248379472
2023-01-15,JP,2.13013909048081
2023-01-16,AU,2.4969352234029
2023-01-16,CA,4.40143083246792
2023-01-16,DE,2.97170496112266
2023-01-16,FR,0.666362534366954
2023-01-16,GB,2.81886847855692
2023-01-16,IE,2.38756333459916
2023-01-16,US,9.98457784971781
2023-01-16,JP,2.14554778359985
2023-01-17,AU,2.48598155807051
2023-01-17,CA,4.39322567661711
2023-01-17,DE,2.97029122306115
2023-01-17,FR,0.668607049355438
2023-01-17,GB,2.8288452951176
2023-01-17,IE,2.39753598341369
2023-01-17,US,10.0119903806956
2023-01-17,JP,2.16174762186451
2023-01-18,AU,2.49008409950464
2023-01-18,CA,4.38249589151685
2023-01-18,DE,2.97261068325775
2023-01-18,FR,0.664535296916758
2023-01-18,GB,2.85189125698647
2023-01-18,IE,2.39958445231322
2023-01-18,US,10.0229944584998
2023-01-18,JP,2.17193252454876
2023-01-19,AU,2.4916906971309
2023-01-19,CA,4.37027865080036
2023-01-19,DE,2.97578085590138
2023-01-19,FR,0.66442483774051
2023-01-19,GB,2.86036998261702
2023-01-19,IE,2.37307132706064
2023-01-19,US,10.0337921498883
2023-01-19,JP,2.19153532270251
2023-01-20,AU,2.50621286676768
2023-01-20,CA,4.34865567261216
2023-01-20,DE,2.98043836823244
2023-01-20,FR,0.661357075658391
2023-01-20,GB,2.85895972491325
2023-01-20,IE,2.38267034920704
2023-01-20,US,10.0219360401097
2023-01-20,JP,2.20702739391315
2023-01-21,AU,2.50135776684186
2023-01-21,CA,4.35377994604881
2023-01-21,DE,2.96314465016019
2023-01-21,FR,0.658823742126468
2023-01-21,GB,2.84490773354687
2023-01-21,IE,2.36051230130946
2023-01-21,US,10.0067819489396
2023-01-21,JP,2.2202845861972
2023-01-22,AU,2.48083257703663
2023-01-22,CA,4.35368417101017
2023-01-22,DE,2.96115565247159
2023-01-22,FR,0.658052897045228
2023-01-22,GB,2.83738691873811
2023-01-22,IE,2.36700849974658
2023-01-22,US,10.0038352970713
2023-01-22,JP,2.23015876731546
2023-01-23,AU,2.46269588671057
2023-01-23,CA,4.34990881570196
2023-01-23,DE,2.95205296803326
2023-01-23,FR,0.656630077746957
2023-01-23,GB,2.83752922102621
2023-01-23,IE,2.37440146582644
2023-01-23,US,10.0104186442605
2023-01-23,JP,2.24742333646236
2023-01-24,AU,2.45851294975384
2023-01-24,CA,4.35071202772636
2023-01-24,DE,2.94601651437501
2023-01-24,FR,0.654168490589644
2023-01-24,GB,2.82902128830464
2023-01-24,IE,2.38058332479178
2023-01-24,US,9.97616612729597
2023-01-24,JP,2.27513711826458
2023-01-25,AU,2.44679427686571
2023-01-25,CA,4.37762824159979
2023-01-25,DE,2.94578939305279
2023-01-25,FR,0.650977386616788
2023-01-25,GB,2.81082371957184
2023-01-25,IE,2.36767688439158
2023-01-25,US,9.97361179081549
2023-01-25,JP,2.29566201104203
2023-01-26,AU,2.46937850161589
2023-01-26,CA,4.39297013021398
2023-01-26,DE,2.94015308241544
2023-01-26,FR,0.651448911291461
2023-01-26,GB,2.79808339973544
2023-01-26,IE,2.38397583048759
2023-01-26,US,9.94624346860242
2023-01-26,JP,2.29574614905638
2023-01-27,AU,2.45657888717669
2023-01-27,CA,4.41177690847737
2023-01-27,DE,2.94032017745615
2023-01-27,FR,0.648773637429683
2023-01-27,GB,2.78453970572151
2023-01-27,IE,2.38395028103307
2023-01-27,US,9.91991012122741
2023-01-27,JP,2.29215128723757
2023-01-28,AU,2.44550025612075
2023-01-28,CA,4.39863798933814
2023-01-28,DE,2.93429300129034
2023-01-28,FR,0.648028273596103
2023-01-28,GB,2.78301984628696
2023-01-28,IE,2.38486356705084
2023-01-28,US,9.89733026804621
2023-01-28,JP,2.29239196978393
2023-01-29,AU,2.4752487906896
2023-01-29,CA,4.39799184142578
2023-01-29,DE,2.93083815507801
2023-01-29,FR,0.644905872772306
2023-01-29,GB,2.77366355924224
2023-01-29,IE,2.40097581972359
2023-01-29,US,9.87548273646297
2023-01-29,JP,2.28627924701788
2023-01-30,AU,2.49968459559805
2023-01-30,CA,4.4008493779855
2023-01-30,DE,2.93248343481787
2023-01-30,FR,0.643183950718557
2023-01-30,GB,2.76864559381545
2023-01-30,IE,2.40568820553982
2023-01-30,US,9.85067707381227
2023-01-30,JP,2.27045149043389
2023-01-31,AU,2.52866255295452
2023-01-31,CA,4.42155290984744
2023-01-31,DE,2.93504575646378
2023-01-31,FR,0.645701925766136
2023-01-31,GB,2.76125130674212
2023-01-31,IE,2.40361293992235
2023-01-31,US,9.85367257654783
2023-01-31,JP,2.23647181137781
2023-02-01,AU,2.54658210648251
2023-02-01,CA,4.41044811858892
2023-02-01,DE,2.93919624033858
2023-02-01,FR,0.647399237603101
2023-02-01,GB,2.75889206107912
2023-02-01,IE,2.41669165789612
2023-02-01,US,9.81624908230315
2023-02-01,JP,2.21483900671085
2023-02-02,AU,2.53152001927802
2023-02-02,CA,4.40912054981954
2023-02-02,DE,2.94695178819426
2023-02-02,FR,0.646987471753246
2023-02-02,GB,2.74907516685711
2023-02-02,IE,2.4205300532583
2023-02-02,US,9.80504634582428
2023-02-02,JP,2.20049860432042
2023-02-03,AU,2.5429673156275
2023-02-03,CA,4.42196665701926
2023-02-03,DE,2.95412159969449
2023-02-03,FR,0.646485750780806
2023-02-03,GB,2.74662484528691
2023-02-03,IE,2.41772381287018
2023-02-03,US,9.80171338565442
2023-02-03,JP,2.19946306578419
2023-02-04,AU,2.54703576731756
2023-02-04,CA,4.4348503585659
2023-02-04,DE,2.97300423998135
2023-02-04,FR,0.643940380550422
2023-02-04,GB,2.74748907829302
2023-02-04,IE,2.42622565900993
2023-02-04,US,9.79049526631187
2023-02-04,JP,2.19271416372124
2023-02-05,AU,2.51048843369192
2023-02-05,CA,4.43762273253195
2023-02-05,DE,2.98264275896401
2023-02-05,FR,0.643272942346905
2023-02-05,GB,2.7406859727742
2023-02-05,IE,2.39262260542466
2023-02-05,US,9.7631021104014
2023-02-05,JP,2.18575877008687
2023-02-06,AU,2.49619058609773
2023-02-06,CA,4.43061375707623
2023-02-06,DE,2.97997779937239
2023-02-06,FR,0.643813472499982
2023-02-06,GB,2.73052107717449
2023-02-06,IE,2.41157474734131
2023-02-06,US,9.74590531845183
2023-02-06,JP,2.17596580747503
2023-02-07,AU,2.47266801191938
2023-02-07,CA,4.41162679511266
2023-02-07,DE,2.97147080970256
2023-02-07,FR,0.640025673458333
2023-02-07,GB,2.71703353377432
2023-02-07,IE,2.41515230945469
2023-02-07,US,9.70007411605229
2023-02-07,JP,2.18408189627414
2023-02-08,AU,2.4497934440513
2023-02-08,CA,4.38905330338392
2023-02-08,DE,2.95900947780744
2023-02-08,FR,0.638659775484535
2023-02-08,GB,2.69953754738781
2023-02-08,IE,2.42545570255531
2023-02-08,US,9.66515626802651
2023-02-08,JP,2.18932213875894
2023-02-09,AU,2.43806146754809
2023-02-09,CA,4.37027161521142
2023-02-09,DE,2.95330708746474
2023-02-09,FR,0.639108720075827
2023-02-09,GB,2.69420284538903
2023-02-09,IE,2.44231306081561
2023-02-09,US,9.64658147446902
2023-02-09,JP,2.20460442484404
2023-02-10,AU,2.42695236440983
2023-02-10,CA,4.32958372122452
2023-02-10,DE,2.94222921725443
2023-02-10,FR,0.63807662343089
2023-02-10,GB,2.6861488947037
2023-02-10,IE,2.43754638032276
2023-02-10,US,9.62384937666287
2023-02-10,JP,2.21413094230316
2023-02-11,AU,2.39494812124135
2023-02-11,CA,4.30013570879536
2023-02-11,DE,2.91740031846671
2023-02-11,FR,0.640988946734261
2023-02-11,GB,2.66771119197002
2023-02-11,IE,2.44714126491873
2023-02-11,US,9.59590170072998
2023-02-11,JP,2.22500416278852
2023-02-12,AU,2.38339085260132
2023-02-12,CA,4.26292803879234
2023-02-12,DE,2.89683698758013
2023-02-12,FR,0.638602501062483
2023-02-12,GB,2.66308168074432
2023-02-12,IE,2.46569009207372
2023-02-12,US,9.56491228944247
2023-02-12,JP,2.23106933974303
2023-02-13,AU,2.36282306083636
2023-02-13,CA,4.23323209937568
2023-02-13,DE,2.88759662210062
2023-02-13,FR,0.636889793542236
2023-02-13,GB,2.64647527838046
2023-02-13,IE,2.44039679989008
2023-02-13,US,9.54817545368877
2023-02-13,JP,2.23263132409971
2023-02-14,AU,2.34031016454146
2023-02-14,CA,4.19308447851125
2023-02-14,DE,2.8848526452368
2023-02-14,FR,0.634652977316821
2023-02-14,GB,2.63181129121726
2023-02-14,IE,2.42322538902592
2023-02-14,US,9.50598676494569
2023-02-14,JP,2.22814277157326
2023-02-15,AU,2.33812001473817
2023-02-15,CA,4.18120415254696
2023-02-15,DE,2.88444382710109
2023-02-15,FR,0.634420727626112
2023-02-15,GB,2.63419929732628
2023-02-15,IE,2.40270197717098
2023-02-15,US,9.5226756307345
2023-02-15,JP,2.22817950818932
2023-02-16,AU,2.32894972542187
2023-02-16,CA,4.1667390704119
2023-02-16,DE,2.8795561172818
2023-02-16,FR,0.630081748208214
2023-02-16,GB,2.64068720778552
2023-02-16,IE,2.37898225300517
2023-02-16,US,9.52996290166688
2023-02-16,JP,2.21198539261065
2023-02-17,AU,2.31985631535357
2023-02-17,CA,4.1706545989944
2023-02-17,DE,2.88614453551259
2023-02-17,FR,0.629207029401176
2023-02-17,GB,2.63814696296209
2023-02-17,IE,2.38050604152972
2023-02-17,US,9.53645193240529
2023-02-17,JP,2.18620043820775
2023-02-18,AU,2.32045747617931
2023-02-18,CA,4.15919162085243
2023-02-18,DE,2.88795892744553
2023-02-18,FR,0.626011210154886
2023-02-18,GB,2.64791073355295
2023-02-18,IE,2.38486252163354
2023-02-18,US,9.5442690674649
2023-02-18,JP,2.16773559906877
2023-02-19,AU,2.32504420026172
2023-02-19,CA,4.13944198526005
2023-02-19,DE,2.89609587568047
2023-02-19,FR,0.626924345450148
2023-02-19,GB,2.64227401456754
2023-02-19,IE,2.37039908669573
2023-02-19,US,9.55469661936738
2023-02-19,JP,2.15488861350415
2023-02-20,AU,2.32288235136822
2023-02-20,CA,4.15377605543238
2023-02-20,DE,2.90078568929748
2023-02-20,FR,0.624471101139426
2023-02-20,GB,2.64406314656849
2023-02-20,IE,2.36956972898383
2023-02-20,US,9.56139897447286
2023-02-20,JP,2.14697143526892
2023-02-21,AU,2.33115046558172
2023-02-21,CA,4.19243607030487
2023-02-21,DE,2.88887274187416
2023-02-21,FR,0.620426150013331
2023-02-21,GB,2.65454698895425
2023-02-21,IE,2.37835135534438
2023-02-21,US,9.62325798302968
2023-02-21,JP,2.14110820419164
2023-02-22,AU,2.33985391001689
2023-02-22,CA,4.20164350381427
2023-02-22,DE,2.87957918798194
2023-02-22,FR,0.617486649639733
2023-02-22,GB,2.65870117229332
2023-02-22,IE,2.37661321396561
2023-02-22,US,9.63338966638547
2023-02-22,JP,2.12612099430785
2023-02-23,AU,2.35104010154737
2023-02-23,CA,4.21280356127378
2023-02-23,DE,2.85954870948682
2023-02-23,FR,0.617336176534368
2023-02-23,GB,2.64937803516832
2023-02-23,IE,2.36657798446702
2023-02-23,US,9.6136992628375
2023-02-23,JP,2.14648790447012
2023-02-24,AU,2.35232259031219
2023-02-24,CA,4.2136170254492
2023-02-24,DE,2.8452623928314
2023-02-24,FR,0.61795800604961
2023-02-24,GB,2.65295605553601
2023-02-24,IE,2.36129929347378
2023-02-24,US,9.60029990805188
2023-02-24,JP,2.16286369192428
2023-02-25,AU,2.35636578939321
2023-02-25,CA,4.23801247845902
2023-02-25,DE,2.84880574724084
2023-02-25,FR,0.619408380760938
2023-02-25,GB,2.6516108973579
2023-02-25,IE,2.34455022314112
2023-02-25,US,9.5946125995005
2023-02-25,JP,2.16945179780082
2023-02-26,AU,2.3526646370407
2023-02-26,CA,4.26612018693864
2023-02-26,DE,2.84515565999618
2023-02-26,FR,0.622020612597311
2023-02-26,GB,2.65933170869341
2023-02-26,IE,2.33850889920874
2023-02-26,US,9.59055481797451
2023-02-26,JP,2.18248565645311
2023-02-27,AU,2.35362651298407
2023-02-27,CA,4.27232530999291
2023-02-27,DE,2.84000788229554
2023-02-27,FR,0.621249143508372
2023-02-27,GB,2.66655905335731
2023-02-27,IE,2.32635442230504
2023-02-27,US,9.59042891863217
2023-02-27,JP,2.18725084108352
2023-02-28,AU,2.34772809036819
2023-02-28,CA,4.28226024935197
2023-02-28,DE,2.85484209556334
2023-02-28,FR,0.625154839136844
2023-02-28,GB,2.6799392707745
2023-02-28,IE,2.32660240703146
2023-02-28,US,9.58848903633533
2023-02-28,JP,2.18801475834892
2023-03-01,AU,2.34388373910226
2023-03-01,CA,4.28860905072799
2023-03-01,DE,2.8660085913871
2023-03-01,FR,0.624576475186496
2023-03-01,GB,2.68426235284053
2023-03-01,IE,2.32422540068138
2023-03-01,US,9.57078799299926
2023-03-01,JP,2.18326281346674
2023-03-02,AU,2.3562884935622
2023-03-02,CA,4.27980598543092
2023-03-02,DE,2.87600733182439
2023-03-02,FR,0.624702197431346
2023-03-02,GB,2.68750216394303
2023-03-02,IE,2.32537966367912
2023-03-02,US,9.57965005933515
2023-03-02,JP,2.15169160042036
2023-03-03,AU,2.3564755166745
2023-03-03,CA,4.28043970376029
2023-03-03,DE,2.88350134204031
2023-03-03,FR,0.624393590068304
2023-03-03,GB,2.68419332050745
2023-03-03,IE,2.33915231991529
2023-03-03,US,9.59809678845393
2023-03-03,JP,2.12412209218574
2023-03-04,AU,2.36155663019882
2023-03-04,CA,4.27997497137876
2023-03-04,DE,2.90109051152853
2023-03-04,FR,0.62602495936525
2023-03-04,GB,2.68420375238629
2023-03-04,IE,2.33042260077313
2023-03-04,US,9.60234937691154
2023-03-04,JP,2.10079296995551
2023-03-05,AU,2.36615054745996
2023-03-05,CA,4.26966595565627
2023-03-05,DE,2.92128305996476
2023-03-05,FR,0.618577077313408
2023-03-05,GB,2.67888197695301
2023-03-05,IE,2.34695938325767
2023-03-05,US,9.60632675432523
2023-03-05,JP,2.06780927770085
2023-03-06,AU,2.37710446969437
2023-03-06,CA,4.24811359917703
2023-03-06,DE,2.93545197532729
2023-03-06,FR,0.619989587206472
2023-03-06,GB,2.67769801938952
2023-03-06,IE,2.35667416859036
2023-03-06,US,9.62445485546079
2023-03-06,JP,2.05144736980993
2023-03-07,AU,2.38031598212177
2023-03-07,CA,4.21714572196509
2023-03-07,DE,2.93620229926432
2023-03-07,FR,0.621427756000419
2023-03-07,GB,2.67801633219875
2023-03-07,IE,2.35604487164507
2023-03-07,US,9.61401670435253
2023-03-07,JP,2.03194488624163
2023-03-08,AU,2.36371419592825
2023-03-08,CA,4.20584738883131
2023-03-08,DE,2.93682982527204
2023-03-08,FR,0.624351612238641
2023-03-08,GB,2.68076816396832
2023-03-08,IE,2.35652214346979
2023-03-08,US,9.62505858425043
2023-03-08,JP,2.01877413928103
2023-03-09,AU,2.34200825890629
2023-03-09,CA,4.20407871347777
2023-03-09,DE,2.94552911990502
2023-03-09,FR,0.6238532387715
2023-03-09,GB,2.69352946863079
2023-03-09,IE,2.37828924597356
2023-03-09,US,9.62819224359632
2023-03-09,JP,2.00946003895693
2023-03-10,AU,2.33152441839592
2023-03-10,CA,4.202612267634
2023-03-10,DE,2.93982634409292
2023-03-10,FR,0.620752489533422
2023-03-10,GB,2.70176008412106
2023-03-10,IE,2.38105155854924
2023-03-10,US,9.62102778704169
2023-03-10,JP,2.01235290892736
2023-03-11,AU,2.32295837346138
2023-03-11,CA,4.19438694324499
2023-03-11,DE,2.92523980904922
2023-03-11,FR,0.618061362206773
2023-03-11,GB,2.70517784714818
2023-03-11,IE,2.39812295302542
2023-03-11,US,9.61550738144656
2023-03-11,JP,2.02288773941406
2023-03-12,AU,2.30539152447033
2023-03-12,CA,4.18988697027882
2023-03-12,DE,2.90939314744317
2023-03-12,FR,0.624144869228707
2023-03-12,GB,2.70507539092418
2023-03-12,IE,2.40313982318454
2023-03-12,US,9.62141100172402
2023-03-12,JP,2.03674027223305
2023-03-13,AU,2.29832352153378
2023-03-13,CA,4.18533130637642
2023-03-13,DE,2.88634773930548
2023-03-13,FR,0.624256430795117
2023-03-13,GB,2.70516919000824
2023-03-13,IE,2.40681379370266
2023-03-13,US,9.59791840979098
2023-03-13,JP,2.04334279093832
2023-03-14,AU,2.28460653477163
2023-03-14,CA,4.18597503140347
2023-03-14,DE,2.88038022144831
2023-03-14,FR,0.622778838766796
2023-03-14,GB,2.69689282278738
2023-03-14,IE,2.39374053741981
2023-03-14,US,9.59418719941191
2023-03-14,JP,2.05289133793854
2023-03-15,AU,2.27702099621983
2023-03-15,CA,4.17032954169267
2023-03-15,DE,2.87033880455201
2023-03-15,FR,0.62443398357151
2023-03-15,GB,2.68394103184186
2023-03-15,IE,2.39786464233668
2023-03-15,US,9.57246157828402
2023-03-15,JP,2.06038735746579
2023-03-16,AU,2.26342289182712
2023-03-16,CA,4.16397341530064
2023-03-16,DE,2.85839801495471
2023-03-16,FR,0.622625968376926
2023-03-16,GB,2.67428949640136
2023-03-16,IE,2.37577842576367
2023-03-16,US,9.561962165623
2023-03-16,JP,2.0654380756282
2023-03-17,AU,2.25611143203807
2023-03-17,CA,4.15097098085483
2023-03-17,DE,2.85976891160918
2023-03-17,FR,0.624455104389961
2023-03-17,GB,2.67419876582516
2023-03-17,IE,2.39958223682458
2023-03-17,US,9.54950239269913
2023-03-17,JP,2.06270090321538
2023-03-18,AU,2.25443929822328
2023-03-18,CA,4.15193163720408
2023-03-18,DE,2.84735283520942
2023-03-18,FR,0.621294941732602
2023-03-18,GB,2.67425600980973
2023-03-18,IE,2.40584349232414
2023-03-18,US,9.54445579012235
2023-03-18,JP,2.0551716949165
2023-03-19,AU,2.26581536532126
2023-03-19,CA,4.15711161953725
2023-03-19,DE,2.86073092709837
2023-03-19,FR,0.617217485416721
2023-03-19,GB,2.66451581538194
2023-03-19,IE,2.40247650925355
2023-03-19,US,9.53795546413798
2023-03-19,JP,2.04139891180151
2023-03-20,AU,2.25603667508674
2023-03-20,CA,4.16130984294601
2023-03-20,DE,2.882418536224
2023-03-20,FR,0.617573536098921
2023-03-20,GB,2.6719549321229
2023-03-20,IE,2.42069667893071
2023-03-20,US,9.54028191255611
2023-03-20,JP,2.02717249339809
2023-03-21,AU,2.25984967493704
2023-03-21,CA,4.15485513737331
2023-03-21,DE,2.89276378250531
2023-03-21,FR,0.61665100906942
2023-03-21,GB,2.66920954952312
2023-03-21,IE,2.46509688664794
2023-03-21,US,9.53441980145705
2023-03-21,JP,2.03254336220748
2023-03-22,AU,2.26442093537484
2023-03-22,CA,4.14477203101169
2023-03-22,DE,2.88408459317204
2023-03-22,FR,0.610853333671846
2023-03-22,GB,2.66291095351896
2023-03-22,IE,2.45902139968523
2023-03-22,US,9.5227337686094
2023-03-22,JP,2.0383398819658
2023-03-23,AU,2.27255453986351
2023-03-23,CA,4.12982942770934
2023-03-23,DE,2.88356659123135
2023-03-23,FR,0.610419110245184
2023-03-23,GB,2.65041352096254
2023-03-23,IE,2.48115508068712
2023-03-23,US,9.49777570052001
2023-03-23,JP,2.05639550839218
2023-03-24,AU,2.2662148263626
2023-03-24,CA,4.10480282996039
2023-03-24,DE,2.86703540892944
2023-03-24,FR,0.609387859460274
2023-03-24,GB,2.63491265083495
2023-03-24,IE,2.44115622765875
2023-03-24,US,9.47144649443681
2023-03-24,JP,2.08874281791955
2023-03-25,AU,2.26636899491922
2023-03-25,CA,4.06553591711237
2023-03-25,DE,2.86513812019261
2023-03-25,FR,0.610043992523038
2023-03-25,GB,2.61110724590848
2023-03-25,IE,2.43383898270072
2023-03-25,US,9.4412464226892
2023-03-25,JP,2.122140980731
2023-03-26,AU,2.26276838457463
2023-03-26,CA,4.03920830227702
2023-03-26,DE,2.82359916839569
2023-03-26,FR,0.612910536630715
2023-03-26,GB,2.60134424843202
2023-03-26,IE,2.42215646461475
2023-03-26,US,9.38481958932598
2023-03-26,JP,2.15178893454442
2023-03-27,AU,2.26614798344801
2023-03-27,CA,4.01848331331089
2023-03-27,DE,2.80551195683047
2023-03-27,FR,0.613634586674845
2023-03-27,GB,2.57507996024873
2023-03-27,IE,2.41738782768506
2023-03-27,US,9.33869934375912
2023-03-27,JP,2.17960080735877
2023-03-28,AU,2.27120801123816
2023-03-28,CA,4.01000975272125
2023-03-28,DE,2.78913628147723
2023-03-28,FR,0.612125590823153
2023-03-28,GB,2.56752238718973
2023-03-28,IE,2.38425958427271
2023-03-28,US,9.30243202698325
2023-03-28,JP,2.18647238857491
2023-03-29,AU,2.27648578715454
2023-03-29,CA,4.0139131986556
2023-03-29,DE,2.80508597649
2023-03-29,FR,0.615666540539428
2023-03-29,GB,2.56136662354324
2023-03-29,IE,2.38548719128826
2023-03-29,US,9.29148935598871
2023-03-29,JP,2.19862982151861
2023-03-30,AU,2.28536143183457
2023-03-30,CA,4.00082164119912
2023-03-30,DE,2.79761695147466
2023-03-30,FR,0.616355296475622
2023-03-30,GB,2.55454288195284
2023-03-30,IE,2.36134575340168
2023-03-30,US,9.28194560143211
2023-03-30,JP,2.19354514958225
2023-03-31,AU,2.30999837119403
2023-03-31,CA,4.024237263592
2023-03-31,DE,2.80976857626297
2023-03-31,FR,0.618712276440346
2023-03-31,GB,2.55845041778412
2023-03-31,IE,2.38103898862695
2023-03-31,US,9.28460501312628
2023-03-31,JP,2.17818854677461
2023-04-01,AU,2.31184564481342
2023-04-01,CA,4.04657387424084
2023-04-01,DE,2.83561006567752
2023-04-01,FR,0.617330426097959
2023-04-01,GB,2.55876347927658
2023-04-01,IE,2.36676415648921
2023-04-01,US,9.29211345685922
2023-04-01,JP,2.15759352990688
2023-04-02,AU,2.29882371537831
2023-04-02,CA,4.05656954755804
2023-04-02,DE,2.86609650216902
2023-04-02,FR,0.621656462670164
2023-04-02,GB,2.54902717921799
2023-04-02,IE,2.38682724296579
2023-04-02,US,9.32391051409453
2023-04-02,JP,2.14459826900103
2023-04-03,AU,2.2810428315785
2023-04-03,CA,4.06502021212821
2023-04-03,DE,2.87766636850899
2023-04-03,FR,0.62158617594978
2023-04-03,GB,2.54007948166773
2023-04-03,IE,2.35212133486461
2023-04-03,US,9.34588519404124
2023-04-03,JP,2.13252876080992
2023-04-04,AU,2.26977275019377
2023-04-04,CA,4.06549752957888
2023-04-04,DE,2.8976407087558
2023-04-04,FR,0.621769331795794
2023-04-04,GB,2.52394611969439
2023-04-04,IE,2.34179098638823
2023-04-04,US,9.35409959025884
2023-04-04,JP,2.11277180438123
2023-04-05,AU,2.25383218374324
2023-04-05,CA,4.06010090929209
2023-04-05,DE,2.88709791060943
2023-04-05,FR,0.615615813567545
2023-04-05,GB,2.51751392728305
2023-04-05,IE,2.33084473322783
2023-04-05,US,9.3691840366848
2023-04-05,JP,2.0996076478986
2023-04-06,AU,2.23070340320372
2023-04-06,CA,4.05203994660961
2023-04-06,DE,2.89900356785558
2023-04-06,FR,0.615275059900469
2023-04-06,GB,2.4986177942848
2023-04-06,IE,2.33002305783867
2023-04-06,US,9.37328444709583
2023-04-06,JP,2.07738134915948
2023-04-07,AU,2.22018976211749
2023-04-07,CA,4.03906739984918
2023-04-07,DE,2.92779856542366
2023-04-07,FR,0.612931828639007
2023-04-07,GB,2.49030590990391
2023-04-07,IE,2.30951659407279
2023-04-07,US,9.37741508758716
2023-04-07,JP,2.05693420698589
2023-04-08,AU,2.19745550463668
2023-04-08,CA,4.02631885337001
2023-04-08,DE,2.92723580318359
2023-04-08,FR,0.61119718393624
2023-04-08,GB,2.49268838857829
2023-04-08,IE,2.3363621633901
2023-04-08,US,9.37208618238427
2023-04-08,JP,2.0387494538349
2023-04-09,AU,2.19224498664936
2023-04-09,CA,4.02359746795169
2023-04-09,DE,2.92305089339713
2023-04-09,FR,0.605840756447278
2023-04-09,GB,2.50034143663061
2023-04-09,IE,2.34513045192621
2023-04-09,US,9.34627241376261
2023-04-09,JP,2.01035497688871
2023-04-10,AU,2.22066994924518
2023-04-10,CA,4.03524329646513
2023-04-10,DE,2.96557131104984
2023-04-10,FR,0.605431277423296
2023-04-10,GB,2.53009849770681
2023-04-10,IE,2.36831912523715
2023-04-10,US,9.37227589112639
2023-04-10,JP,1.99355650688525
2023-04-11,AU,2.23766480742582
2023-04-11,CA,4.06961565384109
2023-04-11,DE,2.97158196307583
2023-04-11,FR,0.604387882087176
2023-04-11,GB,2.55096560184101
2023-04-11,IE,2.39606328196152
2023-04-11,US,9.45155496371665
2023-04-11,JP,1.99285018464725
2023-04-12,AU,2.26800165848064
2023-04-12,CA,4.08353304753732
2023-04-12,DE,3.00584493198736
2023-04-12,FR,0.609258057191574
2023-04-12,GB,2.57553792812197
2023-04-12,IE,2.42199460855541
2023-04-12,US,9.47876504816892
2023-04-12,JP,1.97557098666836
2023-04-13,AU,2.30958221860515
2023-04-13,CA,4.12210038354633
2023-04-13,DE,3.02508781707118
2023-04-13,FR,0.608286657914274
2023-04-13,GB,2.61527719613685
2023-04-13,IE,2.44538453593568
2023-04-13,US,9.55529285844999
2023-04-13,JP,1.96837183472953
2023-04-14,AU,2.32507794974175
2023-04-14,CA,4.14326271014088
2023-04-14,DE,3.01314661871393
2023-04-14,FR,0.608232060817763
2023-04-14,GB,2.64774507017616
2023-04-14,IE,2.45148224498479
2023-04-14,US,9.6165014779551
2023-04-14,JP,1.96301897940057
2023-04-15,AU,2.35678351235869
2023-04-15,CA,4.14713050641041
2023-04-15,DE,3.02732909181572
2023-04-15,FR,0.608417870668492
2023-04-15,GB,2.66612743212346
2023-04-15,IE,2.44076447742891
2023-04-15,US,9.6593603616185
2023-04-15,JP,1.96083253193445
2023-04-16,AU,2.39896581322005
2023-04-16,CA,4.13639592151319
2023-04-16,DE,3.04342911588681
2023-04-16,FR,0.603901561501264
2023-04-16,GB,2.68560589794612
2023-04-16,IE,2.40149123604169
2023-04-16,US,9.71738847180371
2023-04-16,JP,1.96830472495814
2023-04-17,AU,2.39898135506778
2023-04-17,CA,4.13124432230842
2023-04-17,DE,3.00468793436809
2023-04-17,FR,0.599137808721142
2023-04-17,GB,2.67589712303667
2023-04-17,IE,2.41269617895893
2023-04-17,US,9.71136813410306
2023-04-17,JP,1.96235877910505
2023-04-18,AU,2.39329605396948
2023-04-18,CA,4.10318423161384
2023-04-18,DE,3.00249765625412
2023-04-18,FR,0.596150932614357
2023-04-18,GB,2.67164941710846
2023-04-18,IE,2.40711518280161
2023-04-18,US,9.64793954203923
2023-04-18,JP,1.94875681842355
2023-04-19,AU,2.39260864233931
2023-04-19,CA,4.10844026073229
2023-04-19,DE,2.98861362098216
2023-04-19,FR,0.593143131249095
2023-04-19,GB,2.65724268221277
2023-04-19,IE,2.39351011063334
2023-04-19,US,9.6278831781399
2023-04-19,JP,1.94857977790016
2023-04-20,AU,2.3875347836004
2023-04-20,CA,4.09702973310879
2023-04-20,DE,2.97790369632679
2023-04-20,FR,0.590345915431435
2023-04-20,GB,2.62779484096405
2023-04-20,IE,2.38863340112643
2023-04-20,US,9.56179598367797
2023-04-20,JP,1.94378728308115
2023-04-21,AU,2.38923302582933
2023-04-21,CA,4.07451398211338
2023-04-21,DE,2.97932075190645
2023-04-21,FR,0.586926464883162
2023-04-21,GB,2.59775034303996
2023-04-21,IE,2.38405995588313
2023-04-21,US,9.50441342061701
2023-04-21,JP,1.93777290630775
2023-04-22,AU,2.39004964483985
2023-04-22,CA,4.08577526705193
2023-04-22,DE,2.96512417157926
2023-04-22,FR,0.592049528406378
2023-04-22,GB,2.58497644333137
2023-04-22,IE,2.35928234160228
2023-04-22,US,9.49437219100993
2023-04-22,JP,1.92338838443162
2023-04-23,AU,2.37051224115772
2023-04-23,CA,4.10289931420134
2023-04-23,DE,2.95344027791785
2023-04-23,FR,0.596328919358237
2023-04-23,GB,2.58491576772699
2023-04-23,IE,2.36988240919995
2023-04-23,US,9.4852545763291
2023-04-23,JP,1.91142674353682
2023-04-24,AU,2.37348104154489
2023-04-24,CA,4.1073934863899
2023-04-24,DE,2.95278968474467
2023-04-24,FR,0.599495436734309
2023-04-24,GB,2.59199008016988
2023-04-24,IE,2.35109981302678
2023-04-24,US,9.49778308911391
2023-04-24,JP,1.91397761177864
2023-04-25,AU,2.41633596318075
2023-04-25,CA,4.12776383992601
2023-04-25,DE,2.93683129669179
2023-04-25,FR,0.600576934562397
2023-04-25,GB,2.61185983520254
2023-04-25,IE,2.36006028624959
2023-04-25,US,9.5596561802163
2023-04-25,JP,1.92676214232995
2023-04-26,AU,2.43400776943415
2023-04-26,CA,4.13901348261386
2023-04-26,DE,2.93531447475019
2023-04-26,FR,0.601996254195084
2023-04-26,GB,2.64575125594078
2023-04-26,IE,2.36721588165361
2023-04-26,US,9.62075272506138
2023-04-26,JP,1.93361378236594
2023-04-27,AU,2.44896749428742
2023-04-27,CA,4.15372369626987
2023-04-27,DE,2.95073851909846
2023-04-27,FR,0.601758613251689
2023-04-27,GB,2.68372395256244
2023-04-27,IE,2.37218421349684
2023-04-27,US,9.68467310987303
2023-04-27,JP,1.94538680466098
2023-04-28,AU,2.47935077967708
2023-04-28,CA,4.18208307811837
2023-04-28,DE,2.94266160819618
2023-04-28,FR,0.60512298838984
2023-04-28,GB,2.72001697904545
2023-04-28,IE,2.37551017649195
2023-04-28,US,9.75823938876067
2023-04-28,JP,1.9549258951194
2023-04-29,AU,2.51092256135621
2023-04-29,CA,4.19406819497614
2023-04-29,DE,2.9279769985489
2023-04-29,FR,0.605577342161231
2023-04-29,GB,2.74500025920007
2023-04-29,IE,2.39558873178041
2023-04-29,US,9.81622660092841
2023-04-29,JP,1.96425666050293
2023-04-30,AU,2.56257873999247
2023-04-30,CA,4.21993903733668
2023-04-30,DE,2.92805696238539
2023-04-30,FR,0.605442380108278
2023-04-30,GB,2.75448696417231
2023-04-30,IE,2.41884255084287
2023-04-30,US,9.87937706509148
2023-04-30,JP,1.95954556260997
2023-05-01,AU,2.58572349158694
2023-05-01,CA,4.22060714318821
2023-05-01,DE,2.96531797543035
2023-05-01,FR,0.615339537001626
2023-05-01,GB,2.77523219528134
2023-05-01,IE,2.43218462431931
2023-05-01,US,9.90924196113325
2023-05-01,JP,1.94136074606183
2023-05-02,AU,2.59552707217245
2023-05-02,CA,4.2166615386642
2023-05-02,DE,2.97566852904825
2023-05-02,FR,0.61338124523651
2023-05-02,GB,2.79092629757889
2023-05-02,IE,2.42575177931959
2023-05-02,US,9.89780417624526
2023-05-02,JP,1.90881957303801
2023-05-03,AU,2.60702191766609
2023-05-03,CA,4.21715028204917
2023-05-03,DE,2.97828619262477
2023-05-03,FR,0.61118229524724
2023-05-03,GB,2.79165437108619
2023-05-03,IE,2.44556498475553
2023-05-03,US,9.88073910168093
2023-05-03,JP,1.87887859890434
2023-05-04,AU,2.60718522186476
2023-05-04,CA,4.20583937461581
2023-05-04,DE,2.96859566609258
2023-05-04,FR,0.613809481239045
2023-05-04,GB,2.79514741598632
2023-05-04,IE,2.47326619378838
2023-05-04,US,9.8539273294184
2023-05-04,JP,1.8560061853374
2023-05-05,AU,2.59197688758306
2023-05-05,CA,4.18571001264478
2023-05-05,DE,2.96006239844272
2023-05-05,FR,0.613010574673486
2023-05-05,GB,2.79097445453748
2023-05-05,IE,2.47602010916248
2023-05-05,US,9.80143456293211
2023-05-05,JP,1.8561528937554
2023-05-06,AU,2.58833428059926
2023-05-06,CA,4.14871555506039
2023-05-06,DE,2.9618643173426
2023-05-06,FR,0.606254222115849
2023-05-06,GB,2.7897221932826
2023-05-06,IE,2.4528588681163
2023-05-06,US,9.74573913413806
2023-05-06,JP,1.86996015933435
2023-05-07,AU,2.56706858449406
2023-05-07,CA,4.11577657660054
2023-05-07,DE,2.94845500421072
2023-05-07,FR,0.607874921879538
2023-05-07,GB,2.78430510725452
2023-05-07,IE,2.42770237826283
2023-05-07,US,9.68757562921847
2023-05-07,JP,1.89288402167205
2023-05-08,AU,2.57141924759376
2023-05-08,CA,4.10421426137672
2023-05-08,DE,2.90647467804896
2023-05-08,FR,0.606137252269551
2023-05-08,GB,2.7966051547195
2023-05-08,IE,2.40107439264106
2023-05-08,US,9.65029655659813
2023-05-08,JP,1.92175104312693
2023-05-09,AU,2.55489917756501
2023-05-09,CA,4.07623563176164
2023-05-09,DE,2.90076910759807
2023-05-09,FR,0.612489529547416
2023-05-09,GB,2.7929175923913
2023-05-09,IE,2.39431344634902
2023-05-09,US,9.61679907735728
2023-05-09,JP,1.94907416868329
2023-05-10,AU,2.54423703814423
2023-05-10,CA,4.04395471418583
2023-05-10,DE,2.89562643144648
2023-05-10,FR,0.618039830812159
2023-05-10,GB,2.78993365193901
2023-05-10,IE,2.38953404989997
2023-05-10,US,9.5826954482639
2023-05-10,JP,1.9723909469949
2023-05-11,AU,2.54170428484882
2023-05-11,CA,4.02471737880659
2023-05-11,DE,2.88369767406635
2023-05-11,FR,0.623014577437409
2023-05-11,GB,2.78763035760403
2023-05-11,IE,2.36742395425659
2023-05-11,US,9.56024202898179
2023-05-11,JP,1.98598798823542
2023-05-12,AU,2.54643373035929
2023-05-12,CA,4.01330093097035
2023-05-12,DE,2.87588710205581
2023-05-12,FR,0.628794733806089
2023-05-12,GB,2.78935771852811
2023-05-12,IE,2.37165423309063
2023-05-12,US,9.53811622822913
2023-05-12,JP,1.9700199789906
2023-05-13,AU,2.54143292149239
2023-05-13,CA,4.00792642798996
2023-05-13,DE,2.8632463520698
2023-05-13,FR,0.636827181368803
2023-05-13,GB,2.78293674926591
2023-05-13,IE,2.37976579348626
2023-05-13,US,9.49779312302962
2023-05-13,JP,1.94857931978359
2023-05-14,AU,2.53379385156708
2023-05-14,CA,3.9887303584518
2023-05-14,DE,2.84725954185087
2023-05-14,FR,0.639488788725313
2023-05-14,GB,2.79252064301573
2023-05-14,IE,2.39742267585969
2023-05-14,US,9.41114465983205
2023-05-14,JP,1.93264477181903
2023-05-15,AU,2.52518846360692
2023-05-15,CA,3.99224554281975
2023-05-15,DE,2.85269821376226
2023-05-15,FR,0.632220025843333
2023-05-15,GB,2.77893462734648
2023-05-15,IE,2.41867873320829
2023-05-15,US,9.39427460827916
2023-05-15,JP,1.91949344730868
2023-05-16,AU,2.50578537370269
2023-05-16,CA,4.00448234663587
2023-05-16,DE,2.86098547669821
2023-05-16,FR,0.633984012470497
2023-05-16,GB,2.77849191904273
2023-05-16,IE,2.42615182784423
2023-05-16,US,9.39029066823782
2023-05-16,JP,1.91863212573331
2023-05-17,AU,2.51504781241386
2023-05-17,CA,4.01355628474887
2023-05-17,DE,2.85795703456639
2023-05-17,FR,0.633699771520783
2023-05-17,GB,2.77438380953693
2023-05-17,IE,2.40351197318446
2023-05-17,US,9.38727700567197
2023-05-17,JP,1.90714260238036
2023-05-18,AU,2.50416050922533
2023-05-18,CA,4.02120939134176
2023-05-18,DE,2.88192451888105
2023-05-18,FR,0.637563049700895
2023-05-18,GB,2.77289866728048
2023-05-18,IE,2.40217868969006
2023-05-18,US,9.39011567660633
2023-05-18,JP,1.91432066113779
2023-05-19,AU,2.50470384413371
2023-05-19,CA,4.02574350046808
2023-05-19,DE,2.93758532749202
2023-05-19,FR,0.638252272638792
2023-05-19,GB,2.77981855868067
2023-05-19,IE,2.39912604908507
2023-05-19,US,9.39936872861386
2023-05-19,JP,1.92491788989552
2023-05-20,AU,2.4964597723218
2023-05-20,CA,4.03814532662255
2023-05-20,DE,2.98045891366771
2023-05-20,FR,0.641022689130833
2023-05-20,GB,2.78401677542081
2023-05-20,IE,2.40861740890148
2023-05-20,US,9.41955126988438
2023-05-20,JP,1.92828443201176
2023-05-21,AU,2.48947930204851
2023-05-21,CA,4.03391261438823
2023-05-21,DE,3.02726137151273
2023-05-21,FR,0.634915179493324
2023-05-21,GB,2.78252960918056
2023-05-21,IE,2.38820770240204
2023-05-21,US,9.47857152976333
2023-05-21,JP,1.93458023224014
2023-05-22,AU,2.4765861691257
2023-05-22,CA,4.03975662486496
2023-05-22,DE,3.02881063799123
2023-05-22,FR,0.634052438377829
2023-05-22,GB,2.77780545018474
2023-05-22,IE,2.38866527070157
2023-05-22,US,9.46741683296305
2023-05-22,JP,1.93407845805959
2023-05-23,AU,2.4799256258701
2023-05-23,CA,4.04634579806254
2023-05-23,DE,3.03621886805304
2023-05-23,FR,0.628093727996308
2023-05-23,GB,2.76909084484691
2023-05-23,IE,2.37433881620228
2023-05-23,US,9.42547812020102
2023-05-23,JP,1.93737724585481
2023-05-24,AU,2.47437542312317
2023-05-24,CA,4.05815908515276
2023-05-24,DE,3.03706248384956
2023-05-24,FR,0.618945618396071
2023-05-24,GB,2.75805171008848
2023-05-24,IE,2.38167398431722
2023-05-24,US,9.36221827787926
2023-05-24,JP,1.95813427505335
2023-05-25,AU,2.47452646135056
2023-05-25,CA,4.05742829750809
2023-05-25,DE,3.00507467051576
2023-05-25,FR,0.60549503607654
2023-05-25,GB,2.75352932014938
2023-05-25,IE,2.36247918969724
2023-05-25,US,9.29183146587566
2023-05-25,JP,1.96324130641786
2023-05-26,AU,2.46581853282625
2023-05-26,CA,4.05666464049451
2023-05-26,DE,2.95868758938061
2023-05-26,FR,0.59826625403325
2023-05-26,GB,2.72356770585397
2023-05-26,IE,2.37083747376796
2023-05-26,US,9.22540009011849
2023-05-26,JP,1.96737570035709
2023-05-27,AU,2.46003613529911
2023-05-27,CA,4.04479461630311
2023-05-27,DE,2.9167059270309
2023-05-27,FR,0.587416119666133
2023-05-27,GB,2.69463091065164
2023-05-27,IE,2.35306274447343
2023-05-27,US,9.16570733714429
2023-05-27,JP,1.97737007842264
2023-05-28,AU,2.45418342590612
2023-05-28,CA,4.05468215801107
2023-05-28,DE,2.86728680308482
2023-05-28,FR,0.591950231324316
2023-05-28,GB,2.65527409641151
2023-05-28,IE,2.3583581430778
2023-05-28,US,9.09137388002858
2023-05-28,JP,1.98423721208101
2023-05-29,AU,2.46231943921233
2023-05-29,CA,4.03916891276894
2023-05-29,DE,2.88108885041837
2023-05-29,FR,0.598157617494612
2023-05-29,GB,2.62878016050966
2023-05-29,IE,2.34394791897737
2023-05-29,US,9.01714543769038
2023-05-29,JP,1.9978385154309
2023-05-30,AU,2.48063841795034
2023-05-30,CA,4.03168764968628
2023-05-30,DE,2.8698019618183
2023-05-30,FR,0.599711119891271
2023-05-30,GB,2.61761067567514
2023-05-30,IE,2.33289061715911
2023-05-30,US,9.01637850905472
2023-05-30,JP,2.00352730182571
2023-05-31,AU,2.48129831076508
2023-05-31,CA,4.01329492662272
2023-05-31,DE,2.8702883067936
2023-05-31,FR,0.607621603043578
2023-05-31,GB,2.62392262836106
2023-05-31,IE,2.31469222571037
2023-05-31,US,9.04021162540062
2023-05-31,JP,1.9924964317934
2023-06-01,AU,2.47969562940618
2023-06-01,CA,4.01545455266813
2023-06-01,DE,2.88105716783709
2023-06-01,FR,0.611986094727583
2023-06-01,GB,2.6254533485756
2023-06-01,IE,2.31934009761643
2023-06-01,US,9.04956269907878
2023-06-01,JP,1.99045130339008
2023-06-02,AU,2.47425308645228
2023-06-02,CA,4.01118583037479
2023-06-02,DE,2.89059015589478
2023-06-02,FR,0.609591461167541
2023-06-02,GB,2.64127745131471
2023-06-02,IE,2.30220873980529
2023-06-02,US,9.0726327680402
2023-06-02,JP,1.99512889635581
2023-06-03,AU,2.48358313179676
2023-06-03,CA,4.01145059567133
2023-06-03,DE,2.90184950352833
2023-06-03,FR,0.610601656482815
2023-06-03,GB,2.6681400037367
2023-06-03,IE,2.28256814433984
2023-06-03,US,9.09256402784823
2023-06-03,JP,2.00090626639399
2023-06-04,AU,2.49103066057761
2023-06-04,CA,4.01247937430281
2023-06-04,DE,2.92310272651789
2023-06-04,FR,0.602154138003341
2023-06-04,GB,2.69998285954556
2023-06-04,IE,2.28999282701263
2023-06-04,US,9.14221499817479
2023-06-04,JP,1.99005624486517
2023-06-05,AU,2.47930388878975
2023-06-05,CA,4.01665893190953
2023-06-05,DE,2.90542852845743
2023-06-05,FR,0.591698002097593
2023-06-05,GB,2.72332283704629
2023-06-05,IE,2.28919364626395
2023-06-05,US,9.1798963987198
2023-06-05,JP,1.97863192131575
2023-06-06,AU,2.47832093559872
2023-06-06,CA,4.00235987909909
2023-06-06,DE,2.91000875523948
2023-06-06,FR,0.589366711461128
2023-06-06,GB,2.73561463348447
2023-06-06,IE,2.29673688565552
2023-06-06,US,9.16834204038063
2023-06-06,JP,1.97752575283923
2023-06-07,AU,2.48244362986569
2023-06-07,CA,4.0123322228235
2023-06-07,DE,2.89768267117195
2023-06-07,FR,0.587407472618637
2023-06-07,GB,2.73577082764833
2023-06-07,IE,2.3112811482076
2023-06-07,US,9.15738904944435
2023-06-07,JP,1.99265989820974
2023-06-08,AU,2.48545329680028
2023-06-08,CA,4.02413811090996
2023-06-08,DE,2.89411975363851
2023-06-08,FR,0.586057762271801
2023-06-08,GB,2.73102232008697
2023-06-08,IE,2.32316660342993
2023-06-08,US,9.16269991179404
2023-06-08,JP,1.9997377953297
2023-06-09,AU,2.48696666613477
2023-06-09,CA,4.04171588979491
2023-06-09,DE,2.89033090695906
2023-06-09,FR,0.587866808970198
2023-06-09,GB,2.71856132847851
2023-06-09,IE,2.33843378590772
2023-06-09,US,9.15831576511125
2023-06-09,JP,1.99371033729648
2023-06-10,AU,2.49358171773276
2023-06-10,CA,4.05609770939783
2023-06-10,DE,2.87958591526676
2023-06-10,FR,0.588284346901571
2023-06-10,GB,2.69234528017092
2023-06-10,IE,2.39017286813735
2023-06-10,US,9.17537682566502
2023-06-10,JP,1.97960239620217
2023-06-11,AU,2.46877162022029
2023-06-11,CA,4.07521813677232
2023-06-11,DE,2.87841424026084
2023-06-11,FR,0.591652110540798
2023-06-11,GB,2.67842101177156
2023-06-11,IE,2.42268253393677
2023-06-11,US,9.18844067841095
2023-06-11,JP,1.98148529866872
2023-06-12,AU,2.48206254282035
2023-06-12,CA,4.08322034832293
2023-06-12,DE,2.87448660604487
2023-06-12,FR,0.597000309139923
2023-06-12,GB,2.66465479121325
2023-06-12,IE,2.44698956484943
2023-06-12,US,9.20354056067091
2023-06-12,JP,1.97792060156615
2023-06-13,AU,2.45049493662427
2023-06-13,CA,4.09813482807205
2023-06-13,DE,2.86831365845617
2023-06-13,FR,0.600279356857857
2023-06-13,GB,2.64170560932233
2023-06-13,IE,2.44431896966933
2023-06-13,US,9.20549449797617
2023-06-13,JP,1.9628088190681
2023-06-14,AU,2.42481188655327
2023-06-14,CA,4.10681786323709
2023-06-14,DE,2.87314201262799
2023-06-14,FR,0.601467030286626
2023-06-14,GB,2.61818691716576
2023-06-14,IE,2.45662948587909
2023-06-14,US,9.1921759505916
2023-06-14,JP,1.94642834796789
2023-06-15,AU,2.43827772027438
2023-06-15,CA,4.10090830738597
2023-06-15,DE,2.85799745884419
2023-06-15,FR,0.602894313230529
2023-06-15,GB,2.60223659841357
2023-06-15,IE,2.45229660329714
2023-06-15,US,9.16084795906638
2023-06-15,JP,1.9303139957455
2023-06-16,AU,2.42824886873125
2023-06-16,CA,4.08995376863832
2023-06-16,DE,2.83996443110258
2023-06-16,FR,0.605080087359542
2023-06-16,GB,2.5927008906764
2023-06-16,IE,2.45823898831346
2023-06-16,US,9.12246423600809
2023-06-16,JP,1.93504105862602
2023-06-17,AU,2.41957162938123
2023-06-17,CA,4.0845527617839
2023-06-17,DE,2.8293313975972
2023-06-17,FR,0.606599450256394
2023-06-17,GB,2.58076665916599
2023-06-17,IE,2.45533962717901
2023-06-17,US,9.07889818120097
2023-06-17,JP,1.93760496472096
2023-06-18,AU,2.44600771870848
2023-06-18,CA,4.07130448217899
2023-06-18,DE,2.86929271603497
2023-06-18,FR,0.610110341928961
2023-06-18,GB,2.56167783647539
2023-06-18,IE,2.41284864445198
2023-06-18,US,9.00838711326608
2023-06-18,JP,1.93780940441129
2023-06-19,AU,2.43613105886827
2023-06-19,CA,4.07447967936791
2023-06-19,DE,2.9171861261758
2023-06-19,FR,0.607795340675505
2023-06-19,GB,2.55697011244227
2023-06-19,IE,2.39919740816193
2023-06-19,US,8.96399562936802
2023-06-19,JP,1.93713482103868
2023-06-20,AU,2.45653568318606
2023-06-20,CA,4.07793514970763
2023-06-20,DE,2.92323199496964
2023-06-20,FR,0.609192494041707
2023-06-20,GB,2.56106997228577
2023-06-20,IE,2.42812810386972
2023-06-20,US,8.9566074806594
2023-06-20,JP,1.93749056700351
2023-06-21,AU,2.46824407292443
2023-06-21,CA,4.0584476522195
2023-06-21,DE,2.92288206651023
2023-06-21,FR,0.611928935792545
2023-06-21,GB,2.55804845478271
2023-06-21,IE,2.41222860856607
2023-06-21,US,8.95806006584355
2023-06-21,JP,1.94995684442832
2023-06-22,AU,2.45597364761108
2023-06-22,CA,4.04851911863794
2023-06-22,DE,2.93570677121552
2023-06-22,FR,0.614622838917438
2023-06-22,GB,2.55640710501452
2023-06-22,IE,2.38435834444738
2023-06-22,US,8.96453454319054
2023-06-22,JP,1.97544633819564
2023-06-23,AU,2.48515595526813
2023-06-23,CA,4.04993933825511
2023-06-23,DE,2.96613257963557
2023-06-23,FR,0.612355576209599
2023-06-23,GB,2.55694547142434
2023-06-23,IE,2.38091916434527
2023-06-23,US,8.97921092797143
2023-06-23,JP,1.99873174023274
2023-06-24,AU,2.49851570143796
2023-06-24,CA,4.05327998666455
2023-06-24,DE,2.99241244912568
2023-06-24,FR,0.617269145441884
2023-06-24,GB,2.55901823767044
2023-06-24,IE,2.39214196134993
2023-06-24,US,8.99127652869865
2023-06-24,JP,2.01970110640225
2023-06-25,AU,2.49792574299115
2023-06-25,CA,4.04494491826158
2023-06-25,DE,2.98989610569911
2023-06-25,FR,0.617072539210535
2023-06-25,GB,2.56332260488802
2023-06-25,IE,2.41338110980466
2023-06-25,US,9.0275825962042
2023-06-25,JP,2.03923849752794
2023-06-26,AU,2.49176863821161
2023-06-26,CA,4.03041003435781
2023-06-26,DE,2.96386165827202
2023-06-26,FR,0.615644119802676
2023-06-26,GB,2.55495968433903
2023-06-26,IE,2.41550458152731
2023-06-26,US,9.03041180679519
2023-06-26,JP,2.06101749039139
2023-06-27,AU,2.48497659370821
2023-06-27,CA,4.02181948080181
2023-06-27,DE,2.96931919215788
2023-06-27,FR,0.612713362583253
2023-06-27,GB,2.54574189545125
2023-06-27,IE,2.40451754311591
2023-06-27,US,9.0055011392124
2023-06-27,JP,2.08321658802572
2023-06-28,AU,2.48516320609934
2023-06-28,CA,4.0100041205645
2023-06-28,DE,2.97172645548234
2023-06-28,FR,0.608743349772836
2023-06-28,GB,2.54287729089834
2023-06-28,IE,2.41941951165703
2023-06-28,US,8.99472979897501
2023-06-28,JP,2.09083516226573
2023-06-29,AU,2.4720090442523
2023-06-29,CA,3.98418757890738
2023-06-29,DE,2.98352567969878
2023-06-29,FR,0.609243285074011
2023-06-29,GB,2.53525977512163
2023-06-29,IE,2.44346761284253
2023-06-29,US,8.98001518556933
2023-06-29,JP,2.09175815989443
2023-06-30,AU,2.45267505802173
2023-06-30,CA,3.95541248252691
2023-06-30,DE,3.03813797732717
2023-06-30,FR,0.616578851584847
2023-06-30,GB,2.53160504470835
2023-06-30,IE,2.42979774979473
2023-06-30,US,8.95062111458929
2023-06-30,JP,2.08630032163256
2023-07-01,AU,2.4271016390893
2023-07-01,CA,3.94351583546026
2023-07-01,DE,3.03832918969222
2023-07-01,FR,0.616844331636114
2023-07-01,GB,2.54166596174992
2023-07-01,IE,2.41808409336203
2023-07-01,US,8.92833983757804
2023-07-01,JP,2.06912712283452
2023-07-02,AU,2.42602442120496
2023-07-02,CA,3.94656419596448
2023-07-02,DE,3.02295768683971
2023-07-02,FR,0.616474949110396
2023-07-02,GB,2.54411576439598
2023-07-02,IE,2.43838765319822
2023-07-02,US,8.8971945950619
2023-07-02,JP,2.0493846407567
2023-07-03,AU,2.44028850032155
2023-07-03,CA,3.93435503976251
2023-07-03,DE,3.00758984952551
2023-07-03,FR,0.623044119440207
2023-07-03,GB,2.5542514947745
2023-07-03,IE,2.44117123559272
2023-07-03,US,8.85564345667802
2023-07-03,JP,2.02861048774605
2023-07-04,AU,2.43650365528467
2023-07-04,CA,3.92958762082727
2023-07-04,DE,2.99021784810366
2023-07-04,FR,0.628109680910671
2023-07-04,GB,2.55761044796725
2023-07-04,IE,2.42817623512424
2023-07-04,US,8.83604559014256
2023-07-04,JP,2.0023727632366
2023-07-05,AU,2.42592050443726
2023-07-05,CA,3.94238207471099
2023-07-05,DE,2.99250098014248
2023-07-05,FR,0.631553243906695
2023-07-05,GB,2.55851176890167
2023-07-05,IE,2.40948450848923
2023-07-05,US,8.8672317528703
2023-07-05,JP,1.97032317266482
2023-07-06,AU,2.42265503107092
2023-07-06,CA,3.95525363316037
2023-07-06,DE,2.99258624978944
2023-07-06,FR,0.629915112834875
2023-07-06,GB,2.56564751903903
2023-07-06,IE,2.3982955829408
2023-07-06,US,8.91129482483752
2023-07-06,JP,1.93076573633289
2023-07-07,AU,2.42405454195325
2023-07-07,CA,3.96566198986783
2023-07-07,DE,2.93441613781434
2023-07-07,FR,0.626624870504342
2023-07-07,GB,2.56310104987849
2023-07-07,IE,2.40539151447863
2023-07-07,US,8.95051912905607
2023-07-07,JP,1.8884659295426
2023-07-08,AU,2.42466538738377
2023-07-08,CA,3.9654538124642
2023-07-08,DE,2.92324692923324
2023-07-08,FR,0.632054437196374
2023-07-08,GB,2.55935763237278
2023-07-08,IE,2.39300361599721
2023-07-08,US,8.98401272676671
2023-07-08,JP,1.87744578552669
2023-07-09,AU,2.43298368763995
2023-07-09,CA,3.96636852748875
2023-07-09,DE,2.91417386559133
2023-07-09,FR,0.637827498694974
2023-07-09,GB,2.56668580941448
2023-07-09,IE,2.35796354859634
2023-07-09,US,9.0294597481499
2023-07-09,JP,1.86932859198735
2023-07-10,AU,2.42773207164495
2023-07-10,CA,3.97354407849685
2023-07-10,DE,2.91893878071412
2023-07-10,FR,0.633597838805328
2023-07-10,GB,2.55622316379269
2023-07-10,IE,2.34583178337186
2023-07-10,US,9.08323862484401
2023-07-10,JP,1.8590081618084
2023-07-11,AU,2.426786521265
2023-07-11,CA,3.97125252790929
2023-07-11,DE,2.93110261820622
2023-07-11,FR,0.633227596797872
2023-07-11,GB,2.55819720281186
2023-07-11,IE,2.34604965736464
2023-07-11,US,9.09384722295741
2023-07-11,JP,1.85327046211075
2023-07-12,AU,2.43919631084999
2023-07-12,CA,3.98619256500924
2023-07-12,DE,2.93572698329243
2023-07-12,FR,0.635391938979895
2023-07-12,GB,2.57000979528417
2023-07-12,IE,2.37216954225193
2023-07-12,US,9.05528039342553
2023-07-12,JP,1.8519920894215
2023-07-13,AU,2.45415551756024
2023-07-13,CA,4.00797230518599
2023-07-13,DE,2.93806376638084
2023-07-13,FR,0.64279830679457
2023-07-13,GB,2.57321682947313
2023-07-13,IE,2.40786036039116
2023-07-13,US,9.02594434719632
2023-07-13,JP,1.86215382167053
2023-07-14,AU,2.45948185058826
2023-07-14,CA,4.02072228075117
2023-07-14,DE,2.9378300461018
2023-07-14,FR,0.657778142798395
2023-07-14,GB,2.58068360247429
2023-07-14,IE,2.43247637404612
2023-07-14,US,9.00915035424707
2023-07-14,JP,1.87863261893102
2023-07-15,AU,2.48041451233666
2023-07-15,CA,4.02881270945959
2023-07-15,DE,2.94969053899079
2023-07-15,FR,0.664747165372629
2023-07-15,GB,2.59106813098681
2023-07-15,IE,2.46316121093689
2023-07-15,US,8.99141636067248
2023-07-15,JP,1.88671690566923
2023-07-16,AU,2.47095484635105
2023-07-16,CA,4.03852981904571
2023-07-16,DE,2.94617927959218
2023-07-16,FR,0.674464500678487
2023-07-16,GB,2.59519215871405
2023-07-16,IE,2.50350162960899
2023-07-16,US,8.98550009300005
2023-07-16,JP,1.86955168801156
2023-07-17,AU,2.4596332848987
2023-07-17,CA,4.04799688159822
2023-07-17,DE,2.95778867785749
2023-07-17,FR,0.680511166145581
2023-07-17,GB,2.60021048327779
2023-07-17,IE,2.5331538390464
2023-07-17,US,8.98279358590082
2023-07-17,JP,1.87637352336649
2023-07-18,AU,2.4626295980024
2023-07-18,CA,4.05689557801157
2023-07-18,DE,2.9622891835332
2023-07-18,FR,0.68354402200677
2023-07-18,GB,2.59233281420095
2023-07-18,IE,2.55144872557816
2023-07-18,US,9.00314307097377
2023-07-18,JP,1.89408941422305
2023-07-19,AU,2.45480557289173
2023-07-19,CA,4.0544641647367
2023-07-19,DE,2.96017522252091
2023-07-19,FR,0.685054663032965
2023-07-19,GB,2.58436479123988
2023-07-19,IE,2.56227002173193
2023-07-19,US,9.02607579935526
2023-07-19,JP,1.90978669886696
2023-07-20,AU,2.44829088926438
2023-07-20,CA,4.05500927649648
2023-07-20,DE,2.95902425637851
2023-07-20,FR,0.683449258436493
2023-07-20,GB,2.57915589497475
2023-07-20,IE,2.54933653236709
2023-07-20,US,9.04848375432043
2023-07-20,JP,1.90583177794396
2023-07-21,AU,2.45367514433373
2023-07-21,CA,4.05956663037544
2023-07-21,DE,2.95618360227231
2023-07-21,FR,0.673006042444493
2023-07-21,GB,2.57843571078454
2023-07-21,IE,2.5573913243009
2023-07-21,US,9.07196219941675
2023-07-21,JP,1.89936879380135
2023-07-22,AU,2.44133963849548
2023-07-22,CA,4.06116622240571
2023-07-22,DE,2.95703768856157
2023-07-22,FR,0.66769028679088
2023-07-22,GB,2.58266237513797
2023-07-22,IE,2.54789447382749
2023-07-22,US,9.10110747611603
2023-07-22,JP,1.89747232481383
2023-07-23,AU,2.43604984757167
2023-07-23,CA,4.06165101997892
2023-07-23,DE,2.95828850547761
2023-07-23,FR,0.661391767533567
2023-07-23,GB,2.58100644976416
2023-07-23,IE,2.52852787102016
2023-07-23,US,9.11956076132382
2023-07-23,JP,1.91774074394868
2023-07-24,AU,2.43720549810253
2023-07-24,CA,4.07072960509638
2023-07-24,DE,2.94844300576212
2023-07-24,FR,0.659934387748582
2023-07-24,GB,2.58525694010588
2023-07-24,IE,2.49870474807342
2023-07-24,US,9.14270908522835
2023-07-24,JP,1.92556072588627
2023-07-25,AU,2.43691989893495
2023-07-25,CA,4.07865449012375
2023-07-25,DE,2.9621780939366
2023-07-25,FR,0.660447733717231
2023-07-25,GB,2.5919706186655
2023-07-25,IE,2.48105230020357
2023-07-25,US,9.16773868670719
2023-07-25,JP,1.91963385064361
2023-07-26,AU,2.42748303269091
2023-07-26,CA,4.08226038443288
2023-07-26,DE,2.97328976328063
2023-07-26,FR,0.662120663715786
2023-07-26,GB,2.59581644077237
2023-07-26,IE,2.47375566609083
2023-07-26,US,9.18572539220689
2023-07-26,JP,1.91890336169805
2023-07-27,AU,2.40835584242741
2023-07-27,CA,4.09627352958916
2023-07-27,DE,2.99850983812023
2023-07-27,FR,0.663838590187642
2023-07-27,GB,2.59304827324282
2023-07-27,IE,2.47190800077449
2023-07-27,US,9.20101944336833
2023-07-27,JP,1.92980189256397
2023-07-28,AU,2.39351699677883
2023-07-28,CA,4.10733131610454
2023-07-28,DE,3.02339798503218
2023-07-28,FR,0.667029713213233
2023-07-28,GB,2.59016525696049
2023-07-28,IE,2.43845077338143
2023-07-28,US,9.22042316492807
2023-07-28,JP,1.94902712656477
2023-07-29,AU,2.38208519735941
2023-07-29,CA,4.12666979185502
2023-07-29,DE,3.03636527375718
2023-07-29,FR,0.673456547077777
2023-07-29,GB,2.58395167508799
2023-07-29,IE,2.44244851126806
2023-07-29,US,9.23941185024736
2023-07-29,JP,1.96488722216677
2023-07-30,AU,2.38326244650211
2023-07-30,CA,4.15525463765913
2023-07-30,DE,3.06503786519462
2023-07-30,FR,0.682593228005634
2023-07-30,GB,2.58988272522009
2023-07-30,IE,2.48669817929673
2023-07-30,US,9.25215082714419
2023-07-30,JP,1.98557736604782
2023-07-31,AU,2.38493541448876
2023-07-31,CA,4.17916177289141
2023-07-31,DE,3.08809887667906
2023-07-31,FR,0.689512983184498
2023-07-31,GB,2.60040334361857
2023-07-31,IE,2.53328539468217
2023-07-31,US,9.26295473190512
2023-07-31,JP,1.99454755476889
2023-08-01,AU,2.37707682015356
2023-08-01,CA,4.18654089317333
2023-08-01,DE,3.09238468509698
2023-08-01,FR,0.696479278110501
2023-08-01,GB,2.60730626482776
2023-08-01,IE,2.57244404401198
2023-08-01,US,9.24652871542181
2023-08-01,JP,1.99957944832738
2023-08-02,AU,2.37508320548879
2023-08-02,CA,4.19797455859187
2023-08-02,DE,3.11611990054373
2023-08-02,FR,0.704672703390427
2023-08-02,GB,2.61343003214605
2023-08-02,IE,2.59137241422528
2023-08-02,US,9.22960965416303
2023-08-02,JP,2.01707626652157
2023-08-03,AU,2.39516849495161
2023-08-03,CA,4.19237189677704
2023-08-03,DE,3.10606711066884
2023-08-03,FR,0.713978581387383
2023-08-03,GB,2.61754210938496
2023-08-03,IE,2.60009414253378
2023-08-03,US,9.21125581649417
2023-08-03,JP,2.02157923946677
2023-08-04,AU,2.38050343883239
2023-08-04,CA,4.19037022196294
2023-08-04,DE,3.09523719572594
2023-08-04,FR,0.71799942253442
2023-08-04,GB,2.62499123681355
2023-08-04,IE,2.63409257066447
2023-08-04,US,9.19224112641574
2023-08-04,JP,2.0140036218902
2023-08-05,AU,2.37322100856829
2023-08-05,CA,4.17926193048438
2023-08-05,DE,3.11126616224052
2023-08-05,FR,0.722797988585395
2023-08-05,GB,2.63473838980382
2023-08-05,IE,2.64787497856421
2023-08-05,US,9.17792262294627
2023-08-05,JP,2.00604851627602
2023-08-06,AU,2.35779069481221
2023-08-06,CA,4.15286047189193
2023-08-06,DE,3.12146599343857
2023-08-06,FR,0.723155790566076
2023-08-06,GB,2.63685724385454
2023-08-06,IE,2.64756043735859
2023-08-06,US,9.16487597420411
2023-08-06,JP,1.997806079887
2023-08-07,AU,2.34859336064849
2023-08-07,CA,4.13572692276167
2023-08-07,DE,3.10630354046456
2023-08-07,FR,0.729145085563292
2023-08-07,GB,2.62261201772365
2023-08-07,IE,2.61558762359741
2023-08-07,US,9.1254040704467
2023-08-07,JP,1.99566770082641
2023-08-08,AU,2.34471711417218
2023-08-08,CA,4.13918304174871
2023-08-08,DE,3.10188336787651
2023-08-08,FR,0.732477691893113
2023-08-08,GB,2.61185106622388
2023-08-08,IE,2.61008165417285
2023-08-08,US,9.10715590680179
2023-08-08,JP,1.9954753927763
2023-08-09,AU,2.33649725406771
2023-08-09,CA,4.14093212061184
2023-08-09,DE,3.08900852407247
2023-08-09,FR,0.735401860669009
2023-08-09,GB,2.61146609069663
2023-08-09,IE,2.62077188779664
2023-08-09,US,9.07712781660883
2023-08-09,JP,1.97833650235077
2023-08-10,AU,2.32737002704662
2023-08-10,CA,4.14794515540983
2023-08-10,DE,3.09809936794021
2023-08-10,FR,0.737582106459684
2023-08-10,GB,2.61965117416426
2023-08-10,IE,2.65240425548285
2023-08-10,US,9.05615228685186
2023-08-10,JP,1.97387715066619
2023-08-11,AU,2.32987297116103
2023-08-11,CA,4.14951617379372
2023-08-11,DE,3.11409034636298
2023-08-11,FR,0.742623712338186
2023-08-11,GB,2.61669847832557
2023-08-11,IE,2.66443009201574
2023-08-11,US,9.02767414329225
2023-08-11,JP,1.98355807761105
2023-08-12,AU,2.33847821940236
2023-08-12,CA,4.15513599827636
2023-08-12,DE,3.11529106925367
2023-08-12,FR,0.747727065883673
2023-08-12,GB,2.62144617801127
2023-08-12,IE,2.70586293709419
2023-08-12,US,9.00201070136747
2023-08-12,JP,1.99793292667273
2023-08-13,AU,2.34461166799141
2023-08-13,CA,4.18369963799444
2023-08-13,DE,3.10376773373024
2023-08-13,FR,0.747622525579773
2023-08-13,GB,2.62090157668921
2023-08-13,IE,2.68614465023286
2023-08-13,US,8.98344258861714
2023-08-13,JP,2.00806729607686
2023-08-14,AU,2.35457189999006
2023-08-14,CA,4.18981028418438
2023-08-14,DE,3.12914414229718
2023-08-14,FR,0.748384165259258
2023-08-14,GB,2.62875166875865
2023-08-14,IE,2.71343097117356
2023-08-14,US,8.98000246786104
2023-08-14,JP,2.0237894329163
2023-08-15,AU,2.35202188003357
2023-08-15,CA,4.18488506126401
2023-08-15,DE,3.15882481647555
2023-08-15,FR,0.757222120516127
2023-08-15,GB,2.63633842047781
2023-08-15,IE,2.72278738266257
2023-08-15,US,8.97880822392807
2023-08-15,JP,2.03929900287245
2023-08-16,AU,2.37323830757319
2023-08-16,CA,4.17042765976326
2023-08-16,DE,3.18075486036467
2023-08-16,FR,0.75412416908779
2023-08-16,GB,2.63160553040424
2023-08-16,IE,2.71757339914349
2023-08-16,US,8.97583842519837
2023-08-16,JP,2.05389229915686
2023-08-17,AU,2.37879724759135
2023-08-17,CA,4.15628174825937
2023-08-17,DE,3.1711348794739
2023-08-17,FR,0.753111606132579
2023-08-17,GB,2.62158800333823
2023-08-17,IE,2.6874588334634
2023-08-17,US,8.97071035358662
2023-08-17,JP,2.07401284587986
2023-08-18,AU,2.38320072299371
2023-08-18,CA,4.14685447075997
2023-08-18,DE,3.16545081806842
2023-08-18,FR,0.759800277497375
2023-08-18,GB,2.62575065293916
2023-08-18,IE,2.69048479358077
2023-08-18,US,8.98556997306246
2023-08-18,JP,2.08064395458803
2023-08-19,AU,2.37481868536189
2023-08-19,CA,4.13674370004687
2023-08-19,DE,3.17018378937713
2023-08-19,FR,0.761041101996336
2023-08-19,GB,2.62114744904279
2023-08-19,IE,2.6923033570284
2023-08-19,US,8.99378218393907
2023-08-19,JP,2.08649773218899
2023-08-20,AU,2.36286352268241
2023-08-20,CA,4.11843139598818
2023-08-20,DE,3.18777739202151
2023-08-20,FR,0.768159569997315
2023-08-20,GB,2.61828180571743
2023-08-20,IE,2.70304026164863
2023-08-20,US,8.99939075166197
2023-08-20,JP,2.11423604609544
2023-08-21,AU,2.35493161472409
2023-08-21,CA,4.11538442129045
2023-08-21,DE,3.17774075609572
2023-08-21,FR,0.767114186836023
2023-08-21,GB,2.61797990933183
2023-08-21,IE,2.71252866169718
2023-08-21,US,9.00654136716003
2023-08-21,JP,2.14552336491056
2023-08-22,AU,2.37560595719463
2023-08-22,CA,4.11079711446505
2023-08-22,DE,3.15437883074173
2023-08-22,FR,0.760273704448888
2023-08-22,GB,2.61546404975764
2023-08-22,IE,2.72306468310059
2023-08-22,US,9.00888384711001
2023-08-22,JP,2.20788133987511
2023-08-23,AU,2.37464157964615
2023-08-23,CA,4.11602153313485
2023-08-23,DE,3.13453522623843
2023-08-23,FR,0.777191089760206
2023-08-23,GB,2.62185395548964
2023-08-23,IE,2.71599530997764
2023-08-23,US,9.01148311395187
2023-08-23,JP,2.2245118997982
2023-08-24,AU,2.38600413947848
2023-08-24,CA,4.11815929841584
2023-08-24,DE,3.13344187867817
2023-08-24,FR,0.778236112266891
2023-08-24,GB,2.62941941347215
2023-08-24,IE,2.74519254498841
2023-08-24,US,9.01258863684444
2023-08-24,JP,2.23467505730648
2023-08-25,AU,2.40064005294998
2023-08-25,CA,4.13275038073229
2023-08-25,DE,3.1327778764828
2023-08-25,FR,0.773593235357914
2023-08-25,GB,2.62489967954059
2023-08-25,IE,2.75109907147955
2023-08-25,US,8.99882262674161
2023-08-25,JP,2.24786716721805
2023-08-26,AU,2.41826431229529
2023-08-26,CA,4.14507564278431
2023-08-26,DE,3.11925495097127
2023-08-26,FR,0.766575683621388
2023-08-26,GB,2.62586676060958
2023-08-26,IE,2.72280211440429
2023-08-26,US,8.97958535659505
2023-08-26,JP,2.25291433933884
2023-08-27,AU,2.45223113345135
2023-08-27,CA,4.15599324676874
2023-08-27,DE,3.10361605688454
2023-08-27,FR,0.757455522312478
2023-08-27,GB,2.625346368264
2023-08-27,IE,2.73306005279753
2023-08-27,US,8.95543626517767
2023-08-27,JP,2.23916293168666
2023-08-28,AU,2.47748072550713
2023-08-28,CA,4.1632043023844
2023-08-28,DE,3.10607052922172
2023-08-28,FR,0.756061593963038
2023-08-28,GB,2.63064332920901
2023-08-28,IE,2.73855634920044
2023-08-28,US,8.92179031982445
2023-08-28,JP,2.22063232041085
2023-08-29,AU,2.49163472342225
2023-08-29,CA,4.16265562336367
2023-08-29,DE,3.0984317275373
2023-08-29,FR,0.752831633433227
2023-08-29,GB,2.63791793211968
2023-08-29,IE,2.72053802752579
2023-08-29,US,8.89163222240549
2023-08-29,JP,2.16501362725631
2023-08-30,AU,2.50680575699249
2023-08-30,CA,4.16369172506116
2023-08-30,DE,3.10606411203691
2023-08-30,FR,0.735723112487648
2023-08-30,GB,2.64360109339326
2023-08-30,IE,2.70826349610997
2023-08-30,US,8.86822816873189
2023-08-30,JP,2.16449735860305
2023-08-31,AU,2.52390443862925
2023-08-31,CA,4.17170418552841
2023-08-31,DE,3.11678150396423
2023-08-31,FR,0.730692586554881
2023-08-31,GB,2.65941129491981
2023-08-31,IE,2.69602130460206
2023-08-31,US,8.84009100676003
2023-08-31,JP,2.16975286652513
2023-09-01,AU,2.5093282723765
2023-09-01,CA,4.15838969111081
2023-09-01,DE,3.12089952362353
2023-09-01,FR,0.723690378458602
2023-09-01,GB,2.67634550320478
2023-09-01,IE,2.65049628022004
2023-09-01,US,8.83357603117956
2023-09-01,JP,2.16087220000263
2023-09-02,AU,2.49213979951335
2023-09-02,CA,4.14148092386993
2023-09-02,DE,3.12457056671519
2023-09-02,FR,0.716425462875218
2023-09-02,GB,2.68160726042066
2023-09-02,IE,2.6461997663819
2023-09-02,US,8.83887958160197
2023-09-02,JP,2.15611341844306
2023-09-03,AU,2.47472542482649
2023-09-03,CA,4.10967444678484
2023-09-03,DE,3.14577865844695
2023-09-03,FR,0.712360620834196
2023-09-03,GB,2.69129816830106
2023-09-03,IE,2.62987403742317
2023-09-03,US,8.8235033500499
2023-09-03,JP,2.16557068423424
2023-09-04,AU,2.45122802219564
2023-09-04,CA,4.0857702898165
2023-09-04,DE,3.14412892553519
2023-09-04,FR,0.70555656432636
2023-09-04,GB,2.68678377257633
2023-09-04,IE,2.61920439885285
2023-09-04,US,8.83255941065026
2023-09-04,JP,2.1600241565724
2023-09-05,AU,2.42925020088783
2023-09-05,CA,4.10318928771654
2023-09-05,DE,3.15120262979813
2023-09-05,FR,0.70080510381289
2023-09-05,GB,2.68657941243138
2023-09-05,IE,2.62595151651559
2023-09-05,US,8.86054879875325
2023-09-05,JP,2.15948113202444
2023-09-06,AU,2.41911592249082
2023-09-06,CA,4.11191611365945
2023-09-06,DE,3.15006499865549
2023-09-06,FR,0.696164576004563
2023-09-06,GB,2.68977606636758
2023-09-06,IE,2.64192534470276
2023-09-06,US,8.89523776313401
2023-09-06,JP,2.1599043126985
2023-09-07,AU,2.4078765988894
2023-09-07,CA,4.12018357919158
2023-09-07,DE,3.1544568336606
2023-09-07,FR,0.689970818351223
2023-09-07,GB,2.67878950009525
2023-09-07,IE,2.60537938155126
2023-09-07,US,8.93870475252216
2023-09-07,JP,2.15836891320838
2023-09-08,AU,2.43369390662536
2023-09-08,CA,4.13025944204063
2023-09-08,DE,3.14333947846431
2023-09-08,FR,0.689637189085307
2023-09-08,GB,2.66400124533171
2023-09-08,IE,2.61387154866074
2023-09-08,US,8.95606889185666
2023-09-08,JP,2.18122946784284
2023-09-09,AU,2.46019310642119
2023-09-09,CA,4.13432352249162
2023-09-09,DE,3.12323802082069
2023-09-09,FR,0.68987365506644
2023-09-09,GB,2.64955589570447
2023-09-09,IE,2.59213389983467
2023-09-09,US,8.98009674405747
2023-09-09,JP,2.21161459285154
2023-09-10,AU,2.46052075419043
2023-09-10,CA,4.15095091788494
2023-09-10,DE,3.10434984979747
2023-09-10,FR,0.689782844196644
2023-09-10,GB,2.63237501091983
2023-09-10,IE,2.57776819181174
2023-09-10,US,9.02482489586249
2023-09-10,JP,2.21893976456613
2023-09-11,AU,2.4623705658723
2023-09-11,CA,4.16050777447207
2023-09-11,DE,3.08954362752734
2023-09-11,FR,0.692055173633666
2023-09-11,GB,2.63177744006639
2023-09-11,IE,2.57044321170961
2023-09-11,US,9.02628210309242
2023-09-11,JP,2.22411384088507
2023-09-12,AU,2.47463543462353
2023-09-12,CA,4.14323407028493
2023-09-12,DE,3.08078469881489
2023-09-12,FR,0.690899149032042
2023-09-12,GB,2.64170176539169
2023-09-12,IE,2.56547639790995
2023-09-12,US,8.99472778684937
2023-09-12,JP,2.22399758468108
2023-09-13,AU,2.47325684661458
2023-09-13,CA,4.13189244421026
2023-09-13,DE,3.06795475166049
2023-09-13,FR,0.685131759533146
2023-09-13,GB,2.63697335918046
2023-09-13,IE,2.55923025389674
2023-09-13,US,8.96281227085212
2023-09-13,JP,2.21227326439946
2023-09-14,AU,2.46918304570138
2023-09-14,CA,4.12190842255757
2023-09-14,DE,3.05570142883091
2023-09-14,FR,0.687712425060088
2023-09-14,GB,2.64432773404166
2023-09-14,IE,2.59776456468645
2023-09-14,US,8.92865604520076
2023-09-14,JP,2.3122132369682
2023-09-15,AU,2.44149554437066
2023-09-15,CA,4.11284952232044
2023-09-15,DE,3.05927211052163
2023-09-15,FR,0.683528132414638
2023-09-15,GB,2.6514167295098
2023-09-15,IE,2.63677941958973
2023-09-15,US,8.91881089139304
2023-09-15,JP,2.3110648126916
2023-09-16,AU,2.43388311081847
2023-09-16,CA,4.1052438175039
2023-09-16,DE,3.06768698488706
2023-09-16,FR,0.676583851151838
2023-09-16,GB,2.65254740600863
2023-09-16,IE,2.63836262447232
2023-09-16,US,8.90489566044177
2023-09-16,JP,2.27473823104703
2023-09-17,AU,2.4453942130973
2023-09-17,CA,4.1100832543335
2023-09-17,DE,3.05916084874249
2023-09-17,FR,0.676531113116969
2023-09-17,GB,2.67067204402951
2023-09-17,IE,2.65850567949609
2023-09-17,US,8.89941631526895
2023-09-17,JP,2.23950202213158
2023-09-18,AU,2.44652910933978
2023-09-18,CA,4.10810904273614
2023-09-18,DE,3.06603184721014
2023-09-18,FR,0.671284445255921
2023-09-18,GB,2.68113510350649
2023-09-18,IE,2.66445938717591
2023-09-18,US,8.91016459366158
2023-09-18,JP,2.23117549505982
2023-09-19,AU,2.43045070563391
2023-09-19,CA,4.11072572297747
2023-09-19,DE,3.07367569870252
2023-09-19,FR,0.666726209194867
2023-09-19,GB,2.68191359396772
2023-09-19,IE,2.68293753457705
2023-09-19,US,8.92134112071695
2023-09-19,JP,2.23004824362249
2023-09-20,AU,2.43169383681142
2023-09-20,CA,4.10320647038541
2023-09-20,DE,3.08512709658555
2023-09-20,FR,0.665807081684567
2023-09-20,GB,2.69481217501878
2023-09-20,IE,2.6739232836404
2023-09-20,US,8.93913743695975
2023-09-20,JP,2.23241559186753
2023-09-21,AU,2.41675256915095
2023-09-21,CA,4.09227017134118
2023-09-21,DE,3.09885471216169
2023-09-21,FR,0.663555052435856
2023-09-21,GB,2.70031052290444
2023-09-21,IE,2.67975725668634
2023-09-21,US,8.95624310702608
2023-09-21,JP,2.1220478829075
2023-09-22,AU,2.41146655414208
2023-09-22,CA,4.08265332377875
2023-09-22,DE,3.11577990820681
2023-09-22,FR,0.660470653921922
2023-09-22,GB,2.69973569960571
2023-09-22,IE,2.6494873240816
2023-09-22,US,8.95408203187763
2023-09-22,JP,2.09897773926935
2023-09-23,AU,2.41514558422706
2023-09-23,CA,4.07766424486523
2023-09-23,DE,3.11265799267656
2023-09-23,FR,0.664592742291762
2023-09-23,GB,2.69823493387759
2023-09-23,IE,2.64310343122882
2023-09-23,US,8.95127805196511
2023-09-23,JP,2.09818388983197
2023-09-24,AU,2.4067394012364
2023-09-24,CA,4.05979515026288
2023-09-24,DE,3.11945068810339
2023-09-24,FR,0.655697850833849
2023-09-24,GB,2.68766094594687
2023-09-24,IE,2.63128259928658
2023-09-24,US,8.93873299949043
2023-09-24,JP,2.10585511053122
2023-09-25,AU,2.40154579092927
2023-09-25,CA,4.04988450197419
2023-09-25,DE,3.11237952229964
2023-09-25,FR,0.654043933646492
2023-09-25,GB,2.67269556943775
2023-09-25,IE,2.6174423534276
2023-09-25,US,8.91612099708169
2023-09-25,JP,2.12100566256059
2023-09-26,AU,2.3980891175064
2023-09-26,CA,4.03456495549953
2023-09-26,DE,3.11638869970196
2023-09-26,FR,0.653728016590542
2023-09-26,GB,2.66426689711867
2023-09-26,IE,2.60584915511419
2023-09-26,US,8.90948833270866
2023-09-26,JP,2.14701114754562
2023-09-27,AU,2.37554989051682
2023-09-27,CA,4.03036166789628
2023-09-27,DE,3.11142783789563
2023-09-27,FR,0.656257348507272
2023-09-27,GB,2.65826874935719
2023-09-27,IE,2.63325772023135
2023-09-27,US,8.90065966098117
2023-09-27,JP,2.16079352326324
2023-09-28,AU,2.37152687989061
2023-09-28,CA,4.02987403315457
2023-09-28,DE,3.08390113565003
2023-09-28,FR,0.655571762969296
2023-09-28,GB,2.65360921191626
2023-09-28,IE,2.618891625274
2023-09-28,US,8.88753332589992
2023-09-28,JP,2.15904939823517
2023-09-29,AU,2.38697758596341
2023-09-29,CA,4.03396103595408
2023-09-29,DE,3.0512529858682
2023-09-29,FR,0.655810005404354
2023-09-29,GB,2.64550967271186
2023-09-29,IE,2.61972866750823
2023-09-29,US,8.87524640104335
2023-09-29,JP,2.15373437488253
2023-09-30,AU,2.37429678760714
2023-09-30,CA,4.04232640363083
2023-09-30,DE,3.06807785087895
2023-09-30,FR,0.654247881919034
2023-09-30,GB,2.65063537770712
2023-09-30,IE,2.62794140634357
2023-09-30,US,8.86480543765235
2023-09-30,JP,2.1521540261989
2023-10-01,AU,2.37457905658797
2023-10-01,CA,4.04003891002424
2023-10-01,DE,3.08590359056121
2023-10-01,FR,0.655950854828968
2023-10-01,GB,2.6418772140051
2023-10-01,IE,2.63900111164833
2023-10-01,US,8.83338321385748
2023-10-01,JP,2.14676630457677
2023-10-02,AU,2.38409225494955
2023-10-02,CA,4.02963988452049
2023-10-02,DE,3.11039957436766
2023-10-02,FR,0.655112061387509
2023-10-02,GB,2.63652481141842
2023-10-02,IE,2.65735087237909
2023-10-02,US,8.81747745340766
2023-10-02,JP,2.1133310698701
2023-10-03,AU,2.39046409047892
2023-10-03,CA,4.04113047644822
2023-10-03,DE,3.1530495591649
2023-10-03,FR,0.655693463496046
2023-10-03,GB,2.63090379713301
2023-10-03,IE,2.63780240316991
2023-10-03,US,8.82251640001043
2023-10-03,JP,2.08156780738169
2023-10-04,AU,2.41440902083983
2023-10-04,CA,4.04093807366361
2023-10-04,DE,3.18536694746155
2023-10-04,FR,0.652079828269082
2023-10-04,GB,2.61546142335413
2023-10-04,IE,2.61309486013596
2023-10-04,US,8.80686377331772
2023-10-04,JP,2.06688734509628
2023-10-05,AU,2.42394018080086
2023-10-05,CA,4.03303875017522
2023-10-05,DE,3.20945482315239
2023-10-05,FR,0.65021377001686
2023-10-05,GB,2.60914311052136
2023-10-05,IE,2.60274853888837
2023-10-05,US,8.80026728235767
2023-10-05,JP,2.08344778787287
2023-10-06,AU,2.4251156157611
2023-10-06,CA,4.02393653015551
2023-10-06,DE,3.23878782523094
2023-10-06,FR,0.648472443063616
2023-10-06,GB,2.61238921024383
2023-10-06,IE,2.58217828753369
2023-10-06,US,8.79188066763409
2023-10-06,JP,2.09721124680737
2023-10-07,AU,2.41215953100684
2023-10-07,CA,4.01864648461971
2023-10-07,DE,3.22664223320906
2023-10-07,FR,0.644377454060581
2023-10-07,GB,2.59859475593791
2023-10-07,IE,2.58366740133069
2023-10-07,US,8.78202135898083
2023-10-07,JP,2.09456901716961
2023-10-08,AU,2.40534047083207
2023-10-08,CA,4.00059278232206
2023-10-08,DE,3.21807398842421
2023-10-08,FR,0.64729281021466
2023-10-08,GB,2.60125762030877
2023-10-08,IE,2.56758931341553
2023-10-08,US,8.79118935561273
2023-10-08,JP,2.09596030717912
2023-10-09,AU,2.39440139040949
2023-10-09,CA,4.01881493728759
2023-10-09,DE,3.22125484777595
2023-10-09,FR,0.643053883078824
2023-10-09,GB,2.60047523480437
2023-10-09,IE,2.53765100379261
2023-10-09,US,8.79940206787467
2023-10-09,JP,2.11212404617396
2023-10-10,AU,2.37312105886577
2023-10-10,CA,4.02622028943055
2023-10-10,DE,3.17751248211844
2023-10-10,FR,0.640127005326087
2023-10-10,GB,2.59208122944658
2023-10-10,IE,2.53303741284115
2023-10-10,US,8.7705433293555
2023-10-10,JP,2.11059119002561
2023-10-11,AU,2.35293700752282
2023-10-11,CA,4.03312168627803
2023-10-11,DE,3.15574542315417
2023-10-11,FR,0.642427619893359
2023-10-11,GB,2.58716391117204
2023-10-11,IE,2.53160734255969
2023-10-11,US,8.76119612315809
2023-10-11,JP,2.14157409891732
2023-10-12,AU,2.34680987458438
2023-10-12,CA,4.0448155023087
2023-10-12,DE,3.15690122050779
2023-10-12,FR,0.644527525201893
2023-10-12,GB,2.57538901965354
2023-10-12,IE,2.51712369105377
2023-10-12,US,8.75457152570406
2023-10-12,JP,2.12284503676668
2023-10-13,AU,2.33396016203272
2023-10-13,CA,4.0462168953554
2023-10-13,DE,3.14548620200683
2023-10-13,FR,0.649422783477128
2023-10-13,GB,2.57661264973681
2023-10-13,IE,2.52557757167337
2023-10-13,US,8.74772838184834
2023-10-13,JP,2.10839487163136
2023-10-14,AU,2.34364234523956
2023-10-14,CA,4.04365298210229
2023-10-14,DE,3.1393560199328
2023-10-14,FR,0.657109411677664
2023-10-14,GB,2.57691707882979
2023-10-14,IE,2.50443905907796
2023-10-14,US,8.7464282117007
2023-10-14,JP,2.10794867111635
2023-10-15,AU,2.33766459756435
2023-10-15,CA,4.05666742211172
2023-10-15,DE,3.12405185777342
2023-10-15,FR,0.658126696674765
2023-10-15,GB,2.57271154081554
2023-10-15,IE,2.49051459004042
2023-10-15,US,8.75232335178368
2023-10-15,JP,2.11285850838959
2023-10-16,AU,2.3444664288075
2023-10-16,CA,4.04515111561177
2023-10-16,DE,3.11531625844856
2023-10-16,FR,0.665492276262316
2023-10-16,GB,2.57483079145978
2023-10-16,IE,2.50624304672483
2023-10-16,US,8.78281167224374
2023-10-16,JP,2.11086336272552
2023-10-17,AU,2.35865907193235
2023-10-17,CA,4.01918411273015
2023-10-17,DE,3.10965536961541
2023-10-17,FR,0.669947128805938
2023-10-17,GB,2.5762507818811
2023-10-17,IE,2.52956535238588
2023-10-17,US,8.83776116955033
2023-10-17,JP,2.10196277609874
2023-10-18,AU,2.37447669000434
2023-10-18,CA,4.00283740084835
2023-10-18,DE,3.09280038119123
2023-10-18,FR,0.67304546688578
2023-10-18,GB,2.57425809900275
2023-10-18,IE,2.5389882490674
2023-10-18,US,8.88120912524414
2023-10-18,JP,2.06132744213122
2023-10-19,AU,2.37886420078162
2023-10-19,CA,3.97919509548282
2023-10-19,DE,3.09038296687374
2023-10-19,FR,0.672445336708453
2023-10-19,GB,2.57266215681138
2023-10-19,IE,2.56867827554335
2023-10-19,US,8.90141532667698
2023-10-19,JP,2.05565170297103
2023-10-20,AU,2.37037759364075
2023-10-20,CA,3.96385794790263
2023-10-20,DE,3.09355200965263
2023-10-20,FR,0.672816455171602
2023-10-20,GB,2.56502393038413
2023-10-20,IE,2.57407519704121
2023-10-20,US,8.92649216461703
2023-10-20,JP,2.05522001006982
2023-10-21,AU,2.363382437874
2023-10-21,CA,3.95742391582663
2023-10-21,DE,3.10699309723887
2023-10-21,FR,0.671142069884983
2023-10-21,GB,2.57078576152072
2023-10-21,IE,2.58919053119828
2023-10-21,US,8.92912026435721
2023-10-21,JP,2.07589621762466
2023-10-22,AU,2.37536002900863
2023-10-22,CA,3.95878633105227
2023-10-22,DE,3.11115316878669
2023-10-22,FR,0.671236755907771
2023-10-22,GB,2.57614727723789
2023-10-22,IE,2.59454136987574
2023-10-22,US,8.93896861519892
2023-10-22,JP,2.07343653096904
2023-10-23,AU,2.37259543904403
2023-10-23,CA,3.94722910716954
2023-10-23,DE,3.11198467713551
2023-10-23,FR,0.672362554529953
2023-10-23,GB,2.56160588501366
2023-10-23,IE,2.57455244723683
2023-10-23,US,8.93041463392469
2023-10-23,JP,2.06777020078552
2023-10-24,AU,2.36743727142408
2023-10-24,CA,3.95609177840504
2023-10-24,DE,3.11244345491904
2023-10-24,FR,0.673436537791934
2023-10-24,GB,2.54465513159585
2023-10-24,IE,2.53783050594375
2023-10-24,US,8.90978207667292
2023-10-24,JP,2.08417788145677
2023-10-25,AU,2.34919969158859
2023-10-25,CA,3.96331557196031
2023-10-25,DE,3.12912558598967
2023-10-25,FR,0.678028863492764
2023-10-25,GB,2.5452672212478
2023-10-25,IE,2.5341508875843
2023-10-25,US,8.88891967126438
2023-10-25,JP,2.09599026989644
2023-10-26,AU,2.34134360670285
2023-10-26,CA,3.98341241455998
2023-10-26,DE,3.12297403684109
2023-10-26,FR,0.681884666041543
2023-10-26,GB,2.53959608032959
2023-10-26,IE,2.50208986643899
2023-10-26,US,8.87914635872963
2023-10-26,JP,2.09854837561029
2023-10-27,AU,2.34922905334361
2023-10-27,CA,4.00627658586861
2023-10-27,DE,3.10689896690412
2023-10-27,FR,0.682255599402143
2023-10-27,GB,2.52940051978091
2023-10-27,IE,2.49532245967276
2023-10-27,US,8.86465318963631
2023-10-27,JP,2.09883566045316
2023-10-28,AU,2.34451381927084
2023-10-28,CA,4.01391912869391
2023-10-28,DE,3.09451066610065
2023-10-28,FR,0.6829550469627
2023-10-28,GB,2.52611004167783
2023-10-28,IE,2.49549754688279
2023-10-28,US,8.85713652027784
2023-10-28,JP,2.08928517622906
2023-10-29,AU,2.32944563845021
2023-10-29,CA,4.0280808533039
2023-10-29,DE,3.08364739597508
2023-10-29,FR,0.687273206096006
2023-10-29,GB,2.51702057859834
2023-10-29,IE,2.46657708847126
2023-10-29,US,8.85335946241222
2023-10-29,JP,2.10093146973346
2023-10-30,AU,2.32003916577956
2023-10-30,CA,4.04852708632017
2023-10-30,DE,3.06175139112898
2023-10-30,FR,0.688972626140656
2023-10-30,GB,2.5218913980743
2023-10-30,IE,2.47422629399473
2023-10-30,US,8.84800642649958
2023-10-30,JP,2.10640798821498
2023-10-31,AU,2.31063904645365
2023-10-31,CA,4.04439344529672
2023-10-31,DE,3.04597459888582
2023-10-31,FR,0.69078301986302
2023-10-31,GB,2.53396087990818
2023-10-31,IE,2.46997033389172
2023-10-31,US,8.80764376876331
2023-10-31,JP,2.09779823676342
2023-11-01,AU,2.3040426203072
2023-11-01,CA,4.05038788737044
2023-11-01,DE,3.04841120869768
2023-11-01,FR,0.699439622862019
2023-11-01,GB,2.53359534723717
2023-11-01,IE,2.44435142078222
2023-11-01,US,8.82129440350141
2023-11-01,JP,2.0902404777511
2023-11-02,AU,2.28784166143154
2023-11-02,CA,4.05332519706024
2023-11-02,DE,3.05998958931371
2023-11-02,FR,0.702151938674393
2023-11-02,GB,2.53767192015375
2023-11-02,IE,2.45308627293767
2023-11-02,US,8.84285962262439
2023-11-02,JP,2.07824700781037
2023-11-03,AU,2.27868813329864
2023-11-03,CA,4.05979359370649
2023-11-03,DE,3.06509292361825
2023-11-03,FR,0.709002934933771
2023-11-03,GB,2.55991921852851
2023-11-03,IE,2.45352862410272
2023-11-03,US,8.86961824174241
2023-11-03,JP,2.06639305003258
2023-11-04,AU,2.2705786817091
2023-11-04,CA,4.06224814100913
2023-11-04,DE,3.05990043633414
2023-11-04,FR,0.716004219536765
2023-11-04,GB,2.56440913241106
2023-11-04,IE,2.43557262355393
2023-11-04,US,8.88407889552265
2023-11-04,JP,2.05277932108983
2023-11-05,AU,2.26448720321685
2023-11-05,CA,4.04740782085169
2023-11-05,DE,3.08410119400507
2023-11-05,FR,0.726777106284377
2023-11-05,GB,2.5745085499217
2023-11-05,IE,2.470908138132
2023-11-05,US,8.87620731785876
2023-11-05,JP,2.04496486313577
2023-11-06,AU,2.25760492248938
2023-11-06,CA,4.04601592996746
2023-11-06,DE,3.10376560737401
2023-11-06,FR,0.730348209671584
2023-11-06,GB,2.58241203027198
2023-11-06,IE,2.45746246266854
2023-11-06,US,8.87481460946779
2023-11-06,JP,2.02968466673722
2023-11-07,AU,2.26777687638714
2023-11-07,CA,4.05867568993941
2023-11-07,DE,3.10933471601305
2023-11-07,FR,0.73648659371057
2023-11-07,GB,2.58102004131746
2023-11-07,IE,2.47266258804309
2023-11-07,US,8.91039021259064
2023-11-07,JP,2.02404907170545
2023-11-08,AU,2.26966148090152
2023-11-08,CA,4.05867746983827
2023-11-08,DE,3.07993294382599
2023-11-08,FR,0.727607593410264
2023-11-08,GB,2.58297510384086
2023-11-08,IE,2.47176166157321
2023-11-08,US,8.90314325090309
2023-11-08,JP,2.02217514290861
2023-11-09,AU,2.27054810013906
2023-11-09,CA,4.04942900676489
2023-11-09,DE,3.05036101852237
2023-11-09,FR,0.72398601756628
2023-11-09,GB,2.58257626806758
2023-11-09,IE,2.46618969288843
2023-11-09,US,8.87772751035208
2023-11-09,JP,2.02979672597122
2023-11-10,AU,2.25574857966998
2023-11-10,CA,4.02699038426938
2023-11-10,DE,3.03379644029116
2023-11-10,FR,0.723881513705262
2023-11-10,GB,2.55892988952848
2023-11-10,IE,2.45050025585313
2023-11-10,US,8.85029283783377
2023-11-10,JP,2.04052584285894
2023-11-11,AU,2.23825204631445
2023-11-11,CA,4.01485624269025
2023-11-11,DE,3.02527402200624
2023-11-11,FR,0.717452912241161
2023-11-11,GB,2.54079104940549
2023-11-11,IE,2.44292600379347
2023-11-11,US,8.82731972578948
2023-11-11,JP,2.04991517605822
2023-11-12,AU,2.21660183721258
2023-11-12,CA,4.01292099242686
2023-11-12,DE,2.98307715466814
2023-11-12,FR,0.707413970617781
2023-11-12,GB,2.528365026474
2023-11-12,IE,2.43204897708613
2023-11-12,US,8.805645244717
2023-11-12,JP,2.05447100411322
2023-11-13,AU,2.19545501170852
2023-11-13,CA,3.99663211837619
2023-11-13,DE,2.95611075314439
2023-11-13,FR,0.703724462978415
2023-11-13,GB,2.52223626666335
2023-11-13,IE,2.42305514458936
2023-11-13,US,8.7873501187746
2023-11-13,JP,2.07917689229381
2023-11-14,AU,2.16094180479467
2023-11-14,CA,3.98151042416779
2023-11-14,DE,2.94009825312263
2023-11-14,FR,0.699265291869985
2023-11-14,GB,2.51967897097302
2023-11-14,IE,2.42279781324737
2023-11-14,US,8.74980484440174
2023-11-14,JP,2.09178644932104
2023-11-15,AU,2.15760035501459
2023-11-15,CA,3.96227858021171
2023-11-15,DE,2.94593867531865
2023-11-15,FR,0.699593487242566
2023-11-15,GB,2.50972889286219
2023-11-15,IE,2.41316700551456
2023-11-15,US,8.70361245030536
2023-11-15,JP,2.08753105853712
2023-11-16,AU,2.1529781646714
2023-11-16,CA,3.94909668308538
2023-11-16,DE,2.95260330590623
2023-11-16,FR,0.699368119714279
2023-11-16,GB,2.49964661218049
2023-11-16,IE,2.40036257051093
2023-11-16,US,8.66015259148981
2023-11-16,JP,2.09555252129258
2023-11-17,AU,2.1525764662805
2023-11-17,CA,3.95459420068552
2023-11-17,DE,2.96014030511593
2023-11-17,FR,0.695742594259779
2023-11-17,GB,2.49265584902179
2023-11-17,IE,2.39860189229467
2023-11-17,US,8.60946243991316
2023-11-17,JP,2.09715758138434
2023-11-18,AU,2.16809896188331
2023-11-18,CA,3.96235189450786
2023-11-18,DE,2.97315654582993
2023-11-18,FR,0.693975812184234
2023-11-18,GB,2.49137335611789
2023-11-18,IE,2.40766024537155
2023-11-18,US,8.54840801151974
2023-11-18,JP,2.0899640900559
2023-11-19,AU,2.17415357173897
2023-11-19,CA,3.96046445190378
2023-11-19,DE,2.98464046231205
2023-11-19,FR,0.688710176151943
2023-11-19,GB,2.50232903676056
2023-11-19,IE,2.39381788818518
2023-11-19,US,8.4837529456411
2023-11-19,JP,2.08388688391772
2023-11-20,AU,2.16957431227686
2023-11-20,CA,3.94707932185006
2023-11-20,DE,2.9958670742734
2023-11-20,FR,0.69234110529566
2023-11-20,GB,2.50496133166208
2023-11-20,IE,2.39621881383222
2023-11-20,US,8.40554492286113
2023-11-20,JP,2.07372403381488
2023-11-21,AU,2.16954511321594
2023-11-21,CA,3.93179264517505
2023-11-21,DE,3.00963832948427
2023-11-21,FR,0.690430563865482
2023-11-21,GB,2.53293499194439
2023-11-21,IE,2.36750288037444
2023-11-21,US,8.32657270274146
2023-11-21,JP,2.06901196033021
2023-11-22,AU,2.1424532323746
2023-11-22,CA,3.92466486751849
2023-11-22,DE,3.00726340726832
2023-11-22,FR,0.684293980214523
2023-11-22,GB,2.58576831173735
2023-11-22,IE,2.37402610270187
2023-11-22,US,8.18824053727365
2023-11-22,JP,2.06755192234138
2023-11-23,AU,2.11054599251739
2023-11-23,CA,3.91040390125293
2023-11-23,DE,3.00684686291865
2023-11-23,FR,0.683460356486274
2023-11-23,GB,2.60685540434856
2023-11-23,IE,2.37867520047392
2023-11-23,US,8.030305906825
2023-11-23,JP,2.06516157102878
2023-11-24,AU,2.09379815650065
2023-11-24,CA,3.88882070785959
2023-11-24,DE,2.98537222268345
2023-11-24,FR,0.67901045671875
2023-11-24,GB,2.61733245321016
2023-11-24,IE,2.38277951084973
2023-11-24,US,8.00774761811082
2023-11-24,JP,2.07481504888824
2023-11-25,AU,2.06577410342765
2023-11-25,CA,3.89601976547779
2023-11-25,DE,2.96205683876624
2023-11-25,FR,0.673920047169925
2023-11-25,GB,2.63126020498148
2023-11-25,IE,2.37693372687175
2023-11-25,US,8.05760361512431
2023-11-25,JP,2.08099631484337
2023-11-26,AU,2.05758076980824
2023-11-26,CA,3.90853579429773
2023-11-26,DE,2.94764463731563
2023-11-26,FR,0.673336551117603
2023-11-26,GB,2.6340731655219
2023-11-26,IE,2.38206626043567
2023-11-26,US,8.12992547764511
2023-11-26,JP,2.09077941477259
2023-11-27,AU,2.06558550857797
2023-11-27,CA,3.92188025369095
2023-11-27,DE,2.9419060779253
2023-11-27,FR,0.666364653433153
2023-11-27,GB,2.64425589650352
2023-11-27,IE,2.37379823056527
2023-11-27,US,8.18374937514244
2023-11-27,JP,2.10445247662466
2023-11-28,AU,2.07054340023946
2023-11-28,CA,3.94092249783002
2023-11-28,DE,2.95563186693249
2023-11-28,FR,0.664998963070649
2023-11-28,GB,2.63050675857472
2023-11-28,IE,2.37634298917248
2023-11-28,US,8.25856086905062
2023-11-28,JP,2.11577455690068
2023-11-29,AU,2.08525217905848
2023-11-29,CA,3.95410278556125
2023-11-29,DE,2.95818757193707
2023-11-29,FR,0.667098830804543
2023-11-29,GB,2.59528030846401
2023-11-29,IE,2.36862483771742
2023-11-29,US,8.43822637092389
2023-11-29,JP,2.14072156970502
2023-11-30,AU,2.10926756264156
2023-11-30,CA,3.97644728135445
2023-11-30,DE,2.95634903199384
2023-11-30,FR,0.665157976791012
2023-11-30,GB,2.59884485166744
2023-11-30,IE,2.3825362638556
2023-11-30,US,8.59493749626533
2023-11-30,JP,2.15945889969696
2023-12-01,AU,2.12039337490283
2023-12-01,CA,3.9888609323109
2023-12-01,DE,2.97524955624098
2023-12-01,FR,0.662954338765652
2023-12-01,GB,2.60576763818042
2023-12-01,IE,2.3757684492388
2023-12-01,US,8.62517319212181
2023-12-01,JP,2.15269498529605
2023-12-02,AU,2.1423744484892
2023-12-02,CA,3.97368435757094
2023-12-02,DE,2.99308184925601
2023-12-02,FR,0.670646870376783
2023-12-02,GB,2.61799074896061
2023-12-02,IE,2.36889104977956
2023-12-02,US,8.59801205457748
2023-12-02,JP,2.15076070797486
2023-12-03,AU,2.14467137348632
2023-12-03,CA,3.95786557480561
2023-12-03,DE,3.01169009617104
2023-12-03,FR,0.669353038186011
2023-12-03,GB,2.6307468981954
2023-12-03,IE,2.37035842105936
2023-12-03,US,8.55179376414223
2023-12-03,JP,2.14890093554007
2023-12-04,AU,2.14227115645671
2023-12-04,CA,3.95371834371356
2023-12-04,DE,3.02199532896657
2023-12-04,FR,0.668632583003453
2023-12-04,GB,2.63339727294149
2023-12-04,IE,2.39738388089311
2023-12-04,US,8.52578822352533
2023-12-04,JP,2.13211211019512
2023-12-05,AU,2.13841596499509
2023-12-05,CA,3.93789906071324
2023-12-05,DE,3.00849424794416
2023-12-05,FR,0.672675397091852
2023-12-05,GB,2.63603734271987
2023-12-05,IE,2.41997606932376
2023-12-05,US,8.49290393689685
2023-12-05,JP,2.12889097743955
2023-12-06,AU,2.13845963241269
2023-12-06,CA,3.91302470183466
2023-12-06,DE,2.99595192535735
2023-12-06,FR,0.672019298979917
2023-12-06,GB,2.63919610793577
2023-12-06,IE,2.44958469406364
2023-12-06,US,8.42205929645217
2023-12-06,JP,2.10968021955854
2023-12-07,AU,2.135723730924
2023-12-07,CA,3.8833239505862
2023-12-07,DE,2.98808416957038
2023-12-07,FR,0.676880751587089
2023-12-07,GB,2.63717995931449
2023-12-07,IE,2.46681494844401
2023-12-07,US,8.39730453248297
2023-12-07,JP,2.09336349939545
2023-12-08,AU,2.14198872166464
2023-12-08,CA,3.86340572848546
2023-12-08,DE,2.98776518893762
2023-12-08,FR,0.676559314779015
2023-12-08,GB,2.63436344806643
2023-12-08,IE,2.48281752597815
2023-12-08,US,8.37606501630856
2023-12-08,JP,2.08611814207406
2023-12-09,AU,2.13710646591725
2023-12-09,CA,3.84293099181682
2023-12-09,DE,2.95585626017341
2023-12-09,FR,0.674010917752126
2023-12-09,GB,2.65151051579665
2023-12-09,IE,2.54372477128318
2023-12-09,US,8.34778800432526
2023-12-09,JP,2.07908912379682
2023-12-10,AU,2.13126952869052
2023-12-10,CA,3.81265413656034
2023-12-10,DE,2.90763350998994
2023-12-10,FR,0.677348602486469
2023-12-10,GB,2.65061350721511
2023-12-10,IE,2.54213349284105
2023-12-10,US,8.34400344263112
2023-12-10,JP,2.06549678870628
2023-12-11,AU,2.12725940140602
2023-12-11,CA,3.77898959826591
2023-12-11,DE,2.86523168399126
2023-12-11,FR,0.680029291458772
2023-12-11,GB,2.63784982677853
2023-12-11,IE,2.54754068261968
2023-12-11,US,8.34888424005223
2023-12-11,JP,2.05439398147347
2023-12-12,AU,2.12431361968491
2023-12-12,CA,3.76864512908991
2023-12-12,DE,2.84634025547818
2023-12-12,FR,0.674805603321415
2023-12-12,GB,2.63155912321984
2023-12-12,IE,2.54847254489476
2023-12-12,US,8.34158594281174
2023-12-12,JP,2.03801468493651
2023-12-13,AU,2.11168141296131
2023-12-13,CA,3.7644206643208
2023-12-13,DE,2.83630412942824
2023-12-13,FR,0.672069300286536
2023-12-13,GB,2.62614831413228
2023-12-13,IE,2.53003225378066
2023-12-13,US,8.31874084944377
2023-12-13,JP,2.03584180035768
2023-12-14,AU,2.10013904511312
2023-12-14,CA,3.75833215251726
2023-12-14,DE,2.84069184618342
2023-12-14,FR,0.667689125634397
2023-12-14,GB,2.62735600888282
2023-12-14,IE,2.51711262715323
2023-12-14,US,8.30415074571992
2023-12-14,JP,2.03394108799951
2023-12-15,AU,2.09089939814113
2023-12-15,CA,3.74650632118648
2023-12-15,DE,2.84133531604565
2023-12-15,FR,0.669706021650917
2023-12-15,GB,2.63174845332148
2023-12-15,IE,2.52306678411095
2023-12-15,US,8.2846576238859
2023-12-15,JP,2.06968966680569
2023-12-16,AU,2.08600238766459
2023-12-16,CA,3.73171844957567
2023-12-16,DE,2.85745399368912
2023-12-16,FR,0.665187294058145
2023-12-16,GB,2.60574220742436
2023-12-16,IE,2.49050136319706
2023-12-16,US,8.26957563497957
2023-12-16,JP,2.0835763547005
2023-12-17,AU,2.07974183112119
2023-12-17,CA,3.7115167572597
2023-12-17,DE,2.87735269773351
2023-12-17,FR,0.661959411173973
2023-12-17,GB,2.58438418066034
2023-12-17,IE,2.49788360489805
2023-12-17,US,8.2406233123041
2023-12-17,JP,2.0902023683945
2023-12-18,AU,2.07091703401474
2023-12-18,CA,3.68976987066013
2023-12-18,DE,2.88748750938278
2023-12-18,FR,0.6621742711229
2023-12-18,GB,2.57108074153232
2023-12-18,IE,2.47590551952445
2023-12-18,US,8.19897034982579
2023-12-18,JP,2.09766364093443
2023-12-19,AU,2.0708236036464
2023-12-19,CA,3.6484830453393
2023-12-19,DE,2.89711857330939
2023-12-19,FR,0.662066632300078
2023-12-19,GB,2.54887185610062
2023-12-19,IE,2.46274825721287
2023-12-19,US,8.1528785484221
2023-12-19,JP,2.10704277935903
2023-12-20,AU,2.05811057224714
2023-12-20,CA,3.62445144022664
2023-12-20,DE,2.90198510005166
2023-12-20,FR,0.666261988886699
2023-12-20,GB,2.52553953112274
2023-12-20,IE,2.44613158155103
2023-12-20,US,8.11666843996169
2023-12-20,JP,2.10748883551388
2023-12-21,AU,2.05350550477869
2023-12-21,CA,3.58919873238556
2023-12-21,DE,2.90194979541947
2023-12-21,FR,0.660281232859224
2023-12-21,GB,2.49621015070618
2023-12-21,IE,2.41468115819571
2023-12-21,US,8.07830671406454
2023-12-21,JP,2.1072977553789
2023-12-22,AU,2.04025688829887
2023-12-22,CA,3.5689403773076
2023-12-22,DE,2.88947209368806
2023-12-22,FR,0.65796199070371
2023-12-22,GB,2.48121545142732
2023-12-22,IE,2.39978613673515
2023-12-22,US,8.03197460523415
2023-12-22,JP,2.07463252496718
2023-12-23,AU,2.02342761834732
2023-12-23,CA,3.55124652207173
2023-12-23,DE,2.87639189704827
2023-12-23,FR,0.657375366337522
2023-12-23,GB,2.4629608648164
2023-12-23,IE,2.3743224281921
2023-12-23,US,7.9877271812148
2023-12-23,JP,2.06570855548295
2023-12-24,AU,1.98346149631641
2023-12-24,CA,3.48897422255967
2023-12-24,DE,2.83686275025654
2023-12-24,FR,0.656644979093245
2023-12-24,GB,2.41364334845168
2023-12-24,IE,2.32539243228043
2023-12-24,US,7.87066315301201
2023-12-24,JP,2.05253105980792
2023-12-25,AU,1.97288650821126
2023-12-25,CA,3.43616099896835
2023-12-25,DE,2.85155348011147
2023-12-25,FR,0.664806449619668
2023-12-25,GB,2.39372170181163
2023-12-25,IE,2.34798695946789
2023-12-25,US,7.75870454068026
2023-12-25,JP,2.05255394178695
2023-12-26,AU,1.97027317379336
2023-12-26,CA,3.45495001161684
2023-12-26,DE,2.91472106925597
2023-12-26,FR,0.670715865483698
2023-12-26,GB,2.41990664743553
2023-12-26,IE,2.39434726778922
2023-12-26,US,7.79280772864524
2023-12-26,JP,2.05364564338415
2023-12-27,AU,2.00493386185499
2023-12-27,CA,3.48757124807402
2023-12-27,DE,2.9342934191478
2023-12-27,FR,0.673444860776879
2023-12-27,GB,2.47123518559573
2023-12-27,IE,2.45093911758938
2023-12-27,US,7.85791487578109
2023-12-27,JP,2.05538869406496
2023-12-28,AU,2.04943829446026
2023-12-28,CA,3.54136953571241
2023-12-28,DE,2.96585182221562
2023-12-28,FR,0.688045434079073
2023-12-28,GB,2.51811605043306
2023-12-28,IE,2.52043164571032
2023-12-28,US,7.93536304210484
2023-12-28,JP,2.04354745619486
2023-12-29,AU,2.10397240619648
2023-12-29,CA,3.59690994901409
2023-12-29,DE,3.01721442220987
2023-12-29,FR,0.69927725271437
2023-12-29,GB,2.56851365510419
2023-12-29,IE,2.57435509866637
2023-12-29,US,8.02931049107688
2023-12-29,JP,2.03673671679264
2023-12-30,AU,2.16664804941543
2023-12-30,CA,3.6536521267287
2023-12-30,DE,3.05909654922936
2023-12-30,FR,0.709733069737226
2023-12-30,GB,2.62289709133119
2023-12-30,IE,2.6256896563828
2023-12-30,US,8.14541613092306
2023-12-30,JP,2.02958731869334
2023-12-31,AU,2.25041206255063
2023-12-31,CA,3.74829382830916
2023-12-31,DE,3.1141854843209
2023-12-31,FR,0.71803157001799
2023-12-31,GB,2.67370794109639
2023-12-31,IE,2.67298365119565
2023-12-31,US,8.27113835387196
2023-12-31,JP,2.00326122362693
2024-01-01,AU,2.31467527614643
2024-01-01,CA,3.85647276124901
2024-01-01,DE,3.16704703215035
2024-01-01,FR,0.728021174186507
2024-01-01,GB,2.76531544574769
2024-01-01,IE,2.72465163716008
2024-01-01,US,8.42959715767092
2024-01-01,JP,1.98753435785492
2024-01-02,AU,2.34661984751929
2024-01-02,CA,3.90717527280187
2024-01-02,DE,3.1522186889378
2024-01-02,FR,0.731177494166254
2024-01-02,GB,2.80222521592889
2024-01-02,IE,2.71692484851964
2024-01-02,US,8.48630556220926
2024-01-02,JP,1.98049522960998
2024-01-03,AU,2.3627139515669
2024-01-03,CA,3.92969634369909
2024-01-03,DE,3.19365207268796
2024-01-03,FR,0.732227103166468
2024-01-03,GB,2.80265748241587
2024-01-03,IE,2.71200524502513
2024-01-03,US,8.51537105988362
2024-01-03,JP,1.993227118557
2024-01-04,AU,2.36417819418733
2024-01-04,CA,3.93653747540379
2024-01-04,DE,3.22168843580109
2024-01-04,FR,0.729833874688565
2024-01-04,GB,2.79662915331492
2024-01-04,IE,2.68432289001507
2024-01-04,US,8.52890121070413
2024-01-04,JP,2.01046181307649
2024-01-05,AU,2.36097956804638
2024-01-05,CA,3.93266192291023
2024-01-05,DE,3.2252911275247
2024-01-05,FR,0.729041442914004
2024-01-05,GB,2.77628934630756
2024-01-05,IE,2.64129455297297
2024-01-05,US,8.53757303039339
2024-01-05,JP,2.02180020158178
2024-01-06,AU,2.35990397632326
2024-01-06,CA,3.93055296060624
2024-01-06,DE,3.24040178521413
2024-01-06,FR,0.726664231482818
2024-01-06,GB,2.7658334183167
2024-01-06,IE,2.61750648856409
2024-01-06,US,8.5454382135086
2024-01-06,JP,2.03543844527651
2024-01-07,AU,2.36440510667115
2024-01-07,CA,3.97807176281039
2024-01-07,DE,3.2815674134514
2024-01-07,FR,0.727828074930139
2024-01-07,GB,2.80298552180037
2024-01-07,IE,2.64088109334383
2024-01-07,US,8.61240454134812
2024-01-07,JP,2.07078430373249
2024-01-08,AU,2.35363477437913
2024-01-08,CA,3.97868416698888
2024-01-08,DE,3.25016066010169
2024-01-08,FR,0.716448884723253
2024-01-08,GB,2.76491301693213
2024-01-08,IE,2.58895953137598
2024-01-08,US,8.63424559233242
2024-01-08,JP,2.1117073907524
2024-01-09,AU,2.35642124957037
2024-01-09,CA,3.97256919195901
2024-01-09,DE,3.21301071958197
2024-01-09,FR,0.712008366049743
2024-01-09,GB,2.74149608915447
2024-01-09,IE,2.59070805251099
2024-01-09,US,8.62500118630695
2024-01-09,JP,2.12772478525034
2024-01-10,AU,2.34124116145129
2024-01-10,CA,3.9635008926234
2024-01-10,DE,3.17387761547992
2024-01-10,FR,0.7077518989476
2024-01-10,GB,2.72615576441053
2024-01-10,IE,2.57247830303257
2024-01-10,US,8.60451117823308
2024-01-10,JP,2.12898081958931
2024-01-11,AU,2.33151275624745
2024-01-11,CA,3.96612327742277
2024-01-11,DE,3.12434918284889
2024-01-11,FR,0.704698669613156
2024-01-11,GB,2.71842300200985
2024-01-11,IE,2.56482351700871
2024-01-11,US,8.58293536569394
2024-01-11,JP,2.12934824957138
2024-01-12,AU,2.33253161174586
2024-01-12,CA,3.96295709899406
2024-01-12,DE,3.09452302641054
2024-01-12,FR,0.701716649279481
2024-01-12,GB,2.7147606391246
2024-01-12,IE,2.58237558505832
2024-01-12,US,8.57595342934035
2024-01-12,JP,2.13362310227826
2024-01-13,AU,2.31062748506487
2024-01-13,CA,3.96281154813355
2024-01-13,DE,3.07958746404419
2024-01-13,FR,0.706199707769281
2024-01-13,GB,2.70351009476247
2024-01-13,IE,2.57624256588432
2024-01-13,US,8.5640794072542
2024-01-13,JP,2.13514705089449
2024-01-14,AU,2.31357684720709
2024-01-14,CA,3.93038205371776
2024-01-14,DE,3.0533547096128
2024-01-14,FR,0.706270692560327
2024-01-14,GB,2.69112474916769
2024-01-14,IE,2.58598336088137
2024-01-14,US,8.56437990158857
2024-01-14,JP,2.15544654222525
2024-01-15,AU,2.31572080598494
2024-01-15,CA,3.92517614764583
2024-01-15,DE,3.03423969632201
2024-01-15,FR,0.703218600812605
2024-01-15,GB,2.68770496177803
2024-01-15,IE,2.59583759118111
2024-01-15,US,8.5723142702766
2024-01-15,JP,2.14806283552107
2024-01-16,AU,2.29529633869235
2024-01-16,CA,3.91159694323323
2024-01-16,DE,3.04815138491241
2024-01-16,FR,0.705650790123185
2024-01-16,GB,2.68117204185321
2024-01-16,IE,2.57069647649713
2024-01-16,US,8.62476644993357
2024-01-16,JP,2.15715196669838
2024-01-17,AU,2.30803657566584
2024-01-17,CA,3.91771846612121
2024-01-17,DE,3.06991649323829
2024-01-17,FR,0.711295895454372
2024-01-17,GB,2.67497010943046
2024-01-17,IE,2.56945517059275
2024-01-17,US,8.66462832330949
2024-01-17,JP,2.16040310522471
2024-01-18,AU,2.31172771919604
2024-01-18,CA,3.92418438284756
2024-01-18,DE,3.07925518506081
2024-01-18,FR,0.714336255408113
2024-01-18,GB,2.67695202124648
2024-01-18,IE,2.58472550345388
2024-01-18,US,8.69650281734178
2024-01-18,JP,2.16528554570866
2024-01-19,AU,2.32129797431516
2024-01-19,CA,3.9332233273532
2024-01-19,DE,3.07160478902771
2024-01-19,FR,0.711512363039003
2024-01-19,GB,2.67291376012306
2024-01-19,IE,2.56655373461997
2024-01-19,US,8.72157812373266
2024-01-19,JP,2.1753582360079
2024-01-20,AU,2.33475076987744
2024-01-20,CA,3.92610547910028
2024-01-20,DE,3.05465374684516
2024-01-20,FR,0.706769290499175
2024-01-20,GB,2.6690836438086
2024-01-20,IE,2.55903467715941
2024-01-20,US,8.75251430931098
2024-01-20,JP,2.18542433772305
2024-01-21,AU,2.32540683285475
2024-01-21,CA,3.92129987521741
2024-01-21,DE,3.05876636938018
2024-01-21,FR,0.704375438860526
2024-01-21,GB,2.67834700135401
2024-01-21,IE,2.53338929573843
2024-01-21,US,8.76513090820871
2024-01-21,JP,2.18836727520058
2024-01-22,AU,2.33146639507366
2024-01-22,CA,3.91935864845093
2024-01-22,DE,3.07384733454708
2024-01-22,FR,0.705937086805393
2024-01-22,GB,2.68956021052815
2024-01-22,IE,2.52119471090961
2024-01-22,US,8.75649448662213
2024-01-22,JP,2.20027639052601
2024-01-23,AU,2.36228298362669
2024-01-23,CA,3.91119550820912
2024-01-23,DE,3.06668820040372
2024-01-23,FR,0.713321344408566
2024-01-23,GB,2.69883009163726
2024-01-23,IE,2.52376241682716
2024-01-23,US,8.68858437032578
2024-01-23,JP,2.20770968604953
2024-01-24,AU,2.35436305564735
2024-01-24,CA,3.88449320722548
2024-01-24,DE,3.04908337105007
2024-01-24,FR,0.720261564737383
2024-01-24,GB,2.69818484478223
2024-01-24,IE,2.52853426566891
2024-01-24,US,8.63108014752504
2024-01-24,JP,2.22667842839683
2024-01-25,AU,2.35130123564742
2024-01-25,CA,3.87247737288821
2024-01-25,DE,3.03981732355563
2024-01-25,FR,0.725069991858282
2024-01-25,GB,2.68705327068155
2024-01-25,IE,2.50506617056503
2024-01-25,US,8.5851660291642
2024-01-25,JP,2.25217349239232
2024-01-26,AU,2.35698546890084
2024-01-26,CA,3.85592884248369
2024-01-26,DE,3.03329782084233
2024-01-26,FR,0.728861377859985
2024-01-26,GB,2.67129751603285
2024-01-26,IE,2.51885891349359
2024-01-26,US,8.53450722234626
2024-01-26,JP,2.26601025591474
2024-01-27,AU,2.37104726368132
2024-01-27,CA,3.85072980956151
2024-01-27,DE,3.03710653554242
2024-01-27,FR,0.724042457774707
2024-01-27,GB,2.66155173137123
2024-01-27,IE,2.5281533692465
2024-01-27,US,8.50769630321962
2024-01-27,JP,2.27681140542757
2024-01-28,AU,2.38468963488519
2024-01-28,CA,3.85102649349501
2024-01-28,DE,3.02842911321572
2024-01-28,FR,0.727604621117278
2024-01-28,GB,2.63399062869619
2024-01-28,IE,2.54003776348277
2024-01-28,US,8.48597505177133
2024-01-28,JP,2.28007535443377
2024-01-29,AU,2.38692239796419
2024-01-29,CA,3.86041579992113
2024-01-29,DE,2.99989010998158
2024-01-29,FR,0.726890543611749
2024-01-29,GB,2.60629103586164
2024-01-29,IE,2.52525490166443
2024-01-29,US,8.46918078500583
2024-01-29,JP,2.27782896794925
2024-01-30,AU,2.38983690774388
2024-01-30,CA,3.85423247097792
2024-01-30,DE,2.99529349672701
2024-01-30,FR,0.720191541494137
2024-01-30,GB,2.58779022823017
2024-01-30,IE,2.52639331280781
2024-01-30,US,8.45621729593208
2024-01-30,JP,2.26817802399562
2024-01-31,AU,2.4069307189437
2024-01-31,CA,3.85900319080482
2024-01-31,DE,2.99292405891347
2024-01-31,FR,0.710997463358449
2024-01-31,GB,2.57465824417431
2024-01-31,IE,2.51225524050089
2024-01-31,US,8.45179267416645
2024-01-31,JP,2.24581287822969
2024-02-01,AU,2.424161426867
2024-02-01,CA,3.83160677431759
2024-02-01,DE,2.99327216751971
2024-02-01,FR,0.706442883958783
2024-02-01,GB,2.56604168125693
2024-02-01,IE,2.51541427309802
2024-02-01,US,8.44083042386172
2024-02-01,JP,2.21471632645622
2024-02-02,AU,2.42932830569233
2024-02-02,CA,3.81720837935519
2024-02-02,DE,2.98811430593139
2024-02-02,FR,0.708522057632269
2024-02-02,GB,2.56457413343072
2024-02-02,IE,2.47985097645435
2024-02-02,US,8.43422094265481
2024-02-02,JP,2.19011500582286
2024-02-03,AU,2.43111185804086
2024-02-03,CA,3.79990974384546
2024-02-03,DE,2.97779016523337
2024-02-03,FR,0.713383007263915
2024-02-03,GB,2.55540248685974
2024-02-03,IE,2.46724339928341
2024-02-03,US,8.37430352309656
2024-02-03,JP,2.17741981400354
2024-02-04,AU,2.43691433620557
2024-02-04,CA,3.7799797887842
2024-02-04,DE,2.95932218414935
2024-02-04,FR,0.711084619991811
2024-02-04,GB,2.5537159418544
2024-02-04,IE,2.44014553615065
2024-02-04,US,8.31365431680087
2024-02-04,JP,2.16974414055019
2024-02-05,AU,2.4504335541596
2024-02-05,CA,3.73853319283503
2024-02-05,DE,2.9720213492769
2024-02-05,FR,0.712441817630586
2024-02-05,GB,2.54171280686995
2024-02-05,IE,2.46773784064136
2024-02-05,US,8.27008345841149
2024-02-05,JP,2.15785953804165
2024-02-06,AU,2.45383409798351
2024-02-06,CA,3.71905828364346
2024-02-06,DE,2.95965367017302
2024-02-06,FR,0.711173438789396
2024-02-06,GB,2.53127300233462
2024-02-06,IE,2.47288335993144
2024-02-06,US,8.24036691407291
2024-02-06,JP,2.14953671385106
2024-02-07,AU,2.45342569094203
2024-02-07,CA,3.69442465217731
2024-02-07,DE,2.94962260770724
2024-02-07,FR,0.713155818133658
2024-02-07,GB,2.52394136487633
2024-02-07,IE,2.46602557800592
2024-02-07,US,8.21397313627814
2024-02-07,JP,2.14687152690893
2024-02-08,AU,2.46066812425266
2024-02-08,CA,3.6940649167732
2024-02-08,DE,2.94943864854078
2024-02-08,FR,0.713128966014854
2024-02-08,GB,2.52175007474055
2024-02-08,IE,2.460386904012
2024-02-08,US,8.23286773922073
2024-02-08,JP,2.15132768152575
2024-02-09,AU,2.46660675253517
2024-02-09,CA,3.69416625874688
2024-02-09,DE,2.96113764102276
2024-02-09,FR,0.709445345318174
2024-02-09,GB,2.51857753045937
2024-02-09,IE,2.47443789880201
2024-02-09,US,8.23357310399788
2024-02-09,JP,2.14900539146655
2024-02-10,AU,2.47928210364343
2024-02-10,CA,3.69297566426427
2024-02-10,DE,2.98502747562794
2024-02-10,FR,0.714317959156862
2024-02-10,GB,2.52089672988567
2024-02-10,IE,2.49919010463029
2024-02-10,US,8.25836251205798
2024-02-10,JP,2.13347788934569
2024-02-11,AU,2.47776158937324
2024-02-11,CA,3.68156565214695
2024-02-11,DE,3.01934172567885
2024-02-11,FR,0.712254628440539
2024-02-11,GB,2.50468326385132
2024-02-11,IE,2.50481343544993
2024-02-11,US,8.25242331355824
2024-02-11,JP,2.09658006838037
2024-02-12,AU,2.46676881772297
2024-02-12,CA,3.67766917625074
2024-02-12,DE,3.04201138556666
2024-02-12,FR,0.712931698634092
2024-02-12,GB,2.51437059622791
2024-02-12,IE,2.49411997538497
2024-02-12,US,8.26858190168766
2024-02-12,JP,2.08653166075876
2024-02-13,AU,2.47903072574427
2024-02-13,CA,3.67133031334324
2024-02-13,DE,3.05684531116812
2024-02-13,FR,0.712399007800273
2024-02-13,GB,2.50624967223776
2024-02-13,IE,2.47714124416803
2024-02-13,US,8.28697371616657
2024-02-13,JP,2.07552824283829
2024-02-14,AU,2.47849485768094
2024-02-14,CA,3.65456935828482
2024-02-14,DE,3.0479708313318
2024-02-14,FR,0.711915670029265
2024-02-14,GB,2.48947941440224
2024-02-14,IE,2.48197301001968
2024-02-14,US,8.28605582691795
2024-02-14,JP,2.0644572573087
2024-02-15,AU,2.49200481038654
2024-02-15,CA,3.65154993803744
2024-02-15,DE,3.05413543547956
2024-02-15,FR,0.705902999425836
2024-02-15,GB,2.48088579392346
2024-02-15,IE,2.48267696821948
2024-02-15,US,8.27756200608931
2024-02-15,JP,2.05698054113023
2024-02-16,AU,2.47806819937645
2024-02-16,CA,3.64866262016204
2024-02-16,DE,3.05822321972221
2024-02-16,FR,0.704558064998383
2024-02-16,GB,2.48059786163673
2024-02-16,IE,2.48748982654169
2024-02-16,US,8.27065169615099
2024-02-16,JP,2.04523443222539
2024-02-17,AU,2.5019964800595
2024-02-17,CA,3.63960279945778
2024-02-17,DE,3.0575859128913
2024-02-17,FR,0.698074593400391
2024-02-17,GB,2.48781845581757
2024-02-17,IE,2.48386003147783
2024-02-17,US,8.26144306121283
2024-02-17,JP,2.03838062781647
2024-02-18,AU,2.51163457587768
2024-02-18,CA,3.64629005534714
2024-02-18,DE,3.0499832410264
2024-02-18,FR,0.698551424664295
2024-02-18,GB,2.5037079927835
2024-02-18,IE,2.49621620529911
2024-02-18,US,8.2720327383776
2024-02-18,JP,2.05751743001973
2024-02-19,AU,2.52744300657705
2024-02-19,CA,3.65843980229752
2024-02-19,DE,3.0353909244418
2024-02-19,FR,0.700218384770637
2024-02-19,GB,2.50686531946911
2024-02-19,IE,2.48205730874663
2024-02-19,US,8.25016755983739
2024-02-19,JP,2.05489750321246
2024-02-20,AU,2.52247149786725
2024-02-20,CA,3.67310693000745
2024-02-20,DE,3.03477749164454
2024-02-20,FR,0.702026501229986
2024-02-20,GB,2.51214267316276
2024-02-20,IE,2.49120443207555
2024-02-20,US,8.24581277563315
2024-02-20,JP,2.05532751416107
2024-02-21,AU,2.54206990763923
2024-02-21,CA,3.69125758237279
2024-02-21,DE,3.0553106836717
2024-02-21,FR,0.708664143441509
2024-02-21,GB,2.53396718648979
2024-02-21,IE,2.49869569999113
2024-02-21,US,8.24672949598462
2024-02-21,JP,2.05582111361119
2024-02-22,AU,2.52634865124177
2024-02-22,CA,3.68080680403727
2024-02-22,DE,3.05417471778815
2024-02-22,FR,0.717377003352654
2024-02-22,GB,2.54105032929148
2024-02-22,IE,2.4934822127291
2024-02-22,US,8.22163770980459
2024-02-22,JP,2.04586551176296
2024-02-23,AU,2.52664417566644
2024-02-23,CA,3.67570742848343
2024-02-23,DE,3.05522776502208
2024-02-23,FR,0.720983102745633
2024-02-23,GB,2.53509234521398
2024-02-23,IE,2.49047597274177
2024-02-23,US,8.20831588187705
2024-02-23,JP,2.06438501401446
2024-02-24,AU,2.4660468570984
2024-02-24,CA,3.6737386629191
2024-02-24,DE,3.04143645996915
2024-02-24,FR,0.723425167180248
2024-02-24,GB,2.52045100469827
2024-02-24,IE,2.46475409380201
2024-02-24,US,8.18014214066713
2024-02-24,JP,2.08563464462018
2024-02-25,AU,2.44825889836517
2024-02-25,CA,3.66688715301374
2024-02-25,DE,3.02713891620726
2024-02-25,FR,0.729788193664082
2024-02-25,GB,2.51957942958327
2024-02-25,IE,2.4499463850061
2024-02-25,US,8.15732381354753
2024-02-25,JP,2.10847127274171
2024-02-26,AU,2.42883427656073
2024-02-26,CA,3.64821172528985
2024-02-26,DE,3.01998546783291
2024-02-26,FR,0.727007048808765
2024-02-26,GB,2.51150231074955
2024-02-26,IE,2.44924574661551
2024-02-26,US,8.16612752805884
2024-02-26,JP,2.12536600801771
2024-02-27,AU,2.41370362987619
2024-02-27,CA,3.6231155899277
2024-02-27,DE,3.0118281614155
2024-02-27,FR,0.724078817569351
2024-02-27,GB,2.51158036609427
2024-02-27,IE,2.44038221788861
2024-02-27,US,8.15505116367905
2024-02-27,JP,2.1449419315985
2024-02-28,AU,2.39644645939795
2024-02-28,CA,3.6172143255701
2024-02-28,DE,2.99928696273392
2024-02-28,FR,0.717454923654142
2024-02-28,GB,2.5055526626873
2024-02-28,IE,2.42726448625736
2024-02-28,US,8.15861282622799
2024-02-28,JP,2.15763430513437
2024-02-29,AU,2.3816037884551
2024-02-29,CA,3.62105762285917
2024-02-29,DE,2.98734944627269
2024-02-29,FR,0.713194968978451
2024-02-29,GB,2.50933954754416
2024-02-29,IE,2.43526648418885
2024-02-29,US,8.14479053060934
2024-02-29,JP,2.1749322365876
2024-03-01,AU,2.37722519792115
2024-03-01,CA,3.60756315916328
2024-03-01,DE,2.9845575509983
2024-03-01,FR,0.711628748482885
2024-03-01,GB,2.51792517109984
2024-03-01,IE,2.44654363041122
2024-03-01,US,8.13346128865949
2024-03-01,JP,2.16378197607005
2024-03-02,AU,2.40416890693222
2024-03-02,CA,3.61452775173592
2024-03-02,DE,2.98246731330971
2024-03-02,FR,0.705199667448644
2024-03-02,GB,2.52249063295314
2024-03-02,IE,2.46049214344907
2024-03-02,US,8.15044911776445
2024-03-02,JP,2.15544277726008
2024-03-03,AU,2.42391073348279
2024-03-03,CA,3.62140278992967
2024-03-03,DE,2.97909614682989
2024-03-03,FR,0.699349683163565
2024-03-03,GB,2.5048960437446
2024-03-03,IE,2.45810530242984
2024-03-03,US,8.16322939559383
2024-03-03,JP,2.13474362128618
2024-03-04,AU,2.40719012496635
2024-03-04,CA,3.61526327718999
2024-03-04,DE,2.97041847037187
2024-03-04,FR,0.694622431247858
2024-03-04,GB,2.49477822290729
2024-03-04,IE,2.44390863519138
2024-03-04,US,8.14344937128099
2024-03-04,JP,2.11628693833098
2024-03-05,AU,2.39366508188591
2024-03-05,CA,3.60054586980251
2024-03-05,DE,2.96226044019519
2024-03-05,FR,0.694117317222171
2024-03-05,GB,2.49179269275115
2024-03-05,IE,2.44734350191125
2024-03-05,US,8.14809535012802
2024-03-05,JP,2.10978488293941
2024-03-06,AU,2.38442113696791
2024-03-06,CA,3.5849178019179
2024-03-06,DE,2.96547224008825
2024-03-06,FR,0.691295113577568
2024-03-06,GB,2.48794621236266
2024-03-06,IE,2.44607417367002
2024-03-06,US,8.16637118732413
2024-03-06,JP,2.11949446909595
2024-03-07,AU,2.39849878327784
2024-03-07,CA,3.56156438945948
2024-03-07,DE,2.95576022158726
2024-03-07,FR,0.685310540832734
2024-03-07,GB,2.47562325931277
2024-03-07,IE,2.43182418281747
2024-03-07,US,8.19041088959585
2024-03-07,JP,2.11932710770986
2024-03-08,AU,2.38021963054076
2024-03-08,CA,3.54460969751533
2024-03-08,DE,2.93398064069406
2024-03-08,FR,0.679259501557499
2024-03-08,GB,2.45962355502406
2024-03-08,IE,2.42311740477518
2024-03-08,US,8.20890760009499
2024-03-08,JP,2.13144059791738
2024-03-09,AU,2.36027512877224
2024-03-09,CA,3.52015119566843
2024-03-09,DE,2.92448605464511
2024-03-09,FR,0.675445470390134
2024-03-09,GB,2.45341429895582
2024-03-09,IE,2.41066690294953
2024-03-09,US,8.21199693384843
2024-03-09,JP,2.14110064302714
2024-03-10,AU,2.32967909546069
2024-03-10,CA,3.49230153703794
2024-03-10,DE,2.9276270235488
2024-03-10,FR,0.667938367043798
2024-03-10,GB,2.45196723804541
2024-03-10,IE,2.40981867433556
2024-03-10,US,8.21191154877401
2024-03-10,JP,2.15370199662727
2024-03-11,AU,2.33052270969576
2024-03-11,CA,3.47363583492805
2024-03-11,DE,2.93026289793429
2024-03-11,FR,0.663563541116989
2024-03-11,GB,2.45224463392949
2024-03-11,IE,2.41900129716529
2024-03-11,US,8.22181908968343
2024-03-11,JP,2.16687261447382
2024-03-12,AU,2.32886212673737
2024-03-12,CA,3.46656270976919
2024-03-12,DE,2.93419379611999
2024-03-12,FR,0.657423418281321
2024-03-12,GB,2.44894281680431
2024-03-12,IE,2.42688417585837
2024-03-12,US,8.2096911111368
2024-03-12,JP,2.16086720409091
2024-03-13,AU,2.33215369543148
2024-03-13,CA,3.43629498877595
2024-03-13,DE,2.93290521899604
2024-03-13,FR,0.653130136885593
2024-03-13,GB,2.44219553094926
2024-03-13,IE,2.44600044181679
2024-03-13,US,8.17207528354841
2024-03-13,JP,2.14906822644958
2024-03-14,AU,2.32261983935877
2024-03-14,CA,3.42004730981381
2024-03-14,DE,2.93424190959857
2024-03-14,FR,0.649853023564211
2024-03-14,GB,2.44690398979024
2024-03-14,IE,2.45120726083649
2024-03-14,US,8.1518861867239
2024-03-14,JP,2.15106893082363
2024-03-15,AU,2.33242050605064
2024-03-15,CA,3.41133370900996
2024-03-15,DE,2.93877337349334
2024-03-15,FR,0.644136445204692
2024-03-15,GB,2.45620026288944
2024-03-15,IE,2.45130283588113
2024-03-15,US,8.14638626666666
2024-03-15,JP,2.15258562042646
2024-03-16,AU,2.33322243900511
2024-03-16,CA,3.40298452453611
2024-03-16,DE,2.94395214398354
2024-03-16,FR,0.643068799342318
2024-03-16,GB,2.46424570581606
2024-03-16,IE,2.45830068025934
2024-03-16,US,8.13953808380178
2024-03-16,JP,2.14542469128419
2024-03-17,AU,2.34331776601219
2024-03-17,CA,3.40338939383597
2024-03-17,DE,2.9373132343058
2024-03-17,FR,0.649286326000841
2024-03-17,GB,2.47885386347453
2024-03-17,IE,2.46488218832544
2024-03-17,US,8.14612701228241
2024-03-17,JP,2.15007861173505
2024-03-18,AU,2.35500004579579
2024-03-18,CA,3.39117148883117
2024-03-18,DE,2.93157691318872
2024-03-18,FR,0.652063054941539
2024-03-18,GB,2.46968931781391
2024-03-18,IE,2.48440323484983
2024-03-18,US,8.14587798807641
2024-03-18,JP,2.15336209923536
2024-03-19,AU,2.37611971932752
2024-03-19,CA,3.39457709850495
2024-03-19,DE,2.92174040910036
2024-03-19,FR,0.652751281936348
2024-03-19,GB,2.46020820515179
2024-03-19,IE,2.46526596642187
2024-03-19,US,8.15136483310016
2024-03-19,JP,2.15422760929078
2024-03-20,AU,2.38043789743263
2024-03-20,CA,3.41860770196136
2024-03-20,DE,2.90301140919915
2024-03-20,FR,0.650189109004036
2024-03-20,GB,2.45842377584642
2024-03-20,IE,2.45841540289759
2024-03-20,US,8.17062056565318
2024-03-20,JP,2.17475572970738
2024-03-21,AU,2.36912254156969
2024-03-21,CA,3.42824677454867
2024-03-21,DE,2.9079865868724
2024-03-21,FR,0.655240046738155
2024-03-21,GB,2.44322818414798
2024-03-21,IE,2.45804186530742
2024-03-21,US,8.17851626169842
2024-03-21,JP,2.18043855949053
2024-03-22,AU,2.36532314326336
2024-03-22,CA,3.43932624887829
2024-03-22,DE,2.90925271034975
2024-03-22,FR,0.66479636558245
2024-03-22,GB,2.43532122226159
2024-03-22,IE,2.43331862786384
2024-03-22,US,8.17785596065644
2024-03-22,JP,2.1898660721495
2024-03-23,AU,2.38310638166103
2024-03-23,CA,3.4343086239328
2024-03-23,DE,2.90070634006808
2024-03-23,FR,0.670642510830998
2024-03-23,GB,2.42561566596639
2024-03-23,IE,2.43587521648942
2024-03-23,US,8.18174301894649
2024-03-23,JP,2.2006552695541
2024-03-24,AU,2.38107089065211
2024-03-24,CA,3.4268661363106
2024-03-24,DE,2.91032725088268
2024-03-24,FR,0.666759300003952
2024-03-24,GB,2.4054338032605
2024-03-24,IE,2.446305023432
2024-03-24,US,8.1787969733561
2024-03-24,JP,2.21229909371233
2024-03-25,AU,2.38001701817541
2024-03-25,CA,3.42823932164953
2024-03-25,DE,2.91545693639696
2024-03-25,FR,0.665094582413534
2024-03-25,GB,2.40706382075298
2024-03-25,IE,2.42320513742395
2024-03-25,US,8.16673380261471
2024-03-25,JP,2.22466317965068
2024-03-26,AU,2.37478197706236
2024-03-26,CA,3.41986082715839
2024-03-26,DE,2.92496355028621
2024-03-26,FR,0.669905046929683
2024-03-26,GB,2.39634749774814
2024-03-26,IE,2.41803110286668
2024-03-26,US,8.14118566147983
2024-03-26,JP,2.24031508446107
2024-03-27,AU,2.35429585561563
2024-03-27,CA,3.40340428844363
2024-03-27,DE,2.93041019284297
2024-03-27,FR,0.67860184686419
2024-03-27,GB,2.38614862769573
2024-03-27,IE,2.38730909594625
2024-03-27,US,8.11968912751768
2024-03-27,JP,2.23505039768995
2024-03-28,AU,2.3449763804068
2024-03-28,CA,3.37670060251146
2024-03-28,DE,2.92327705678978
2024-03-28,FR,0.681081966834045
2024-03-28,GB,2.37739103839932
2024-03-28,IE,2.37108071995607
2024-03-28,US,8.09171058776807
2024-03-28,JP,2.23947441239697
2024-03-29,AU,2.34768781517765
2024-03-29,CA,3.35657714959356
2024-03-29,DE,2.94114779790716
2024-03-29,FR,0.679998563611795
2024-03-29,GB,2.37359981017201
2024-03-29,IE,2.37525645292076
2024-03-29,US,8.05420899156571
2024-03-29,JP,2.24166245086537
2024-03-30,AU,2.31264453159475
2024-03-30,CA,3.35797458979252
2024-03-30,DE,2.9498244516244
2024-03-30,FR,0.679221330076931
2024-03-30,GB,2.36470839338554
2024-03-30,IE,2.36692446907128
2024-03-30,US,8.00594305867976
2024-03-30,JP,2.24473821621215
2024-03-31,AU,2.33621840603082
2024-03-31,CA,3.35934279863646
2024-03-31,DE,2.9383928437891
2024-03-31,FR,0.681842846104346
2024-03-31,GB,2.36311075090244
2024-03-31,IE,2.35280614619849
2024-03-31,US,7.95834939033874
2024-03-31,JP,2.22222582328642
2024-04-01,AU,2.38438717123263
2024-04-01,CA,3.36939178779212
2024-04-01,DE,2.97983296299731
2024-04-01,FR,0.68943093654428
2024-04-01,GB,2.37784427803993
2024-04-01,IE,2.39167632448762
2024-04-01,US,7.9465719510851
2024-04-01,JP,2.20560286279101
2024-04-02,AU,2.39672782224163
2024-04-02,CA,3.38781416629175
2024-04-02,DE,2.98167653077949
2024-04-02,FR,0.682335477057365
2024-04-02,GB,2.39426794746709
2024-04-02,IE,2.40672703043479
2024-04-02,US,7.95781915894819
2024-04-02,JP,2.19973888657644
2024-04-03,AU,2.43038981900067
2024-04-03,CA,3.40264803389131
2024-04-03,DE,3.01090040059032
2024-04-03,FR,0.671807201981682
2024-04-03,GB,2.40632402525551
2024-04-03,IE,2.42426759192442
2024-04-03,US,7.98125581463838
2024-04-03,JP,2.18888311283417
2024-04-04,AU,2.47512456304307
2024-04-04,CA,3.43389317369733
2024-04-04,DE,3.02218453219482
2024-04-04,FR,0.663582728387271
2024-04-04,GB,2.42062578222178
2024-04-04,IE,2.45445782433659
2024-04-04,US,7.99471680799789
2024-04-04,JP,2.17972809998928
2024-04-05,AU,2.50607501702302
2024-04-05,CA,3.4467174822279
2024-04-05,DE,3.00968877000137
2024-04-05,FR,0.658499449202725
2024-04-05,GB,2.4279740603986
2024-04-05,IE,2.47092401560866
2024-04-05,US,8.00491544936736
2024-04-05,JP,2.16671742543442
2024-04-06,AU,2.55698368364888
2024-04-06,CA,3.44365703896838
2024-04-06,DE,3.00473964558072
2024-04-06,FR,0.661062168377541
2024-04-06,GB,2.44221529066504
2024-04-06,IE,2.50165021858011
2024-04-06,US,8.02645839028302
2024-04-06,JP,2.16141017193213
2024-04-07,AU,2.56223495217364
2024-04-07,CA,3.42722512973362
2024-04-07,DE,3.01773511079289
2024-04-07,FR,0.651803526654271
2024-04-07,GB,2.46398131655828
2024-04-07,IE,2.51792264163777
2024-04-07,US,8.04179430782085
2024-04-07,JP,2.16849919773828
2024-04-08,AU,2.53092766908843
2024-04-08,CA,3.39997518544028
2024-04-08,DE,2.97392379330862
2024-04-08,FR,0.641283230254912
2024-04-08,GB,2.44514907619138
2024-04-08,IE,2.49813207347905
2024-04-08,US,8.00415435072988
2024-04-08,JP,2.17191248625203
2024-04-09,AU,2.53625356485683
2024-04-09,CA,3.37210756591453
2024-04-09,DE,2.9845782147558
2024-04-09,FR,0.641254642538479
2024-04-09,GB,2.43573346456494
2024-04-09,IE,2.50720914167011
2024-04-09,US,7.96854279291836
2024-04-09,JP,2.16933220562201
2024-04-10,AU,2.53640914712849
2024-04-10,CA,3.33975428170051
2024-04-10,DE,2.9746958502777
2024-04-10,FR,0.64103892626655
2024-04-10,GB,2.42856021523476
2024-04-10,IE,2.53567674220656
2024-04-10,US,7.92358298778881
2024-04-10,JP,2.17084806633473
2024-04-11,AU,2.52442523127522
2024-04-11,CA,3.32409834169927
2024-04-11,DE,2.96745586000487
2024-04-11,FR,0.641608710933805
2024-04-11,GB,2.4287069753183
2024-04-11,IE,2.53874543366631
2024-04-11,US,7.90431026649494
2024-04-11,JP,2.16926585399769
2024-04-12,AU,2.5073834312368
2024-04-12,CA,3.30832369978948
2024-04-12,DE,2.9579671638469
2024-04-12,FR,0.642654713750267
2024-04-12,GB,2.42729468269417
2024-04-12,IE,2.55896011133878
2024-04-12,US,7.89436114280501
2024-04-12,JP,2.16056962284078
2024-04-13,AU,2.50113001259936
2024-04-13,CA,3.30909035469001
2024-04-13,DE,2.9547298862767
2024-04-13,FR,0.634349249481686
2024-04-13,GB,2.43564136729651
2024-04-13,IE,2.55390111250467
2024-04-13,US,7.86657740392019
2024-04-13,JP,2.14875307205222
2024-04-14,AU,2.49016475440213
2024-04-14,CA,3.30915848472551
2024-04-14,DE,2.93310209743085
2024-04-14,FR,0.63834514574935
2024-04-14,GB,2.44268719938192
2024-04-14,IE,2.54140027353266
2024-04-14,US,7.85955793428779
2024-04-14,JP,2.137640229713
2024-04-15,AU,2.48546550881385
2024-04-15,CA,3.31420134714575
2024-04-15,DE,2.94386983932551
2024-04-15,FR,0.640513607266614
2024-04-15,GB,2.46625838991941
2024-04-15,IE,2.55195921103385
2024-04-15,US,7.89822762604266
2024-04-15,JP,2.12899385539583
2024-04-16,AU,2.47939241622261
2024-04-16,CA,3.32324634703052
2024-04-16,DE,2.94562759119652
2024-04-16,FR,0.641853750192825
2024-04-16,GB,2.48594970816848
2024-04-16,IE,2.52825865909246
2024-04-16,US,7.92085162769257
2024-04-16,JP,2.1221553506586
2024-04-17,AU,2.4813955631112
2024-04-17,CA,3.34806911480232
2024-04-17,DE,2.94513281631558
2024-04-17,FR,0.645114685270442
2024-04-17,GB,2.50793590217679
2024-04-17,IE,2.51509475294912
2024-04-17,US,7.92750610450339
2024-04-17,JP,2.12282212359975
2024-04-18,AU,2.49136360478363
2024-04-18,CA,3.34767760632593
2024-04-18,DE,2.95917565520998
2024-04-18,FR,0.643900779766517
2024-04-18,GB,2.5217065892497
2024-04-18,IE,2.52085173134109
2024-04-18,US,7.92135214087956
2024-04-18,JP,2.12285395994698
2024-04-19,AU,2.50516673512692
2024-04-19,CA,3.35237803602558
2024-04-19,DE,2.98996532719799
2024-04-19,FR,0.641390587204289
2024-04-19,GB,2.53562058787056
2024-04-19,IE,2.50021505990493
2024-04-19,US,7.92235572060472
2024-04-19,JP,2.1252024140982
2024-04-20,AU,2.5128301910109
2024-04-20,CA,3.34212530415678
2024-04-20,DE,3.00960976248415
2024-04-20,FR,0.641434436983673
2024-04-20,GB,2.53048740478181
2024-04-20,IE,2.4738026529554
2024-04-20,US,7.93854413926608
2024-04-20,JP,2.13090955239505
2024-04-21,AU,2.50061833440909
2024-04-21,CA,3.33843788490866
2024-04-21,DE,3.05566529908507
2024-04-21,FR,0.644535903836687
2024-04-21,GB,2.51954829283407
2024-04-21,IE,2.48449259912545
2024-04-21,US,7.94257495265507
2024-04-21,JP,2.13865750526577
2024-04-22,AU,2.49949241114965
2024-04-22,CA,3.33765890565963
2024-04-22,DE,3.06594135178237
2024-04-22,FR,0.640630840993405
2024-04-22,GB,2.51121003959488
2024-04-22,IE,2.45592931727808
2024-04-22,US,7.92765658040428
2024-04-22,JP,2.14905793620184
2024-04-23,AU,2.52328029312469
2024-04-23,CA,3.3314506740595
2024-04-23,DE,3.06038308602043
2024-04-23,FR,0.637765861332934
2024-04-23,GB,2.50435334772964
2024-04-23,IE,2.46913075040176
2024-04-23,US,7.90921739689648
2024-04-23,JP,2.16291744305363
2024-04-24,AU,2.52994075045847
2024-04-24,CA,3.31331411365361
2024-04-24,DE,3.05274230498773
2024-04-24,FR,0.636583054610873
2024-04-24,GB,2.49511178579726
2024-04-24,IE,2.45498729935272
2024-04-24,US,7.8995547310011
2024-04-24,JP,2.16539400145702
2024-04-25,AU,2.53117822332885
2024-04-25,CA,3.30172954381656
2024-04-25,DE,3.04493816359295
2024-04-25,FR,0.636529875848017
2024-04-25,GB,2.48953165127859
2024-04-25,IE,2.43776797101406
2024-04-25,US,7.89409051030527
2024-04-25,JP,2.17464160708119
2024-04-26,AU,2.52586979104804
2024-04-26,CA,3.28897980347501
2024-04-26,DE,3.03204378884428
2024-04-26,FR,0.631587257075436
2024-04-26,GB,2.48352399028912
2024-04-26,IE,2.44111090160951
2024-04-26,US,7.88524552595792
2024-04-26,JP,2.1818142610935
2024-04-27,AU,2.52532074072487
2024-04-27,CA,3.27932892530695
2024-04-27,DE,3.0266671185971
2024-04-27,FR,0.631506497052887
2024-04-27,GB,2.48009604436607
2024-04-27,IE,2.46285819177126
2024-04-27,US,7.87885067364661
2024-04-27,JP,2.17858419795573
2024-04-28,AU,2.54049505175615
2024-04-28,CA,3.26073805246528
2024-04-28,DE,3.00336892854787
2024-04-28,FR,0.620751518646848
2024-04-28,GB,2.46997047883989
2024-04-28,IE,2.44638762347416
2024-04-28,US,7.87079608851676
2024-04-28,JP,2.15067561016239
2024-04-29,AU,2.54247602942613
2024-04-29,CA,3.26108444681701
2024-04-29,DE,2.98043258678024
2024-04-29,FR,0.618919972673486
2024-04-29,GB,2.46365639899668
2024-04-29,IE,2.46952113942
2024-04-29,US,7.86288037202391
2024-04-29,JP,2.13535903133659
2024-04-30,AU,2.52699496587004
2024-04-30,CA,3.25647525573486
2024-04-30,DE,2.95683480534725
2024-04-30,FR,0.620719246005398
2024-04-30,GB,2.46089723279215
2024-04-30,IE,2.45591649204186
2024-04-30,US,7.8548535245618
2024-04-30,JP,2.12622902936891
2024-05-01,AU,2.51859841290409
2024-05-01,CA,3.2536261332768
2024-05-01,DE,2.96959127386844
2024-05-01,FR,0.623521461866774
2024-05-01,GB,2.45331047873746
2024-05-01,IE,2.43765409272817
2024-05-01,US,7.84557110738376
2024-05-01,JP,2.1558934932279
2024-05-02,AU,2.50666867037469
2024-05-02,CA,3.24913224214296
2024-05-02,DE,2.98721256819539
2024-05-02,FR,0.620559647733862
2024-05-02,GB,2.44460981362208
2024-05-02,IE,2.4228001337021
2024-05-02,US,7.83469500700696
2024-05-02,JP,2.14994292242138
2024-05-03,AU,2.50980992130354
2024-05-03,CA,3.24660306805322
2024-05-03,DE,2.99993517313235
2024-05-03,FR,0.62043245843905
2024-05-03,GB,2.43927066629565
2024-05-03,IE,2.43114877162672
2024-05-03,US,7.81915645910037
2024-05-03,JP,2.15165544572693
2024-05-04,AU,2.52060101817227
2024-05-04,CA,3.23585675931938
2024-05-04,DE,3.01803467308547
2024-05-04,FR,0.614672353163165
2024-05-04,GB,2.42779246360452
2024-05-04,IE,2.4513233504277
2024-05-04,US,7.80106221787164
2024-05-04,JP,2.16538323291752
2024-05-05,AU,2.52209097298607
2024-05-05,CA,3.23361702816005
2024-05-05,DE,3.04487873451051
2024-05-05,FR,0.615035267569256
2024-05-05,GB,2.4074248871923
2024-05-05,IE,2.43630718886216
2024-05-05,US,7.7780568185475
2024-05-05,JP,2.18387118500243
2024-05-06,AU,2.52095882020369
2024-05-06,CA,3.21181840943573
2024-05-06,DE,3.05657310193555
2024-05-06,FR,0.613383333485038
2024-05-06,GB,2.41674169339696
2024-05-06,IE,2.43002551602654
2024-05-06,US,7.75436232592237
2024-05-06,JP,2.21621478919146
2024-05-07,AU,2.50027450659527
2024-05-07,CA,3.19642397378682
2024-05-07,DE,3.08142439826578
2024-05-07,FR,0.608953840835633
2024-05-07,GB,2.40863370270532
2024-05-07,IE,2.43356637865285
2024-05-07,US,7.72031769111842
2024-05-07,JP,2.22787760764804
2024-05-08,AU,2.49388669291745
2024-05-08,CA,3.18953775632039
2024-05-08,DE,3.06986522137821
2024-05-08,FR,0.613279027566496
2024-05-08,GB,2.40495558388592
2024-05-08,IE,2.45211160776513
2024-05-08,US,7.69929569234729
2024-05-08,JP,2.21271268790325
2024-05-09,AU,2.51410569750379
2024-05-09,CA,3.18197508701314
2024-05-09,DE,3.07488259047261
2024-05-09,FR,0.622777092099237
2024-05-09,GB,2.40498048282843
2024-05-09,IE,2.47129605598577
2024-05-09,US,7.68097474069319
2024-05-09,JP,2.21965458605372
2024-05-10,AU,2.48887423449374
2024-05-10,CA,3.16347622637647
2024-05-10,DE,3.05581512432905
2024-05-10,FR,0.627798959790821
2024-05-10,GB,2.39851671004756
2024-05-10,IE,2.46475017629731
2024-05-10,US,7.6520030749454
2024-05-10,JP,2.22121684384803
2024-05-11,AU,2.43730634480726
2024-05-11,CA,3.15527883044211
2024-05-11,DE,3.05015822307215
2024-05-11,FR,0.635225792228851
2024-05-11,GB,2.38604189715686
2024-05-11,IE,2.42574902209239
2024-05-11,US,7.59124075836261
2024-05-11,JP,2.21318933393932
2024-05-12,AU,2.4273061811541
2024-05-12,CA,3.13996205262339
2024-05-12,DE,3.02102784812569
2024-05-12,FR,0.642801318417383
2024-05-12,GB,2.41039213954167
2024-05-12,IE,2.44415884392547
2024-05-12,US,7.50398381327757
2024-05-12,JP,2.24009636870595
2024-05-13,AU,2.43089772829601
2024-05-13,CA,3.14564913529349
2024-05-13,DE,3.03007550190857
2024-05-13,FR,0.644644613000751
2024-05-13,GB,2.4155729217871
2024-05-13,IE,2.44628238319072
2024-05-13,US,7.4907835436018
2024-05-13,JP,2.23545854714054
2024-05-14,AU,2.45105739686843
2024-05-14,CA,3.14536482647434
2024-05-14,DE,3.03144022656914
2024-05-14,FR,0.646725042477782
2024-05-14,GB,2.43288099802511
2024-05-14,IE,2.4494882712243
2024-05-14,US,7.4973942543837
2024-05-14,JP,2.2377064072075
2024-05-15,AU,2.4520429807784
2024-05-15,CA,3.13608398556181
2024-05-15,DE,3.04968603554281
2024-05-15,FR,0.633609272860072
2024-05-15,GB,2.43794882698721
2024-05-15,IE,2.46254943773288
2024-05-15,US,7.48209912011459
2024-05-15,JP,2.23885419630554
2024-05-16,AU,2.43773323586438
2024-05-16,CA,3.12673640004476
2024-05-16,DE,3.02765704744278
2024-05-16,FR,0.621900563123672
2024-05-16,GB,2.43602136766603
2024-05-16,IE,2.45374897393834
2024-05-16,US,7.45537502851773
2024-05-16,JP,2.23697146469289
2024-05-17,AU,2.44468937146626
2024-05-17,CA,3.14186892009919
2024-05-17,DE,3.04246276652741
2024-05-17,FR,0.619842177285668
2024-05-17,GB,2.441502399472
2024-05-17,IE,2.45962679593306
2024-05-17,US,7.43183262403244
2024-05-17,JP,2.23270583445985
2024-05-18,AU,2.47968512912191
2024-05-18,CA,3.15691850333377
2024-05-18,DE,3.07996588316058
2024-05-18,FR,0.616313320583945
2024-05-18,GB,2.48545846259861
2024-05-18,IE,2.46957599686502
2024-05-18,US,7.44504942564066
2024-05-18,JP,2.23145158854781
2024-05-19,AU,2.47729361467201
2024-05-19,CA,3.16585028876096
2024-05-19,DE,3.12618455813851
2024-05-19,FR,0.608930334526048
2024-05-19,GB,2.48863566587515
2024-05-19,IE,2.4556386890895
2024-05-19,US,7.48592312613639
2024-05-19,JP,2.22540321383032
2024-05-20,AU,2.4778125928647
2024-05-20,CA,3.17577736035968
2024-05-20,DE,3.22646020231301
2024-05-20,FR,0.617714768801925
2024-05-20,GB,2.48582764293453
2024-05-20,IE,2.45131812555847
2024-05-20,US,7.46684417898417
2024-05-20,JP,2.22072083770867
2024-05-21,AU,2.48203257487645
2024-05-21,CA,3.19496601444424
2024-05-21,DE,3.27339021368153
2024-05-21,FR,0.61468437214922
2024-05-21,GB,2.49520426691301
2024-05-21,IE,2.47039257281168
2024-05-21,US,7.43623033320681
2024-05-21,JP,2.21899833066558
2024-05-22,AU,2.49218483391065
2024-05-22,CA,3.21238506639572
2024-05-22,DE,3.3123410717068
2024-05-22,FR,0.613010986852696
2024-05-22,GB,2.51319054210128
2024-05-22,IE,2.46411048869817
2024-05-22,US,7.41897745036851
2024-05-22,JP,2.21172346980395
2024-05-23,AU,2.50985550415775
2024-05-23,CA,3.23635416426528
2024-05-23,DE,3.34458970435842
2024-05-23,FR,0.614685298836221
2024-05-23,GB,2.52895476138948
2024-05-23,IE,2.4881969036926
2024-05-23,US,7.40517137099814
2024-05-23,JP,2.2168262150186
2024-05-24,AU,2.53516291317436
2024-05-24,CA,3.2584772335969
2024-05-24,DE,3.35756790561544
2024-05-24,FR,0.614142817143054
2024-05-24,GB,2.53588256854314
2024-05-24,IE,2.48863088641732
2024-05-24,US,7.38891708438114
2024-05-24,JP,2.22703166116631
2024-05-25,AU,2.54936777708234
2024-05-25,CA,3.27542061156312
2024-05-25,DE,3.34813183438388
2024-05-25,FR,0.614738770546339
2024-05-25,GB,2.50450094422001
2024-05-25,IE,2.47348782238127
2024-05-25,US,7.36254126660135
2024-05-25,JP,2.23340616463498
2024-05-26,AU,2.57589207527824
2024-05-26,CA,3.31290213721839
2024-05-26,DE,3.34440334823013
2024-05-26,FR,0.613159735756126
2024-05-26,GB,2.48638169566835
2024-05-26,IE,2.49016755750912
2024-05-26,US,7.32014751019066
2024-05-26,JP,2.23814740669998
2024-05-27,AU,2.60443153647545
2024-05-27,CA,3.33255372073086
2024-05-27,DE,3.2706963738214
2024-05-27,FR,0.603107388260355
2024-05-27,GB,2.47787697403012
2024-05-27,IE,2.46756061116871
2024-05-27,US,7.30459124034659
2024-05-27,JP,2.25070156150959
2024-05-28,AU,2.63793320783693
2024-05-28,CA,3.35852196416229
2024-05-28,DE,3.2500064679491
2024-05-28,FR,0.601534532924427
2024-05-28,GB,2.46825612575475
2024-05-28,IE,2.44579714957328
2024-05-28,US,7.33762498804613
2024-05-28,JP,2.2605987217512
2024-05-29,AU,2.65085800318568
2024-05-29,CA,3.382694506852
2024-05-29,DE,3.22699550273256
2024-05-29,FR,0.604143111967124
2024-05-29,GB,2.45585116237858
2024-05-29,IE,2.4252872986056
2024-05-29,US,7.36535232084433
2024-05-29,JP,2.26352382583458
2024-05-30,AU,2.63949726813916
2024-05-30,CA,3.40032625103999
2024-05-30,DE,3.24176285058495
2024-05-30,FR,0.602949156652526
2024-05-30,GB,2.44272519802116
2024-05-30,IE,2.3806829170744
2024-05-30,US,7.38282776132544
2024-05-30,JP,2.26381335154471
2024-05-31,AU,2.64062252921688
2024-05-31,CA,3.41328749989548
2024-05-31,DE,3.26259389755203
2024-05-31,FR,0.59880098010197
2024-05-31,GB,2.44034593741388
2024-05-31,IE,2.34460306070008
2024-05-31,US,7.39874566510542
2024-05-31,JP,2.26640822061498
2024-06-01,AU,2.64676350959747
2024-06-01,CA,3.40931958411873
2024-06-01,DE,3.27997708054237
2024-06-01,FR,0.593960862536135
2024-06-01,GB,2.44871931288432
2024-06-01,IE,2.31304790788599
2024-06-01,US,7.41150815552177
2024-06-01,JP,2.26986738013686
2024-06-02,AU,2.648718905697
2024-06-02,CA,3.41143448587381
2024-06-02,DE,3.30514724923101
2024-06-02,FR,0.594168678825215
2024-06-02,GB,2.45483136479716
2024-06-02,IE,2.29595686982256
2024-06-02,US,7.43952801683341
2024-06-02,JP,2.27027188872909
2024-06-03,AU,2.61995442425327
2024-06-03,CA,3.40614637567002
2024-06-03,DE,3.31059224960702
2024-06-03,FR,0.593009562962622
2024-06-03,GB,2.46127472645604
2024-06-03,IE,2.31641475941789
2024-06-03,US,7.43101950604742
2024-06-03,JP,2.25683536218404
2024-06-04,AU,2.59227125493458
2024-06-04,CA,3.38985582388281
2024-06-04,DE,3.31799774175018
2024-06-04,FR,0.589705407755857
2024-06-04,GB,2.46921872259236
2024-06-04,IE,2.33077645785403
2024-06-04,US,7.37613298040812
2024-06-04,JP,2.23941143116824
2024-06-05,AU,2.59363750243231
2024-06-05,CA,3.37985946079806
2024-06-05,DE,3.32328892943085
2024-06-05,FR,0.586859468363728
2024-06-05,GB,2.47502884058298
2024-06-05,IE,2.37405115182404
2024-06-05,US,7.32483831970392
2024-06-05,JP,2.23187077919762
2024-06-06,AU,2.62091345104292
2024-06-06,CA,3.38445146840793
2024-06-06,DE,3.30771506532802
2024-06-06,FR,0.585812441248149
2024-06-06,GB,2.48153511269829
2024-06-06,IE,2.40409363042004
2024-06-06,US,7.29382082025048
2024-06-06,JP,2.22489279881959
2024-06-07,AU,2.62252005447319
2024-06-07,CA,3.38551084099017
2024-06-07,DE,3.2916637979729
2024-06-07,FR,0.589053292810486
2024-06-07,GB,2.48356536902986
2024-06-07,IE,2.41444853086502
2024-06-07,US,7.28689273590509
2024-06-07,JP,2.21559679301792
2024-06-08,AU,2.61059469688342
2024-06-08,CA,3.41358062194608
2024-06-08,DE,3.25724587651879
2024-06-08,FR,0.594543189092964
2024-06-08,GB,2.48031462443887
2024-06-08,IE,2.46411269025062
2024-06-08,US,7.28108095634813
2024-06-08,JP,2.20606318327717
2024-06-09,AU,2.61734656064917
2024-06-09,CA,3.42284260254172
2024-06-09,DE,3.23285045452572
2024-06-09,FR,0.597329079832517
2024-06-09,GB,2.49318827759128
2024-06-09,IE,2.49679575046919
2024-06-09,US,7.28426479407881
2024-06-09,JP,2.20288733091289
2024-06-10,AU,2.65763495310309
2024-06-10,CA,3.45195970964867
2024-06-10,DE,3.23094122948943
2024-06-10,FR,0.599058012900643
2024-06-10,GB,2.49926923318959
2024-06-10,IE,2.49314772159542
2024-06-10,US,7.28668986369532
2024-06-10,JP,2.19634032633815
2024-06-11,AU,2.67402659761619
2024-06-11,CA,3.46347241153957
2024-06-11,DE,3.23692119900179
2024-06-11,FR,0.603870425293349
2024-06-11,GB,2.48472856938132
2024-06-11,IE,2.49846911085514
2024-06-11,US,7.28744490846226
2024-06-11,JP,2.19327352958848
2024-06-12,AU,2.69485217624418
2024-06-12,CA,3.47175763048361
2024-06-12,DE,3.24175348258462
2024-06-12,FR,0.60170753661448
2024-06-12,GB,2.48046965339065
2024-06-12,IE,2.48145161606008
2024-06-12,US,7.28215480034403
2024-06-12,JP,2.18933822082968
2024-06-13,AU,2.69141408664831
2024-06-13,CA,3.45999570831838
2024-06-13,DE,3.23787010570083
2024-06-13,FR,0.601574291752556
2024-06-13,GB,2.47591053786286
2024-06-13,IE,2.47397210718539
2024-06-13,US,7.26359204026661
2024-06-13,JP,2.17611894951463
2024-06-14,AU,2.69308947316655
2024-06-14,CA,3.45046589316427
2024-06-14,DE,3.25499606812778
2024-06-14,FR,0.598985356730445
2024-06-14,GB,2.47514515651793
2024-06-14,IE,2.48543704556704
2024-06-14,US,7.22744588934591
2024-06-14,JP,2.16913666834131
2024-06-15,AU,2.69883526404441
2024-06-15,CA,3.4402932972347
2024-06-15,DE,3.30448455177561
2024-06-15,FR,0.593727336464087
2024-06-15,GB,2.4702483063687
2024-06-15,IE,2.47570937449608
2024-06-15,US,7.20758005415047
2024-06-15,JP,2.1530035812141
2024-06-16,AU,2.68961615965404
2024-06-16,CA,3.42915110446068
2024-06-16,DE,3.33889532381956
2024-06-16,FR,0.590679252794034
2024-06-16,GB,2.45295746565658
2024-06-16,IE,2.465355270775
2024-06-16,US,7.17523040076565
2024-06-16,JP,2.13261136031222
2024-06-17,AU,2.66882904140012
2024-06-17,CA,3.40437911213642
2024-06-17,DE,3.35318258212867
2024-06-17,FR,0.58919055091605
2024-06-17,GB,2.43264131087508
2024-06-17,IE,2.47468684453499
2024-06-17,US,7.16463294112033
2024-06-17,JP,2.13306691520842
2024-06-18,AU,2.65317740258496
2024-06-18,CA,3.38976446543942
2024-06-18,DE,3.36246384235907
2024-06-18,FR,0.58875878445534
2024-06-18,GB,2.42044871149272
2024-06-18,IE,2.45684731524462
2024-06-18,US,7.15103158775303
2024-06-18,JP,2.12886805892327
2024-06-19,AU,2.6305903921135
2024-06-19,CA,3.37337249271816
2024-06-19,DE,3.38000946611758
2024-06-19,FR,0.591261784098227
2024-06-19,GB,2.41815250921433
2024-06-19,IE,2.44143950609857
2024-06-19,US,7.14452607139702
2024-06-19,JP,2.1223360273387
2024-06-20,AU,2.625865916278
2024-06-20,CA,3.36843578463195
2024-06-20,DE,3.40181510831531
2024-06-20,FR,0.596730889795779
2024-06-20,GB,2.41839949437605
2024-06-20,IE,2.45797560698003
2024-06-20,US,7.15966712908449
2024-06-20,JP,2.13344754066406
2024-06-21,AU,2.61822896498938
2024-06-21,CA,3.36208473947391
2024-06-21,DE,3.40323174019292
2024-06-21,FR,0.597531974014092
2024-06-21,GB,2.40878318539445
2024-06-21,IE,2.46429583262662
2024-06-21,US,7.19100749241826
2024-06-21,JP,2.1468791934087
2024-06-22,AU,2.60969605209372
2024-06-22,CA,3.36739542144935
2024-06-22,DE,3.40254254247341
2024-06-22,FR,0.596630309414487
2024-06-22,GB,2.40211191618542
2024-06-22,IE,2.47311786132241
2024-06-22,US,7.23106286194004
2024-06-22,JP,2.17062672371606
2024-06-23,AU,2.6219221879897
2024-06-23,CA,3.37705853398593
2024-06-23,DE,3.39334861187085
2024-06-23,FR,0.594220247281327
2024-06-23,GB,2.40642429382166
2024-06-23,IE,2.43369389091086
2024-06-23,US,7.2975194461429
2024-06-23,JP,2.19549255819383
2024-06-24,AU,2.62423120372933
2024-06-24,CA,3.38455808146201
2024-06-24,DE,3.40055724897738
2024-06-24,FR,0.595535433229628
2024-06-24,GB,2.41139144181089
2024-06-24,IE,2.42572919316215
2024-06-24,US,7.32656474113995
2024-06-24,JP,2.20381102846574
2024-06-25,AU,2.62705628520225
2024-06-25,CA,3.39099800986013
2024-06-25,DE,3.38643941186484
2024-06-25,FR,0.594045721785788
2024-06-25,GB,2.41988173202369
2024-06-25,IE,2.43528645665138
2024-06-25,US,7.36511391442683
2024-06-25,JP,2.22271918119127
2024-06-26,AU,2.63635658378065
2024-06-26,CA,3.39946884882989
2024-06-26,DE,3.36860498693472
2024-06-26,FR,0.597429947246076
2024-06-26,GB,2.41412409301495
2024-06-26,IE,2.44341869923721
2024-06-26,US,7.41396099791072
2024-06-26,JP,2.24262527560158
2024-06-27,AU,2.63982454878027
2024-06-27,CA,3.40467173335235
2024-06-27,DE,3.37005862039201
2024-06-27,FR,0.594875740585521
2024-06-27,GB,2.40862061889402
2024-06-27,IE,2.42595142449641
2024-06-27,US,7.45706190740443
2024-06-27,JP,2.25416590187862
2024-06-28,AU,2.65823533983525
2024-06-28,CA,3.40344051572081
2024-06-28,DE,3.3814064332617
2024-06-28,FR,0.597821559493881
2024-06-28,GB,2.41395225753119
2024-06-28,IE,2.40977364631656
2024-06-28,US,7.47907080073028
2024-06-28,JP,2.25058406840261
2024-06-29,AU,2.66198136965248
2024-06-29,CA,3.40583696277392
2024-06-29,DE,3.35618963016513
2024-06-29,FR,0.605395162594726
2024-06-29,GB,2.41069816044017
2024-06-29,IE,2.41007283310008
2024-06-29,US,7.50287985778299
2024-06-29,JP,2.24748985738226
2024-06-30,AU,2.62957844087927
2024-06-30,CA,3.39832804153272
2024-06-30,DE,3.36699793804634
2024-06-30,FR,0.616418058415056
2024-06-30,GB,2.4194220001836
2024-06-30,IE,2.46880367574243
2024-06-30,US,7.49881085973833
2024-06-30,JP,2.2401132739241
2024-07-01,AU,2.62630047978835
2024-07-01,CA,3.39687893735487
2024-07-01,DE,3.39189160535162
2024-07-01,FR,0.620142965740706
2024-07-01,GB,2.42706820616759
2024-07-01,IE,2.46713990478008
2024-07-01,US,7.49029207347453
2024-07-01,JP,2.22115893366004
2024-07-02,AU,2.60707403197204
2024-07-02,CA,3.39451275570658
2024-07-02,DE,3.40557179609462
2024-07-02,FR,0.62076527775333
2024-07-02,GB,2.4294987555261
2024-07-02,IE,2.48042801526581
2024-07-02,US,7.47134812738341
2024-07-02,JP,2.20995457975536
2024-07-03,AU,2.58577591752879
2024-07-03,CA,3.39618917586785
2024-07-03,DE,3.40517625561404
2024-07-03,FR,0.617797823688389
2024-07-03,GB,2.44120541122636
2024-07-03,IE,2.4767321517424
2024-07-03,US,7.41207930454653
2024-07-03,JP,2.19057250257137
2024-07-04,AU,2.56061177272589
2024-07-04,CA,3.38852799119123
2024-07-04,DE,3.39221489083619
2024-07-04,FR,0.617518589474593
2024-07-04,GB,2.44413645248895
2024-07-04,IE,2.47707039464362
2024-07-04,US,7.36932007465511
2024-07-04,JP,2.17355848710654
2024-07-05,AU,2.53790576086787
2024-07-05,CA,3.39168416726415
2024-07-05,DE,3.36562511334501
2024-07-05,FR,0.614926283208874
2024-07-05,GB,2.45323652054763
2024-07-05,IE,2.49601135072838
2024-07-05,US,7.39088007112852
2024-07-05,JP,2.16040129041203
2024-07-06,AU,2.5221343354677
2024-07-06,CA,3.3838925110064
2024-07-06,DE,3.36081836525877
2024-07-06,FR,0.618141938843381
2024-07-06,GB,2.46881317421799
2024-07-06,IE,2.4834064333884
2024-07-06,US,7.40249964796658
2024-07-06,JP,2.14274288028042
2024-07-07,AU,2.5392360382902
2024-07-07,CA,3.3866738931622
2024-07-07,DE,3.34941743884213
2024-07-07,FR,0.618414208714474
2024-07-07,GB,2.47359177848238
2024-07-07,IE,2.4722762183687
2024-07-07,US,7.42601186284202
2024-07-07,JP,2.12775308654914
2024-07-08,AU,2.51052370690495
2024-07-08,CA,3.38905013499101
2024-07-08,DE,3.30929435457822
2024-07-08,FR,0.614497798073578
2024-07-08,GB,2.47196205115536
2024-07-08,IE,2.47757094484867
2024-07-08,US,7.44946517392351
2024-07-08,JP,2.13630862710776
2024-07-09,AU,2.49828825871718
2024-07-09,CA,3.38709127652474
2024-07-09,DE,3.29812174071285
2024-07-09,FR,0.61666317937535
2024-07-09,GB,2.47647596754637
2024-07-09,IE,2.45998948215651
2024-07-09,US,7.48538452943838
2024-07-09,JP,2.13215996700404
2024-07-10,AU,2.48316546188583
2024-07-10,CA,3.38868434771073
2024-07-10,DE,3.30458614777723
2024-07-10,FR,0.618197681862417
2024-07-10,GB,2.47040030267007
2024-07-10,IE,2.4479352803122
2024-07-10,US,7.54561782895038
2024-07-10,JP,2.12757306681647
2024-07-11,AU,2.4548185261946
2024-07-11,CA,3.39831138745917
2024-07-11,DE,3.32313017742486
2024-07-11,FR,0.622771012306173
2024-07-11,GB,2.47207647393144
2024-07-11,IE,2.43772691750914
2024-07-11,US,7.59017790138614
2024-07-11,JP,2.12406656875275
2024-07-12,AU,2.41962068286891
2024-07-12,CA,3.40211892378208
2024-07-12,DE,3.36548919245822
2024-07-12,FR,0.626236443558971
2024-07-12,GB,2.45921579091053
2024-07-12,IE,2.44199679700417
2024-07-12,US,7.58386678075643
2024-07-12,JP,2.12398675586357
2024-07-13,AU,2.41801855689426
2024-07-13,CA,3.39139808794056
2024-07-13,DE,3.40986811048559
2024-07-13,FR,0.630619408737326
2024-07-13,GB,2.46070974198405
2024-07-13,IE,2.45043594099406
2024-07-13,US,7.57127981155587
2024-07-13,JP,2.12483208632475
2024-07-14,AU,2.39314756940523
2024-07-14,CA,3.38580910549242
2024-07-14,DE,3.43749405194043
2024-07-14,FR,0.636382198613928
2024-07-14,GB,2.44678133946835
2024-07-14,IE,2.43254702701828
2024-07-14,US,7.57616922638664
2024-07-14,JP,2.09703278170916
2024-07-15,AU,2.39520394738048
2024-07-15,CA,3.38297878179552
2024-07-15,DE,3.44481075723427
2024-07-15,FR,0.641699826549034
2024-07-15,GB,2.44805377976769
2024-07-15,IE,2.42864473454484
2024-07-15,US,7.592881279323
2024-07-15,JP,2.09113132003618
2024-07-16,AU,2.39993610321108
2024-07-16,CA,3.38808189180765
2024-07-16,DE,3.45605720720326
2024-07-16,FR,0.644350654706441
2024-07-16,GB,2.44639789371687
2024-07-16,IE,2.43970495273089
2024-07-16,US,7.58950916691782
2024-07-16,JP,2.08824571114096
2024-07-17,AU,2.41434591278633
2024-07-17,CA,3.39072204779982
2024-07-17,DE,3.46002086662463
2024-07-17,FR,0.647127973921496
2024-07-17,GB,2.4405426432702
2024-07-17,IE,2.45001974648719
2024-07-17,US,7.59973607322666
2024-07-17,JP,2.09499170804546
2024-07-18,AU,2.42722720641419
2024-07-18,CA,3.39459148031436
2024-07-18,DE,3.44339816423835
2024-07-18,FR,0.646028078818639
2024-07-18,GB,2.43780142480806
2024-07-18,IE,2.48598951973777
2024-07-18,US,7.62230924370997
2024-07-18,JP,2.09426750499967
2024-07-19,AU,2.43788196771428
2024-07-19,CA,3.39842800386187
2024-07-19,DE,3.40790887617108
2024-07-19,FR,0.649400974423658
2024-07-19,GB,2.43479811400571
2024-07-19,IE,2.48674322947723
2024-07-19,US,7.62712871699127
2024-07-19,JP,2.09960574731317
2024-07-20,AU,2.42310230780769
2024-07-20,CA,3.40949878075115
2024-07-20,DE,3.35889111598687
2024-07-20,FR,0.647888862889246
2024-07-20,GB,2.42730182992644
2024-07-20,IE,2.50720289691276
2024-07-20,US,7.64576917106993
2024-07-20,JP,2.10165770413923
2024-07-21,AU,2.41690283000761
2024-07-21,CA,3.41640852015456
2024-07-21,DE,3.29889212454942
2024-07-21,FR,0.647120208573274
2024-07-21,GB,2.42817277006165
2024-07-21,IE,2.53684681368262
2024-07-21,US,7.64995745366111
2024-07-21,JP,2.13987871407806
2024-07-22,AU,2.41577024816789
2024-07-22,CA,3.41611474719305
2024-07-22,DE,3.28886747990304
2024-07-22,FR,0.646549610043775
2024-07-22,GB,2.41394499254462
2024-07-22,IE,2.54977333929339
2024-07-22,US,7.65571944385513
2024-07-22,JP,2.14544975144879
2024-07-23,AU,2.42384080764542
2024-07-23,CA,3.41134157962819
2024-07-23,DE,3.27838996146299
2024-07-23,FR,0.648628529722979
2024-07-23,GB,2.39433024432958
2024-07-23,IE,2.54429101810503
2024-07-23,US,7.67638791958768
2024-07-23,JP,2.15547728890895
2024-07-24,AU,2.42393912624242
2024-07-24,CA,3.42278835015421
2024-07-24,DE,3.26256124720029
2024-07-24,FR,0.654025968708293
2024-07-24,GB,2.38721901936619
2024-07-24,IE,2.54885763330528
2024-07-24,US,7.69512448933558
2024-07-24,JP,2.16055819403539
2024-07-25,AU,2.44743317499975
2024-07-25,CA,3.43040621924083
2024-07-25,DE,3.25929431734367
2024-07-25,FR,0.660301226385866
2024-07-25,GB,2.38780671492587
2024-07-25,IE,2.52563782141228
2024-07-25,US,7.68951235489931
2024-07-25,JP,2.17472170835485
2024-07-26,AU,2.47602419682727
2024-07-26,CA,3.43317350324044
2024-07-26,DE,3.2625272165704
2024-07-26,FR,0.662241626160449
2024-07-26,GB,2.38644246870439
2024-07-26,IE,2.52682380139916
2024-07-26,US,7.6920160149197
2024-07-26,JP,2.17841098989806
2024-07-27,AU,2.50763255438886
2024-07-27,CA,3.44893449352987
2024-07-27,DE,3.27512903326645
2024-07-27,FR,0.664830361376277
2024-07-27,GB,2.39298682419319
2024-07-27,IE,2.54115943035935
2024-07-27,US,7.68898468956877
2024-07-27,JP,2.19086274340686
2024-07-28,AU,2.52243124259284
2024-07-28,CA,3.45548740635447
2024-07-28,DE,3.29407877659418
2024-07-28,FR,0.662721285619869
2024-07-28,GB,2.39554051237576
2024-07-28,IE,2.54475041453279
2024-07-28,US,7.69226335649269
2024-07-28,JP,2.19583235181752
2024-07-29,AU,2.54859700595274
2024-07-29,CA,3.46239445270141
2024-07-29,DE,3.32287113907631
2024-07-29,FR,0.665483149296779
2024-07-29,GB,2.40083587930116
2024-07-29,IE,2.55470606704832
2024-07-29,US,7.6963963435766
2024-07-29,JP,2.20207199639192
2024-07-30,AU,2.55251076985732
2024-07-30,CA,3.47811994278451
2024-07-30,DE,3.32676057117204
2024-07-30,FR,0.671217891240774
2024-07-30,GB,2.41822182788156
2024-07-30,IE,2.54287508698348
2024-07-30,US,7.70108370647093
2024-07-30,JP,2.18837120240694
2024-07-31,AU,2.5512794833656
2024-07-31,CA,3.48916715720796
2024-07-31,DE,3.3428237737986
2024-07-31,FR,0.669828616630184
2024-07-31,GB,2.43058488645926
2024-07-31,IE,2.53791994229347
2024-07-31,US,7.69123959615641
2024-07-31,JP,2.18907397916858
2024-08-01,AU,2.5316778261874
2024-08-01,CA,3.48948366187522
2024-08-01,DE,3.35544799856338
2024-08-01,FR,0.6703846505504
2024-08-01,GB,2.43854704294119
2024-08-01,IE,2.57243756529333
2024-08-01,US,7.69583410715232
2024-08-01,JP,2.18203137940063
2024-08-02,AU,2.52048436289321
2024-08-02,CA,3.5073327678456
2024-08-02,DE,3.35961519203322
2024-08-02,FR,0.672907938383999
2024-08-02,GB,2.45604738076341
2024-08-02,IE,2.56901098374666
2024-08-02,US,7.74755194520084
2024-08-02,JP,2.17908154611009
2024-08-03,AU,2.50255106109259
2024-08-03,CA,3.5112517599091
2024-08-03,DE,3.37594711624083
2024-08-03,FR,0.675015995500358
2024-08-03,GB,2.45958366694735
2024-08-03,IE,2.54955195330239
2024-08-03,US,7.72827794263137
2024-08-03,JP,2.1839124808803
2024-08-04,AU,2.48407808619706
2024-08-04,CA,3.5178567451581
2024-08-04,DE,3.40093792770766
2024-08-04,FR,0.677610438023326
2024-08-04,GB,2.46650103752529
2024-08-04,IE,2.54521928246385
2024-08-04,US,7.68883915583672
2024-08-04,JP,2.17694463287609
2024-08-05,AU,2.46610679672288
2024-08-05,CA,3.54584976597951
2024-08-05,DE,3.37644809087696
2024-08-05,FR,0.685433199180324
2024-08-05,GB,2.47105008534052
2024-08-05,IE,2.55454317273288
2024-08-05,US,7.65411431254742
2024-08-05,JP,2.17302555321387
2024-08-06,AU,2.46039852809483
2024-08-06,CA,3.55698475414227
2024-08-06,DE,3.38586582659059
2024-08-06,FR,0.687888996824526
2024-08-06,GB,2.47386001143451
2024-08-06,IE,2.57046633195949
2024-08-06,US,7.62035543430339
2024-08-06,JP,2.18767219023815
2024-08-07,AU,2.45697525205168
2024-08-07,CA,3.55934156193559
2024-08-07,DE,3.38748187673475
2024-08-07,FR,0.700381426978666
2024-08-07,GB,2.48071122033236
2024-08-07,IE,2.58881973153208
2024-08-07,US,7.59268360595688
2024-08-07,JP,2.18694870625145
2024-08-08,AU,2.4723806236546
2024-08-08,CA,3.57263585391751
2024-08-08,DE,3.38987752135153
2024-08-08,FR,0.703475309472245
2024-08-08,GB,2.48751340020726
2024-08-08,IE,2.58537572808195
2024-08-08,US,7.5545697559866
2024-08-08,JP,2.18484136636407
2024-08-09,AU,2.45577299602876
2024-08-09,CA,3.56824430312038
2024-08-09,DE,3.3879988944107
2024-08-09,FR,0.710185034078009
2024-08-09,GB,2.48581249994715
2024-08-09,IE,2.59456290987881
2024-08-09,US,7.48436890475158
2024-08-09,JP,2.18177064000228
2024-08-10,AU,2.45753477788674
2024-08-10,CA,3.57661593112015
2024-08-10,DE,3.36761528102432
2024-08-10,FR,0.710810181362001
2024-08-10,GB,2.49521564740861
2024-08-10,IE,2.60351317528979
2024-08-10,US,7.46644993932176
2024-08-10,JP,2.16774051090446
2024-08-11,AU,2.46416901286423
2024-08-11,CA,3.58792739282254
2024-08-11,DE,3.34765261786845
2024-08-11,FR,0.713530147238845
2024-08-11,GB,2.49588620463949
2024-08-11,IE,2.60206276564557
2024-08-11,US,7.45977247025194
2024-08-11,JP,2.13943024481711
2024-08-12,AU,2.45588010220153
2024-08-12,CA,3.57784263131896
2024-08-12,DE,3.34521332525146
2024-08-12,FR,0.716035193110877
2024-08-12,GB,2.50746688094562
2024-08-12,IE,2.58625468281037
2024-08-12,US,7.44700173342681
2024-08-12,JP,2.1333438748882
2024-08-13,AU,2.4481422256172
2024-08-13,CA,3.57288915255598
2024-08-13,DE,3.32339725459648
2024-08-13,FR,0.720924593011327
2024-08-13,GB,2.51068862293251
2024-08-13,IE,2.5972974454277
2024-08-13,US,7.43671146586947
2024-08-13,JP,2.12581792889337
2024-08-14,AU,2.43199276566855
2024-08-14,CA,3.55762189131871
2024-08-14,DE,3.30819719807448
2024-08-14,FR,0.723835049168823
2024-08-14,GB,2.51426049179686
2024-08-14,IE,2.59989159833303
2024-08-14,US,7.43229904364605
2024-08-14,JP,2.13131405291976
2024-08-15,AU,2.41022900512019
2024-08-15,CA,3.56468960468273
2024-08-15,DE,3.30153608653997
2024-08-15,FR,0.732915205622325
2024-08-15,GB,2.50462922684166
2024-08-15,IE,2.59983897535373
2024-08-15,US,7.43864175051755
2024-08-15,JP,2.13854835468735
2024-08-16,AU,2.42540590597943
2024-08-16,CA,3.57000659661778
2024-08-16,DE,3.29954812161599
2024-08-16,FR,0.736188843891588
2024-08-16,GB,2.50235550758493
2024-08-16,IE,2.59575714402849
2024-08-16,US,7.43712217516135
2024-08-16,JP,2.15746328817862
2024-08-17,AU,2.42446697742779
2024-08-17,CA,3.56721428453724
2024-08-17,DE,3.28544146024366
2024-08-17,FR,0.742106970794031
2024-08-17,GB,2.50766155544027
2024-08-17,IE,2.60436933146614
2024-08-17,US,7.44006641581706
2024-08-17,JP,2.18254754112083
2024-08-18,AU,2.4211531952254
2024-08-18,CA,3.56268602089744
2024-08-18,DE,3.27679737913501
2024-08-18,FR,0.748044512683769
2024-08-18,GB,2.51385454157331
2024-08-18,IE,2.59838519475417
2024-08-18,US,7.43851236982327
2024-08-18,JP,2.2213959151626
2024-08-19,AU,2.42638247515354
2024-08-19,CA,3.55456083787593
2024-08-19,DE,3.28190822301371
2024-08-19,FR,0.745865324528506
2024-08-19,GB,2.509827591503
2024-08-19,IE,2.60186060090218
2024-08-19,US,7.44019723249845
2024-08-19,JP,2.23676095081051
2024-08-20,AU,2.43175297253276
2024-08-20,CA,3.55431187971519
2024-08-20,DE,3.29085366401511
2024-08-20,FR,0.742874044194245
2024-08-20,GB,2.50880518324696
2024-08-20,IE,2.60809477351805
2024-08-20,US,7.44881031780631
2024-08-20,JP,2.24932682286954
2024-08-21,AU,2.46289283067474
2024-08-21,CA,3.55807225383406
2024-08-21,DE,3.28861620646924
2024-08-21,FR,0.737183240621078
2024-08-21,GB,2.50547690409102
2024-08-21,IE,2.60715260687111
2024-08-21,US,7.45572577930019
2024-08-21,JP,2.25228885953704
2024-08-22,AU,2.48192826759201
2024-08-22,CA,3.53516996453357
2024-08-22,DE,3.27609056899952
2024-08-22,FR,0.729992348915622
2024-08-22,GB,2.51921319481485
2024-08-22,IE,2.5965828343759
2024-08-22,US,7.44285115485374
2024-08-22,JP,2.2616485295391
2024-08-23,AU,2.49482945732877
2024-08-23,CA,3.5183648901436
2024-08-23,DE,3.24996960415121
2024-08-23,FR,0.727046724012062
2024-08-23,GB,2.51868435374978
2024-08-23,IE,2.60162343891337
2024-08-23,US,7.43203599927919
2024-08-23,JP,2.26471714383198
2024-08-24,AU,2.49942594306312
2024-08-24,CA,3.50143472535197
2024-08-24,DE,3.25358696009439
2024-08-24,FR,0.728619581974938
2024-08-24,GB,2.50601818353792
2024-08-24,IE,2.57046161154385
2024-08-24,US,7.42640391208894
2024-08-24,JP,2.26353431006863
2024-08-25,AU,2.51343608891384
2024-08-25,CA,3.49151530972778
2024-08-25,DE,3.23159028202452
2024-08-25,FR,0.731414969547044
2024-08-25,GB,2.49177459958571
2024-08-25,IE,2.59372914689078
2024-08-25,US,7.42432825525699
2024-08-25,JP,2.26999029457556
2024-08-26,AU,2.50998080281314
2024-08-26,CA,3.48500407986525
2024-08-26,DE,3.19640131126182
2024-08-26,FR,0.731867464851249
2024-08-26,GB,2.48816775889302
2024-08-26,IE,2.57243688718633
2024-08-26,US,7.42175549743091
2024-08-26,JP,2.27979003644727
2024-08-27,AU,2.4987089637581
2024-08-27,CA,3.47336169494598
2024-08-27,DE,3.16853363037231
2024-08-27,FR,0.72894056856136
2024-08-27,GB,2.4926609680698
2024-08-27,IE,2.55520389563623
2024-08-27,US,7.39457069428346
2024-08-27,JP,2.28987506794101
2024-08-28,AU,2.4751049797685
2024-08-28,CA,3.46302829699208
2024-08-28,DE,3.15315627878102
2024-08-28,FR,0.72636967252634
2024-08-28,GB,2.49845566342134
2024-08-28,IE,2.54945551621081
2024-08-28,US,7.36058589975909
2024-08-28,JP,2.3048983896142
2024-08-29,AU,2.45328499242753
2024-08-29,CA,3.4573598848773
2024-08-29,DE,3.14371918306423
2024-08-29,FR,0.724997379826842
2024-08-29,GB,2.4943017020974
2024-08-29,IE,2.53542456144196
2024-08-29,US,7.34424284810307
2024-08-29,JP,2.32494291594878
2024-08-30,AU,2.42332985166262
2024-08-30,CA,3.45529818492354
2024-08-30,DE,3.1444791943176
2024-08-30,FR,0.724550173769269
2024-08-30,GB,2.51024679711535
2024-08-30,IE,2.52257531536618
2024-08-30,US,7.33461016187183
2024-08-30,JP,2.34133025805171
2024-08-31,AU,2.42208100210491
2024-08-31,CA,3.46201328052943
2024-08-31,DE,3.14609645659954
2024-08-31,FR,0.720971778655056
2024-08-31,GB,2.52930957241088
2024-08-31,IE,2.52109743701261
2024-08-31,US,7.33102012096912
2024-08-31,JP,2.35304630269339
2024-09-01,AU,2.40779082363986
2024-09-01,CA,3.45336054082017
2024-09-01,DE,3.14369447748764
2024-09-01,FR,0.717029775132073
2024-09-01,GB,2.56874407101103
2024-09-01,IE,2.49314654840029
2024-09-01,US,7.30475334269401
2024-09-01,JP,2.35443735426989
2024-09-02,AU,2.40355167168386
2024-09-02,CA,3.4628440101798
2024-09-02,DE,3.17358247851313
2024-09-02,FR,0.713258192388997
2024-09-02,GB,2.58459881199741
2024-09-02,IE,2.48632630730257
2024-09-02,US,7.2994892414426
2024-09-02,JP,2.35907348130919
2024-09-03,AU,2.42306449227509
2024-09-03,CA,3.47039000735024
2024-09-03,DE,3.1858255430086
2024-09-03,FR,0.713112454269356
2024-09-03,GB,2.58593315420454
2024-09-03,IE,2.49206522651401
2024-09-03,US,7.33187711415409
2024-09-03,JP,2.36529110664619
2024-09-04,AU,2.41409015169593
2024-09-04,CA,3.48558491857129
2024-09-04,DE,3.20074094740406
2024-09-04,FR,0.708991736105108
2024-09-04,GB,2.58955930893516
2024-09-04,IE,2.48932447509662
2024-09-04,US,7.38981110784697
2024-09-04,JP,2.36114811047349
2024-09-05,AU,2.42191930031678
2024-09-05,CA,3.49601480728686
2024-09-05,DE,3.20132218554968
2024-09-05,FR,0.711058571253811
2024-09-05,GB,2.59883059150868
2024-09-05,IE,2.50171225580214
2024-09-05,US,7.43902650910468
2024-09-05,JP,2.34650158252615
2024-09-06,AU,2.4461004993442
2024-09-06,CA,3.50142332424672
2024-09-06,DE,3.19794507915133
2024-09-06,FR,0.703998946552391
2024-09-06,GB,2.58593705473998
2024-09-06,IE,2.49592746951792
2024-09-06,US,7.45430425565959
2024-09-06,JP,2.32928820165804
2024-09-07,AU,2.46697673747582
2024-09-07,CA,3.48828787071895
2024-09-07,DE,3.19565860728728
2024-09-07,FR,0.699657772834701
2024-09-07,GB,2.57334773167376
2024-09-07,IE,2.48961292366448
2024-09-07,US,7.47265551456955
2024-09-07,JP,2.31614063142995
2024-09-08,AU,2.50268788319963
2024-09-08,CA,3.48924595263776
2024-09-08,DE,3.20453579734184
2024-09-08,FR,0.693445481378798
2024-09-08,GB,2.55424956408025
2024-09-08,IE,2.47310119379971
2024-09-08,US,7.51458302245026
2024-09-08,JP,2.31125233529995
2024-09-09,AU,2.52630524148926
2024-09-09,CA,3.46813519675817
2024-09-09,DE,3.18755257680286
2024-09-09,FR,0.694320106057141
2024-09-09,GB,2.54257883164924
2024-09-09,IE,2.47843783293402
2024-09-09,US,7.52829797295693
2024-09-09,JP,2.30221293378791
2024-09-10,AU,2.54250565981812
2024-09-10,CA,3.44612484265685
2024-09-10,DE,3.18456599180234
2024-09-10,FR,0.69291147055472
2024-09-10,GB,2.54229507921972
2024-09-10,IE,2.46418222416813
2024-09-10,US,7.51531993010562
2024-09-10,JP,2.29275753018187
2024-09-11,AU,2.56857266188788
2024-09-11,CA,3.42651614747691
2024-09-11,DE,3.16060312029552
2024-09-11,FR,0.692520841865889
2024-09-11,GB,2.53444167374794
2024-09-11,IE,2.44033940785161
2024-09-11,US,7.48009610411311
2024-09-11,JP,2.29203951467539
2024-09-12,AU,2.61233096747974
2024-09-12,CA,3.40774544630604
2024-09-12,DE,3.15613826637765
2024-09-12,FR,0.685841747603821
2024-09-12,GB,2.51658050798618
2024-09-12,IE,2.40362703071692
2024-09-12,US,7.44837715234615
2024-09-12,JP,2.29114749119825
2024-09-13,AU,2.64449815060866
2024-09-13,CA,3.39203586860565
2024-09-13,DE,3.17477828251078
2024-09-13,FR,0.684743304818466
2024-09-13,GB,2.50367036303761
2024-09-13,IE,2.39930645618329
2024-09-13,US,7.43134001111315
2024-09-13,JP,2.28805852447434
2024-09-14,AU,2.63867649583477
2024-09-14,CA,3.37675170730461
2024-09-14,DE,3.16046158983148
2024-09-14,FR,0.680989971912825
2024-09-14,GB,2.48272468383649
2024-09-14,IE,2.37420409411274
2024-09-14,US,7.41235453151114
2024-09-14,JP,2.28652300718033
2024-09-15,AU,2.63809873056563
2024-09-15,CA,3.35900152046452
2024-09-15,DE,3.16863553687469
2024-09-15,FR,0.677980693187975
2024-09-15,GB,2.47599332250734
2024-09-15,IE,2.38467972634892
2024-09-15,US,7.38273163075477
2024-09-15,JP,2.2604537563165
2024-09-16,AU,2.660013124215
2024-09-16,CA,3.35452952111192
2024-09-16,DE,3.16378053815936
2024-09-16,FR,0.674241073299614
2024-09-16,GB,2.4737145463617
2024-09-16,IE,2.38270773766649
2024-09-16,US,7.37583620737755
2024-09-16,JP,2.25794434269818
2024-09-17,AU,2.65164758240377
2024-09-17,CA,3.35470189625576
2024-09-17,DE,3.16089315691089
2024-09-17,FR,0.675160833487284
2024-09-17,GB,2.46664392092297
2024-09-17,IE,2.37195813573893
2024-09-17,US,7.36275450409733
2024-09-17,JP,2.24910988481241
2024-09-18,AU,2.66223042788288
2024-09-18,CA,3.3445290056231
2024-09-18,DE,3.16179797558234
2024-09-18,FR,0.67231784241493
2024-09-18,GB,2.46575727152481
2024-09-18,IE,2.37603567566511
2024-09-18,US,7.34008835947816
2024-09-18,JP,2.24498238335747
2024-09-19,AU,2.62878749159335
2024-09-19,CA,3.34970378901786
2024-09-19,DE,3.15910195972785
2024-09-19,FR,0.673962995667744
2024-09-19,GB,2.46769535753817
2024-09-19,IE,2.38910144244658
2024-09-19,US,7.32003939656697
2024-09-19,JP,2.24106818378406
2024-09-20,AU,2.58754489940715
2024-09-20,CA,3.34051900964733
2024-09-20,DE,3.13303605613141
2024-09-20,FR,0.674876429899006
2024-09-20,GB,2.47105875639615
2024-09-20,IE,2.39309091378181
2024-09-20,US,7.30836460431674
2024-09-20,JP,2.23813546045191
2024-09-21,AU,2.55355185163832
2024-09-21,CA,3.34319169892111
2024-09-21,DE,3.1328636009094
2024-09-21,FR,0.668423754612443
2024-09-21,GB,2.46749625297265
2024-09-21,IE,2.41139988435884
2024-09-21,US,7.29085335780986
2024-09-21,JP,2.24068604714337
2024-09-22,AU,2.53887172974803
2024-09-22,CA,3.34092412700327
2024-09-22,DE,3.10848634519273
2024-09-22,FR,0.668837854857524
2024-09-22,GB,2.45855128343949
2024-09-22,IE,2.40623542021962
2024-09-22,US,7.29279933470535
2024-09-22,JP,2.2588989596696
2024-09-23,AU,2.51875694777675
2024-09-23,CA,3.35520546575175
2024-09-23,DE,3.11336267251744
2024-09-23,FR,0.663597383778691
2024-09-23,GB,2.47210339004551
2024-09-23,IE,2.3910142121155
2024-09-23,US,7.27785765482085
2024-09-23,JP,2.26190512716225
2024-09-24,AU,2.50996181766695
2024-09-24,CA,3.35003655215254
2024-09-24,DE,3.11691096369223
2024-09-24,FR,0.655878199319572
2024-09-24,GB,2.46392525355495
2024-09-24,IE,2.38766507442572
2024-09-24,US,7.26707265141317
2024-09-24,JP,2.27737915641287
2024-09-25,AU,2.50865906102694
2024-09-25,CA,3.3467124950089
2024-09-25,DE,3.12292480585204
2024-09-25,FR,0.65358797358723
2024-09-25,GB,2.4564469187208
2024-09-25,IE,2.38744409496253
2024-09-25,US,7.26128465908792
2024-09-25,JP,2.28828059339402
2024-09-26,AU,2.52344056115877
2024-09-26,CA,3.32572250985795
2024-09-26,DE,3.12101432519789
2024-09-26,FR,0.650008676521798
2024-09-26,GB,2.45607385768125
2024-09-26,IE,2.37355825299363
2024-09-26,US,7.25902728484718
2024-09-26,JP,2.31135425838932
2024-09-27,AU,2.52298842340584
2024-09-27,CA,3.32515636170442
2024-09-27,DE,3.12758387279394
2024-09-27,FR,0.649147362317624
2024-09-27,GB,2.45523280124414
2024-09-27,IE,2.35096488043271
2024-09-27,US,7.26663016502858
2024-09-27,JP,2.33418596696596
2024-09-28,AU,2.56951675550174
2024-09-28,CA,3.32444270292785
2024-09-28,DE,3.10878536027637
2024-09-28,FR,0.647465367884462
2024-09-28,GB,2.45922171906664
2024-09-28,IE,2.33046531294979
2024-09-28,US,7.26600308630994
2024-09-28,JP,2.3475315324363
2024-09-29,AU,2.58330151182993
2024-09-29,CA,3.3344331210142
2024-09-29,DE,3.11442530393446
2024-09-29,FR,0.650695943196575
2024-09-29,GB,2.45878777121612
2024-09-29,IE,2.29039569075596
2024-09-29,US,7.252836116912
2024-09-29,JP,2.36586161492012
2024-09-30,AU,2.57438966619653
2024-09-30,CA,3.3253873040722
2024-09-30,DE,3.09287479826405
2024-09-30,FR,0.654933558715874
2024-09-30,GB,2.43943269834621
2024-09-30,IE,2.29148072299114
2024-09-30,US,7.24634436956284
2024-09-30,JP,2.35801133217397
2024-10-01,AU,2.55426353598688
2024-10-01,CA,3.33368924737711
2024-10-01,DE,3.08806674016707
2024-10-01,FR,0.663531899366826
2024-10-01,GB,2.44827455320428
2024-10-01,IE,2.27729136153227
2024-10-01,US,7.23091180594661
2024-10-01,JP,2.33503304642969
2024-10-02,AU,2.53460757603698
2024-10-02,CA,3.33523636756748
2024-10-02,DE,3.08584201694092
2024-10-02,FR,0.664963486111369
2024-10-02,GB,2.44579454878134
2024-10-02,IE,2.25985480184598
2024-10-02,US,7.21997748615553
2024-10-02,JP,2.31070504782887
2024-10-03,AU,2.51484491633812
2024-10-03,CA,3.3459278573438
2024-10-03,DE,3.10772772133753
2024-10-03,FR,0.661447997853616
2024-10-03,GB,2.44107016832772
2024-10-03,IE,2.2413616977304
2024-10-03,US,7.20119264785108
2024-10-03,JP,2.27477841485425
2024-10-04,AU,2.5142732774296
2024-10-04,CA,3.33856143286794
2024-10-04,DE,3.12286152133034
2024-10-04,FR,0.658674504578148
2024-10-04,GB,2.43302757197874
2024-10-04,IE,2.24452425387252
2024-10-04,US,7.16843724275151
2024-10-04,JP,2.24520388599569
2024-10-05,AU,2.46538742306208
2024-10-05,CA,3.31576825234346
2024-10-05,DE,3.16723645309759
2024-10-05,FR,0.662322624391481
2024-10-05,GB,2.41907706904885
2024-10-05,IE,2.25319593613966
2024-10-05,US,7.15563189349011
2024-10-05,JP,2.21892138037036
2024-10-06,AU,2.42494843528225
2024-10-06,CA,3.29878739772389
2024-10-06,DE,3.19531770955366
2024-10-06,FR,0.655024100760672
2024-10-06,GB,2.41114331040651
2024-10-06,IE,2.27947155037879
2024-10-06,US,7.12935574105873
2024-10-06,JP,2.19638458533971
2024-10-07,AU,2.40632670160209
2024-10-07,CA,3.27112045904245
2024-10-07,DE,3.21271569252792
2024-10-07,FR,0.653595322660482
2024-10-07,GB,2.40352282147436
2024-10-07,IE,2.28669952632562
2024-10-07,US,7.09570593252327
2024-10-07,JP,2.19736769127756
2024-10-08,AU,2.41212601909571
2024-10-08,CA,3.24329696909777
2024-10-08,DE,3.21835580667393
2024-10-08,FR,0.649156798706372
2024-10-08,GB,2.39404148572166
2024-10-08,IE,2.33228055534649
2024-10-08,US,7.06790793950559
2024-10-08,JP,2.20009219343531
2024-10-09,AU,2.38087843940474
2024-10-09,CA,3.22757463650344
2024-10-09,DE,3.23659264465082
2024-10-09,FR,0.648196078111727
2024-10-09,GB,2.39395163392542
2024-10-09,IE,2.33453540631069
2024-10-09,US,7.04533937869962
2024-10-09,JP,2.19523427158894
2024-10-10,AU,2.38060192654795
2024-10-10,CA,3.21199682022382
2024-10-10,DE,3.22925960961091
2024-10-10,FR,0.650965893346212
2024-10-10,GB,2.39661411420435
2024-10-10,IE,2.37395566397329
2024-10-10,US,7.0303332189331
2024-10-10,JP,2.19933421299009
2024-10-11,AU,2.38114724761996
2024-10-11,CA,3.20592530914857
2024-10-11,DE,3.22521198995397
2024-10-11,FR,0.656772352557964
2024-10-11,GB,2.40490884525553
2024-10-11,IE,2.36980588974871
2024-10-11,US,7.0395860162861
2024-10-11,JP,2.19671145275989
2024-10-12,AU,2.39671509020132
2024-10-12,CA,3.21013006848136
2024-10-12,DE,3.20821952970802
2024-10-12,FR,0.657006270464539
2024-10-12,GB,2.42263371767629
2024-10-12,IE,2.38032726333666
2024-10-12,US,7.03087480791075
2024-10-12,JP,2.19108122575744
2024-10-13,AU,2.41548508146331
2024-10-13,CA,3.18386382698594
2024-10-13,DE,3.19576036852866
2024-10-13,FR,0.660435338212895
2024-10-13,GB,2.42861629807174
2024-10-13,IE,2.37715709962587
2024-10-13,US,7.03401415769847
2024-10-13,JP,2.1666644675738
2024-10-14,AU,2.42117557827962
2024-10-14,CA,3.18912563979023
2024-10-14,DE,3.20023065860796
2024-10-14,FR,0.661008101014499
2024-10-14,GB,2.43820986674484
2024-10-14,IE,2.36491094027069
2024-10-14,US,7.04670949300737
2024-10-14,JP,2.16424011325704
2024-10-15,AU,2.41856003202602
2024-10-15,CA,3.20026908949647
2024-10-15,DE,3.19575162091743
2024-10-15,FR,0.658111553619862
2024-10-15,GB,2.44300360998522
2024-10-15,IE,2.32693514716188
2024-10-15,US,7.06977014614642
2024-10-15,JP,2.16811035568164
2024-10-16,AU,2.42937709442711
2024-10-16,CA,3.21066543738543
2024-10-16,DE,3.20500298490634
2024-10-16,FR,0.657505629795639
2024-10-16,GB,2.44487468710756
2024-10-16,IE,2.35036207493359
2024-10-16,US,7.09840732890876
2024-10-16,JP,2.17875547289038
2024-10-17,AU,2.41115466185656
2024-10-17,CA,3.22402592990566
2024-10-17,DE,3.21447316170841
2024-10-17,FR,0.657599122350426
2024-10-17,GB,2.43740414052336
2024-10-17,IE,2.33320686156953
2024-10-17,US,7.12837020789972
2024-10-17,JP,2.18549283799982
2024-10-18,AU,2.38649068774791
2024-10-18,CA,3.23923893988752
2024-10-18,DE,3.22100635852392
2024-10-18,FR,0.652683767246298
2024-10-18,GB,2.43624341750846
2024-10-18,IE,2.34679346718781
2024-10-18,US,7.13111330430548
2024-10-18,JP,2.19491004098388
2024-10-19,AU,2.36462587926411
2024-10-19,CA,3.25556201219321
2024-10-19,DE,3.24946133802614
2024-10-19,FR,0.65562180728793
2024-10-19,GB,2.4307707301219
2024-10-19,IE,2.3180747173024
2024-10-19,US,7.13947168159619
2024-10-19,JP,2.20948267950992
2024-10-20,AU,2.35203177285125
2024-10-20,CA,3.28801520218414
2024-10-20,DE,3.2646149412345
2024-10-20,FR,0.650001998226866
2024-10-20,GB,2.43128088140101
2024-10-20,IE,2.31728895664005
2024-10-20,US,7.1551157202416
2024-10-20,JP,2.23924958836926
2024-10-21,AU,2.34850859262565
2024-10-21,CA,3.2910490007915
2024-10-21,DE,3.26862963933531
2024-10-21,FR,0.643860037080887
2024-10-21,GB,2.42530001729951
2024-10-21,IE,2.31604951232916
2024-10-21,US,7.17025964828802
2024-10-21,JP,2.23744842412612
2024-10-22,AU,2.33388174354027
2024-10-22,CA,3.29463167935918
2024-10-22,DE,3.27209438368178
2024-10-22,FR,0.641823273022298
2024-10-22,GB,2.41647078705046
2024-10-22,IE,2.32309469851601
2024-10-22,US,7.1907251872499
2024-10-22,JP,2.23380745338618
2024-10-23,AU,2.32295541312831
2024-10-23,CA,3.29804670336031
2024-10-23,DE,3.25456247688671
2024-10-23,FR,0.641619246943079
2024-10-23,GB,2.41269174048301
2024-10-23,IE,2.30884765453077
2024-10-23,US,7.2095831283254
2024-10-23,JP,2.22497489514194
2024-10-24,AU,2.30789341897163
2024-10-24,CA,3.29985293906335
2024-10-24,DE,3.24269764180551
2024-10-24,FR,0.638038709633591
2024-10-24,GB,2.40821495057518
2024-10-24,IE,2.30687875155327
2024-10-24,US,7.21136983636566
2024-10-24,JP,2.22046910682053
2024-10-25,AU,2.31218241277297
2024-10-25,CA,3.30470187697759
2024-10-25,DE,3.23341272667355
2024-10-25,FR,0.632499398285849
2024-10-25,GB,2.40528579544496
2024-10-25,IE,2.32481648998948
2024-10-25,US,7.22748841534742
2024-10-25,JP,2.21322717840184
2024-10-26,AU,2.29775978920288
2024-10-26,CA,3.30637141372823
2024-10-26,DE,3.19523887914146
2024-10-26,FR,0.629951065343616
2024-10-26,GB,2.40713172974035
2024-10-26,IE,2.35392135507678
2024-10-26,US,7.23722626501236
2024-10-26,JP,2.20074049106048
2024-10-27,AU,2.29127072753631
2024-10-27,CA,3.31335880815872
2024-10-27,DE,3.18122777856292
2024-10-27,FR,0.629317000387147
2024-10-27,GB,2.39931734977977
2024-10-27,IE,2.36417602096041
2024-10-27,US,7.23210418019247
2024-10-27,JP,2.19378984734597
2024-10-28,AU,2.28588682422715
2024-10-28,CA,3.32337273377591
2024-10-28,DE,3.16803866633187
2024-10-28,FR,0.628963528312927
2024-10-28,GB,2.4001046082895
2024-10-28,IE,2.37762281004331
2024-10-28,US,7.23249491301848
2024-10-28,JP,2.19653071710236
2024-10-29,AU,2.28262744906254
2024-10-29,CA,3.33009736185841
2024-10-29,DE,3.16731142129561
2024-10-29,FR,0.627148290448878
2024-10-29,GB,2.39934096100451
2024-10-29,IE,2.38620594559725
2024-10-29,US,7.21959490744155
2024-10-29,JP,2.19756739123031
2024-10-30,AU,2.29794931811258
2024-10-30,CA,3.32431072481997
2024-10-30,DE,3.15235696394788
2024-10-30,FR,0.622377849026801
2024-10-30,GB,2.39406626798062
2024-10-30,IE,2.38012382785139
2024-10-30,US,7.18320915872196
2024-10-30,JP,2.19743361188009
2024-10-31,AU,2.31483607031836
2024-10-31,CA,3.31403905349506
2024-10-31,DE,3.14681572523821
2024-10-31,FR,0.618986095511205
2024-10-31,GB,2.39830100889227
2024-10-31,IE,2.35625575312625
2024-10-31,US,7.13780754874299
2024-10-31,JP,2.18688198317496
2024-11-01,AU,2.32359419896869
2024-11-01,CA,3.32218076962383
2024-11-01,DE,3.19116905010895
2024-11-01,FR,0.629743274372005
2024-11-01,GB,2.40612548388399
2024-11-01,IE,2.34962049034533
2024-11-01,US,7.12815084301607
2024-11-01,JP,2.17651457373655
2024-11-02,AU,2.34484388524622
2024-11-02,CA,3.32328257490043
2024-11-02,DE,3.22060489000157
2024-11-02,FR,0.628510398605132
2024-11-02,GB,2.41462174037365
2024-11-02,IE,2.34516046735742
2024-11-02,US,7.12885799129851
2024-11-02,JP,2.16496261337515
2024-11-03,AU,2.33158247084757
2024-11-03,CA,3.32565875123021
2024-11-03,DE,3.25092174616382
2024-11-03,FR,0.628986013393258
2024-11-03,GB,2.42949818482517
2024-11-03,IE,2.34413451496973
2024-11-03,US,7.13110655593492
2024-11-03,JP,2.13741207289151
2024-11-04,AU,2.32431518573474
2024-11-04,CA,3.32057029276463
2024-11-04,DE,3.28991941880408
2024-11-04,FR,0.630260271050098
2024-11-04,GB,2.43206961097497
2024-11-04,IE,2.31983761110616
2024-11-04,US,7.11021191274934
2024-11-04,JP,2.11573670705353
2024-11-05,AU,2.32507872468464
2024-11-05,CA,3.30991926763547
2024-11-05,DE,3.31154847904334
2024-11-05,FR,0.633374160105333
2024-11-05,GB,2.4423485496933
2024-11-05,IE,2.29109207696672
2024-11-05,US,7.06195743270185
2024-11-05,JP,2.10046305836336
2024-11-06,AU,2.30929711428508
2024-11-06,CA,3.31079851984521
2024-11-06,DE,3.33139493354012
2024-11-06,FR,0.633799201611672
2024-11-06,GB,2.45229575597354
2024-11-06,IE,2.2697088373976
2024-11-06,US,7.06119919227234
2024-11-06,JP,2.09713770780061
2024-11-07,AU,2.28795744551812
2024-11-07,CA,3.31295375848929
2024-11-07,DE,3.35497971742715
2024-11-07,FR,0.638864514643014
2024-11-07,GB,2.45982341766274
2024-11-07,IE,2.27753162546313
2024-11-07,US,7.09630930528665
2024-11-07,JP,2.09369894677934
2024-11-08,AU,2.27449007915791
2024-11-08,CA,3.29841748401657
2024-11-08,DE,3.31330289002517
2024-11-08,FR,0.633565196559183
2024-11-08,GB,2.45614881373266
2024-11-08,IE,2.24955395058816
2024-11-08,US,7.09883253285556
2024-11-08,JP,2.08660726450045
2024-11-09,AU,2.23990412097221
2024-11-09,CA,3.28643629704431
2024-11-09,DE,3.29659941578645
2024-11-09,FR,0.635997651121399
2024-11-09,GB,2.45435195806141
2024-11-09,IE,2.23134008026069
2024-11-09,US,7.09530550523661
2024-11-09,JP,2.08571159534031
2024-11-10,AU,2.23989531913323
2024-11-10,CA,3.27436502003847
2024-11-10,DE,3.2559403934782
2024-11-10,FR,0.637247527926705
2024-11-10,GB,2.45411499410367
2024-11-10,IE,2.19143870809638
2024-11-10,US,7.09245342081944
2024-11-10,JP,2.10571420133973
2024-11-11,AU,2.22417422477315
2024-11-11,CA,3.27791755977041
2024-11-11,DE,3.21185929961531
2024-11-11,FR,0.643875613473968
2024-11-11,GB,2.4571079623113
2024-11-11,IE,2.1837937565061
2024-11-11,US,7.08997064662403
2024-11-11,JP,2.11378544771249
2024-11-12,AU,2.21284228398308
2024-11-12,CA,3.28431978685481
2024-11-12,DE,3.1735603571043
2024-11-12,FR,0.641100880670884
2024-11-12,GB,2.45550023904396
2024-11-12,IE,2.19352442479961
2024-11-12,US,7.1318051995915
2024-11-12,JP,2.12048021710415
2024-11-13,AU,2.19764893808704
2024-11-13,CA,3.28603983830606
2024-11-13,DE,3.16568058089476
2024-11-13,FR,0.644640371277973
2024-11-13,GB,2.46197798502271
2024-11-13,IE,2.21503109147359
2024-11-13,US,7.13736092092192
2024-11-13,JP,2.11963469735813
2024-11-14,AU,2.20883537962798
2024-11-14,CA,3.28883282625205
2024-11-14,DE,3.14348076634779
2024-11-14,FR,0.641415196599334
2024-11-14,GB,2.46609221912954
2024-11-14,IE,2.22471420394468
2024-11-14,US,7.12442835089094
2024-11-14,JP,2.12127067984147
2024-11-15,AU,2.18422175859416
2024-11-15,CA,3.28305385191948
2024-11-15,DE,3.12975663682241
2024-11-15,FR,0.631868137657657
2024-11-15,GB,2.47501154543659
2024-11-15,IE,2.22687861904035
2024-11-15,US,7.10182737269208
2024-11-15,JP,2.13742197113735
2024-11-16,AU,2.17294182008599
2024-11-16,CA,3.28356778006038
2024-11-16,DE,3.10076437910415
2024-11-16,FR,0.623737673548176
2024-11-16,GB,2.47960348720787
2024-11-16,IE,2.24030393507226
2024-11-16,US,7.07519571678293
2024-11-16,JP,2.14091678522081
2024-11-17,AU,2.15104721025413
2024-11-17,CA,3.28440627209721
2024-11-17,DE,3.10078896902658
2024-11-17,FR,0.616954522716642
2024-11-17,GB,2.47315502171633
2024-11-17,IE,2.25848077767706
2024-11-17,US,7.04383706535099
2024-11-17,JP,2.14461973156985
2024-11-18,AU,2.13587823029072
2024-11-18,CA,3.26825759288846
2024-11-18,DE,3.11832772629475
2024-11-18,FR,0.607462447024042
2024-11-18,GB,2.47926201584967
2024-11-18,IE,2.28156829164911
2024-11-18,US,7.02364384759662
2024-11-18,JP,2.15109610866904
2024-11-19,AU,2.12462111048922
2024-11-19,CA,3.26368205505218
2024-11-19,DE,3.14605367440998
2024-11-19,FR,0.607715420402019
2024-11-19,GB,2.49634101847603
2024-11-19,IE,2.29431811641206
2024-11-19,US,7.00064489505453
2024-11-19,JP,2.15267338041968
2024-11-20,AU,2.12662524312157
2024-11-20,CA,3.25666856918074
2024-11-20,DE,3.14540697850246
2024-11-20,FR,0.60794430680408
2024-11-20,GB,2.49963546492661
2024-11-20,IE,2.31140801678557
2024-11-20,US,6.98618040548971
2024-11-20,JP,2.16178324611691
2024-11-21,AU,2.10594386895397
2024-11-21,CA,3.25521880331715
2024-11-21,DE,3.14635871346053
2024-11-21,FR,0.616070781497418
2024-11-21,GB,2.51405855818569
2024-11-21,IE,2.34036260022521
2024-11-21,US,6.97378349148102
2024-11-21,JP,2.17014398081101
2024-11-22,AU,2.100714682806
2024-11-22,CA,3.25357557919462
2024-11-22,DE,3.17708537667878
2024-11-22,FR,0.622805330805681
2024-11-22,GB,2.52060334404685
2024-11-22,IE,2.3527094066919
2024-11-22,US,6.96658060314075
2024-11-22,JP,2.16221843043698
2024-11-23,AU,2.10017858435394
2024-11-23,CA,3.25712722918771
2024-11-23,DE,3.18211727982464
2024-11-23,FR,0.62938259525873
2024-11-23,GB,2.52703496602686
2024-11-23,IE,2.35467660055849
2024-11-23,US,6.949516689145
2024-11-23,JP,2.16314301065762
2024-11-24,AU,2.08215341948172
2024-11-24,CA,3.25627658308072
2024-11-24,DE,3.1507906943452
2024-11-24,FR,0.632706240518998
2024-11-24,GB,2.53984304896237
2024-11-24,IE,2.34613162888323
2024-11-24,US,6.92130831719012
2024-11-24,JP,2.16529866340442
2024-11-25,AU,2.08044157616842
2024-11-25,CA,3.25221881873576
2024-11-25,DE,3.12190163570306
2024-11-25,FR,0.636858765420995
2024-11-25,GB,2.5306408853098
2024-11-25,IE,2.32508855921925
2024-11-25,US,6.87081803569437
2024-11-25,JP,2.17014283430722
2024-11-26,AU,2.06403994911871
2024-11-26,CA,3.23792706318108
2024-11-26,DE,3.08111203117373
2024-11-26,FR,0.63622548681937
2024-11-26,GB,2.51221641237006
2024-11-26,IE,2.32849786218322
2024-11-26,US,6.81186555443139
2024-11-26,JP,2.17885949909516
2024-11-27,AU,2.03837078462248
2024-11-27,CA,3.21281138899282
2024-11-27,DE,3.04781247778933
2024-11-27,FR,0.634525891781684
2024-11-27,GB,2.49157027927305
2024-11-27,IE,2.32245165183126
2024-11-27,US,6.70884465825064
2024-11-27,JP,2.17340548112769
2024-11-28,AU,2.02362074624938
2024-11-28,CA,3.18588291749387
2024-11-28,DE,3.02347081812219
2024-11-28,FR,0.629895622947129
2024-11-28,GB,2.46332708365979
2024-11-28,IE,2.30816094885234
2024-11-28,US,6.58659005327229
2024-11-28,JP,2.179619576248
2024-11-29,AU,2.03131144614911
2024-11-29,CA,3.16968193880864
2024-11-29,DE,2.96216396266076
2024-11-29,FR,0.627526960932401
2024-11-29,GB,2.43343859117335
2024-11-29,IE,2.29945957797898
2024-11-29,US,6.56093346830246
2024-11-29,JP,2.18643285161603
2024-11-30,AU,2.02545394428259
2024-11-30,CA,3.15703058203224
2024-11-30,DE,2.94585024102099
2024-11-30,FR,0.625110810296921
2024-11-30,GB,2.40263506042463
2024-11-30,IE,2.28476854566952
2024-11-30,US,6.59357573472897
2024-11-30,JP,2.18965020305103
2024-12-01,AU,2.02839239584988
2024-12-01,CA,3.13986766792917
2024-12-01,DE,2.93883462938989
2024-12-01,FR,0.627276134477111
2024-12-01,GB,2.37455135642959
2024-12-01,IE,2.27195007801275
2024-12-01,US,6.63925503527821
2024-12-01,JP,2.18107933569509
2024-12-02,AU,2.01911012922776
2024-12-02,CA,3.12629051985407
2024-12-02,DE,2.92875818276717
2024-12-02,FR,0.624063401154083
2024-12-02,GB,2.35845026032318
2024-12-02,IE,2.26737394830679
2024-12-02,US,6.66218875997103
2024-12-02,JP,2.16374522557007
2024-12-03,AU,2.02299485927045
2024-12-03,CA,3.12033069467986
2024-12-03,DE,2.9199057534866
2024-12-03,FR,0.62123611876784
2024-12-03,GB,2.35064845090602
2024-12-03,IE,2.2570486154366
2024-12-03,US,6.66852229140106
2024-12-03,JP,2.14011868554692
2024-12-04,AU,2.02815623044466
2024-12-04,CA,3.14358601446806
2024-12-04,DE,2.92782133646971
2024-12-04,FR,0.62085636088172
2024-12-04,GB,2.34518611665808
2024-12-04,IE,2.24756938571478
2024-12-04,US,6.71131889098005
2024-12-04,JP,2.1192174857194
2024-12-05,AU,2.04260917698802
2024-12-05,CA,3.16654195509359
2024-12-05,DE,2.91958159842119
2024-12-05,FR,0.618644425486534
2024-12-05,GB,2.34755273940677
2024-12-05,IE,2.23541279838047
2024-12-05,US,6.77356831689236
2024-12-05,JP,2.09112668571916
2024-12-06,AU,2.0361511582371
2024-12-06,CA,3.18176999962764
2024-12-06,DE,2.94923764340174
2024-12-06,FR,0.618941343497731
2024-12-06,GB,2.36612786983357
2024-12-06,IE,2.22978035846263
2024-12-06,US,6.74290668206232
2024-12-06,JP,2.07547294008425
2024-12-07,AU,2.03724482605524
2024-12-07,CA,3.19513757221367
2024-12-07,DE,2.95956376512497
2024-12-07,FR,0.616547759606593
2024-12-07,GB,2.39269331789303
2024-12-07,IE,2.22319439097108
2024-12-07,US,6.65029065113726
2024-12-07,JP,2.06410471293444
2024-12-08,AU,2.05966989471969
2024-12-08,CA,3.2169837244558
2024-12-08,DE,2.98541754047877
2024-12-08,FR,0.615122076749712
2024-12-08,GB,2.41544879742061
2024-12-08,IE,2.23841224254615
2024-12-08,US,6.54464896514546
2024-12-08,JP,2.05363443926906
2024-12-09,AU,2.07940701527122
2024-12-09,CA,3.22505286651732
2024-12-09,DE,2.9820745162089
2024-12-09,FR,0.613898205620955
2024-12-09,GB,2.43031220762165
2024-12-09,IE,2.27338632622438
2024-12-09,US,6.49920784083702
2024-12-09,JP,2.04934095432723
2024-12-10,AU,2.08492959483216
2024-12-10,CA,3.23252964867779
2024-12-10,DE,2.9900808264442
2024-12-10,FR,0.618576279661871
2024-12-10,GB,2.44718370602969
2024-12-10,IE,2.26141722178864
2024-12-10,US,6.46895105975415
2024-12-10,JP,2.04493158380583
2024-12-11,AU,2.10033436247158
2024-12-11,CA,3.23230718511267
2024-12-11,DE,2.98687907698417
2024-12-11,FR,0.61839195652803
2024-12-11,GB,2.46606704182217
2024-12-11,IE,2.27089087572922
2024-12-11,US,6.44595742055224
2024-12-11,JP,2.05317491851435
2024-12-12,AU,2.10001812112662
2024-12-12,CA,3.23028409757344
2024-12-12,DE,2.9817314653454
2024-12-12,FR,0.618369745884364
2024-12-12,GB,2.47274584748584
2024-12-12,IE,2.2710552818145
2024-12-12,US,6.415322557222
2024-12-12,JP,2.05582751560419
2024-12-13,AU,2.09729803037948
2024-12-13,CA,3.22126731133471
2024-12-13,DE,2.96550215289201
2024-12-13,FR,0.619015150849754
2024-12-13,GB,2.46777143588771
2024-12-13,IE,2.26770000018192
2024-12-13,US,6.37918924901078
2024-12-13,JP,2.055841711687
2024-12-14,AU,2.11504655632453
2024-12-14,CA,3.19723581062568
2024-12-14,DE,2.96496658802484
2024-12-14,FR,0.618936691896091
2024-12-14,GB,2.45588458630417
2024-12-14,IE,2.29405224752122
2024-12-14,US,6.35030851977399
2024-12-14,JP,2.05969111205616
2024-12-15,AU,2.09753753765689
2024-12-15,CA,3.16999948944557
2024-12-15,DE,2.95412878344601
2024-12-15,FR,0.616983230726369
2024-12-15,GB,2.44062911227141
2024-12-15,IE,2.31837439892592
2024-12-15,US,6.32875476051076
2024-12-15,JP,2.06342369302308
2024-12-16,AU,2.06817920015254
2024-12-16,CA,3.14848342770225
2024-12-16,DE,2.95232328539635
2024-12-16,FR,0.620292240355586
2024-12-16,GB,2.42965541983657
2024-12-16,IE,2.30983314338172
2024-12-16,US,6.2979253558308
2024-12-16,JP,2.05906051308374
2024-12-17,AU,2.0669267528058
2024-12-17,CA,3.12250498292405
2024-12-17,DE,2.95348728068697
2024-12-17,FR,0.620618919242488
2024-12-17,GB,2.40891109413053
2024-12-17,IE,2.32406669419012
2024-12-17,US,6.28087535383407
2024-12-17,JP,2.06011419532636
2024-12-18,AU,2.04567479771587
2024-12-18,CA,3.08493662974486
2024-12-18,DE,2.94721346805986
2024-12-18,FR,0.62207047633123
2024-12-18,GB,2.39609494609807
2024-12-18,IE,2.3236436898632
2024-12-18,US,6.26587604966536
2024-12-18,JP,2.05506758652677
2024-12-19,AU,2.02755342805916
2024-12-19,CA,3.050059495492
2024-12-19,DE,2.95625778566243
2024-12-19,FR,0.624224239469633
2024-12-19,GB,2.38151809119006
2024-12-19,IE,2.31683943809325
2024-12-19,US,6.24901856645709
2024-12-19,JP,2.04811087500685
2024-12-20,AU,2.02602143061056
2024-12-20,CA,3.03600778367157
2024-12-20,DE,2.96384945813638
2024-12-20,FR,0.627670093927262
2024-12-20,GB,2.37158683537028
2024-12-20,IE,2.32667354400314
2024-12-20,US,6.24321791283412
2024-12-20,JP,2.04612233975727
2024-12-21,AU,2.02437116101961
2024-12-21,CA,3.01693614695962
2024-12-21,DE,2.96415449299499
2024-12-21,FR,0.628714504727034
2024-12-21,GB,2.36287558826311
2024-12-21,IE,2.31983994208036
2024-12-21,US,6.26066905720673
2024-12-21,JP,2.03484210767207
2024-12-22,AU,2.01046359776626
2024-12-22,CA,2.9809202140138
2024-12-22,DE,2.94224554076187
2024-12-22,FR,0.629900545422102
2024-12-22,GB,2.34707294365456
2024-12-22,IE,2.34206142382306
2024-12-22,US,6.27295857966909
2024-12-22,JP,2.02081849267122
2024-12-23,AU,1.99373982464769
2024-12-23,CA,2.9465538382135
2024-12-23,DE,2.93353967747038
2024-12-23,FR,0.632662682087613
2024-12-23,GB,2.32422541506521
2024-12-23,IE,2.33681257425403
2024-12-23,US,6.22850829695506
2024-12-23,JP,2.01305869546555
2024-12-24,AU,1.9641264971014
2024-12-24,CA,2.9012339548558
2024-12-24,DE,2.93833756585142
2024-12-24,FR,0.632786554153574
2024-12-24,GB,2.29639315733076
2024-12-24,IE,2.29337568946696
2024-12-24,US,6.16059012414075
2024-12-24,JP,2.01175833570297
2024-12-25,AU,1.97579927853526
2024-12-25,CA,2.86962403540101
2024-12-25,DE,2.99683389384009
2024-12-25,FR,0.645782319044805
2024-12-25,GB,2.28213644269153
2024-12-25,IE,2.27410812260236
2024-12-25,US,6.12037619722431
2024-12-25,JP,2.01615757148515
2024-12-26,AU,2.02296642691306
2024-12-26,CA,2.91648629813339
2024-12-26,DE,3.06697885317023
2024-12-26,FR,0.653197828895158
2024-12-26,GB,2.31870879466939
2024-12-26,IE,2.33512691845242
2024-12-26,US,6.17946867192848
2024-12-26,JP,2.02500323132493
2024-12-27,AU,2.08512401205969
2024-12-27,CA,2.97133368028473
2024-12-27,DE,3.12326215798964
2024-12-27,FR,0.660188096859622
2024-12-27,GB,2.36360602325561
2024-12-27,IE,2.39968736130318
2024-12-27,US,6.26658948128893
2024-12-27,JP,2.01988455656447
2024-12-28,AU,2.11763220500746
2024-12-28,CA,3.0514959877488
2024-12-28,DE,3.17782605227042
2024-12-28,FR,0.675595764370401
2024-12-28,GB,2.40246208349205
2024-12-28,IE,2.47292626164031
2024-12-28,US,6.3704367957971
2024-12-28,JP,2.01015387380834
2024-12-29,AU,2.18833002938836
2024-12-29,CA,3.14293599747943
2024-12-29,DE,3.2671369898078
2024-12-29,FR,0.686820563837576
2024-12-29,GB,2.44680975908463
2024-12-29,IE,2.49025733059628
2024-12-29,US,6.46439605694392
2024-12-29,JP,1.98905127985131
2024-12-30,AU,2.2493433949185
2024-12-30,CA,3.21899376419567
2024-12-30,DE,3.34685748111039
2024-12-30,FR,0.693232941448457
2024-12-30,GB,2.49222072084759
2024-12-30,IE,2.54135662872045
2024-12-30,US,6.56136928583706
2024-12-30,JP,1.96417791549245
2024-12-31,AU,2.31182630273703
2024-12-31,CA,3.28808222147461
2024-12-31,DE,3.39471654239792
2024-12-31,FR,0.702475635639559
2024-12-31,GB,2.52422498651697
2024-12-31,IE,2.63919555772068
2024-12-31,US,6.6544958615602
2024-12-31,JP,1.91844353025381
2025-01-01,AU,2.32447424898568
2025-01-01,CA,3.38548814463251
2025-01-01,DE,3.46595576055474
2025-01-01,FR,0.71360361506232
2025-01-01,GB,2.59777459459358
2025-01-01,IE,2.74076016816829
2025-01-01,US,6.77094700189024
2025-01-01,JP,1.88836638182263
2025-01-02,AU,2.32678805334671
2025-01-02,CA,3.40289498991975
2025-01-02,DE,3.50064587011255
2025-01-02,FR,0.716722164268742
2025-01-02,GB,2.60736839821205
2025-01-02,IE,2.74856885714906
2025-01-02,US,6.80632094027836
2025-01-02,JP,1.8692471488162
2025-01-03,AU,2.31552137142554
2025-01-03,CA,3.4089946466683
2025-01-03,DE,3.52333690337973
2025-01-03,FR,0.723397369195553
2025-01-03,GB,2.60835064834037
2025-01-03,IE,2.74971268838236
2025-01-03,US,6.82876488467316
2025-01-03,JP,1.8862682547654
2025-01-04,AU,2.31119601207931
2025-01-04,CA,3.39862875528682
2025-01-04,DE,3.58609695774132
2025-01-04,FR,0.727649767546491
2025-01-04,GB,2.62885520344095
2025-01-04,IE,2.75461436233759
2025-01-04,US,6.84025081439272
2025-01-04,JP,1.91492703383749
2025-01-05,AU,2.29951498296496
2025-01-05,CA,3.39826678354731
2025-01-05,DE,3.62093088142939
2025-01-05,FR,0.736839692656142
2025-01-05,GB,2.66308822785085
2025-01-05,IE,2.79544453701915
2025-01-05,US,6.88376408523845
2025-01-05,JP,1.97257163373941
2025-01-06,AU,2.30926740480638
2025-01-06,CA,3.41581444524294
2025-01-06,DE,3.63897431954495
2025-01-06,FR,0.738626536409778
2025-01-06,GB,2.68350238661611
2025-01-06,IE,2.80486251381813
2025-01-06,US,6.9546022924074
2025-01-06,JP,2.02439304069341
2025-01-07,AU,2.32056440133077
2025-01-07,CA,3.44420318929675
2025-01-07,DE,3.65955496803553
2025-01-07,FR,0.733783957733499
2025-01-07,GB,2.71843590979689
2025-01-07,IE,2.80709854435737
2025-01-07,US,7.0378686020452
2025-01-07,JP,2.08528663101718
2025-01-08,AU,2.3485524143041
2025-01-08,CA,3.43887815173588
2025-01-08,DE,3.59936349002059
2025-01-08,FR,0.71534364781522
2025-01-08,GB,2.69067048789947
2025-01-08,IE,2.770731660818
2025-01-08,US,7.04852845724538
2025-01-08,JP,2.12504466661949
2025-01-09,AU,2.34017540642661
2025-01-09,CA,3.42484132372858
2025-01-09,DE,3.55386729323828
2025-01-09,FR,0.708334265795837
2025-01-09,GB,2.67721447037506
2025-01-09,IE,2.76934180641977
2025-01-09,US,7.05587451515876
2025-01-09,JP,2.1594463454346
2025-01-10,AU,2.32638306384478
2025-01-10,CA,3.40315594684884
2025-01-10,DE,3.51412913541896
2025-01-10,FR,0.69799831375151
2025-01-10,GB,2.66096076525444
2025-01-10,IE,2.77763724905876
2025-01-10,US,7.05521833995832
2025-01-10,JP,2.16421080886153
2025-01-11,AU,2.3327670541275
2025-01-11,CA,3.39289020911574
2025-01-11,DE,3.44644108763009
2025-01-11,FR,0.688177977313116
2025-01-11,GB,2.63808485262668
2025-01-11,IE,2.75527406689363
2025-01-11,US,7.05396904251477
2025-01-11,JP,2.16308981638647
2025-01-12,AU,2.32871616223863
2025-01-12,CA,3.37994441536363
2025-01-12,DE,3.39727578122685
2025-01-12,FR,0.685678693110292
2025-01-12,GB,2.62221205547226
2025-01-12,IE,2.72431605269144
2025-01-12,US,7.04007737664862
2025-01-12,JP,2.14289107641235
2025-01-13,AU,2.32169780328778
2025-01-13,CA,3.36590629205921
2025-01-13,DE,3.38384996014484
2025-01-13,FR,0.684861075203876
2025-01-13,GB,2.60704152294714
2025-01-13,IE,2.71065712240899
2025-01-13,US,7.00906251359364
2025-01-13,JP,2.15527251294518
2025-01-14,AU,2.31232976216967
2025-01-14,CA,3.34145301333688
2025-01-14,DE,3.34771015785038
2025-01-14,FR,0.684664107098636
2025-01-14,GB,2.59113553208498
2025-01-14,IE,2.70045085583375
2025-01-14,US,6.97837364809196
2025-01-14,JP,2.16896443717933
2025-01-15,AU,2.30280500626676
2025-01-15,CA,3.31492990328716
2025-01-15,DE,3.33559374981644
2025-01-15,FR,0.685678524961123
2025-01-15,GB,2.57607863115423
2025-01-15,IE,2.6831001340772
2025-01-15,US,6.971120540863
2025-01-15,JP,2.1783014771546
2025-01-16,AU,2.31058274661387
2025-01-16,CA,3.2975771940917
2025-01-16,DE,3.31817671068543
2025-01-16,FR,0.682029953025655
2025-01-16,GB,2.56565557527569
2025-01-16,IE,2.65120100605781
2025-01-16,US,6.9509387258291
2025-01-16,JP,2.18521819739192
2025-01-17,AU,2.30049057750484
2025-01-17,CA,3.27724512516304
2025-01-17,DE,3.325366816749
2025-01-17,FR,0.678114572281901
2025-01-17,GB,2.55306809021517
2025-01-17,IE,2.60972615363355
2025-01-17,US,6.91212533226969
2025-01-17,JP,2.18809182174116
2025-01-18,AU,2.30577158323328
2025-01-18,CA,3.25661096658077
2025-01-18,DE,3.32740278215315
2025-01-18,FR,0.673257592841279
2025-01-18,GB,2.54525351500747
2025-01-18,IE,2.58606411568055
2025-01-18,US,6.87096591727794
2025-01-18,JP,2.20168207200704
2025-01-19,AU,2.31081811267824
2025-01-19,CA,3.23316285993242
2025-01-19,DE,3.32080103125322
2025-01-19,FR,0.658248689144151
2025-01-19,GB,2.52494132928184
2025-01-19,IE,2.54986696130962
2025-01-19,US,6.82995703066762
2025-01-19,JP,2.22410591550661
2025-01-20,AU,2.31954405383324
2025-01-20,CA,3.20960065275823
2025-01-20,DE,3.29890637285812
2025-01-20,FR,0.651450353992745
2025-01-20,GB,2.50922142115443
2025-01-20,IE,2.5451688741015
2025-01-20,US,6.81385003107321
2025-01-20,JP,2.21743515661069
2025-01-21,AU,2.30622322069549
2025-01-21,CA,3.20612033501828
2025-01-21,DE,3.30038955476746
2025-01-21,FR,0.649773580229061
2025-01-21,GB,2.50189548692027
2025-01-21,IE,2.52751482701986
2025-01-21,US,6.80935320244983
2025-01-21,JP,2.21418702108272
2025-01-22,AU,2.302306948227
2025-01-22,CA,3.20522009325589
2025-01-22,DE,3.28946075674156
2025-01-22,FR,0.645352763687074
2025-01-22,GB,2.49681257838417
2025-01-22,IE,2.50516242945467
2025-01-22,US,6.81262678585604
2025-01-22,JP,2.21211742569655
2025-01-23,AU,2.29035809664816
2025-01-23,CA,3.20778559075153
2025-01-23,DE,3.28683243829476
2025-01-23,FR,0.644901539596348
2025-01-23,GB,2.49073955017123
2025-01-23,IE,2.47265915539425
2025-01-23,US,6.82566686915338
2025-01-23,JP,2.20710518145253
2025-01-24,AU,2.30259986033964
2025-01-24,CA,3.21009766619792
2025-01-24,DE,3.26061972353814
2025-01-24,FR,0.646032924306758
2025-01-24,GB,2.4893753947446
2025-01-24,IE,2.46903494588151
2025-01-24,US,6.83928900454935
2025-01-24,JP,2.20508313744649
2025-01-25,AU,2.28035060582939
2025-01-25,CA,3.217028971811
2025-01-25,DE,3.25516121407492
2025-01-25,FR,0.645533934519696
2025-01-25,GB,2.47574613840412
2025-01-25,IE,2.45351024919708
2025-01-25,US,6.84039195838827
2025-01-25,JP,2.19312720645895
2025-01-26,AU,2.26257944428548
2025-01-26,CA,3.21981531856097
2025-01-26,DE,3.26537475973279
2025-01-26,FR,0.652939264753564
2025-01-26,GB,2.46771179277604
2025-01-26,IE,2.47083255539681
2025-01-26,US,6.84588645663737
2025-01-26,JP,2.19378763822427
2025-01-27,AU,2.2721005145419
2025-01-27,CA,3.22348816185693
2025-01-27,DE,3.26940563109564
2025-01-27,FR,0.65268529453049
2025-01-27,GB,2.46896950590199
2025-01-27,IE,2.46296476912542
2025-01-27,US,6.84864024237674
2025-01-27,JP,2.19612468941793
2025-01-28,AU,2.29257334882464
2025-01-28,CA,3.23079188045116
2025-01-28,DE,3.27293402328059
2025-01-28,FR,0.649237044606012
2025-01-28,GB,2.46735300989657
2025-01-28,IE,2.49587453950942
2025-01-28,US,6.8651681330814
2025-01-28,JP,2.19636523873142
2025-01-29,AU,2.30400099788092
2025-01-29,CA,3.23737122301816
2025-01-29,DE,3.27685932309163
2025-01-29,FR,0.652261194205141
2025-01-29,GB,2.463488202282
2025-01-29,IE,2.51142082009013
2025-01-29,US,6.87040933877177
2025-01-29,JP,2.19652453226059
2025-01-30,AU,2.31372977637006
2025-01-30,CA,3.22878252488645
2025-01-30,DE,3.2766665736763
2025-01-30,FR,0.65351930491133
2025-01-30,GB,2.45160782614119
2025-01-30,IE,2.55026947698177
2025-01-30,US,6.86783429751054
2025-01-30,JP,2.18764394362585
2025-01-31,AU,2.2986395049829
2025-01-31,CA,3.23656496013319
2025-01-31,DE,3.2662614226825
2025-01-31,FR,0.650296800597578
2025-01-31,GB,2.44365326756541
2025-01-31,IE,2.53541051597214
2025-01-31,US,6.85799433284588
2025-01-31,JP,2.16867187653001
2025-02-01,AU,2.30614205856966
2025-02-01,CA,3.23752264579666
2025-02-01,DE,3.25012462035138
2025-02-01,FR,0.647419544939209
2025-02-01,GB,2.43746056253631
2025-02-01,IE,2.53275400159077
2025-02-01,US,6.85522588649153
2025-02-01,JP,2.16208650335632
2025-02-02,AU,2.32808603155012
2025-02-02,CA,3.24445952041961
2025-02-02,DE,3.25155184409351
2025-02-02,FR,0.642743860877223
2025-02-02,GB,2.4257722760844
2025-02-02,IE,2.51468060248758
2025-02-02,US,6.84856351189436
2025-02-02,JP,2.13743475465655
2025-02-03,AU,2.31237005639672
2025-02-03,CA,3.25321333107525
2025-02-03,DE,3.24785466715085
2025-02-03,FR,0.643717318358025
2025-02-03,GB,2.41446335184549
2025-02-03,IE,2.49696421828174
2025-02-03,US,6.85048650860462
2025-02-03,JP,2.10569789142614
2025-02-04,AU,2.30302198247292
2025-02-04,CA,3.25457448460086
2025-02-04,DE,3.24589056248064
2025-02-04,FR,0.648643727869886
2025-02-04,GB,2.40019624797125
2025-02-04,IE,2.45760029849877
2025-02-04,US,6.84382186661149
2025-02-04,JP,2.07071617003671
2025-02-05,AU,2.29788248977617
2025-02-05,CA,3.24711999536758
2025-02-05,DE,3.24370918922969
2025-02-05,FR,0.649466609849259
2025-02-05,GB,2.38975560907307
2025-02-05,IE,2.45355920579463
2025-02-05,US,6.83577044071163
2025-02-05,JP,2.08941881820735
2025-02-06,AU,2.29748162072974
2025-02-06,CA,3.25656428521357
2025-02-06,DE,3.23874423820383
2025-02-06,FR,0.653196055994313
2025-02-06,GB,2.39829022505748
2025-02-06,IE,2.43821985072053
2025-02-06,US,6.84790961650167
2025-02-06,JP,2.08937954807776
2025-02-07,AU,2.28565063249239
2025-02-07,CA,3.24879200271255
2025-02-07,DE,3.24857158266239
2025-02-07,FR,0.660355717424695
2025-02-07,GB,2.4079030837359
2025-02-07,IE,2.43026333766559
2025-02-07,US,6.85328639880549
2025-02-07,JP,2.0942362408392
2025-02-08,AU,2.28259548749097
2025-02-08,CA,3.23883351393574
2025-02-08,DE,3.2617125193006
2025-02-08,FR,0.661613267469008
2025-02-08,GB,2.41469946308259
2025-02-08,IE,2.42408110961754
2025-02-08,US,6.85444683569506
2025-02-08,JP,2.09734942025309
2025-02-09,AU,2.27155692009837
2025-02-09,CA,3.21983826184771
2025-02-09,DE,3.24201475239486
2025-02-09,FR,0.660840453539343
2025-02-09,GB,2.4182277823018
2025-02-09,IE,2.43752431174615
2025-02-09,US,6.84145119539327
2025-02-09,JP,2.10133760288392
2025-02-10,AU,2.25376061940163
2025-02-10,CA,3.20335448104937
2025-02-10,DE,3.23195686795325
2025-02-10,FR,0.661968137048263
2025-02-10,GB,2.42117729206322
2025-02-10,IE,2.44025597420502
2025-02-10,US,6.83757980001528
2025-02-10,JP,2.09459180492895
2025-02-11,AU,2.22933057255014
2025-02-11,CA,3.18328798539337
2025-02-11,DE,3.22534549433799
2025-02-11,FR,0.659344207630176
2025-02-11,GB,2.43234544996824
2025-02-11,IE,2.43751655142183
2025-02-11,US,6.83909940323998
2025-02-11,JP,2.11096228137422
2025-02-12,AU,2.20705316698803
2025-02-12,CA,3.17726170476337
2025-02-12,DE,3.21342080875331
2025-02-12,FR,0.656058239135682
2025-02-12,GB,2.43107915082055
2025-02-12,IE,2.42827370988418
2025-02-12,US,6.84697236159695
2025-02-12,JP,2.06710699274474
2025-02-13,AU,2.17448503031223
2025-02-13,CA,3.16668277650746
2025-02-13,DE,3.20794845499068
2025-02-13,FR,0.65095962442061
2025-02-13,GB,2.41580430135279
2025-02-13,IE,2.41980175887935
2025-02-13,US,6.82167790243465
2025-02-13,JP,2.04488718010921
2025-02-14,AU,2.17341156636224
2025-02-14,CA,3.15626598922114
2025-02-14,DE,3.21333664076657
2025-02-14,FR,0.64507312509273
2025-02-14,GB,2.39473302532273
2025-02-14,IE,2.42795198718123
2025-02-14,US,6.79599817618422
2025-02-14,JP,2.03095695602208
2025-02-15,AU,2.16170920890914
2025-02-15,CA,3.16135464388217
2025-02-15,DE,3.21218182602467
2025-02-15,FR,0.645405944009418
2025-02-15,GB,2.38877116231562
2025-02-15,IE,2.43251380597814
2025-02-15,US,6.78685948705959
2025-02-15,JP,2.01278705961839
2025-02-16,AU,2.14069522553904
2025-02-16,CA,3.19227578978626
2025-02-16,DE,3.22029537287711
2025-02-16,FR,0.643618640799899
2025-02-16,GB,2.37531105623617
2025-02-16,IE,2.42849906806724
2025-02-16,US,6.78327162737097
2025-02-16,JP,1.99542808112526
2025-02-17,AU,2.13571482363438
2025-02-17,CA,3.21965287869864
2025-02-17,DE,3.23207291779648
2025-02-17,FR,0.641120487443254
2025-02-17,GB,2.36230166468794
2025-02-17,IE,2.40670844636253
2025-02-17,US,6.76345441649358
2025-02-17,JP,2.0153140740779
2025-02-18,AU,2.15513701625743
2025-02-18,CA,3.23810265887916
2025-02-18,DE,3.23425387937721
2025-02-18,FR,0.638574599120543
2025-02-18,GB,2.3489641236468
2025-02-18,IE,2.36993135156978
2025-02-18,US,6.75732890289682
2025-02-18,JP,2.02290166925634
2025-02-19,AU,2.15219368518653
2025-02-19,CA,3.24892935052138
2025-02-19,DE,3.25543117212525
2025-02-19,FR,0.63843273677456
2025-02-19,GB,2.3473515058042
2025-02-19,IE,2.35357136412774
2025-02-19,US,6.76337391718133
2025-02-19,JP,2.04287794719895
2025-02-20,AU,2.15050212251292
2025-02-20,CA,3.24411934854552
2025-02-20,DE,3.28392572607482
2025-02-20,FR,0.640498315418201
2025-02-20,GB,2.34717122797464
2025-02-20,IE,2.34515060742458
2025-02-20,US,6.78388868077714
2025-02-20,JP,2.06373019440956
2025-02-21,AU,2.14021850785116
2025-02-21,CA,3.25016708539056
2025-02-21,DE,3.29688160026256
2025-02-21,FR,0.644557602559837
2025-02-21,GB,2.35356379462615
2025-02-21,IE,2.35480840592009
2025-02-21,US,6.80733990596738
2025-02-21,JP,2.08658660294482
2025-02-22,AU,2.12222619571493
2025-02-22,CA,3.24211055496961
2025-02-22,DE,3.32389240695366
2025-02-22,FR,0.651548991163777
2025-02-22,GB,2.35615603272432
2025-02-22,IE,2.3610065471401
2025-02-22,US,6.80772151197225
2025-02-22,JP,2.10209990131941
2025-02-23,AU,2.12286520196741
2025-02-23,CA,3.20877729735516
2025-02-23,DE,3.33702698334756
2025-02-23,FR,0.658890105039866
2025-02-23,GB,2.370743635893
2025-02-23,IE,2.35202458099633
2025-02-23,US,6.80662379378375
2025-02-23,JP,2.10562908935022
2025-02-24,AU,2.11523499447453
2025-02-24,CA,3.17030795405207
2025-02-24,DE,3.33837309629908
2025-02-24,FR,0.66023991103793
2025-02-24,GB,2.37992951373107
2025-02-24,IE,2.36106447767444
2025-02-24,US,6.80987517318171
2025-02-24,JP,2.12301499855257
2025-02-25,AU,2.09800670793193
2025-02-25,CA,3.1470752656903
2025-02-25,DE,3.34804781582787
2025-02-25,FR,0.666488873408297
2025-02-25,GB,2.38186056751794
2025-02-25,IE,2.37362530552189
2025-02-25,US,6.78607726674636
2025-02-25,JP,2.13403451316137
2025-02-26,AU,2.10036498332675
2025-02-26,CA,3.11465262173478
2025-02-26,DE,3.33807249079573
2025-02-26,FR,0.667509552270278
2025-02-26,GB,2.38185236481314
2025-02-26,IE,2.39053828429203
2025-02-26,US,6.74078730756696
2025-02-26,JP,2.14338639455571
2025-02-27,AU,2.11024670728808
2025-02-27,CA,3.09511037966555
2025-02-27,DE,3.31911792933823
2025-02-27,FR,0.666031939057882
2025-02-27,GB,2.38869638660008
2025-02-27,IE,2.38429430202665
2025-02-27,US,6.70662309315354
2025-02-27,JP,2.15944821349005
2025-02-28,AU,2.11993763633245
2025-02-28,CA,3.08588965189582
2025-02-28,DE,3.31708235596472
2025-02-28,FR,0.661437619057008
2025-02-28,GB,2.3878127889452
2025-02-28,IE,2.36714450575682
2025-02-28,US,6.69203898565001
2025-02-28,JP,2.16704121768639
2025-03-01,AU,2.1361530628496
2025-03-01,CA,3.07841214057211
2025-03-01,DE,3.32716200820085
2025-03-01,FR,0.652173184787475
2025-03-01,GB,2.37740003485841
2025-03-01,IE,2.34944604127643
2025-03-01,US,6.67937184486833
2025-03-01,JP,2.17443555019523
2025-03-02,AU,2.13153924916415
2025-03-02,CA,3.06835343562997
2025-03-02,DE,3.34347911338544
2025-03-02,FR,0.645729476923031
2025-03-02,GB,2.3668521276142
2025-03-02,IE,2.30882629365425
2025-03-02,US,6.66658527992816
2025-03-02,JP,2.201504896768
2025-03-03,AU,2.12788642942995
2025-03-03,CA,3.05653282011629
2025-03-03,DE,3.35930263389496
2025-03-03,FR,0.643458688723321
2025-03-03,GB,2.35838618291255
2025-03-03,IE,2.31213572723859
2025-03-03,US,6.66634565244485
2025-03-03,JP,2.19559730055415
2025-03-04,AU,2.1235569940317
2025-03-04,CA,3.05222901189132
2025-03-04,DE,3.37521053786518
2025-03-04,FR,0.641414337973569
2025-03-04,GB,2.36531804676996
2025-03-04,IE,2.3136168455966
2025-03-04,US,6.67223263004958
2025-03-04,JP,2.19010978113629
2025-03-05,AU,2.11510643088391
2025-03-05,CA,3.04974288545458
2025-03-05,DE,3.37168751747641
2025-03-05,FR,0.638546428068443
2025-03-05,GB,2.37381832854714
2025-03-05,IE,2.29391577546714
2025-03-05,US,6.69573690592613
2025-03-05,JP,2.18146615434623
2025-03-06,AU,2.10465984114114
2025-03-06,CA,3.05880700573945
2025-03-06,DE,3.37801757201976
2025-03-06,FR,0.640997324470712
2025-03-06,GB,2.37547301205924
2025-03-06,IE,2.29674770686805
2025-03-06,US,6.71436865815159
2025-03-06,JP,2.16632060235753
2025-03-07,AU,2.09998573098887
2025-03-07,CA,3.04801861194833
2025-03-07,DE,3.37217859046534
2025-03-07,FR,0.641285764679417
2025-03-07,GB,2.38790651234932
2025-03-07,IE,2.28025808847832
2025-03-07,US,6.72554147299785
2025-03-07,JP,2.16197445036912
2025-03-08,AU,2.09380872188138
2025-03-08,CA,3.03756905943131
2025-03-08,DE,3.34467948523921
2025-03-08,FR,0.640964526645452
2025-03-08,GB,2.40374136419419
2025-03-08,IE,2.30197607237766
2025-03-08,US,6.74080716059975
2025-03-08,JP,2.16266167251944
2025-03-09,AU,2.08868844328699
2025-03-09,CA,3.03132596277957
2025-03-09,DE,3.30438100739151
2025-03-09,FR,0.640138731937761
2025-03-09,GB,2.40720154041569
2025-03-09,IE,2.31848592442613
2025-03-09,US,6.75572945249841
2025-03-09,JP,2.1693607503873
2025-03-10,AU,2.09686765145944
2025-03-10,CA,3.02649634917036
2025-03-10,DE,3.28389974880135
2025-03-10,FR,0.640955608808456
2025-03-10,GB,2.42904539242006
2025-03-10,IE,2.27962787744165
2025-03-10,US,6.76725320159813
2025-03-10,JP,2.16919388105055
2025-03-11,AU,2.09771867381475
2025-03-11,CA,3.01082940242435
2025-03-11,DE,3.26206603293016
2025-03-11,FR,0.642223794340847
2025-03-11,GB,2.43909313688585
2025-03-11,IE,2.26144776872405
2025-03-11,US,6.77099737539619
2025-03-11,JP,2.16975043319872
2025-03-12,AU,2.10621579520387
2025-03-12,CA,3.00840448624376
2025-03-12,DE,3.26734223166625
2025-03-12,FR,0.646548689955115
2025-03-12,GB,2.45009112203502
2025-03-12,IE,2.26118964143455
2025-03-12,US,6.76103623370067
2025-03-12,JP,2.16908612259753
2025-03-13,AU,2.12427737256854
2025-03-13,CA,3.00768113127135
2025-03-13,DE,3.27289812513276
2025-03-13,FR,0.646529439741468
2025-03-13,GB,2.46667466621266
2025-03-13,IE,2.25710052824983
2025-03-13,US,6.76222022473374
2025-03-13,JP,2.18046015056165
2025-03-14,AU,2.14151422087398
2025-03-14,CA,3.00702744480264
2025-03-14,DE,3.2773922184299
2025-03-14,FR,0.647829521282897
2025-03-14,GB,2.4720700472431
2025-03-14,IE,2.25561054400949
2025-03-14,US,6.7549240494746
2025-03-14,JP,2.18428960739189
2025-03-15,AU,2.14487904869218
2025-03-15,CA,3.00458451244268
2025-03-15,DE,3.28602329804065
2025-03-15,FR,0.653956730453485
2025-03-15,GB,2.48634581031186
2025-03-15,IE,2.23352714933896
2025-03-15,US,6.74997965000249
2025-03-15,JP,2.19067535401044
2025-03-16,AU,2.16178442878003
2025-03-16,CA,3.00391342402763
2025-03-16,DE,3.30143625318623
2025-03-16,FR,0.666958952364838
2025-03-16,GB,2.50137083751152
2025-03-16,IE,2.25170948715546
2025-03-16,US,6.75449546868806
2025-03-16,JP,2.18829351536842
2025-03-17,AU,2.1668681550187
2025-03-17,CA,3.00596648021373
2025-03-17,DE,3.29718851478741
2025-03-17,FR,0.66694460840223
2025-03-17,GB,2.50478632932433
2025-03-17,IE,2.32183643566196
2025-03-17,US,6.75282197928171
2025-03-17,JP,2.19340425215745
2025-03-18,AU,2.1696082262294
2025-03-18,CA,3.01257756867023
2025-03-18,DE,3.30637153541404
2025-03-18,FR,0.663457723329677
2025-03-18,GB,2.50755200773241
2025-03-18,IE,2.34168218076515
2025-03-18,US,6.75868567075674
2025-03-18,JP,2.19601559774931
2025-03-19,AU,2.1641360158424
2025-03-19,CA,3.01039118001871
2025-03-19,DE,3.30993761877658
2025-03-19,FR,0.660453475387732
2025-03-19,GB,2.50638037880842
2025-03-19,IE,2.35218244206316
2025-03-19,US,6.75361262238697
2025-03-19,JP,2.18316459300259
2025-03-20,AU,2.14579688915266
2025-03-20,CA,3.00564396073392
2025-03-20,DE,3.29500316486711
2025-03-20,FR,0.66244718001895
2025-03-20,GB,2.49810729521145
2025-03-20,IE,2.36282414419868
2025-03-20,US,6.74385540740692
2025-03-20,JP,2.18431388630424
2025-03-21,AU,2.162827198762
2025-03-21,CA,3.00467001673967
2025-03-21,DE,3.30587124776422
2025-03-21,FR,0.671693176585393
2025-03-21,GB,2.49263302465334
2025-03-21,IE,2.37431763783264
2025-03-21,US,6.75466552122065
2025-03-21,JP,2.18156246161074
2025-03-22,AU,2.17861626017437
2025-03-22,CA,3.0072235684899
2025-03-22,DE,3.28040531320514
2025-03-22,FR,0.67113864521334
2025-03-22,GB,2.47704079100006
2025-03-22,IE,2.3847854059795
2025-03-22,US,6.75770852208142
2025-03-22,JP,2.18215866456641
2025-03-23,AU,2.16269823596666
2025-03-23,CA,3.00540321552152
2025-03-23,DE,3.26441144476184
2025-03-23,FR,0.666240585401967
2025-03-23,GB,2.4657297754612
2025-03-23,IE,2.37299696260418
2025-03-23,US,6.75482087359693
2025-03-23,JP,2.17470396618506
2025-03-24,AU,2.14559172138492
2025-03-24,CA,3.00938443594992
2025-03-24,DE,3.26022452395241
2025-03-24,FR,0.664940534040844
2025-03-24,GB,2.45138589413165
2025-03-24,IE,2.33871234796697
2025-03-24,US,6.7530144920004
2025-03-24,JP,2.16862926164723
2025-03-25,AU,2.15429022878504
2025-03-25,CA,3.00813219114097
2025-03-25,DE,3.25649354599469
2025-03-25,FR,0.667413012961028
2025-03-25,GB,2.44272750593656
2025-03-25,IE,2.34393280355627
2025-03-25,US,6.73913094187934
2025-03-25,JP,2.16491936469345
2025-03-26,AU,2.15873582909695
2025-03-26,CA,3.01795732888657
2025-03-26,DE,3.2552557512167
2025-03-26,FR,0.668983547372959
2025-03-26,GB,2.43697916503837
2025-03-26,IE,2.34749315486017
2025-03-26,US,6.72754804723121
2025-03-26,JP,2.17960066501847
2025-03-27,AU,2.1857351490015
2025-03-27,CA,3.01261901530248
2025-03-27,DE,3.259441531462
2025-03-27,FR,0.664887659281005
2025-03-27,GB,2.4297019141095
2025-03-27,IE,2.34911490898467
2025-03-27,US,6.70984639453141
2025-03-27,JP,2.17425385119488
2025-03-28,AU,2.17247741997466
2025-03-28,CA,3.0229427533618
2025-03-28,DE,3.23296968161815
2025-03-28,FR,0.653231858496571
2025-03-28,GB,2.4229062687802
2025-03-28,IE,2.36193398163377
2025-03-28,US,6.69596837539125
2025-03-28,JP,2.18283846689399
2025-03-29,AU,2.18371092717533
2025-03-29,CA,3.02347345096301
2025-03-29,DE,3.2321685333937
2025-03-29,FR,0.64847882206907
2025-03-29,GB,2.41263200858664
2025-03-29,IE,2.3750004380396
2025-03-29,US,6.68205898367478
2025-03-29,JP,2.17593186160512
2025-03-30,AU,2.20265734037424
2025-03-30,CA,3.02726191679186
2025-03-30,DE,3.22109538120973
2025-03-30,FR,0.63481563278728
2025-03-30,GB,2.39114795502744
2025-03-30,IE,2.36105336110714
2025-03-30,US,6.6731183745526
2025-03-30,JP,2.17936995608386
2025-03-31,AU,2.22208404435876
2025-03-31,CA,3.03605404967508
2025-03-31,DE,3.21416117858142
2025-03-31,FR,0.631596502058237
2025-03-31,GB,2.38141278853674
2025-03-31,IE,2.36372568785416
2025-03-31,US,6.66322667418067
2025-03-31,JP,2.17522703472826
2025-04-01,AU,2.21827228656314
2025-04-01,CA,3.03701916748282
2025-04-01,DE,3.21944265003037
2025-04-01,FR,0.63153871199769
2025-04-01,GB,2.37350185589532
2025-04-01,IE,2.34798517534768
2025-04-01,US,6.6522562476928
2025-04-01,JP,2.20443113376782
2025-04-02,AU,2.22025430635695
2025-04-02,CA,3.03835312934051
2025-04-02,DE,3.21768289526342
2025-04-02,FR,0.630660199963227
2025-04-02,GB,2.3772385272963
2025-04-02,IE,2.36548892485874
2025-04-02,US,6.6529726894067
2025-04-02,JP,2.20168368691301
2025-04-03,AU,2.20117174655865
2025-04-03,CA,3.04272004983677
2025-04-03,DE,3.22034776405466
2025-04-03,FR,0.63442380915634
2025-04-03,GB,2.37434156975973
2025-04-03,IE,2.34453769594041
2025-04-03,US,6.65457950483077
2025-04-03,JP,2.18996667374977
2025-04-04,AU,2.19942061259512
2025-04-04,CA,3.02782442998402
2025-04-04,DE,3.23742730197131
2025-04-04,FR,0.642484451895463
2025-04-04,GB,2.37730940302182
2025-04-04,IE,2.34097377577606
2025-04-04,US,6.65836906414188
2025-04-04,JP,2.17139402783138
2025-04-05,AU,2.17751909754174
2025-04-05,CA,3.02651323899172
2025-04-05,DE,3.24414525158777
2025-04-05,FR,0.654456801657891
2025-04-05,GB,2.39183609717086
2025-04-05,IE,2.30699870762145
2025-04-05,US,6.66756569503799
2025-04-05,JP,2.16210107925711
2025-04-06,AU,2.17898835581315
2025-04-06,CA,3.01817617204136
2025-04-06,DE,3.25822161212152
2025-04-06,FR,0.668977003329986
2025-04-06,GB,2.41760672576275
2025-04-06,IE,2.32288203284489
2025-04-06,US,6.67571789982178
2025-04-06,JP,2.14792507715384
2025-04-07,AU,2.19104880700787
2025-04-07,CA,3.00097216542606
2025-04-07,DE,3.25891185792129
2025-04-07,FR,0.677200775310399
2025-04-07,GB,2.43762749329867
2025-04-07,IE,2.32507873055945
2025-04-07,US,6.68369534730481
2025-04-07,JP,2.13365151515862
2025-04-08,AU,2.18883228666746
2025-04-08,CA,3.00374489759097
2025-04-08,DE,3.26454908871439
2025-04-08,FR,0.67637481257342
2025-04-08,GB,2.43966346280296
2025-04-08,IE,2.34264991331768
2025-04-08,US,6.69073039453906
2025-04-08,JP,2.09771529967272
2025-04-09,AU,2.19120306817729
2025-04-09,CA,2.99058315387464
2025-04-09,DE,3.27710920094517
2025-04-09,FR,0.674556698500955
2025-04-09,GB,2.43110729748734
2025-04-09,IE,2.30997854595156
2025-04-09,US,6.68918310845316
2025-04-09,JP,2.09492592113947
2025-04-10,AU,2.19660739898777
2025-04-10,CA,2.98819130462384
2025-04-10,DE,3.29803540413664
2025-04-10,FR,0.670480829705627
2025-04-10,GB,2.43241565452647
2025-04-10,IE,2.33335480769158
2025-04-10,US,6.68051881971467
2025-04-10,JP,2.10163203473179
2025-04-11,AU,2.20692612812738
2025-04-11,CA,2.98318054875208
2025-04-11,DE,3.31212074564402
2025-04-11,FR,0.667559995143511
2025-04-11,GB,2.42803104570369
2025-04-11,IE,2.34990087842652
2025-04-11,US,6.6703021146627
2025-04-11,JP,2.10827242222554
2025-04-12,AU,2.21635145698858
2025-04-12,CA,2.97709725268629
2025-04-12,DE,3.33049537143523
2025-04-12,FR,0.663739094178626
2025-04-12,GB,2.42175918005324
2025-04-12,IE,2.36783586863045
2025-04-12,US,6.65266963286989
2025-04-12,JP,2.11543148480451
2025-04-13,AU,2.2007403620734
2025-04-13,CA,2.97749752504499
2025-04-13,DE,3.35258427101828
2025-04-13,FR,0.660184562126367
2025-04-13,GB,2.41246816497515
2025-04-13,IE,2.3720579429543
2025-04-13,US,6.62892836258338
2025-04-13,JP,2.12492485146752
2025-04-14,AU,2.21000072319801
2025-04-14,CA,2.97534458134259
2025-04-14,DE,3.3868270248895
2025-04-14,FR,0.659628859462545
2025-04-14,GB,2.3889710594394
2025-04-14,IE,2.35912217086641
2025-04-14,US,6.61296064235373
2025-04-14,JP,2.1354710429311
2025-04-15,AU,2.21225672016889
2025-04-15,CA,2.9696708947521
2025-04-15,DE,3.38743103962667
2025-04-15,FR,0.664614172438101
2025-04-15,GB,2.37913375137503
2025-04-15,IE,2.33111352136053
2025-04-15,US,6.6120072420362
2025-04-15,JP,2.14206539576038
2025-04-16,AU,2.20010138155146
2025-04-16,CA,2.97361872317192
2025-04-16,DE,3.37811388295033
2025-04-16,FR,0.670417080087987
2025-04-16,GB,2.36612032057445
2025-04-16,IE,2.32800301863545
2025-04-16,US,6.61562414148111
2025-04-16,JP,2.14659260146264
2025-04-17,AU,2.1977364028889
2025-04-17,CA,2.95765677302048
2025-04-17,DE,3.35480849048614
2025-04-17,FR,0.672584848551498
2025-04-17,GB,2.35320515292956
2025-04-17,IE,2.3031722382266
2025-04-17,US,6.61646399565833
2025-04-17,JP,2.14631623523216
2025-04-18,AU,2.2169994300233
2025-04-18,CA,2.95663828967807
2025-04-18,DE,3.36989766116774
2025-04-18,FR,0.671738660814881
2025-04-18,GB,2.35770148437857
2025-04-18,IE,2.28982520200292
2025-04-18,US,6.61788400065503
2025-04-18,JP,2.13715707219226
2025-04-19,AU,2.20650588177422
2025-04-19,CA,2.95516489231908
2025-04-19,DE,3.36795864334482
2025-04-19,FR,0.670642412630134
2025-04-19,GB,2.36368862795794
2025-04-19,IE,2.31104247954263
2025-04-19,US,6.61630458024446
2025-04-19,JP,2.12666389195175
2025-04-20,AU,2.21896024517943
2025-04-20,CA,2.94187867388321
2025-04-20,DE,3.35509615448184
2025-04-20,FR,0.67478888044695
2025-04-20,GB,2.37200422523441
2025-04-20,IE,2.29083142747286
2025-04-20,US,6.61790356875426
2025-04-20,JP,2.11975625952379
2025-04-21,AU,2.20428382318635
2025-04-21,CA,2.95394130371565
2025-04-21,DE,3.38715926652781
2025-04-21,FR,0.686208313055277
2025-04-21,GB,2.41199781475209
2025-04-21,IE,2.32477468121712
2025-04-21,US,6.63937479254121
2025-04-21,JP,2.11203584647363
2025-04-22,AU,2.19939051437841
2025-04-22,CA,2.95992445468612
2025-04-22,DE,3.38380836594446
2025-04-22,FR,0.68233150788373
2025-04-22,GB,2.43042362369833
2025-04-22,IE,2.36580661916968
2025-04-22,US,6.64828652183205
2025-04-22,JP,2.10037423657267
2025-04-23,AU,2.21390695030353
2025-04-23,CA,2.96844604201637
2025-04-23,DE,3.38489779707621
2025-04-23,FR,0.679906728144251
2025-04-23,GB,2.45367682638936
2025-04-23,IE,2.39281178194064
2025-04-23,US,6.66413322720685
2025-04-23,JP,2.0912690277597
2025-04-24,AU,2.21601936084727
2025-04-24,CA,2.98855308795018
2025-04-24,DE,3.38714887958224
2025-04-24,FR,0.680625202043416
2025-04-24,GB,2.47187658160575
2025-04-24,IE,2.41039353842746
2025-04-24,US,6.69615455450213
2025-04-24,JP,2.08540002886503
2025-04-25,AU,2.18632055077063
2025-04-25,CA,2.99546561309299
2025-04-25,DE,3.36900314075651
2025-04-25,FR,0.678396996756511
2025-04-25,GB,2.47759513394824
2025-04-25,IE,2.41048173577131
2025-04-25,US,6.71104458350399
2025-04-25,JP,2.08295719307223
2025-04-26,AU,2.22130436256333
2025-04-26,CA,2.99415620977522
2025-04-26,DE,3.36989782005019
2025-04-26,FR,0.675411346018913
2025-04-26,GB,2.48375856365889
2025-04-26,IE,2.37220239481423
2025-04-26,US,6.73263504757977
2025-04-26,JP,2.08029247992807
2025-04-27,AU,2.21954156969268
2025-04-27,CA,3.00655987021686
2025-04-27,DE,3.3559173234217
2025-04-27,FR,0.669183684717641
2025-04-27,GB,2.47582550550804
2025-04-27,IE,2.41163805140097
2025-04-27,US,6.74726227942278
2025-04-27,JP,2.0720763738857
2025-04-28,AU,2.22615309117212
2025-04-28,CA,2.98735927280969
2025-04-28,DE,3.28981400730178
2025-04-28,FR,0.655096820107101
2025-04-28,GB,2.44551332463786
2025-04-28,IE,2.36403013523715
2025-04-28,US,6.73901492682918
2025-04-28,JP,2.06739558349075
2025-04-29,AU,2.24446127053181
2025-04-29,CA,2.9810785641743
2025-04-29,DE,3.25281581503993
2025-04-29,FR,0.64871093563318
2025-04-29,GB,2.4331235140646
2025-04-29,IE,2.34251785747084
2025-04-29,US,6.73579538749744
2025-04-29,JP,2.07285201346063
2025-04-30,AU,2.25410911418394
2025-04-30,CA,2.98123301193343
2025-04-30,DE,3.22372249042424
2025-04-30,FR,0.643912033558361
2025-04-30,GB,2.42640194341513
2025-04-30,IE,2.32313215071049
2025-04-30,US,6.72831156435508
2025-04-30,JP,2.07684571031886
2025-05-01,AU,2.25746408816501
2025-05-01,CA,2.97738919052505
2025-05-01,DE,3.21911144041795
2025-05-01,FR,0.648785960110067
2025-05-01,GB,2.42251754597572
2025-05-01,IE,2.32208638652028
2025-05-01,US,6.71555130605909
2025-05-01,JP,2.07512939077724
2025-05-02,AU,2.27084595425028
2025-05-02,CA,2.97458298925298
2025-05-02,DE,3.20708682026913
2025-05-02,FR,0.6505469391321
2025-05-02,GB,2.40898441237383
2025-05-02,IE,2.29862322985371
2025-05-02,US,6.70005056234341
2025-05-02,JP,2.08030366518913
2025-05-03,AU,2.26096588083602
2025-05-03,CA,2.98682643775635
2025-05-03,DE,3.22453498626271
2025-05-03,FR,0.650974040066303
2025-05-03,GB,2.39217754049173
2025-05-03,IE,2.32211815709427
2025-05-03,US,6.68993714441359
2025-05-03,JP,2.07981633779539
2025-05-04,AU,2.26606426711861
2025-05-04,CA,2.99684756313328
2025-05-04,DE,3.2480385407715
2025-05-04,FR,0.661543825608844
2025-05-04,GB,2.38303644613944
2025-05-04,IE,2.28700654087124
2025-05-04,US,6.68679569537742
2025-05-04,JP,2.05865056369371
2025-05-05,AU,2.2641511576129
2025-05-05,CA,3.01082566775778
2025-05-05,DE,3.28078387498372
2025-05-05,FR,0.659558049221717
2025-05-05,GB,2.39504925435065
2025-05-05,IE,2.3104292079109
2025-05-05,US,6.68826914115279
2025-05-05,JP,2.05047869901722
2025-05-06,AU,2.24886173490583
2025-05-06,CA,3.01736905863759
2025-05-06,DE,3.32243821522319
2025-05-06,FR,0.666585345072004
2025-05-06,GB,2.41109451687739
2025-05-06,IE,2.31058169075117
2025-05-06,US,6.68588212548742
2025-05-06,JP,2.04731385482259
2025-05-07,AU,2.25086695345189
2025-05-07,CA,3.00938029416901
2025-05-07,DE,3.36491257374227
2025-05-07,FR,0.672809897184368
2025-05-07,GB,2.41170107616949
2025-05-07,IE,2.32631915596986
2025-05-07,US,6.68317816895726
2025-05-07,JP,2.04267582639944
2025-05-08,AU,2.26322479442431
2025-05-08,CA,3.00148082209488
2025-05-08,DE,3.37118952177712
2025-05-08,FR,0.671956486285577
2025-05-08,GB,2.41672303279814
2025-05-08,IE,2.34420874935776
2025-05-08,US,6.67622439626009
2025-05-08,JP,2.05091165751438
2025-05-09,AU,2.23562898542701
2025-05-09,CA,2.99310448027873
2025-05-09,DE,3.36669380248294
2025-05-09,FR,0.670313407796581
2025-05-09,GB,2.42589671479614
2025-05-09,IE,2.37005159847457
2025-05-09,US,6.67234031940962
2025-05-09,JP,2.05716039737639
2025-05-10,AU,2.23065810087089
2025-05-10,CA,2.97456225356288
2025-05-10,DE,3.32088869809502
2025-05-10,FR,0.669038583901844
2025-05-10,GB,2.41939951327686
2025-05-10,IE,2.34834137598421
2025-05-10,US,6.64151046645371
2025-05-10,JP,2.06803152288041
2025-05-11,AU,2.23629102446114
2025-05-11,CA,2.93807093759147
2025-05-11,DE,3.28386319623283
2025-05-11,FR,0.660575952371408
2025-05-11,GB,2.42656403480511
2025-05-11,IE,2.33399270669393
2025-05-11,US,6.58666517053842
2025-05-11,JP,2.10769595946955
2025-05-12,AU,2.23744192714009
2025-05-12,CA,2.9338294730089
2025-05-12,DE,3.25929478885374
2025-05-12,FR,0.661920294388274
2025-05-12,GB,2.41578190261811
2025-05-12,IE,2.32753296610033
2025-05-12,US,6.57601600514701
2025-05-12,JP,2.13648636699258
2025-05-13,AU,2.25730979720268
2025-05-13,CA,2.93389073404901
2025-05-13,DE,3.24136825517659
2025-05-13,FR,0.659618083542014
2025-05-13,GB,2.40025986065275
2025-05-13,IE,2.32629195937711
2025-05-13,US,6.57585962977703
2025-05-13,JP,2.14225009679021
2025-05-14,AU,2.26715385142464
2025-05-14,CA,2.93689910809503
2025-05-14,DE,3.22881262275973
2025-05-14,FR,0.653011576647078
2025-05-14,GB,2.39849757200739
2025-05-14,IE,2.30356008376086
2025-05-14,US,6.5807059680276
2025-05-14,JP,2.14929740372177
2025-05-15,AU,2.26859958582361
2025-05-15,CA,2.93841091556781
2025-05-15,DE,3.23048897292449
2025-05-15,FR,0.646786299135686
2025-05-15,GB,2.39344429970221
2025-05-15,IE,2.30164423829535
2025-05-15,US,6.57768247443691
2025-05-15,JP,2.15033213251084
2025-05-16,AU,2.29301411487835
2025-05-16,CA,2.95084902360468
2025-05-16,DE,3.21652056618038
2025-05-16,FR,0.646126136953332
2025-05-16,GB,2.38667674231019
2025-05-16,IE,2.29928364971148
2025-05-16,US,6.57730709906723
2025-05-16,JP,2.15369737886291
2025-05-17,AU,2.29331173207592
2025-05-17,CA,2.96616640630027
2025-05-17,DE,3.23624712345829
2025-05-17,FR,0.643268614056281
2025-05-17,GB,2.39290316618273
2025-05-17,IE,2.30389786666336
2025-05-17,US,6.59105183317121
2025-05-17,JP,2.16385262952322
2025-05-18,AU,2.28517460441969
2025-05-18,CA,2.99697229773233
2025-05-18,DE,3.26135928260025
2025-05-18,FR,0.63350309071337
2025-05-18,GB,2.38927166261477
2025-05-18,IE,2.29338952546921
2025-05-18,US,6.6241977243349
2025-05-18,JP,2.16592284860349
2025-05-19,AU,2.27851945275689
2025-05-19,CA,3.02164047189285
2025-05-19,DE,3.26448352155766
2025-05-19,FR,0.632273699433233
2025-05-19,GB,2.3900728700491
2025-05-19,IE,2.29054019979306
2025-05-19,US,6.61947668631895
2025-05-19,JP,2.16756424485291
2025-05-20,AU,2.26827633251712
2025-05-20,CA,3.02757401354123
2025-05-20,DE,3.27038517504851
2025-05-20,FR,0.630806155096773
2025-05-20,GB,2.39351569077273
2025-05-20,IE,2.30437254145127
2025-05-20,US,6.61030921857801
2025-05-20,JP,2.17297000073212
2025-05-21,AU,2.25878341761719
2025-05-21,CA,3.04252958116792
2025-05-21,DE,3.25878693592556
2025-05-21,FR,0.632935084830825
2025-05-21,GB,2.39369702394224
2025-05-21,IE,2.31586472698942
2025-05-21,US,6.59779157038432
2025-05-21,JP,2.17911136640844
2025-05-22,AU,2.26811332711829
2025-05-22,CA,3.06439076123259
2025-05-22,DE,3.25272263160881
2025-05-22,FR,0.636474205291721
2025-05-22,GB,2.3869450080479
2025-05-22,IE,2.31062379040722
2025-05-22,US,6.59341229649997
2025-05-22,JP,2.18320576887777
2025-05-23,AU,2.28398860660288
2025-05-23,CA,3.07461536604202
2025-05-23,DE,3.26480461614459
2025-05-23,FR,0.63700231578178
2025-05-23,GB,2.38226792333708
2025-05-23,IE,2.2993793180975
2025-05-23,US,6.58414491534229
2025-05-23,JP,2.17808887274065
2025-05-24,AU,2.27004515175551
2025-05-24,CA,3.07856198767757
2025-05-24,DE,3.23684226682895
2025-05-24,FR,0.636334669686779
2025-05-24,GB,2.37300292247311
2025-05-24,IE,2.31504481501161
2025-05-24,US,6.58438115910866
2025-05-24,JP,2.17727302711445
2025-05-25,AU,2.27723959453879
2025-05-25,CA,3.08325873521127
2025-05-25,DE,3.22675789985319
2025-05-25,FR,0.636248583748833
2025-05-25,GB,2.3580372765414
2025-05-25,IE,2.33722148804864
2025-05-25,US,6.57385827678954
2025-05-25,JP,2.20279847919234
2025-05-26,AU,2.30245198526247
2025-05-26,CA,3.06516492135537
2025-05-26,DE,3.21578475142677
2025-05-26,FR,0.634004946282963
2025-05-26,GB,2.35449937348798
2025-05-26,IE,2.35824296097845
2025-05-26,US,6.56948354372796
2025-05-26,JP,2.21676383070058
2025-05-27,AU,2.32084404973034
2025-05-27,CA,3.05297685863876
2025-05-27,DE,3.19943191446205
2025-05-27,FR,0.630900754098123
2025-05-27,GB,2.34440342186487
2025-05-27,IE,2.37106057874062
2025-05-27,US,6.58791232812475
2025-05-27,JP,2.22213713848824
2025-05-28,AU,2.33270675768981
2025-05-28,CA,3.04362505828639
2025-05-28,DE,3.17647825610156
2025-05-28,FR,0.630489362452607
2025-05-28,GB,2.32986324947766
2025-05-28,IE,2.36381476324481
2025-05-28,US,6.60642898090597
2025-05-28,JP,2.21931744798422
2025-05-29,AU,2.34041337862781
2025-05-29,CA,3.04065730618031
2025-05-29,DE,3.19314549655489
2025-05-29,FR,0.630145028850744
2025-05-29,GB,2.32489877827346
2025-05-29,IE,2.33551788443536
2025-05-29,US,6.61392557079677
2025-05-29,JP,2.22082262517517
2025-05-30,AU,2.34629632246807
2025-05-30,CA,3.03783505735228
2025-05-30,DE,3.19700449383244
2025-05-30,FR,0.632777864197169
2025-05-30,GB,2.31933416290726
2025-05-30,IE,2.32500167122355
2025-05-30,US,6.62862337325554
2025-05-30,JP,2.2280977784458
2025-05-31,AU,2.36074940388685
2025-05-31,CA,3.04694807495924
2025-05-31,DE,3.20679717725921
2025-05-31,FR,0.639450913913762
2025-05-31,GB,2.31725745914058
2025-05-31,IE,2.31125698229304
2025-05-31,US,6.64218828829409
2025-05-31,JP,2.2160303705973
2025-06-01,AU,2.35606541989968
2025-06-01,CA,3.04768370576587
2025-06-01,DE,3.21359572715076
2025-06-01,FR,0.644533896499899
2025-06-01,GB,2.32344540525972
2025-06-01,IE,2.31435473677725
2025-06-01,US,6.66997182381343
2025-06-01,JP,2.1739708373776
2025-06-02,AU,2.34953585507617
2025-06-02,CA,3.05187873447802
2025-06-02,DE,3.22364160579117
2025-06-02,FR,0.642341451065452
2025-06-02,GB,2.32020839851259
2025-06-02,IE,2.33219992736467
2025-06-02,US,6.68416203070156
2025-06-02,JP,2.15613341177453
2025-06-03,AU,2.33171300886224
2025-06-03,CA,3.06255689094044
2025-06-03,DE,3.23168656087168
2025-06-03,FR,0.638938444730418
2025-06-03,GB,2.32357129403271
2025-06-03,IE,2.31068513660913
2025-06-03,US,6.68111032250496
2025-06-03,JP,2.14481194495892
2025-06-04,AU,2.30086010516734
2025-06-04,CA,3.07406079790988
2025-06-04,DE,3.27666713613708
2025-06-04,FR,0.636576545897744
2025-06-04,GB,2.3342195197158
2025-06-04,IE,2.32583768523529
2025-06-04,US,6.68566789179
2025-06-04,JP,2.13842329849394
2025-06-05,AU,2.28139750425291
2025-06-05,CA,3.0665761028694
2025-06-05,DE,3.26611765620482
2025-06-05,FR,0.624351801454363
2025-06-05,GB,2.33460203995236
2025-06-05,IE,2.33520714928218
2025-06-05,US,6.69413502908233
2025-06-05,JP,2.12894372696097
2025-06-06,AU,2.26111241461112
2025-06-06,CA,3.05906570394151
2025-06-06,DE,3.26647080674129
2025-06-06,FR,0.615606582409393
2025-06-06,GB,2.3309256955206
2025-06-06,IE,2.34569140343236
2025-06-06,US,6.69782086884869
2025-06-06,JP,2.11654215592509
2025-06-07,AU,2.24138448449608
2025-06-07,CA,3.03944098803672
2025-06-07,DE,3.28140325663696
2025-06-07,FR,0.606457810099826
2025-06-07,GB,2.33123019257352
2025-06-07,IE,2.35509067521629
2025-06-07,US,6.70345807832944
2025-06-07,JP,2.11449214756786
2025-06-08,AU,2.24765168568713
2025-06-08,CA,3.03168703749357
2025-06-08,DE,3.27735425269939
2025-06-08,FR,0.606140002933944
2025-06-08,GB,2.33624794084155
2025-06-08,IE,2.39304521623458
2025-06-08,US,6.70790150935368
2025-06-08,JP,2.11820466373138
2025-06-09,AU,2.2387928280708
2025-06-09,CA,3.03874158556872
2025-06-09,DE,3.32145313251001
2025-06-09,FR,0.620572683742049
2025-06-09,GB,2.33918918382996
2025-06-09,IE,2.37064281348549
2025-06-09,US,6.71018936959193
2025-06-09,JP,2.11261438753913
2025-06-10,AU,2.2428303903097
2025-06-10,CA,3.0414316156508
2025-06-10,DE,3.32429776574382
2025-06-10,FR,0.624475746000442
2025-06-10,GB,2.33618623745018
2025-06-10,IE,2.36644474783876
2025-06-10,US,6.69954535762514
2025-06-10,JP,2.11304142229829
2025-06-11,AU,2.26609871947786
2025-06-11,CA,3.03417899388141
2025-06-11,DE,3.30595279997359
2025-06-11,FR,0.625935116815543
2025-06-11,GB,2.32257535467529
2025-06-11,IE,2.35654939764219
2025-06-11,US,6.68582151254425
2025-06-11,JP,2.11089506311683
2025-06-12,AU,2.28888784525187
2025-06-12,CA,3.04041490424862
2025-06-12,DE,3.2821226900305
2025-06-12,FR,0.631494569585542
2025-06-12,GB,2.31892532034036
2025-06-12,IE,2.35789534502752
2025-06-12,US,6.680899075699
2025-06-12,JP,2.10395130680728
2025-06-13,AU,2.27886000375948
2025-06-13,CA,3.0502886348209
2025-06-13,DE,3.25575271308813
2025-06-13,FR,0.634905831229736
2025-06-13,GB,2.32050838423625
2025-06-13,IE,2.3490336287517
2025-06-13,US,6.66893053971435
2025-06-13,JP,2.10079971473785
2025-06-14,AU,2.29407886469597
2025-06-14,CA,3.05699651681617
2025-06-14,DE,3.23189279246615
2025-06-14,FR,0.633127612666464
2025-06-14,GB,2.30727852693444
2025-06-14,IE,2.32532426729591
2025-06-14,US,6.6555001754815
2025-06-14,JP,2.10090871368715
2025-06-15,AU,2.30673221544699
2025-06-15,CA,3.04775284497724
2025-06-15,DE,3.23860336210834
2025-06-15,FR,0.634800775984751
2025-06-15,GB,2.28416658222982
2025-06-15,IE,2.26599727078317
2025-06-15,US,6.64983331785043
2025-06-15,JP,2.09258149003349
2025-06-16,AU,2.31385196971555
2025-06-16,CA,3.04565900513012
2025-06-16,DE,3.19863621085352
2025-06-16,FR,0.627963286130651
2025-06-16,GB,2.26710586616118
2025-06-16,IE,2.24150843384107
2025-06-16,US,6.65985888372054
2025-06-16,JP,2.09645811551952
2025-06-17,AU,2.33366974456258
2025-06-17,CA,3.04744351086943
2025-06-17,DE,3.18786449389759
2025-06-17,FR,0.630953767290796
2025-06-17,GB,2.25082884715062
2025-06-17,IE,2.24461650867683
2025-06-17,US,6.67195869698658
2025-06-17,JP,2.09610327929437
2025-06-18,AU,2.34589858543625
2025-06-18,CA,3.04820371059012
2025-06-18,DE,3.19586644892149
2025-06-18,FR,0.63099946683318
2025-06-18,GB,2.24482342708928
2025-06-18,IE,2.25396402218851
2025-06-18,US,6.66976442964629
2025-06-18,JP,2.10093815870568
2025-06-19,AU,2.33395067343552
2025-06-19,CA,3.05422954846986
2025-06-19,DE,3.21498924797295
2025-06-19,FR,0.636444360450803
2025-06-19,GB,2.23568715182607
2025-06-19,IE,2.24935646746467
2025-06-19,US,6.66403992439388
2025-06-19,JP,2.1110740077701
2025-06-20,AU,2.34050104926734
2025-06-20,CA,3.06041230153966
2025-06-20,DE,3.24420842345046
2025-06-20,FR,0.637782985464815
2025-06-20,GB,2.23150205791058
2025-06-20,IE,2.2707547119089
2025-06-20,US,6.67348800126544
2025-06-20,JP,2.11477793787924
2025-06-21,AU,2.34276074533988
2025-06-21,CA,3.06737768665397
2025-06-21,DE,3.24018028198974
2025-06-21,FR,0.638374730713606
2025-06-21,GB,2.2190654551511
2025-06-21,IE,2.2679153538915
2025-06-21,US,6.68015311615017
2025-06-21,JP,2.10911331191642
2025-06-22,AU,2.33334079813863
2025-06-22,CA,3.07953266628041
2025-06-22,DE,3.22307273695281
2025-06-22,FR,0.629510378370204
2025-06-22,GB,2.22219118083376
2025-06-22,IE,2.26315554034728
2025-06-22,US,6.69044288014802
2025-06-22,JP,2.11980051883399
2025-06-23,AU,2.34580882649963
2025-06-23,CA,3.07493465570197
2025-06-23,DE,3.23341948605836
2025-06-23,FR,0.6250809371877
2025-06-23,GB,2.22653331249977
2025-06-23,IE,2.25975626568779
2025-06-23,US,6.69290441009367
2025-06-23,JP,2.12395480858925
2025-06-24,AU,2.3580514372898
2025-06-24,CA,3.08637858885662
2025-06-24,DE,3.25565364004933
2025-06-24,FR,0.622500703234548
2025-06-24,GB,2.23664679206893
2025-06-24,IE,2.24758720427035
2025-06-24,US,6.69788053589108
2025-06-24,JP,2.12896415620441
2025-06-25,AU,2.36828874611908
2025-06-25,CA,3.09109682913094
2025-06-25,DE,3.25181477619096
2025-06-25,FR,0.622719567489314
2025-06-25,GB,2.23917242087385
2025-06-25,IE,2.22388642633522
2025-06-25,US,6.6998819716905
2025-06-25,JP,2.13215457517753
2025-06-26,AU,2.36839969664312
2025-06-26,CA,3.10014700225787
2025-06-26,DE,3.26552080629636
2025-06-26,FR,0.617317862231434
2025-06-26,GB,2.24819960765736
2025-06-26,IE,2.22397569086771
2025-06-26,US,6.70278951325495
2025-06-26,JP,2.13647127172387
2025-06-27,AU,2.36398860795359
2025-06-27,CA,3.10426650158941
2025-06-27,DE,3.28235297915261
2025-06-27,FR,0.619307225437248
2025-06-27,GB,2.25448821414649
2025-06-27,IE,2.21262049364455
2025-06-27,US,6.70309548873324
2025-06-27,JP,2.14702767681682
2025-06-28,AU,2.39157206637667
2025-06-28,CA,3.10918201793639
2025-06-28,DE,3.29463086403076
2025-06-28,FR,0.621315377926364
2025-06-28,GB,2.26675258823591
2025-06-28,IE,2.23935952448124
2025-06-28,US,6.70844340900521
2025-06-28,JP,2.15877643272516
2025-06-29,AU,2.40568299086556
2025-06-29,CA,3.12019880668149
2025-06-29,DE,3.31459680702689
2025-06-29,FR,0.622528099673238
2025-06-29,GB,2.26607568116886
2025-06-29,IE,2.27393966973173
2025-06-29,US,6.69553066887895
2025-06-29,JP,2.16091527827189
2025-06-30,AU,2.39896072675906
2025-06-30,CA,3.12778684749214
2025-06-30,DE,3.30586379376442
2025-06-30,FR,0.626657575209007
2025-06-30,GB,2.26104005708371
2025-06-30,IE,2.2637836959461
2025-06-30,US,6.68101843260587
2025-06-30,JP,2.1558621439972
2025-07-01,AU,2.38057360873933
2025-07-01,CA,3.12932770534388
2025-07-01,DE,3.31225461566
2025-07-01,FR,0.629564711504024
2025-07-01,GB,2.25858905614969
2025-07-01,IE,2.25868502027884
2025-07-01,US,6.66261840604947
2025-07-01,JP,2.14895546387787
2025-07-02,AU,2.36152931730081
2025-07-02,CA,3.10777933773381
2025-07-02,DE,3.31122011291467
2025-07-02,FR,0.631257544243569
2025-07-02,GB,2.26461905356398
2025-07-02,IE,2.25369666981848
2025-07-02,US,6.65069252648109
2025-07-02,JP,2.14140427107817
2025-07-03,AU,2.34981224817167
2025-07-03,CA,3.07387194988802
2025-07-03,DE,3.29376568282844
2025-07-03,FR,0.632128045346723
2025-07-03,GB,2.2618001099624
2025-07-03,IE,2.24604053198565
2025-07-03,US,6.62751461331012
2025-07-03,JP,2.13114311671504
2025-07-04,AU,2.36854409143994
2025-07-04,CA,3.04942358244208
2025-07-04,DE,3.2711726775887
2025-07-04,FR,0.628308998519437
2025-07-04,GB,2.25946247039434
2025-07-04,IE,2.23471828413543
2025-07-04,US,6.62813142173573
2025-07-04,JP,2.11527605364723
2025-07-05,AU,2.35486538871343
2025-07-05,CA,3.02978873644237
2025-07-05,DE,3.29701462555289
2025-07-05,FR,0.620738557572158
2025-07-05,GB,2.26973958257534
2025-07-05,IE,2.23674734867578
2025-07-05,US,6.64294153869072
2025-07-05,JP,2.10432111852216
2025-07-06,AU,2.34055835884239
2025-07-06,CA,3.0142444093477
2025-07-06,DE,3.30785769315356
2025-07-06,FR,0.61089033353567
2025-07-06,GB,2.28230874233426
2025-07-06,IE,2.23313476687799
2025-07-06,US,6.6601537683735
2025-07-06,JP,2.10005387857506
2025-07-07,AU,2.33112929447355
2025-07-07,CA,2.99771108971628
2025-07-07,DE,3.3175119667111
2025-07-07,FR,0.602049901993413
2025-07-07,GB,2.28377539601866
2025-07-07,IE,2.24400671481409
2025-07-07,US,6.66656595068735
2025-07-07,JP,2.10079522521179
2025-07-08,AU,2.31943904270557
2025-07-08,CA,2.98252057797659
2025-07-08,DE,3.32833757334034
2025-07-08,FR,0.594068799929481
2025-07-08,GB,2.2770318089445
2025-07-08,IE,2.24737220979784
2025-07-08,US,6.66724973691604
2025-07-08,JP,2.10207028661944
2025-07-09,AU,2.3243854646389
2025-07-09,CA,3.01210487485497
2025-07-09,DE,3.35874962188464
2025-07-09,FR,0.586826576327594
2025-07-09,GB,2.26828159104677
2025-07-09,IE,2.25721028015998
2025-07-09,US,6.67559434468375
2025-07-09,JP,2.10683872897044
2025-07-10,AU,2.32967475802252
2025-07-10,CA,3.03459595039438
2025-07-10,DE,3.37836922353791
2025-07-10,FR,0.582739993066392
2025-07-10,GB,2.26183998546976
2025-07-10,IE,2.26551804518162
2025-07-10,US,6.6935419086078
2025-07-10,JP,2.11257517968764
2025-07-11,AU,2.31310777412515
2025-07-11,CA,3.04854855425081
2025-07-11,DE,3.40220919686789
2025-07-11,FR,0.581530856474178
2025-07-11,GB,2.24838937914227
2025-07-11,IE,2.28153536719024
2025-07-11,US,6.68875398006416
2025-07-11,JP,2.12427689386166
2025-07-12,AU,2.29000218370756
2025-07-12,CA,3.06727277559991
2025-07-12,DE,3.39498675771534
2025-07-12,FR,0.589062261585352
2025-07-12,GB,2.23127669728407
2025-07-12,IE,2.25802892000809
2025-07-12,US,6.67458535557719
2025-07-12,JP,2.13216595226023
2025-07-13,AU,2.27701287940036
2025-07-13,CA,3.09441929958506
2025-07-13,DE,3.41514579670228
2025-07-13,FR,0.611939877282185
2025-07-13,GB,2.21832048084858
2025-07-13,IE,2.24353276529053
2025-07-13,US,6.67191096001433
2025-07-13,JP,2.14028533893275
2025-07-14,AU,2.27886984248837
2025-07-14,CA,3.11642495193013
2025-07-14,DE,3.43760069556494
2025-07-14,FR,0.628366035392686
2025-07-14,GB,2.22322207940661
2025-07-14,IE,2.25357543063938
2025-07-14,US,6.67451969938334
2025-07-14,JP,2.2301385816565
2025-07-15,AU,2.28441107781224
2025-07-15,CA,3.13332589219378
2025-07-15,DE,3.44782459258807
2025-07-15,FR,0.636453132738999
2025-07-15,GB,2.23391490780584
2025-07-15,IE,2.24950389054272
2025-07-15,US,6.68727545456156
2025-07-15,JP,2.25783835511411
2025-07-16,AU,2.28864754901368
2025-07-16,CA,3.11972074596727
2025-07-16,DE,3.46655702663985
2025-07-16,FR,0.643833466152807
2025-07-16,GB,2.23673307672288
2025-07-16,IE,2.26204623144748
2025-07-16,US,6.69802409225548
2025-07-16,JP,2.28012106449026
2025-07-17,AU,2.29692893637073
2025-07-17,CA,3.12326241560302
2025-07-17,DE,3.50294964699348
2025-07-17,FR,0.649432475843735
2025-07-17,GB,2.24157468412149
2025-07-17,IE,2.26804498395571
2025-07-17,US,6.70863801077666
2025-07-17,JP,2.30168292120171
2025-07-18,AU,2.30681908924546
2025-07-18,CA,3.13680774132775
2025-07-18,DE,3.50492702877098
2025-07-18,FR,0.650505727099593
2025-07-18,GB,2.24704685829156
2025-07-18,IE,2.26254870671128
2025-07-18,US,6.71162335260149
2025-07-18,JP,2.30999830178628
2025-07-19,AU,2.31219567257253
2025-07-19,CA,3.13129865211335
2025-07-19,DE,3.51129854877732
2025-07-19,FR,0.656415235295864
2025-07-19,GB,2.25580138821787
2025-07-19,IE,2.30794785897657
2025-07-19,US,6.70865846849684
2025-07-19,JP,2.32045132718193
2025-07-20,AU,2.3171562283096
2025-07-20,CA,3.13456145585533
2025-07-20,DE,3.51897293266384
2025-07-20,FR,0.648649115339141
2025-07-20,GB,2.26116877916639
2025-07-20,IE,2.34548447681387
2025-07-20,US,6.70636649549511
2025-07-20,JP,2.31023901671393
2025-07-21,AU,2.29807584044784
2025-07-21,CA,3.13675015115059
2025-07-21,DE,3.52638806831823
2025-07-21,FR,0.640513697320152
2025-07-21,GB,2.25794645862847
2025-07-21,IE,2.36627909269885
2025-07-21,US,6.69180651020431
2025-07-21,JP,2.23738480686633
2025-07-22,AU,2.27709852002249
2025-07-22,CA,3.13944362074204
2025-07-22,DE,3.53156229408704
2025-07-22,FR,0.640629502431002
2025-07-22,GB,2.2575111968792
2025-07-22,IE,2.3847513685799
2025-07-22,US,6.67989965004063
2025-07-22,JP,2.24156139172089
2025-07-23,AU,2.23592621182975
2025-07-23,CA,3.15802461884835
2025-07-23,DE,3.51526242984879
2025-07-23,FR,0.64280566506315
2025-07-23,GB,2.2630729984246
2025-07-23,IE,2.38625074920001
2025-07-23,US,6.66603355685914
2025-07-23,JP,2.24578858044489
2025-07-24,AU,2.21913910977809
2025-07-24,CA,3.16679858393068
2025-07-24,DE,3.52141004970499
2025-07-24,FR,0.646353463671782
2025-07-24,GB,2.27098514088891
2025-07-24,IE,2.39203298588563
2025-07-24,US,6.67401771011586
2025-07-24,JP,2.25343995704579
2025-07-25,AU,2.19952386629374
2025-07-25,CA,3.17645488646611
2025-07-25,DE,3.53885555169608
2025-07-25,FR,0.652861801221904
2025-07-25,GB,2.27341173369554
2025-07-25,IE,2.39256368446616
2025-07-25,US,6.70154795799628
2025-07-25,JP,2.2654424750732
2025-07-26,AU,2.17699846091451
2025-07-26,CA,3.1954057857078
2025-07-26,DE,3.57667365392893
2025-07-26,FR,0.655086054682498
2025-07-26,GB,2.28334188927754
2025-07-26,IE,2.3782261538828
2025-07-26,US,6.72443642705964
2025-07-26,JP,2.28132837294371
2025-07-27,AU,2.17029594008472
2025-07-27,CA,3.19899128356852
2025-07-27,DE,3.57874719066954
2025-07-27,FR,0.662479397198552
2025-07-27,GB,2.29065858134865
2025-07-27,IE,2.33951427020059
2025-07-27,US,6.74689013869478
2025-07-27,JP,2.31605716136501
2025-07-28,AU,2.17472670319784
2025-07-28,CA,3.21192047530539
2025-07-28,DE,3.57282126638503
2025-07-28,FR,0.662687331154305
2025-07-28,GB,2.29053329260816
2025-07-28,IE,2.33209606791163
2025-07-28,US,6.77559513531925
2025-07-28,JP,2.32904057518488
2025-07-29,AU,2.19208499994708
2025-07-29,CA,3.20484626463266
2025-07-29,DE,3.56948951419878
2025-07-29,FR,0.665650167237724
2025-07-29,GB,2.29285422893096
2025-07-29,IE,2.33977532713453
2025-07-29,US,6.78942167223679
2025-07-29,JP,2.31652754628339
2025-07-30,AU,2.20241385928158
2025-07-30,CA,3.20389196510764
2025-07-30,DE,3.60223434705571
2025-07-30,FR,0.667305180033418
2025-07-30,GB,2.29084098791144
2025-07-30,IE,2.3288867611408
2025-07-30,US,6.79639744876382
2025-07-30,JP,2.31425949387347
2025-07-31,AU,2.20676826422393
2025-07-31,CA,3.20818457438443
2025-07-31,DE,3.57548022158414
2025-07-31,FR,0.670409591125937
2025-07-31,GB,2.28767475701311
2025-07-31,IE,2.35045517666568
2025-07-31,US,6.78572423281776
2025-07-31,JP,2.30395834607705
2025-08-01,AU,2.22870884442518
2025-08-01,CA,3.20893014844767
2025-08-01,DE,3.58149225840813
2025-08-01,FR,0.673652043828384
2025-08-01,GB,2.30596411933715
2025-08-01,IE,2.37368328947188
2025-08-01,US,6.76892923252107
2025-08-01,JP,2.30055322461965
2025-08-02,AU,2.24351745189908
2025-08-02,CA,3.21427449717215
2025-08-02,DE,3.57686089538616
2025-08-02,FR,0.675395200237112
2025-08-02,GB,2.31047121669513
2025-08-02,IE,2.37356267136874
2025-08-02,US,6.7558527148988
2025-08-02,JP,2.30073115059502
2025-08-03,AU,2.24349562874255
2025-08-03,CA,3.2143808092891
2025-08-03,DE,3.58292841884941
2025-08-03,FR,0.68143758105016
2025-08-03,GB,2.32021347818884
2025-08-03,IE,2.3926074961484
2025-08-03,US,6.75029046370789
2025-08-03,JP,2.29430414574223
2025-08-04,AU,2.24745409734966
2025-08-04,CA,3.22099521953052
2025-08-04,DE,3.60566655940659
2025-08-04,FR,0.685909328693986
2025-08-04,GB,2.33316103762796
2025-08-04,IE,2.38366585398706
2025-08-04,US,6.72803988965707
2025-08-04,JP,2.28417646953501
2025-08-05,AU,2.23775210698511
2025-08-05,CA,3.22096784815585
2025-08-05,DE,3.62945012758942
2025-08-05,FR,0.691414577929775
2025-08-05,GB,2.33874020386437
2025-08-05,IE,2.38806425329432
2025-08-05,US,6.72169451981689
2025-08-05,JP,2.28578127196313
2025-08-06,AU,2.24766822148975
2025-08-06,CA,3.22656815401592
2025-08-06,DE,3.61425303410359
2025-08-06,FR,0.698693979043489
2025-08-06,GB,2.34811888996988
2025-08-06,IE,2.40487489016035
2025-08-06,US,6.7179036885915
2025-08-06,JP,2.28021120838892
2025-08-07,AU,2.23685053377497
2025-08-07,CA,3.24475472611281
2025-08-07,DE,3.63672783887357
2025-08-07,FR,0.701429874364062
2025-08-07,GB,2.36221438210942
2025-08-07,IE,2.38751476878721
2025-08-07,US,6.7207796672041
2025-08-07,JP,2.27872067944314
2025-08-08,AU,2.19786168853893
2025-08-08,CA,3.24678745777408
2025-08-08,DE,3.65163663395897
2025-08-08,FR,0.705597223036528
2025-08-08,GB,2.36427861982826
2025-08-08,IE,2.37128189073063
2025-08-08,US,6.72706629571494
2025-08-08,JP,2.27915111048268
2025-08-09,AU,2.2021352738582
2025-08-09,CA,3.2507452246398
2025-08-09,DE,3.67459836728729
2025-08-09,FR,0.712172551226887
2025-08-09,GB,2.37098165243152
2025-08-09,IE,2.3770217840134
2025-08-09,US,6.73369423990103
2025-08-09,JP,2.27650527924252
2025-08-10,AU,2.21261419840918
2025-08-10,CA,3.26134238996995
2025-08-10,DE,3.69885864131109
2025-08-10,FR,0.714713324317442
2025-08-10,GB,2.37648309390838
2025-08-10,IE,2.40341534423538
2025-08-10,US,6.73597897272824
2025-08-10,JP,2.26845605168576
2025-08-11,AU,2.2190972621174
2025-08-11,CA,3.26026049462093
2025-08-11,DE,3.68587669327702
2025-08-11,FR,0.717813945105052
2025-08-11,GB,2.38059430820722
2025-08-11,IE,2.41076525070425
2025-08-11,US,6.74990636811999
2025-08-11,JP,2.27987625333339
2025-08-12,AU,2.22823119527748
2025-08-12,CA,3.27516883519333
2025-08-12,DE,3.66953766857768
2025-08-12,FR,0.721005157358832
2025-08-12,GB,2.37774871703772
2025-08-12,IE,2.40168244198147
2025-08-12,US,6.76257777177935
2025-08-12,JP,2.29076305821713
2025-08-13,AU,2.24698197922121
2025-08-13,CA,3.28150348311596
2025-08-13,DE,3.67633544633526
2025-08-13,FR,0.720095377100763
2025-08-13,GB,2.37935500004222
2025-08-13,IE,2.40198590512967
2025-08-13,US,6.77893771547067
2025-08-13,JP,2.30381648880192
2025-08-14,AU,2.27013474845815
2025-08-14,CA,3.27691292124059
2025-08-14,DE,3.67507949434077
2025-08-14,FR,0.723778162329739
2025-08-14,GB,2.37388831512905
2025-08-14,IE,2.39118976082976
2025-08-14,US,6.78749898352188
2025-08-14,JP,2.32404820541338
2025-08-15,AU,2.31565422200014
2025-08-15,CA,3.28948074215241
2025-08-15,DE,3.68230327916883
2025-08-15,FR,0.737265441743851
2025-08-15,GB,2.37257029312195
2025-08-15,IE,2.38602015072075
2025-08-15,US,6.78584695984887
2025-08-15,JP,2.35834924602676
2025-08-16,AU,2.33642268480725
2025-08-16,CA,3.30638789931504
2025-08-16,DE,3.66358046898584
2025-08-16,FR,0.743706586311481
2025-08-16,GB,2.36519020163966
2025-08-16,IE,2.37568223533135
2025-08-16,US,6.79149138808156
2025-08-16,JP,2.39821342808445
2025-08-17,AU,2.35046977702044
2025-08-17,CA,3.32285122221696
2025-08-17,DE,3.67064757636352
2025-08-17,FR,0.739761134503505
2025-08-17,GB,2.36739553343832
2025-08-17,IE,2.34899189421277
2025-08-17,US,6.79463701005745
2025-08-17,JP,2.44443432187409
2025-08-18,AU,2.33821168196447
2025-08-18,CA,3.3269866743863
2025-08-18,DE,3.66153315142364
2025-08-18,FR,0.741355034976299
2025-08-18,GB,2.37590767387051
2025-08-18,IE,2.35125405001414
2025-08-18,US,6.80752209756068
2025-08-18,JP,2.45965726744823
2025-08-19,AU,2.34233655292198
2025-08-19,CA,3.32950702381108
2025-08-19,DE,3.65884428677561
2025-08-19,FR,0.743580440944318
2025-08-19,GB,2.39214214128928
2025-08-19,IE,2.3420920987783
2025-08-19,US,6.81940036485808
2025-08-19,JP,2.4729098839649
2025-08-20,AU,2.32708086223132
2025-08-20,CA,3.33540448341654
2025-08-20,DE,3.64949337677299
2025-08-20,FR,0.749875463430238
2025-08-20,GB,2.40410651225097
2025-08-20,IE,2.35436554907492
2025-08-20,US,6.82303839867551
2025-08-20,JP,2.4839257780211
2025-08-21,AU,2.32695633407639
2025-08-21,CA,3.32899238233032
2025-08-21,DE,3.64242433678491
2025-08-21,FR,0.746503700935155
2025-08-21,GB,2.40483580526193
2025-08-21,IE,2.37003590378295
2025-08-21,US,6.83702922972202
2025-08-21,JP,2.49229708507708
2025-08-22,AU,2.30029239488839
2025-08-22,CA,3.31183177958914
2025-08-22,DE,3.61628458949356
2025-08-22,FR,0.731990437861842
2025-08-22,GB,2.39963965052377
2025-08-22,IE,2.38837195263928
2025-08-22,US,6.8469311385213
2025-08-22,JP,2.48131600787009
2025-08-23,AU,2.26920825146389
2025-08-23,CA,3.28787145984999
2025-08-23,DE,3.62203221854117
2025-08-23,FR,0.721554383403227
2025-08-23,GB,2.41024076543384
2025-08-23,IE,2.39408467244081
2025-08-23,US,6.84972904810063
2025-08-23,JP,2.4648645592799
2025-08-24,AU,2.24302764556831
2025-08-24,CA,3.26645272679912
2025-08-24,DE,3.57378822298106
2025-08-24,FR,0.717861363480599
2025-08-24,GB,2.40245880564353
2025-08-24,IE,2.4081525379326
2025-08-24,US,6.84193096831035
2025-08-24,JP,2.46057410666019
2025-08-25,AU,2.24306850858209
2025-08-25,CA,3.26051557496817
2025-08-25,DE,3.56247837688934
2025-08-25,FR,0.712349041892946
2025-08-25,GB,2.40105043778523
2025-08-25,IE,2.40377195056966
2025-08-25,US,6.83076770604764
2025-08-25,JP,2.47646815636547
2025-08-26,AU,2.23518413871733
2025-08-26,CA,3.26017257648552
2025-08-26,DE,3.53963762996851
2025-08-26,FR,0.702847683984848
2025-08-26,GB,2.39765951687836
2025-08-26,IE,2.41934200843487
2025-08-26,US,6.83107364629859
2025-08-26,JP,2.4882078442668
2025-08-27,AU,2.24214266189934
2025-08-27,CA,3.25600984687532
2025-08-27,DE,3.49582960373267
2025-08-27,FR,0.690623426094787
2025-08-27,GB,2.39459146704682
2025-08-27,IE,2.4073172038102
2025-08-27,US,6.83669291478595
2025-08-27,JP,2.49995494592161
2025-08-28,AU,2.21447688565937
2025-08-28,CA,3.25628789048663
2025-08-28,DE,3.46003864418782
2025-08-28,FR,0.687178163730089
2025-08-28,GB,2.40261673670324
2025-08-28,IE,2.40858849920773
2025-08-28,US,6.8213598490119
2025-08-28,JP,2.50155002442247
2025-08-29,AU,2.2154327166099
2025-08-29,CA,3.25160379558957
2025-08-29,DE,3.43095734459233
2025-08-29,FR,0.685588499394203
2025-08-29,GB,2.41406261039709
2025-08-29,IE,2.39141574070688
2025-08-29,US,6.80987216434717
2025-08-29,JP,2.49749232105533
2025-08-30,AU,2.2359231181627
2025-08-30,CA,3.25302043202687
2025-08-30,DE,3.39042075329105
2025-08-30,FR,0.683775199118538
2025-08-30,GB,2.42151641488335
2025-08-30,IE,2.40638870227172
2025-08-30,US,6.79102411722414
2025-08-30,JP,2.48923259105676
2025-08-31,AU,2.24166989194143
2025-08-31,CA,3.25532967955675
2025-08-31,DE,3.36610807291095
2025-08-31,FR,0.677399281010517
2025-08-31,GB,2.43662107695747
2025-08-31,IE,2.37984538064748
2025-08-31,US,6.75604967322773
2025-08-31,JP,2.46983046798543
2025-09-01,AU,2.26308185314644
2025-09-01,CA,3.26885826489084
2025-09-01,DE,3.3568680767296
2025-09-01,FR,0.670192888184674
2025-09-01,GB,2.43502487613263
2025-09-01,IE,2.37586164551082
2025-09-01,US,6.75374331943017
2025-09-01,JP,2.45076488502577
2025-09-02,AU,2.24810045706217
2025-09-02,CA,3.27369388038772
2025-09-02,DE,3.36676592457129
2025-09-02,FR,0.669941953813711
2025-09-02,GB,2.43257419046427
2025-09-02,IE,2.35930489482185
2025-09-02,US,6.75703433853336
2025-09-02,JP,2.4428761884391
2025-09-03,AU,2.22213220882788
2025-09-03,CA,3.28741414027487
2025-09-03,DE,3.38570293562282
2025-09-03,FR,0.663949918743962
2025-09-03,GB,2.43029672080846
2025-09-03,IE,2.34801081131488
2025-09-03,US,6.76953472306296
2025-09-03,JP,2.44432856456269
2025-09-04,AU,2.21574021638688
2025-09-04,CA,3.30304464254244
2025-09-04,DE,3.38828237441817
2025-09-04,FR,0.661423534381046
2025-09-04,GB,2.43465737630305
2025-09-04,IE,2.33779678840245
2025-09-04,US,6.79130826683699
2025-09-04,JP,2.45052509856432
2025-09-05,AU,2.241111907898
2025-09-05,CA,3.32392134191413
2025-09-05,DE,3.40040752858793
2025-09-05,FR,0.654169695619857
2025-09-05,GB,2.42996213075643
2025-09-05,IE,2.3249958156163
2025-09-05,US,6.81233266424411
2025-09-05,JP,2.46455785626747
2025-09-06,AU,2.2194360274353
2025-09-06,CA,3.3397423300436
2025-09-06,DE,3.40914628625334
2025-09-06,FR,0.649102950470555
2025-09-06,GB,2.42267743576035
2025-09-06,IE,2.3061235443125
2025-09-06,US,6.8303752569553
2025-09-06,JP,2.48158214976956
2025-09-07,AU,2.19528091771381
2025-09-07,CA,3.34565295386755
2025-09-07,DE,3.4112246007888
2025-09-07,FR,0.658932728839391
2025-09-07,GB,2.41695746542682
2025-09-07,IE,2.31871902549537
2025-09-07,US,6.86837690347041
2025-09-07,JP,2.50860168388494
2025-09-08,AU,2.18804279864946
2025-09-08,CA,3.33715938562242
2025-09-08,DE,3.40065693875734
2025-09-08,FR,0.664934455453872
2025-09-08,GB,2.4155859544961
2025-09-08,IE,2.31798732306385
2025-09-08,US,6.87538827341363
2025-09-08,JP,2.52487090073245
2025-09-09,AU,2.21614489324768
2025-09-09,CA,3.33870535207354
2025-09-09,DE,3.37367167966074
2025-09-09,FR,0.660198320200473
2025-09-09,GB,2.43450352612912
2025-09-09,IE,2.32344938102748
2025-09-09,US,6.85557039928386
2025-09-09,JP,2.52762739193026
2025-09-10,AU,2.23967679417478
2025-09-10,CA,3.32196355216935
2025-09-10,DE,3.3492305692137
2025-09-10,FR,0.662511779334848
2025-09-10,GB,2.44628559695716
2025-09-10,IE,2.34436026359227
2025-09-10,US,6.82029720431406
2025-09-10,JP,2.5252287654375
2025-09-11,AU,2.23713638890288
2025-09-11,CA,3.29710479699871
2025-09-11,DE,3.33508205849804
2025-09-11,FR,0.659244539403195
2025-09-11,GB,2.45746559125516
2025-09-11,IE,2.33324299795818
2025-09-11,US,6.78086841224507
2025-09-11,JP,2.51449310537586
2025-09-12,AU,2.21061301700881
2025-09-12,CA,3.28121078290438
2025-09-12,DE,3.31819001758718
2025-09-12,FR,0.659649996092425
2025-09-12,GB,2.462244378027
2025-09-12,IE,2.35379649100375
2025-09-12,US,6.74299317628434
2025-09-12,JP,2.51273958000987
2025-09-13,AU,2.21898211099404
2025-09-13,CA,3.26489714140995
2025-09-13,DE,3.30948352083548
2025-09-13,FR,0.658738741542646
2025-09-13,GB,2.46147947130874
2025-09-13,IE,2.31652842540184
2025-09-13,US,6.71546607683877
2025-09-13,JP,2.5055368620463
2025-09-14,AU,2.24213356000326
2025-09-14,CA,3.2500882357041
2025-09-14,DE,3.31864563496312
2025-09-14,FR,0.652497397878753
2025-09-14,GB,2.46493636155911
2025-09-14,IE,2.30520984913615
2025-09-14,US,6.69422860978447
2025-09-14,JP,2.47262190485088
2025-09-15,AU,2.22312084602123
2025-09-15,CA,3.25070761034854
2025-09-15,DE,3.31675066010981
2025-09-15,FR,0.646243754680478
2025-09-15,GB,2.47721087396166
2025-09-15,IE,2.3167258902776
2025-09-15,US,6.68204612221217
2025-09-15,JP,2.46169761427641
2025-09-16,AU,2.1859261485426
2025-09-16,CA,3.24881931046573
2025-09-16,DE,3.3106200046805
2025-09-16,FR,0.652559893333172
2025-09-16,GB,2.47369855332036
2025-09-16,IE,2.33506723053221
2025-09-16,US,6.67985649784381
2025-09-16,JP,2.46283296421837
2025-09-17,AU,2.17000147309896
2025-09-17,CA,3.25080171821551
2025-09-17,DE,3.32554773199178
2025-09-17,FR,0.666630971291936
2025-09-17,GB,2.47704338033912
2025-09-17,IE,2.31812371980176
2025-09-17,US,6.69024384966814
2025-09-17,JP,2.4660640407064
2025-09-18,AU,2.1872079574478
2025-09-18,CA,3.28631543288912
2025-09-18,DE,3.33349081554436
2025-09-18,FR,0.672466231707463
2025-09-18,GB,2.46559917841951
2025-09-18,IE,2.33038724297191
2025-09-18,US,6.70152177185594
2025-09-18,JP,2.47184408024569
2025-09-19,AU,2.1723676701123
2025-09-19,CA,3.30148701411036
2025-09-19,DE,3.33561319763449
2025-09-19,FR,0.673915723973285
2025-09-19,GB,2.46354016791013
2025-09-19,IE,2.32039634961162
2025-09-19,US,6.71365404812929
2025-09-19,JP,2.47156369372239
2025-09-20,AU,2.16172693011568
2025-09-20,CA,3.30338348412312
2025-09-20,DE,3.32405957373599
2025-09-20,FR,0.681127787307173
2025-09-20,GB,2.46797101590288
2025-09-20,IE,2.317037685288
2025-09-20,US,6.7209750517068
2025-09-20,JP,2.47447849656697
2025-09-21,AU,2.15528714278966
2025-09-21,CA,3.31539708056922
2025-09-21,DE,3.31183600210999
2025-09-21,FR,0.683317708488388
2025-09-21,GB,2.46419634727074
2025-09-21,IE,2.33104123662255
2025-09-21,US,6.73227377673784
2025-09-21,JP,2.48562833035189
2025-09-22,AU,2.15952821180705
2025-09-22,CA,3.321440756676
2025-09-22,DE,3.33357228291384
2025-09-22,FR,0.685837815970203
2025-09-22,GB,2.45631568178633
2025-09-22,IE,2.31140017411113
2025-09-22,US,6.73609494869938
2025-09-22,JP,2.46278466814357
2025-09-23,AU,2.17615300130984
2025-09-23,CA,3.32254037212074
2025-09-23,DE,3.35164979664806
2025-09-23,FR,0.682908427004485
2025-09-23,GB,2.44953502591085
2025-09-23,IE,2.29295387212748
2025-09-23,US,6.73767161034809
2025-09-23,JP,2.45900810292458
2025-09-24,AU,2.16908604131466
2025-09-24,CA,3.32631313597207
2025-09-24,DE,3.36675848744742
2025-09-24,FR,0.669110096444161
2025-09-24,GB,2.44427487413352
2025-09-24,IE,2.29069219464534
2025-09-24,US,6.73431175392559
2025-09-24,JP,2.45147633270696
2025-09-25,AU,2.1420045146369
2025-09-25,CA,3.30325817257119
2025-09-25,DE,3.39809808155477
2025-09-25,FR,0.66520082562999
2025-09-25,GB,2.44746917056674
2025-09-25,IE,2.29074420133373
2025-09-25,US,6.73900837002359
2025-09-25,JP,2.46199186404955
2025-09-26,AU,2.13918487768122
2025-09-26,CA,3.29446859274446
2025-09-26,DE,3.41723083752659
2025-09-26,FR,0.664904598842882
2025-09-26,GB,2.45788587435611
2025-09-26,IE,2.27188082696692
2025-09-26,US,6.74614629750469
2025-09-26,JP,2.45683003863866
2025-09-27,AU,2.12781564929798
2025-09-27,CA,3.29026826161405
2025-09-27,DE,3.43034560904758
2025-09-27,FR,0.668075846463485
2025-09-27,GB,2.45545465206761
2025-09-27,IE,2.29175714217212
2025-09-27,US,6.75581306204385
2025-09-27,JP,2.44995890623632
2025-09-28,AU,2.11006494160316
2025-09-28,CA,3.28090445566802
2025-09-28,DE,3.44242614117762
2025-09-28,FR,0.671483990806873
2025-09-28,GB,2.44791615288678
2025-09-28,IE,2.27109077474986
2025-09-28,US,6.7597340084356
2025-09-28,JP,2.46132752248347
2025-09-29,AU,2.10988247561052
2025-09-29,CA,3.27027094663702
2025-09-29,DE,3.43338471525494
2025-09-29,FR,0.671962084474771
2025-09-29,GB,2.45287611165742
2025-09-29,IE,2.26707261070692
2025-09-29,US,6.76496694835286
2025-09-29,JP,2.48593591838812
2025-09-30,AU,2.11452770961089
2025-09-30,CA,3.28057983015936
2025-09-30,DE,3.41545822462101
2025-09-30,FR,0.672003332485975
2025-09-30,GB,2.45079772019606
2025-09-30,IE,2.27387854595029
2025-09-30,US,6.76910840505212
2025-09-30,JP,2.47243659297145
2025-10-01,AU,2.1222028687778
2025-10-01,CA,3.2844679160964
2025-10-01,DE,3.4059536653962
2025-10-01,FR,0.673639834828677
2025-10-01,GB,2.45449239247106
2025-10-01,IE,2.2813378775871
2025-10-01,US,6.84404898647544
2025-10-01,JP,2.45580402611199
2025-10-02,AU,2.14110552209562
2025-10-02,CA,3.28979850025845
2025-10-02,DE,3.37397861806272
2025-10-02,FR,0.675779620694591
2025-10-02,GB,2.45855575990321
2025-10-02,IE,2.29672181827676
2025-10-02,US,6.87835252903173
2025-10-02,JP,2.43063835545833
2025-10-03,AU,2.13966030980741
2025-10-03,CA,3.2932433338087
2025-10-03,DE,3.37561399278638
2025-10-03,FR,0.67730259115752
2025-10-03,GB,2.45905471539453
2025-10-03,IE,2.32376911132025
2025-10-03,US,6.90932945512184
2025-10-03,JP,2.41525333743585
2025-10-04,AU,2.15470178435869
2025-10-04,CA,3.29560817850313
2025-10-04,DE,3.37163463881576
2025-10-04,FR,0.673490266041373
2025-10-04,GB,2.46297260821573
2025-10-04,IE,2.34575299301776
2025-10-04,US,6.93748856861036
2025-10-04,JP,2.39991210919592
2025-10-05,AU,2.15462004831086
2025-10-05,CA,3.2904908785993
2025-10-05,DE,3.36361138286709
2025-10-05,FR,0.667339114641934
2025-10-05,GB,2.47359683261039
2025-10-05,IE,2.35750921269607
2025-10-05,US,6.96482902707259
2025-10-05,JP,2.48088553060121
2025-10-06,AU,2.16994267235774
2025-10-06,CA,3.29309194234368
2025-10-06,DE,3.34491009438619
2025-10-06,FR,0.667474756553336
2025-10-06,GB,2.46637668213761
2025-10-06,IE,2.37124443484351
2025-10-06,US,6.9979654765028
2025-10-06,JP,2.49298014538427
2025-10-07,AU,2.17302466580331
2025-10-07,CA,3.2826367265529
2025-10-07,DE,3.35252453819837
2025-10-07,FR,0.67124734173613
2025-10-07,GB,2.46423561087189
2025-10-07,IE,2.37220702132728
2025-10-07,US,7.02532358974691
2025-10-07,JP,2.49484087290962
2025-10-08,AU,2.16381215272297
2025-10-08,CA,3.26981133124042
2025-10-08,DE,3.33331232646277
2025-10-08,FR,0.671019435698084
2025-10-08,GB,2.45634691203178
2025-10-08,IE,2.35774930396421
2025-10-08,US,6.98274520439293
2025-10-08,JP,2.49923989614544
2025-10-09,AU,2.1550572557031
2025-10-09,CA,3.25002796868446
2025-10-09,DE,3.32835527555763
2025-10-09,FR,0.670801487223232
2025-10-09,GB,2.44961507529147
2025-10-09,IE,2.34690556425237
2025-10-09,US,6.97876423107253
2025-10-09,JP,2.50344970852258
2025-10-10,AU,2.17310495121867
2025-10-10,CA,3.24143060399717
2025-10-10,DE,3.3153402683443
2025-10-10,FR,0.66954798199295
2025-10-10,GB,2.43767071908937
2025-10-10,IE,2.33140718691505
2025-10-10,US,6.97724567649735
2025-10-10,JP,2.51241115409804
2025-10-11,AU,2.17735628930578
2025-10-11,CA,3.23633733222433
2025-10-11,DE,3.31484723630409
2025-10-11,FR,0.655441027283365
2025-10-11,GB,2.4335141729204
2025-10-11,IE,2.33251311526501
2025-10-11,US,6.97647341886593
2025-10-11,JP,2.52174206259991
2025-10-12,AU,2.20517504476359
2025-10-12,CA,3.22271911334327
2025-10-12,DE,3.33710773627114
2025-10-12,FR,0.650030882838023
2025-10-12,GB,2.42989637230173
2025-10-12,IE,2.3234226195494
2025-10-12,US,6.97718641464975
2025-10-12,JP,2.40955630845972
2025-10-13,AU,2.19225265586815
2025-10-13,CA,3.2365948148424
2025-10-13,DE,3.36948345421598
2025-10-13,FR,0.648359826709247
2025-10-13,GB,2.43321615308718
2025-10-13,IE,2.3216978268971
2025-10-13,US,6.98380455695395
2025-10-13,JP,2.38594087185015
2025-10-14,AU,2.2064071786781
2025-10-14,CA,3.25145313677668
2025-10-14,DE,3.38080777441958
2025-10-14,FR,0.64332121715353
2025-10-14,GB,2.4402835566294
2025-10-14,IE,2.31684174984883
2025-10-14,US,7.00607914573574
2025-10-14,JP,2.39764815699218
2025-10-15,AU,2.22313674019412
2025-10-15,CA,3.27031193066177
2025-10-15,DE,3.39399266744977
2025-10-15,FR,0.638448750402014
2025-10-15,GB,2.43949054306387
2025-10-15,IE,2.32585673001424
2025-10-15,US,7.02823084276013
2025-10-15,JP,2.41390140271157
2025-10-16,AU,2.24013417422806
2025-10-16,CA,3.30322890743671
2025-10-16,DE,3.39187465984525
2025-10-16,FR,0.630444447048883
2025-10-16,GB,2.43613430350584
2025-10-16,IE,2.30530687580195
2025-10-16,US,7.04684293061943
2025-10-16,JP,2.41922681139936
2025-10-17,AU,2.24342699201215
2025-10-17,CA,3.32712743329439
2025-10-17,DE,3.39668906543951
2025-10-17,FR,0.62760064294479
2025-10-17,GB,2.44221594838833
2025-10-17,IE,2.30263956362805
2025-10-17,US,7.05768678053034
2025-10-17,JP,2.41791155805578
2025-10-18,AU,2.23995154216173
2025-10-18,CA,3.34955525581488
2025-10-18,DE,3.40266231704693
2025-10-18,FR,0.62980049483833
2025-10-18,GB,2.43904702098109
2025-10-18,IE,2.26838543825523
2025-10-18,US,7.05988988948374
2025-10-18,JP,2.41957924805851
2025-10-19,AU,2.24117838497279
2025-10-19,CA,3.39348141583282
2025-10-19,DE,3.38382088813645
2025-10-19,FR,0.627456883697713
2025-10-19,GB,2.44314808419844
2025-10-19,IE,2.28557491254143
2025-10-19,US,7.06777556228435
2025-10-19,JP,2.44202674464182
2025-10-20,AU,2.24997684703483
2025-10-20,CA,3.39714540295188
2025-10-20,DE,3.35525610313575
2025-10-20,FR,0.622335509423806
2025-10-20,GB,2.44757753269233
2025-10-20,IE,2.27463642313064
2025-10-20,US,7.0660578157801
2025-10-20,JP,2.44065867865397
2025-10-21,AU,2.24071634344338
2025-10-21,CA,3.40136020417215
2025-10-21,DE,3.34665275705929
2025-10-21,FR,0.616723486185604
2025-10-21,GB,2.44085772560666
2025-10-21,IE,2.27043286258439
2025-10-21,US,7.05460980044981
2025-10-21,JP,2.43237944907835
2025-10-22,AU,2.24744828236333
2025-10-22,CA,3.40642956905489
2025-10-22,DE,3.34322388237346
2025-10-22,FR,0.618914005569069
2025-10-22,GB,2.45112211429241
2025-10-22,IE,2.26945908957384
2025-10-22,US,7.04260014089866
2025-10-22,JP,2.43238429036671
2025-10-23,AU,2.26008665168103
2025-10-23,CA,3.40133370705682
2025-10-23,DE,3.34592800691848
2025-10-23,FR,0.619283888888755
2025-10-23,GB,2.46868635819175
2025-10-23,IE,2.28980778575544
2025-10-23,US,7.03754264681354
2025-10-23,JP,2.43649892604143
2025-10-24,AU,2.27417659579645
2025-10-24,CA,3.40434114651586
2025-10-24,DE,3.31997475291774
2025-10-24,FR,0.618391737502409
2025-10-24,GB,2.47207158479441
2025-10-24,IE,2.29763359963478
2025-10-24,US,7.03396678043126
2025-10-24,JP,2.44689515621046
2025-10-25,AU,2.29287012695026
2025-10-25,CA,3.39975130898829
2025-10-25,DE,3.30589011194299
2025-10-25,FR,0.625583609779316
2025-10-25,GB,2.48144309740789
2025-10-25,IE,2.30586213691369
2025-10-25,US,7.03626746442509
2025-10-25,JP,2.45083776161778
2025-10-26,AU,2.29611203896425
2025-10-26,CA,3.38338687180502
2025-10-26,DE,3.29171215810782
2025-10-26,FR,0.633367229317019
2025-10-26,GB,2.48060938765986
2025-10-26,IE,2.31274776888481
2025-10-26,US,7.02953897361025
2025-10-26,JP,2.46120661110803
2025-10-27,AU,2.28914337663405
2025-10-27,CA,3.37684664294966
2025-10-27,DE,3.27845340624524
2025-10-27,FR,0.633224285205587
2025-10-27,GB,2.4666850178177
2025-10-27,IE,2.31825055881292
2025-10-27,US,7.01736365067667
2025-10-27,JP,2.47339413553759
2025-10-28,AU,2.30276945503784
2025-10-28,CA,3.36695842110269
2025-10-28,DE,3.2632595168921
2025-10-28,FR,0.633222622226133
2025-10-28,GB,2.46480210637888
2025-10-28,IE,2.32776859307456
2025-10-28,US,7.07898789083356
2025-10-28,JP,2.48356350261943
2025-10-29,AU,2.29797341734021
2025-10-29,CA,3.34708609992988
2025-10-29,DE,3.22055523470448
2025-10-29,FR,0.635585206178189
2025-10-29,GB,2.45258015767254
2025-10-29,IE,2.32318174875212
2025-10-29,US,7.13168102212239
2025-10-29,JP,2.47803170949997
2025-10-30,AU,2.28847914092104
2025-10-30,CA,3.33545794179168
2025-10-30,DE,3.18896892894856
2025-10-30,FR,0.636992571092578
2025-10-30,GB,2.43481154819681
2025-10-30,IE,2.31561958632594
2025-10-30,US,7.16861768659186
2025-10-30,JP,2.47532753405401
2025-10-31,AU,2.25119974396417
2025-10-31,CA,3.31778719870461
2025-10-31,DE,3.15225737245193
2025-10-31,FR,0.631249867853749
2025-10-31,GB,2.42737190380855
2025-10-31,IE,2.30352331303282
2025-10-31,US,7.18162646635948
2025-10-31,JP,2.45861545838511
2025-11-01,AU,2.2208700788198
2025-11-01,CA,3.34077180314905
2025-11-01,DE,3.12620479538105
2025-11-01,FR,0.627381965661126
2025-11-01,GB,2.43840141930398
2025-11-01,IE,2.29427969079638
2025-11-01,US,7.21757199757356
2025-11-01,JP,2.45208582497871
2025-11-02,AU,2.19542056148957
2025-11-02,CA,3.35357140589233
2025-11-02,DE,3.12026666577122
2025-11-02,FR,0.620213410398518
2025-11-02,GB,2.44526274208558
2025-11-02,IE,2.25668791452303
2025-11-02,US,7.2398770292804
2025-11-02,JP,2.41122602045758
2025-11-03,AU,2.16785422616818
2025-11-03,CA,3.35083736682678
2025-11-03,DE,3.11702643430872
2025-11-03,FR,0.624185503121271
2025-11-03,GB,2.47094550034769
2025-11-03,IE,2.25349844765245
2025-11-03,US,7.26629342912655
2025-11-03,JP,2.39207122576982
2025-11-04,AU,2.13225174080724
2025-11-04,CA,3.34757303819007
2025-11-04,DE,3.10818591840606
2025-11-04,FR,0.630761218055877
2025-11-04,GB,2.48646275463087
2025-11-04,IE,2.21506062909969
2025-11-04,US,7.15114599379109
2025-11-04,JP,2.37185356302448
2025-11-05,AU,2.10693049746254
2025-11-05,CA,3.35477610146807
2025-11-05,DE,3.12966249952196
2025-11-05,FR,0.627175536435601
2025-11-05,GB,2.49929952208832
2025-11-05,IE,2.19233615130003
2025-11-05,US,7.02135976884017
2025-11-05,JP,2.34967235390223
2025-11-06,AU,2.07239155737233
2025-11-06,CA,3.3493682036702
2025-11-06,DE,3.15005791723706
2025-11-06,FR,0.621834911885496
2025-11-06,GB,2.50635212121847
2025-11-06,IE,2.17002156084877
2025-11-06,US,6.91114845396467
2025-11-06,JP,2.33430087752731
2025-11-07,AU,2.09296520982406
2025-11-07,CA,3.36498472848604
2025-11-07,DE,3.18348746498805
2025-11-07,FR,0.63877544993754
2025-11-07,GB,2.51100720688599
2025-11-07,IE,2.1787100414544
2025-11-07,US,6.82809153848214
2025-11-07,JP,2.33527206136513
2025-11-08,AU,2.10098691677156
2025-11-08,CA,3.34690491057703
2025-11-08,DE,3.19062091253444
2025-11-08,FR,0.632108151638904
2025-11-08,GB,2.49289942341748
2025-11-08,IE,2.18536844274192
2025-11-08,US,6.72604780439154
2025-11-08,JP,2.32966970236055
2025-11-09,AU,2.11182190938659
2025-11-09,CA,3.34415396173642
2025-11-09,DE,3.17994179044855
2025-11-09,FR,0.62418344320841
2025-11-09,GB,2.49174168455755
2025-11-09,IE,2.18086942653481
2025-11-09,US,6.6382051127256
2025-11-09,JP,2.3437009807592
2025-11-10,AU,2.13244414252754
2025-11-10,CA,3.36169622927141
2025-11-10,DE,3.18543850865805
2025-11-10,FR,0.617891024111164
2025-11-10,GB,2.47779375256681
2025-11-10,IE,2.16277629915575
2025-11-10,US,6.54946556149154
2025-11-10,JP,2.33552305766608
2025-11-11,AU,2.12760703181793
2025-11-11,CA,3.38974818533173
2025-11-11,DE,3.19322248864299
2025-11-11,FR,0.61993450817446
2025-11-11,GB,2.46898972911826
2025-11-11,IE,2.17938919456294
2025-11-11,US,6.53834164717567
2025-11-11,JP,2.3340206637254
2025-11-12,AU,2.12994575605015
2025-11-12,CA,3.41176011902687
2025-11-12,DE,3.19749020708751
2025-11-12,FR,0.6145505851623
2025-11-12,GB,2.45657086653593
2025-11-12,IE,2.18865436682817
2025-11-12,US,6.54712875108129
2025-11-12,JP,2.33644944814621
2025-11-13,AU,2.12809873433008
2025-11-13,CA,3.43678416112307
2025-11-13,DE,3.20820265388141
2025-11-13,FR,0.615752180357752
2025-11-13,GB,2.44827396831569
2025-11-13,IE,2.20308779290696
2025-11-13,US,6.54266010655811
2025-11-13,JP,2.33530148440916
2025-11-14,AU,2.12236876993681
2025-11-14,CA,3.43275132368697
2025-11-14,DE,3.21487863277951
2025-11-14,FR,0.599117568080709
2025-11-14,GB,2.45160423872166
2025-11-14,IE,2.20032657124269
2025-11-14,US,6.54082725486572
2025-11-14,JP,2.33383543548262
2025-11-15,AU,2.1049217630501
2025-11-15,CA,3.44030446634014
2025-11-15,DE,3.22037820530059
2025-11-15,FR,0.602105880456644
2025-11-15,GB,2.449675245229
2025-11-15,IE,2.19891810017886
2025-11-15,US,6.53571597038046
2025-11-15,JP,2.32875776813817
2025-11-16,AU,2.09535799271656
2025-11-16,CA,3.44138862146444
2025-11-16,DE,3.22896145592609
2025-11-16,FR,0.60825885166551
2025-11-16,GB,2.43578107024378
2025-11-16,IE,2.21652892453421
2025-11-16,US,6.52269544092963
2025-11-16,JP,2.32140913989162
2025-11-17,AU,2.08728702372869
2025-11-17,CA,3.43677415060509
2025-11-17,DE,3.23248262541904
2025-11-17,FR,0.613371459486587
2025-11-17,GB,2.42353186326532
2025-11-17,IE,2.21503561840736
2025-11-17,US,6.52126744205634
2025-11-17,JP,2.33298708033311
2025-11-18,AU,2.08914741058211
2025-11-18,CA,3.40955625927685
2025-11-18,DE,3.24086032378224
2025-11-18,FR,0.603946331660717
2025-11-18,GB,2.42390051614954
2025-11-18,IE,2.20657878711716
2025-11-18,US,6.5109545475097
2025-11-18,JP,2.3360043934648
2025-11-19,AU,2.09932645413559
2025-11-19,CA,3.39048397758187
2025-11-19,DE,3.25324744005732
2025-11-19,FR,0.608559275711494
2025-11-19,GB,2.43278492336468
2025-11-19,IE,2.20533126942942
2025-11-19,US,6.51108282571201
2025-11-19,JP,2.3504370598237
2025-11-20,AU,2.11766367259659
2025-11-20,CA,3.36736352137828
2025-11-20,DE,3.2542036560233
2025-11-20,FR,0.611821551372811
2025-11-20,GB,2.44010155170395
2025-11-20,IE,2.19588622030944
2025-11-20,US,6.52395457147289
2025-11-20,JP,2.36340689623554
2025-11-21,AU,2.09936082954455
2025-11-21,CA,3.3488745922465
2025-11-21,DE,3.26290140697331
2025-11-21,FR,0.616801341442313
2025-11-21,GB,2.43410492071942
2025-11-21,IE,2.19353182204224
2025-11-21,US,6.53674595823159
2025-11-21,JP,2.36397709117961
2025-11-22,AU,2.07921971566831
2025-11-22,CA,3.3245952797832
2025-11-22,DE,3.28106438020943
2025-11-22,FR,0.613221691360722
2025-11-22,GB,2.44045781230019
2025-11-22,IE,2.21261774275928
2025-11-22,US,6.54714430524011
2025-11-22,JP,2.3623638699497
2025-11-23,AU,2.05808527066456
2025-11-23,CA,3.3196480343356
2025-11-23,DE,3.27781247202121
2025-11-23,FR,0.616969738354835
2025-11-23,GB,2.45331264598158
2025-11-23,IE,2.18803432659682
2025-11-23,US,6.55432486151081
2025-11-23,JP,2.35229161938755
2025-11-24,AU,2.03776221557285
2025-11-24,CA,3.32087337900365
2025-11-24,DE,3.28598888832183
2025-11-24,FR,0.615767887822646
2025-11-24,GB,2.46708163137865
2025-11-24,IE,2.20490261427111
2025-11-24,US,6.53633170221547
2025-11-24,JP,2.3706899673247
2025-11-25,AU,2.03856680575552
2025-11-25,CA,3.31509767355768
2025-11-25,DE,3.30406162303801
2025-11-25,FR,0.61841658098912
2025-11-25,GB,2.4611042766425
2025-11-25,IE,2.21032028645919
2025-11-25,US,6.51285821111741
2025-11-25,JP,2.39116526023038
2025-11-26,AU,2.02239297392983
2025-11-26,CA,3.31248270818883
2025-11-26,DE,3.2977505840795
2025-11-26,FR,0.616956642343342
2025-11-26,GB,2.46059490556885
2025-11-26,IE,2.18880606263296
2025-11-26,US,6.45765074138912
2025-11-26,JP,2.40622980946596
2025-11-27,AU,2.02084483533597
2025-11-27,CA,3.31696430234828
2025-11-27,DE,3.28587275295206
2025-11-27,FR,0.617862038382843
2025-11-27,GB,2.45794497053103
2025-11-27,IE,2.19924163045658
2025-11-27,US,6.36340417713233
2025-11-27,JP,2.41392679362647
2025-11-28,AU,2.01334651798269
2025-11-28,CA,3.32966974580287
2025-11-28,DE,3.26669172930634
2025-11-28,FR,0.61546637053291
2025-11-28,GB,2.45854475214822
2025-11-28,IE,2.19449372951511
2025-11-28,US,6.35154329234046
2025-11-28,JP,2.42221010716064
2025-11-29,AU,2.01737543136449
2025-11-29,CA,3.34823032384288
2025-11-29,DE,3.24396187639656
2025-11-29,FR,0.61748145486885
2025-11-29,GB,2.45821845362275
2025-11-29,IE,2.16831625517693
2025-11-29,US,6.3814395554476
2025-11-29,JP,2.43628229144893
2025-11-30,AU,2.01357323840014
2025-11-30,CA,3.36036136402362
2025-11-30,DE,3.22655741263253
2025-11-30,FR,0.612344509568302
2025-11-30,GB,2.44452462844897
2025-11-30,IE,2.16367333756261
2025-11-30,US,6.43151613263663
2025-11-30,JP,2.4534956817077
2025-12-01,AU,2.02950971391386
2025-12-01,CA,3.34889085420071
2025-12-01,DE,3.21703557448124
2025-12-01,FR,0.612750027185806
2025-12-01,GB,2.44018050059804
2025-12-01,IE,2.16077139146017
2025-12-01,US,6.47819139733961
2025-12-01,JP,2.42113592326414
2025-12-02,AU,2.00308631648296
2025-12-02,CA,3.3710020384022
2025-12-02,DE,3.19294255932587
2025-12-02,FR,0.610975405069808
2025-12-02,GB,2.45298941465524
2025-12-02,IE,2.1416368877789
2025-12-02,US,6.55857222258111
2025-12-02,JP,2.5100017475421
2025-12-03,AU,1.99052763250318
2025-12-03,CA,3.37874755068379
2025-12-03,DE,3.19299165560559
2025-12-03,FR,0.613570616526462
2025-12-03,GB,2.45533504243119
2025-12-03,IE,2.16806015408741
2025-12-03,US,6.65173091383822
2025-12-03,JP,2.53502239380735
2025-12-04,AU,1.97650360747711
2025-12-04,CA,3.3874285403781
2025-12-04,DE,3.20891996858966
2025-12-04,FR,0.618269656280975
2025-12-04,GB,2.47361765970557
2025-12-04,IE,2.14197993625391
2025-12-04,US,6.79166870396743
2025-12-04,JP,2.52556049393727
2025-12-05,AU,1.97649151755166
2025-12-05,CA,3.39237909466955
2025-12-05,DE,3.21896311922113
2025-12-05,FR,0.62302209787766
2025-12-05,GB,2.48441238491087
2025-12-05,IE,2.13320745878484
2025-12-05,US,6.84719431577736
2025-12-05,JP,2.52352606745468
2025-12-06,AU,1.97355446438064
2025-12-06,CA,3.39067183349065
2025-12-06,DE,3.22955899685414
2025-12-06,FR,0.629281966789767
2025-12-06,GB,2.48555894697146
2025-12-06,IE,2.12128565597526
2025-12-06,US,6.83609188437659
2025-12-06,JP,2.51851790540346
2025-12-07,AU,1.9594252640159
2025-12-07,CA,3.36250096249488
2025-12-07,DE,3.25943859628432
2025-12-07,FR,0.633546288551893
2025-12-07,GB,2.49947484946635
2025-12-07,IE,2.13932519683163
2025-12-07,US,6.81537744835025
2025-12-07,JP,2.52244626950498
2025-12-08,AU,1.92413540301565
2025-12-08,CA,3.3490558415408
2025-12-08,DE,3.25751868693997
2025-12-08,FR,0.634972493110583
2025-12-08,GB,2.50074349769143
2025-12-08,IE,2.12089725455075
2025-12-08,US,6.82034924445383
2025-12-08,JP,2.53223477771147
2025-12-09,AU,1.93013083714711
2025-12-09,CA,3.32283407916665
2025-12-09,DE,3.2702907282115
2025-12-09,FR,0.6343558628231
2025-12-09,GB,2.49789434562174
2025-12-09,IE,2.1330057381934
2025-12-09,US,6.79553909902757
2025-12-09,JP,2.42379790288416
2025-12-10,AU,1.92162412556844
2025-12-10,CA,3.33026258209068
2025-12-10,DE,3.26621373066324
2025-12-10,FR,0.634017832595641
2025-12-10,GB,2.48878828708458
2025-12-10,IE,2.08918396657848
2025-12-10,US,6.79001476631432
2025-12-10,JP,2.36221776922323
2025-12-11,AU,1.90697013404853
2025-12-11,CA,3.33340166335596
2025-12-11,DE,3.2780563424811
2025-12-11,FR,0.631373009285049
2025-12-11,GB,2.47534366641087
2025-12-11,IE,2.09106253418749
2025-12-11,US,6.77206788382387
2025-12-11,JP,2.34850788607369
2025-12-12,AU,1.88761577352516
2025-12-12,CA,3.33922866114966
2025-12-12,DE,3.28561625380007
2025-12-12,FR,0.626910856987567
2025-12-12,GB,2.47484218226501
2025-12-12,IE,2.08159723025313
2025-12-12,US,6.74957733535085
2025-12-12,JP,2.34894845675075
2025-12-13,AU,1.87343877991692
2025-12-13,CA,3.32405630567542
2025-12-13,DE,3.29890865923895
2025-12-13,FR,0.621152646081986
2025-12-13,GB,2.47564505607222
2025-12-13,IE,2.09498900433948
2025-12-13,US,6.74615119168815
2025-12-13,JP,2.3448822991931
2025-12-14,AU,1.87368119433117
2025-12-14,CA,3.33200240234412
2025-12-14,DE,3.3078074574236
2025-12-14,FR,0.620889289359733
2025-12-14,GB,2.47069563377031
2025-12-14,IE,2.08777852622418
2025-12-14,US,6.7623720799884
2025-12-14,JP,2.37040041509459
2025-12-15,AU,1.89361117215299
2025-12-15,CA,3.33393365110731
2025-12-15,DE,3.32029964811193
2025-12-15,FR,0.620145848251589
2025-12-15,GB,2.47005934643273
2025-12-15,IE,2.09302726061339
2025-12-15,US,6.76639718572348
2025-12-15,JP,2.38736736254159
2025-12-16,AU,1.8862951331969
2025-12-16,CA,3.32778639160117
2025-12-16,DE,3.31738694505841
2025-12-16,FR,0.625154609215355
2025-12-16,GB,2.46029968792687
2025-12-16,IE,2.09635468634138
2025-12-16,US,6.76161767824819
2025-12-16,JP,2.3932980600836
2025-12-17,AU,1.89554223600576
2025-12-17,CA,3.30727761120351
2025-12-17,DE,3.3306924848037
2025-12-17,FR,0.625763081904855
2025-12-17,GB,2.47230074406117
2025-12-17,IE,2.13582769281457
2025-12-17,US,6.74948755150052
2025-12-17,JP,2.39913109284374
2025-12-18,AU,1.90177996836446
2025-12-18,CA,3.28922979407624
2025-12-18,DE,3.32632460791365
2025-12-18,FR,0.626069386328378
2025-12-18,GB,2.47927457242106
2025-12-18,IE,2.13974281272224
2025-12-18,US,6.73286982673545
2025-12-18,JP,2.40414907237942
2025-12-19,AU,1.92261026910838
2025-12-19,CA,3.27670061588641
2025-12-19,DE,3.33027447632551
2025-12-19,FR,0.632197906254692
2025-12-19,GB,2.48011708062551
2025-12-19,IE,2.14223861519351
2025-12-19,US,6.72170212961147
2025-12-19,JP,2.39765534168761
2025-12-20,AU,1.93319387625087
2025-12-20,CA,3.27370797251759
2025-12-20,DE,3.31836949420891
2025-12-20,FR,0.630256536057459
2025-12-20,GB,2.48248252705214
2025-12-20,IE,2.15466119594519
2025-12-20,US,6.71647164927128
2025-12-20,JP,2.39623635233258
2025-12-21,AU,1.92889308109458
2025-12-21,CA,3.26761315745612
2025-12-21,DE,3.31746090599041
2025-12-21,FR,0.627444254162132
2025-12-21,GB,2.46698178699301
2025-12-21,IE,2.13452987567291
2025-12-21,US,6.68540531440594
2025-12-21,JP,2.35489220383823
2025-12-22,AU,1.92366729412477
2025-12-22,CA,3.2516329842387
2025-12-22,DE,3.29971260234381
2025-12-22,FR,0.626093049965308
2025-12-22,GB,2.44686912598972
2025-12-22,IE,2.14480592434032
2025-12-22,US,6.63351266854131
2025-12-22,JP,2.32722732305842
2025-12-23,AU,1.92153274144281
2025-12-23,CA,3.24238361329568
2025-12-23,DE,3.28293120282064
2025-12-23,FR,0.625070600659512
2025-12-23,GB,2.42832250775979
2025-12-23,IE,2.14834661354318
2025-12-23,US,6.5813922277584
2025-12-23,JP,2.31671465619262
2025-12-24,AU,1.91329110762791
2025-12-24,CA,3.20929054074179
2025-12-24,DE,3.24480423638339
2025-12-24,FR,0.625164563949038
2025-12-24,GB,2.39295349000551
2025-12-24,IE,2.11142788857452
2025-12-24,US,6.51091294532945
2025-12-24,JP,2.31365938307528
2025-12-25,AU,1.94738519388748
2025-12-25,CA,3.16975674594622
2025-12-25,DE,3.26894152775848
2025-12-25,FR,0.633163600994976
2025-12-25,GB,2.36958647914372
2025-12-25,IE,2.09839800397137
2025-12-25,US,6.4572541335881
2025-12-25,JP,2.31367080287339
2025-12-26,AU,1.98894002211991
2025-12-26,CA,3.20171655078452
2025-12-26,DE,3.32403284266957
2025-12-26,FR,0.635804980026515
2025-12-26,GB,2.39670997690316
2025-12-26,IE,2.17528982557033
2025-12-26,US,6.49461197086854
2025-12-26,JP,2.32081490925864
2025-12-27,AU,2.05867138774674
2025-12-27,CA,3.26918887267821
2025-12-27,DE,3.38709280023943
2025-12-27,FR,0.646392859636624
2025-12-27,GB,2.43457987713939
2025-12-27,IE,2.21942292471501
2025-12-27,US,6.57793346804343
2025-12-27,JP,2.32693335944799
2025-12-28,AU,2.13520870011682
2025-12-28,CA,3.33527090616655
2025-12-28,DE,3.44572576904518
2025-12-28,FR,0.662145201268219
2025-12-28,GB,2.486153789716
2025-12-28,IE,2.27911687352752
2025-12-28,US,6.66955217842232
2025-12-28,JP,2.32419628589841
2025-12-29,AU,2.18774858675701
2025-12-29,CA,3.40622152478413
2025-12-29,DE,3.49082437949465
2025-12-29,FR,0.671773472179171
2025-12-29,GB,2.53604727871662
2025-12-29,IE,2.3005363764085
2025-12-29,US,6.74894861729425
2025-12-29,JP,2.31515469802963
2025-12-30,AU,2.24605751428201
2025-12-30,CA,3.453414792588
2025-12-30,DE,3.54259978727789
2025-12-30,FR,0.677015406128248
2025-12-30,GB,2.58429415751203
2025-12-30,IE,2.353608332707
2025-12-30,US,6.82943116438362
2025-12-30,JP,2.29919142495878
2025-12-31,AU,2.29522554911477
2025-12-31,CA,3.50805662731773
2025-12-31,DE,3.59034781651022
2025-12-31,FR,0.690361044971088
2025-12-31,GB,2.61662000840379
2025-12-31,IE,2.43605665041597
2025-12-31,US,6.91598139118405
2025-12-31,JP,2.27417906451646
2026-01-01,AU,2.32855955876239
2026-01-01,CA,3.61824256520513
2026-01-01,DE,3.67830386761504
2026-01-01,FR,0.698289586907834
2026-01-01,GB,2.68278837546608
2026-01-01,IE,2.51778166225058
2026-01-01,US,7.02409156490958
2026-01-01,JP,2.26084493069583
2026-01-02,AU,2.34809157643165
2026-01-02,CA,3.65264267312398
2026-01-02,DE,3.71974758272272
2026-01-02,FR,0.70844948664555
2026-01-02,GB,2.70067214928555
2026-01-02,IE,2.4998623288479
2026-01-02,US,7.06493555851035
2026-01-02,JP,2.28399811903828
2026-01-03,AU,2.35128103678444
2026-01-03,CA,3.67124497605117
2026-01-03,DE,3.78324199038882
2026-01-03,FR,0.718072129379046
2026-01-03,GB,2.71470793816448
2026-01-03,IE,2.49199385155272
2026-01-03,US,7.08504820256064
2026-01-03,JP,2.32086966783577
2026-01-04,AU,2.36171273603854
2026-01-04,CA,3.6840360335134
2026-01-04,DE,3.86306384244441
2026-01-04,FR,0.722069671059924
2026-01-04,GB,2.74692265243065
2026-01-04,IE,2.54612004914273
2026-01-04,US,7.09767654150197
2026-01-04,JP,2.37672947188053
2026-01-05,AU,2.37548855555598
2026-01-05,CA,3.67197009861821
2026-01-05,DE,3.91843973122042
2026-01-05,FR,0.727707798761064
2026-01-05,GB,2.76395589842549
2026-01-05,IE,2.57516585351562
2026-01-05,US,7.11132686418921
2026-01-05,JP,2.4155392319184
2026-01-06,AU,2.37671417971045
2026-01-06,CA,3.67848542973879
2026-01-06,DE,3.95571416343324
2026-01-06,FR,0.735932571634516
2026-01-06,GB,2.77595198856832
2026-01-06,IE,2.54784485902014
2026-01-06,US,7.1235355044251
2026-01-06,JP,2.45450365651267
2026-01-07,AU,2.38547161126273
2026-01-07,CA,3.69144904381774
2026-01-07,DE,4.01384985727184
2026-01-07,FR,0.737075804512652
2026-01-07,GB,2.80546492315109
2026-01-07,IE,2.52941472575996
2026-01-07,US,7.15530969044046
2026-01-07,JP,2.50121606345004
2026-01-08,AU,2.37754193872832
2026-01-08,CA,3.65636680885638
2026-01-08,DE,3.95510969910245
2026-01-08,FR,0.729776505708098
2026-01-08,GB,2.79017861038842
2026-01-08,IE,2.51699924255701
2026-01-08,US,7.1668060179437
2026-01-08,JP,2.53245699781793
2026-01-09,AU,2.37669207250735
2026-01-09,CA,3.60603423831065
2026-01-09,DE,3.91806370370985
2026-01-09,FR,0.722703500600146
2026-01-09,GB,2.77547562952668
2026-01-09,IE,2.49110543375297
2026-01-09,US,7.14594530353547
2026-01-09,JP,2.5220105834735
2026-01-10,AU,2.37786224464474
2026-01-10,CA,3.55637296860832
2026-01-10,DE,3.88216334352941
2026-01-10,FR,0.713111378725284
2026-01-10,GB,2.76738590993535
2026-01-10,IE,2.48930435337425
2026-01-10,US,7.10974193958408
2026-01-10,JP,2.50205193487243
2026-01-11,AU,2.37877786701021
2026-01-11,CA,3.52650010171444
2026-01-11,DE,3.83522607658049
2026-01-11,FR,0.702913031648316
2026-01-11,GB,2.75905902671519
2026-01-11,IE,2.45935895541092
2026-01-11,US,7.07848752850892
2026-01-11,JP,2.47530342576908
2026-01-12,AU,2.38552779398181
2026-01-12,CA,3.51363352363575
2026-01-12,DE,3.8250185093092
2026-01-12,FR,0.697827073570752
2026-01-12,GB,2.75036545212994
2026-01-12,IE,2.43568313430058
2026-01-12,US,7.06773382850252
2026-01-12,JP,2.48959825905796
2026-01-13,AU,2.41048303019182
2026-01-13,CA,3.49153585247624
2026-01-13,DE,3.80107780413492
2026-01-13,FR,0.68909488203583
2026-01-13,GB,2.75231331755297
2026-01-13,IE,2.4211978919965
2026-01-13,US,7.07276716632423
2026-01-13,JP,2.55800093714651
2026-01-14,AU,2.41292883698647
2026-01-14,CA,3.47577854318631
2026-01-14,DE,3.78058381484781
2026-01-14,FR,0.680205459532122
2026-01-14,GB,2.74707461485546
2026-01-14,IE,2.43734688195041
2026-01-14,US,7.06788799465047
2026-01-14,JP,2.58482359312899
2026-01-15,AU,2.41300266141578
2026-01-15,CA,3.47618464524531
2026-01-15,DE,3.77554472526741
2026-01-15,FR,0.675904308759364
2026-01-15,GB,2.74011110999435
2026-01-15,IE,2.41335172703694
2026-01-15,US,7.03956579587204
2026-01-15,JP,2.58974034498454
2026-01-16,AU,2.40510324869291
2026-01-16,CA,3.49174211199051
2026-01-16,DE,3.74457026275047
2026-01-16,FR,0.670380043867122
2026-01-16,GB,2.72496287670408
2026-01-16,IE,2.42651145514708
2026-01-16,US,7.01051766353852
2026-01-16,JP,2.57989299595453
2026-01-17,AU,2.39465987391707
2026-01-17,CA,3.49525809933911
2026-01-17,DE,3.7001385522138
2026-01-17,FR,0.666282495058719
2026-01-17,GB,2.70915731645043
2026-01-17,IE,2.39859232344232
2026-01-17,US,7.00292576194837
2026-01-17,JP,2.580081623867
2026-01-18,AU,2.38500277872576
2026-01-18,CA,3.49034468905529
2026-01-18,DE,3.64167957824539
2026-01-18,FR,0.662914890593798
2026-01-18,GB,2.68336214354193
2026-01-18,IE,2.35818157030637
2026-01-18,US,6.99101421224838
2026-01-18,JP,2.59223547069715
2026-01-19,AU,2.37936572933913
2026-01-19,CA,3.49121786593045
2026-01-19,DE,3.60249794425494
2026-01-19,FR,0.658537156948179
2026-01-19,GB,2.67392127579756
2026-01-19,IE,2.36079889132663
2026-01-19,US,6.98196438347372
2026-01-19,JP,2.58165432368574
2026-01-20,AU,2.36719647273519
2026-01-20,CA,3.50544363141399
2026-01-20,DE,3.58813927710589
2026-01-20,FR,0.655320806197547
2026-01-20,GB,2.66075373062738
2026-01-20,IE,2.38354938792092
2026-01-20,US,6.97417819426442
2026-01-20,JP,2.52019615028393
2026-01-21,AU,2.37115443035087
2026-01-21,CA,3.50808271008858
2026-01-21,DE,3.57337949877899
2026-01-21,FR,0.6582145975493
2026-01-21,GB,2.64966628023276
2026-01-21,IE,2.36710755577071
2026-01-21,US,6.9598747084354
2026-01-21,JP,2.50784748330381
2026-01-22,AU,2.36931358220544
2026-01-22,CA,3.50235971787164
2026-01-22,DE,3.55892340158135
2026-01-22,FR,0.660971198855861
2026-01-22,GB,2.64274580779341
2026-01-22,IE,2.37541266339345
2026-01-22,US,6.92416751026329
2026-01-22,JP,2.51909638414973
2026-01-23,AU,2.3517067839541
2026-01-23,CA,3.49073135832806
2026-01-23,DE,3.5574270275302
2026-01-23,FR,0.662870852446066
2026-01-23,GB,2.63743333099306
2026-01-23,IE,2.38807833162449
2026-01-23,US,6.91384524995034
2026-01-23,JP,2.53779088620577
2026-01-24,AU,2.36544412152187
2026-01-24,CA,3.48582067878232
2026-01-24,DE,3.54701656671383
2026-01-24,FR,0.664949250066505
2026-01-24,GB,2.6243562105336
2026-01-24,IE,2.40120354163005
2026-01-24,US,6.9056415655717
2026-01-24,JP,2.55607813919529
2026-01-25,AU,2.35089946099942
2026-01-25,CA,3.48558413565622
2026-01-25,DE,3.55482123663703
2026-01-25,FR,0.670245397980009
2026-01-25,GB,2.61440185612666
2026-01-25,IE,2.42527094174101
2026-01-25,US,6.93329214388798
2026-01-25,JP,2.58458932428587
2026-01-26,AU,2.35038662130632
2026-01-26,CA,3.50178173450272
2026-01-26,DE,3.56681845852664
2026-01-26,FR,0.673410079426059
2026-01-26,GB,2.60704176411492
2026-01-26,IE,2.4142567471211
2026-01-26,US,6.97497118573866
2026-01-26,JP,2.60562890849188
2026-01-27,AU,2.34832958965682
2026-01-27,CA,3.51177437116864
2026-01-27,DE,3.55948687185187
2026-01-27,FR,0.678024820843296
2026-01-27,GB,2.61017295109408
2026-01-27,IE,2.41123213259171
2026-01-27,US,6.99246316321787
2026-01-27,JP,2.62220815242195
2026-01-28,AU,2.35746766499753
2026-01-28,CA,3.52300849521418
2026-01-28,DE,3.55559244860221
2026-01-28,FR,0.677933314749954
2026-01-28,GB,2.61143153693745
2026-01-28,IE,2.40979730464905
2026-01-28,US,7.01900578977538
2026-01-28,JP,2.62658686580116
2026-01-29,AU,2.37344175996121
2026-01-29,CA,3.51840231083461
2026-01-29,DE,3.5316882181221
2026-01-29,FR,0.677376250869596
2026-01-29,GB,2.60778548812285
2026-01-29,IE,2.40620361310555
2026-01-29,US,7.05878874464255
2026-01-29,JP,2.62522932995626
2026-01-30,AU,2.38751409593732
2026-01-30,CA,3.52230368030802
2026-01-30,DE,3.52632776714699
2026-01-30,FR,0.676038054324814
2026-01-30,GB,2.6131910290735
2026-01-30,IE,2.40071783098135
2026-01-30,US,7.08888133533006
2026-01-30,JP,2.62661125367876
2026-01-31,AU,2.40547680192212
2026-01-31,CA,3.52883176343767
2026-01-31,DE,3.52782692339586
2026-01-31,FR,0.675910695743554
2026-01-31,GB,2.62574789099415
2026-01-31,IE,2.39042948300264
2026-01-31,US,7.12578283539593
2026-01-31,JP,2.6073476146849
2026-02-01,AU,2.43011411185512
2026-02-01,CA,3.52865459682341
2026-02-01,DE,3.55457613684966
2026-02-01,FR,0.671602274523874
2026-02-01,GB,2.64065827799989
2026-02-01,IE,2.37554620965874
2026-02-01,US,7.13049089199059
2026-02-01,JP,2.56846803751783
2026-02-02,AU,2.42536206922624
2026-02-02,CA,3.5148787917327
2026-02-02,DE,3.54734211991513
2026-02-02,FR,0.670608879875475
2026-02-02,GB,2.64662970814076
2026-02-02,IE,2.40612153460082
2026-02-02,US,7.12204919818777
2026-02-02,JP,2.54405698979011
2026-02-03,AU,2.42615604546812
2026-02-03,CA,3.50507850590588
2026-02-03,DE,3.56461263434125
2026-02-03,FR,0.670026345989519
2026-02-03,GB,2.64255999928297
2026-02-03,IE,2.41598233460885
2026-02-03,US,7.13487201533067
2026-02-03,JP,2.51542544408377
2026-02-04,AU,2.42644985373146
2026-02-04,CA,3.50306753462415
2026-02-04,DE,3.57695985717779
2026-02-04,FR,0.664558164417746
2026-02-04,GB,2.64043589829639
2026-02-04,IE,2.43174786135533
2026-02-04,US,7.14997326877057
2026-02-04,JP,2.49759011120178
2026-02-05,AU,2.4073071072275
2026-02-05,CA,3.51343826539618
2026-02-05,DE,3.59088850875874
2026-02-05,FR,0.663826447075665
2026-02-05,GB,2.64562567735581
2026-02-05,IE,2.44193102572188
2026-02-05,US,7.18530429077286
2026-02-05,JP,2.47153445270562
2026-02-06,AU,2.41072079626194
2026-02-06,CA,3.52088130461331
2026-02-06,DE,3.59325572853304
2026-02-06,FR,0.661440456590326
2026-02-06,GB,2.64091591213022
2026-02-06,IE,2.4613645956016
2026-02-06,US,7.20548813214366
2026-02-06,JP,2.45657060564645
2026-02-07,AU,2.38372464303657
2026-02-07,CA,3.52975278119907
2026-02-07,DE,3.58524048988547
2026-02-07,FR,0.658520783229996
2026-02-07,GB,2.62592675039475
2026-02-07,IE,2.46895483966595
2026-02-07,US,7.20350396840427
2026-02-07,JP,2.46663221662385
2026-02-08,AU,2.39498776371556
2026-02-08,CA,3.52833270450974
2026-02-08,DE,3.55195299377893
2026-02-08,FR,0.658187518015117
2026-02-08,GB,2.60995643263989
2026-02-08,IE,2.49438099462276
2026-02-08,US,7.19115464868009
2026-02-08,JP,2.5140548271211
2026-02-09,AU,2.37838165693852
2026-02-09,CA,3.52897336035182
2026-02-09,DE,3.54758063063048
2026-02-09,FR,0.653949332779394
2026-02-09,GB,2.60281108604846
2026-02-09,IE,2.49141397752237
2026-02-09,US,7.18461730694425
2026-02-09,JP,2.53748387854703
2026-02-10,AU,2.37315943033824
2026-02-10,CA,3.53077277718373
2026-02-10,DE,3.53722073486621
2026-02-10,FR,0.6485702627304
2026-02-10,GB,2.5942207856002
2026-02-10,IE,2.4767623275106
2026-02-10,US,7.17755101089267
2026-02-10,JP,2.53730669592505
2026-02-11,AU,2.36568238403017
2026-02-11,CA,3.53134467029257
2026-02-11,DE,3.52826861014439
2026-02-11,FR,0.64544687078756
2026-02-11,GB,2.58205212354008
2026-02-11,IE,2.46933479576331
2026-02-11,US,7.16776727952908
2026-02-11,JP,2.55550493741173
2026-02-12,AU,2.36749840307522
2026-02-12,CA,3.53098368776142
2026-02-12,DE,3.53723122592931
2026-02-12,FR,0.638669762662821
2026-02-12,GB,2.56110383126825
2026-02-12,IE,2.45969547169332
2026-02-12,US,7.14826081129123
2026-02-12,JP,2.57238368244737
2026-02-13,AU,2.38081464659258
2026-02-13,CA,3.51497622785614
2026-02-13,DE,3.5395900687865
2026-02-13,FR,0.635994667924077
2026-02-13,GB,2.54542405643497
2026-02-13,IE,2.43914751229779
2026-02-13,US,7.12854422235179
2026-02-13,JP,2.57791370507248
2026-02-14,AU,2.40297058690944
2026-02-14,CA,3.48605526867064
2026-02-14,DE,3.55202412409327
2026-02-14,FR,0.636533554161331
2026-02-14,GB,2.52987036927952
2026-02-14,IE,2.43383694609821
2026-02-14,US,7.10822064289025
2026-02-14,JP,2.57081524344297
2026-02-15,AU,2.39520091302976
2026-02-15,CA,3.47132357380535
2026-02-15,DE,3.56817325597686
2026-02-15,FR,0.633144081864687
2026-02-15,GB,2.51683293286231
2026-02-15,IE,2.40549562323576
2026-02-15,US,7.09588791654001
2026-02-15,JP,2.53082737428441
2026-02-16,AU,2.41696740999066
2026-02-16,CA,3.4830132787621
2026-02-16,DE,3.57260164146796
2026-02-16,FR,0.63165887050355
2026-02-16,GB,2.4987107033779
2026-02-16,IE,2.39177867356366
2026-02-16,US,7.08586805515957
2026-02-16,JP,2.50767500773612
2026-02-17,AU,2.42792327331724
2026-02-17,CA,3.48590563366084
2026-02-17,DE,3.57907041892255
2026-02-17,FR,0.63103424997008
2026-02-17,GB,2.47374426592462
2026-02-17,IE,2.39773834584364
2026-02-17,US,7.07319128978478
2026-02-17,JP,2.51372802847925
2026-02-18,AU,2.41451559514469
2026-02-18,CA,3.49989918835425
2026-02-18,DE,3.57181527020326
2026-02-18,FR,0.632045821555788
2026-02-18,GB,2.46733291244405
2026-02-18,IE,2.3878823327262
2026-02-18,US,7.0877066225384
2026-02-18,JP,2.50283995270011
2026-02-19,AU,2.41998622744474
2026-02-19,CA,3.5097405669906
2026-02-19,DE,3.56868090953399
2026-02-19,FR,0.634363661062019
2026-02-19,GB,2.46970247419897
2026-02-19,IE,2.37366264409041
2026-02-19,US,7.10087917549188
2026-02-19,JP,2.50004547932239
2026-02-20,AU,2.39235828605576
2026-02-20,CA,3.5258594253769
2026-02-20,DE,3.57876947515903
2026-02-20,FR,0.63626766522799
2026-02-20,GB,2.46864248416265
2026-02-20,IE,2.34477132044321
2026-02-20,US,7.12686202908723
2026-02-20,JP,2.5022024053552
2026-02-21,AU,2.37510570738597
2026-02-21,CA,3.5476489646972
2026-02-21,DE,3.59227385092701
2026-02-21,FR,0.634312352070016
2026-02-21,GB,2.47991586613887
2026-02-21,IE,2.33521219541648
2026-02-21,US,7.14096776555907
2026-02-21,JP,2.49328133378206
2026-02-22,AU,2.36765894464713
2026-02-22,CA,3.56678913743549
2026-02-22,DE,3.59863038389593
2026-02-22,FR,0.638312704274635
2026-02-22,GB,2.48917096347883
2026-02-22,IE,2.32531914820691
2026-02-22,US,7.16654446222506
2026-02-22,JP,2.46141070998534
2026-02-23,AU,2.35587725310017
2026-02-23,CA,3.53838477273443
2026-02-23,DE,3.5917507110293
2026-02-23,FR,0.640906870497501
2026-02-23,GB,2.49877453839301
2026-02-23,IE,2.30618939913096
2026-02-23,US,7.20826448477289
2026-02-23,JP,2.46971560523301
2026-02-24,AU,2.32516325490857
2026-02-24,CA,3.53137091208564
2026-02-24,DE,3.58898232685369
2026-02-24,FR,0.642267317629124
2026-02-24,GB,2.51183794306112
2026-02-24,IE,2.28680722023911
2026-02-24,US,7.24052657225614
2026-02-24,JP,2.46887932230604
2026-02-25,AU,2.34018755200936
2026-02-25,CA,3.50102189877629
2026-02-25,DE,3.57849042426302
2026-02-25,FR,0.642953502564128
2026-02-25,GB,2.51369523954738
2026-02-25,IE,2.26403885494998
2026-02-25,US,7.23891430528409
2026-02-25,JP,2.46716872594001
2026-02-26,AU,2.31017649447624
2026-02-26,CA,3.47233623869006
2026-02-26,DE,3.5533254902334
2026-02-26,FR,0.641868809462273
2026-02-26,GB,2.51357709322302
2026-02-26,IE,2.25221330319027
2026-02-26,US,7.235440047166
2026-02-26,JP,2.47145934026506
2026-02-27,AU,2.29813259878804
2026-02-27,CA,3.46187354884765
2026-02-27,DE,3.53043733842368
2026-02-27,FR,0.644859054643139
2026-02-27,GB,2.51983019050991
2026-02-27,IE,2.23882579360156
2026-02-27,US,7.22755863499755
2026-02-27,JP,2.46570474807281
2026-02-28,AU,2.26394575190327
2026-02-28,CA,3.4430813652079
2026-02-28,DE,3.5060826418938
2026-02-28,FR,0.648392650888078
2026-02-28,GB,2.50547410717119
2026-02-28,IE,2.21200103472109
2026-02-28,US,7.21743064112584
2026-02-28,JP,2.45712928989045
2026-03-01,AU,2.23543312625785
2026-03-01,CA,3.42267499224771
2026-03-01,DE,3.47461756638972
2026-03-01,FR,0.644994767620036
2026-03-01,GB,2.48906835822856
2026-03-01,IE,2.19755718780671
2026-03-01,US,7.20642741514564
2026-03-01,JP,2.47824131084636
2026-03-02,AU,2.23027132749025
2026-03-02,CA,3.41499794547405
2026-03-02,DE,3.46499062021411
2026-03-02,FR,0.644194947660899
2026-03-02,GB,2.47982053189201
2026-03-02,IE,2.17055280318398
2026-03-02,US,7.18953038085563
2026-03-02,JP,2.45434172498699
2026-03-03,AU,2.23445058248487
2026-03-03,CA,3.39778111134723
2026-03-03,DE,3.4441696056947
2026-03-03,FR,0.643515761688867
2026-03-03,GB,2.47235979174522
2026-03-03,IE,2.14751623346869
2026-03-03,US,7.19580521934261
2026-03-03,JP,2.52067860079317
2026-03-04,AU,2.21841892734743
2026-03-04,CA,3.39875859812861
2026-03-04,DE,3.44537572764168
2026-03-04,FR,0.644615394989635
2026-03-04,GB,2.4720032995081
2026-03-04,IE,2.13614744317552
2026-03-04,US,7.19959700987471
2026-03-04,JP,2.538229875244
2026-03-05,AU,2.235722400091
2026-03-05,CA,3.39633062259532
2026-03-05,DE,3.4417338766139
2026-03-05,FR,0.640878941082687
2026-03-05,GB,2.46664678622349
2026-03-05,IE,2.14241613920379
2026-03-05,US,7.20963687645415
2026-03-05,JP,2.51830263566509
2026-03-06,AU,2.24127744682475
2026-03-06,CA,3.38047779281054
2026-03-06,DE,3.44064099118815
2026-03-06,FR,0.634967913368001
2026-03-06,GB,2.46813531841026
2026-03-06,IE,2.14930130853187
2026-03-06,US,7.22011226059312
2026-03-06,JP,2.50304704760997
2026-03-07,AU,2.26251743792059
2026-03-07,CA,3.36662618053928
2026-03-07,DE,3.42707830992818
2026-03-07,FR,0.625287479870408
2026-03-07,GB,2.47131064621822
2026-03-07,IE,2.14789281420669
2026-03-07,US,7.2368908667919
2026-03-07,JP,2.50293336102263
2026-03-08,AU,2.29391840150364
2026-03-08,CA,3.36035998438016
2026-03-08,DE,3.4104062906721
2026-03-08,FR,0.621696287992314
2026-03-08,GB,2.47192884946491
2026-03-08,IE,2.16068816689296
2026-03-08,US,7.23934756962573
2026-03-08,JP,2.49379072796182
2026-03-09,AU,2.28873739744461
2026-03-09,CA,3.35926007754692
2026-03-09,DE,3.39729702659149
2026-03-09,FR,0.619853035423468
2026-03-09,GB,2.47328543611774
2026-03-09,IE,2.16576428772569
2026-03-09,US,7.22980046692912
2026-03-09,JP,2.49526363617332
2026-03-10,AU,2.29832789572644
2026-03-10,CA,3.34861238747787
2026-03-10,DE,3.38311969474083
2026-03-10,FR,0.616100810917562
2026-03-10,GB,2.48180076302582
2026-03-10,IE,2.16427832920785
2026-03-10,US,7.20982865093516
2026-03-10,JP,2.41286284336836
2026-03-11,AU,2.30137829006685
2026-03-11,CA,3.34198717892509
2026-03-11,DE,3.36245675481718
2026-03-11,FR,0.610566766572439
2026-03-11,GB,2.48773148959822
2026-03-11,IE,2.16320612809338
2026-03-11,US,7.20662938601705
2026-03-11,JP,2.3833144286975
2026-03-12,AU,2.28816560257597
2026-03-12,CA,3.34127431293456
2026-03-12,DE,3.35938310254299
2026-03-12,FR,0.608847630467739
2026-03-12,GB,2.49955530275983
2026-03-12,IE,2.1429798405799
2026-03-12,US,7.20495637881599
2026-03-12,JP,2.3872992502164
2026-03-13,AU,2.31348232142598
2026-03-13,CA,3.34303009264476
2026-03-13,DE,3.33867265580875
2026-03-13,FR,0.601979683160989
2026-03-13,GB,2.50086139875686
2026-03-13,IE,2.12731970776886
2026-03-13,US,7.19553905243953
2026-03-13,JP,2.38194686286806
2026-03-14,AU,2.29413862963619
2026-03-14,CA,3.35629149726914
2026-03-14,DE,3.34971002719962
2026-03-14,FR,0.600085851944748
2026-03-14,GB,2.50453953977811
2026-03-14,IE,2.14007311035022
2026-03-14,US,7.1882734595037
2026-03-14,JP,2.38383162747198
2026-03-15,AU,2.27156308380474
2026-03-15,CA,3.3590326213718
2026-03-15,DE,3.35904159061968
2026-03-15,FR,0.594202115337388
2026-03-15,GB,2.49850210123146
2026-03-15,IE,2.0942301019128
2026-03-15,US,7.20204667185996
2026-03-15,JP,2.38392752833553
2026-03-16,AU,2.27141137873536
2026-03-16,CA,3.3657446882547
2026-03-16,DE,3.36014152232427
2026-03-16,FR,0.590175742270339
2026-03-16,GB,2.50123818196469
2026-03-16,IE,2.08328558470921
2026-03-16,US,7.2232341881836
2026-03-16,JP,2.38202317934037
2026-03-17,AU,2.27581345597124
2026-03-17,CA,3.38561476270394
2026-03-17,DE,3.38523997527006
2026-03-17,FR,0.584894160140012
2026-03-17,GB,2.50400640681009
2026-03-17,IE,2.12602637969165
2026-03-17,US,7.24766818201828
2026-03-17,JP,2.37255234953902
2026-03-18,AU,2.28253800192966
2026-03-18,CA,3.39151160731073
2026-03-18,DE,3.39597924889942
2026-03-18,FR,0.583438848849125
2026-03-18,GB,2.49851715258243
2026-03-18,IE,2.14815800003984
2026-03-18,US,7.26982416332405
2026-03-18,JP,2.35374180641435
2026-03-19,AU,2.30749408931596
2026-03-19,CA,3.39002621489906
2026-03-19,DE,3.40462442570529
2026-03-19,FR,0.579395463854033
2026-03-19,GB,2.47777341642608
2026-03-19,IE,2.14233553899668
2026-03-19,US,7.28719963175157
2026-03-19,JP,2.3229471556313
2026-03-20,AU,2.30490965468114
2026-03-20,CA,3.39428950823605
2026-03-20,DE,3.42343811909786
2026-03-20,FR,0.582155673975402
2026-03-20,GB,2.46699252913672
2026-03-20,IE,2.14843918337891
2026-03-20,US,7.30655550267993
2026-03-20,JP,2.32141695093825
2026-03-21,AU,2.35264633251268
2026-03-21,CA,3.39231411267847
2026-03-21,DE,3.42759439926235
2026-03-21,FR,0.583241253217684
2026-03-21,GB,2.4644494227945
2026-03-21,IE,2.15279701030544
2026-03-21,US,7.31767730456519
2026-03-21,JP,2.31169337182134
2026-03-22,AU,2.40289177446758
2026-03-22,CA,3.40912055899408
2026-03-22,DE,3.42748054772491
2026-03-22,FR,0.583799230980895
2026-03-22,GB,2.47617159462763
2026-03-22,IE,2.20751787472591
2026-03-22,US,7.32043529950889
2026-03-22,JP,2.30959227501504
2026-03-23,AU,2.44313680381099
2026-03-23,CA,3.41591245328654
2026-03-23,DE,3.4416285275904
2026-03-23,FR,0.583906774838014
2026-03-23,GB,2.48432874828904
2026-03-23,IE,2.23383032486661
2026-03-23,US,7.3116282458483
2026-03-23,JP,2.30729204297786
2026-03-24,AU,2.47334890871119
2026-03-24,CA,3.41448670379746
2026-03-24,DE,3.42769621230117
2026-03-24,FR,0.586239503873341
2026-03-24,GB,2.4892938530798
2026-03-24,IE,2.21536942168879
2026-03-24,US,7.29810960315159
2026-03-24,JP,2.30990013332247
2026-03-25,AU,2.52004148720376
2026-03-25,CA,3.41922940308649
2026-03-25,DE,3.43836621461004
2026-03-25,FR,0.588372037095068
2026-03-25,GB,2.496506561393
2026-03-25,IE,2.23060814408392
2026-03-25,US,7.28638060963688
2026-03-25,JP,2.3221453769025
2026-03-26,AU,2.56163920635222
2026-03-26,CA,3.43223954269727
2026-03-26,DE,3.45174843069876
2026-03-26,FR,0.5923667063546
2026-03-26,GB,2.51580143278864
2026-03-26,IE,2.27709429964753
2026-03-26,US,7.28054405595775
2026-03-26,JP,2.3365894042514
2026-03-27,AU,2.58530788961754
2026-03-27,CA,3.43291711614789
2026-03-27,DE,3.4601474216246
2026-03-27,FR,0.595104115077932
2026-03-27,GB,2.52994541310238
2026-03-27,IE,2.30379805189418
2026-03-27,US,7.27551589540966
2026-03-27,JP,2.34117787995938
2026-03-28,AU,2.57790735999387
2026-03-28,CA,3.4309967683603
2026-03-28,DE,3.46797648493897
2026-03-28,FR,0.600655792818058
2026-03-28,GB,2.54493505454232
2026-03-28,IE,2.30932359207378
2026-03-28,US,7.27155053702128
2026-03-28,JP,2.33815768965063
2026-03-29,AU,2.5448141207535
2026-03-29,CA,3.41306799050668
2026-03-29,DE,3.47634500693444
2026-03-29,FR,0.604538733669008
2026-03-29,GB,2.54163904199704
2026-03-29,IE,2.3080545322914
2026-03-29,US,7.26635027863489
2026-03-29,JP,2.33283610765465
2026-03-30,AU,2.5140328579349
2026-03-30,CA,3.3949819269297
2026-03-30,DE,3.47497183035448
2026-03-30,FR,0.604527125211736
2026-03-30,GB,2.52279118993022
2026-03-30,IE,2.30021892887611
2026-03-30,US,7.26700732092346
2026-03-30,JP,2.33138757446284
2026-03-31,AU,2.47131984381234
2026-03-31,CA,3.39463283554091
2026-03-31,DE,3.47538272895747
2026-03-31,FR,0.60155478365592
2026-03-31,GB,2.50100305065115
2026-03-31,IE,2.29109205370864
2026-03-31,US,7.2713727206469
2026-03-31,JP,2.32483184820567
2026-04-01,AU,2.40531295257386
2026-04-01,CA,3.38160555463351
2026-04-01,DE,3.47889323179529
2026-04-01,FR,0.59684474214311
2026-04-01,GB,2.48944891791855
2026-04-01,IE,2.27053276043329
2026-04-01,US,7.28104864570235
2026-04-01,JP,2.3560809700192
2026-04-02,AU,2.36001794151394
2026-04-02,CA,3.35903425680348
2026-04-02,DE,3.46743297874782
2026-04-02,FR,0.596923887437747
2026-04-02,GB,2.46866755842643
2026-04-02,IE,2.26301514911067
2026-04-02,US,7.28377433508297
2026-04-02,JP,2.3625185339582
2026-04-03,AU,2.34281468969775
2026-04-03,CA,3.36946755038322
2026-04-03,DE,3.49763903601237
2026-04-03,FR,0.596884300706692
2026-04-03,GB,2.46550524900716
2026-04-03,IE,2.25682227322691
2026-04-03,US,7.30357935378998
2026-04-03,JP,2.36099542367553
2026-04-04,AU,2.34703342256023
2026-04-04,CA,3.38049116763322
2026-04-04,DE,3.50890674641654
2026-04-04,FR,0.590555832144494
2026-04-04,GB,2.46509150383654
2026-04-04,IE,2.26563865764888
2026-04-04,US,7.32123452111115
2026-04-04,JP,2.3671339546862
2026-04-05,AU,2.3494226165492
2026-04-05,CA,3.38486971090975
2026-04-05,DE,3.51234078031976
2026-04-05,FR,0.587033482458188
2026-04-05,GB,2.46389490917013
2026-04-05,IE,2.2667006476186
2026-04-05,US,7.33482396650715
2026-04-05,JP,2.42564811244979
2026-04-06,AU,2.38774471783952
2026-04-06,CA,3.41637911484137
2026-04-06,DE,3.58085363426182
2026-04-06,FR,0.598170641673661
2026-04-06,GB,2.49779779564668
2026-04-06,IE,2.33245286305993
2026-04-06,US,7.38499098638187
2026-04-06,JP,2.43730034842087
2026-04-07,AU,2.41812539117653
2026-04-07,CA,3.43250292925469
2026-04-07,DE,3.61588216257434
2026-04-07,FR,0.600748616440836
2026-04-07,GB,2.52374657480817
2026-04-07,IE,2.35385066843752
2026-04-07,US,7.43335883755295
2026-04-07,JP,2.4513688037791
2026-04-08,AU,2.4501842900021
2026-04-08,CA,3.45752131003916
2026-04-08,DE,3.63772907741525
2026-04-08,FR,0.605181989133108
2026-04-08,GB,2.54108926269671
2026-04-08,IE,2.4002325146881
2026-04-08,US,7.47105464432007
2026-04-08,JP,2.42012231820333
2026-04-09,AU,2.45715963793401
2026-04-09,CA,3.48024239495582
2026-04-09,DE,3.68058989832399
2026-04-09,FR,0.608640000452789
2026-04-09,GB,2.57460022078333
2026-04-09,IE,2.41699483869476
2026-04-09,US,7.5031816272524
2026-04-09,JP,2.42078366157489
2026-04-10,AU,2.45727030657695
2026-04-10,CA,3.46889710857851
2026-04-10,DE,3.67592115328292
2026-04-10,FR,0.60793830438889
2026-04-10,GB,2.58734395967339
2026-04-10,IE,2.43677135742675
2026-04-10,US,7.51578425859794
2026-04-10,JP,2.42242335281443
2026-04-11,AU,2.45324513607577
2026-04-11,CA,3.45984253426213
2026-04-11,DE,3.67856546404593
2026-04-11,FR,0.613274148071975
2026-04-11,GB,2.60441992613012
2026-04-11,IE,2.47204420248908
2026-04-11,US,7.52995959309985
2026-04-11,JP,2.41770189899487
2026-04-12,AU,2.44381936844487
2026-04-12,CA,3.46727468488954
2026-04-12,DE,3.71179733988564
2026-04-12,FR,0.621793560378841
2026-04-12,GB,2.64016601494161
2026-04-12,IE,2.52077492396632
2026-04-12,US,7.54593314333521
2026-04-12,JP,2.36473201095852
2026-04-13,AU,2.4081981344599
2026-04-13,CA,3.44424154258474
2026-04-13,DE,3.66451347998764
2026-04-13,FR,0.61300342484074
2026-04-13,GB,2.63655584638195
2026-04-13,IE,2.48095180881184
2026-04-13,US,7.51573866853005
2026-04-13,JP,2.3572174145383
2026-04-14,AU,2.38211820601734
2026-04-14,CA,3.42665527013745
2026-04-14,DE,3.64787997722215
2026-04-14,FR,0.616333265182423
2026-04-14,GB,2.64381148734736
2026-04-14,IE,2.47927290637004
2026-04-14,US,7.49563406415593
2026-04-14,JP,2.36125609818812
2026-04-15,AU,2.38090503147628
2026-04-15,CA,3.41476566022424
2026-04-15,DE,3.63242749149945
2026-04-15,FR,0.615364879178969
2026-04-15,GB,2.65209921828108
2026-04-15,IE,2.45877548615128
2026-04-15,US,7.47247291051594
2026-04-15,JP,2.36413911301383
2026-04-16,AU,2.3904791744389
2026-04-16,CA,3.41611969732127
2026-04-16,DE,3.60219377449197
2026-04-16,FR,0.610709528935298
2026-04-16,GB,2.6504528311708
2026-04-16,IE,2.45929472697669
2026-04-16,US,7.45661823935305
2026-04-16,JP,2.3649117565637
2026-04-17,AU,2.39478605133103
2026-04-17,CA,3.41363695280809
2026-04-17,DE,3.57533705530129
2026-04-17,FR,0.60984886849057
2026-04-17,GB,2.65004452123902
2026-04-17,IE,2.44239465384886
2026-04-17,US,7.44700515686373
2026-04-17,JP,2.3688766451448
2026-04-18,AU,2.38957496506152
2026-04-18,CA,3.42067861318291
2026-04-18,DE,3.55493595177124
2026-04-18,FR,0.610248708016377
2026-04-18,GB,2.64460547682949
2026-04-18,IE,2.4111417551962
2026-04-18,US,7.44672387496695
2026-04-18,JP,2.36707890852351
2026-04-19,AU,2.42302422469393
2026-04-19,CA,3.41017359367712
2026-04-19,DE,3.5335564168131
2026-04-19,FR,0.605701670560495
2026-04-19,GB,2.63264546827287
2026-04-19,IE,2.37158131239904
2026-04-19,US,7.44775458042424
2026-04-19,JP,2.37202625480027
2026-04-20,AU,2.42899534853601
2026-04-20,CA,3.41701881600138
2026-04-20,DE,3.526134094014
2026-04-20,FR,0.607740389540366
2026-04-20,GB,2.63403227429747
2026-04-20,IE,2.3600138598027
2026-04-20,US,7.46454084202043
2026-04-20,JP,2.37732760268471
2026-04-21,AU,2.4463868540988
2026-04-21,CA,3.41373737105534
2026-04-21,DE,3.52220473130116
2026-04-21,FR,0.60915295003389
2026-04-21,GB,2.64254120144125
2026-04-21,IE,2.34273352537495
2026-04-21,US,7.46655541499363
2026-04-21,JP,2.37382110587033
2026-04-22,AU,2.4580243289256
2026-04-22,CA,3.41376662244467
2026-04-22,DE,3.5351643737887
2026-04-22,FR,0.616881244893299
2026-04-22,GB,2.64688919770712
2026-04-22,IE,2.34170860507184
2026-04-22,US,7.47377056027405
2026-04-22,JP,2.36619594279741
2026-04-23,AU,2.46000516758821
2026-04-23,CA,3.40431913371536
2026-04-23,DE,3.54008749776765
2026-04-23,FR,0.623160351792592
2026-04-23,GB,2.65259480394653
2026-04-23,IE,2.31935892636221
2026-04-23,US,7.47942055988289
2026-04-23,JP,2.37010194110977
2026-04-24,AU,2.4402392196657
2026-04-24,CA,3.40274820825915
2026-04-24,DE,3.54663641443101
2026-04-24,FR,0.626202006723847
2026-04-24,GB,2.64572602224922
2026-04-24,IE,2.30786310468449
2026-04-24,US,7.48128441726776
2026-04-24,JP,2.367021890006
2026-04-25,AU,2.45268641428483
2026-04-25,CA,3.38790660213658
2026-04-25,DE,3.54196289406404
2026-04-25,FR,0.626506386198787
2026-04-25,GB,2.63335949222546
2026-04-25,IE,2.30990705517209
2026-04-25,US,7.47434181127598
2026-04-25,JP,2.37568247183545
2026-04-26,AU,2.43848633706465
2026-04-26,CA,3.38158729480918
2026-04-26,DE,3.51564391296394
2026-04-26,FR,0.634433603760846
2026-04-26,GB,2.62562899260309
2026-04-26,IE,2.29183860780548
2026-04-26,US,7.45304007145093
2026-04-26,JP,2.37111309857434
2026-04-27,AU,2.47039226569714
2026-04-27,CA,3.37953130506557
2026-04-27,DE,3.50646653585752
2026-04-27,FR,0.634429848482027
2026-04-27,GB,2.6142037981562
2026-04-27,IE,2.2947024317187
2026-04-27,US,7.43908636025463
2026-04-27,JP,2.36252877348911
2026-04-28,AU,2.49927334995028
2026-04-28,CA,3.38115848781448
2026-04-28,DE,3.48011427527612
2026-04-28,FR,0.63449917161312
2026-04-28,GB,2.60370207214527
2026-04-28,IE,2.29027636893435
2026-04-28,US,7.43072691953399
2026-04-28,JP,2.33721419667266
2026-04-29,AU,2.50982183608095
2026-04-29,CA,3.38011753816532
2026-04-29,DE,3.44130841811923
2026-04-29,FR,0.628716421872973
2026-04-29,GB,2.58916591721465
2026-04-29,IE,2.26375723436743
2026-04-29,US,7.42167656795242
2026-04-29,JP,2.34423404417293
2026-04-30,AU,2.53489191763284
2026-04-30,CA,3.39789921436318
2026-04-30,DE,3.40231213243818
2026-04-30,FR,0.623265179991006
2026-04-30,GB,2.5757142793363
2026-04-30,IE,2.25839337417505
2026-04-30,US,7.42000401492136
2026-04-30,JP,2.33708231542961
2026-05-01,AU,2.58551999082105
2026-05-01,CA,3.39916122113404
2026-05-01,DE,3.41494765488962
2026-05-01,FR,0.631967110020309
2026-05-01,GB,2.57143229937711
2026-05-01,IE,2.260618526561
2026-05-01,US,7.42296902369073
2026-05-01,JP,2.33590724228952
2026-05-02,AU,2.60012412005605
2026-05-02,CA,3.40138298222833
2026-05-02,DE,3.42725816626594
2026-05-02,FR,0.639894900825997
2026-05-02,GB,2.57513939201848
2026-05-02,IE,2.25130572941382
2026-05-02,US,7.42243400442933
2026-05-02,JP,2.33506333422665
2026-05-03,AU,2.62244130842947
2026-05-03,CA,3.40320827072275
2026-05-03,DE,3.44991626959363
2026-05-03,FR,0.635619274243454
2026-05-03,GB,2.56468180238476
2026-05-03,IE,2.26477461373919
2026-05-03,US,7.42642769853288
2026-05-03,JP,2.30489107068342
2026-05-04,AU,2.62424774668405
2026-05-04,CA,3.39453180410501
2026-05-04,DE,3.44657994415459
2026-05-04,FR,0.636637734749126
2026-05-04,GB,2.57690418389399
2026-05-04,IE,2.28745190557065
2026-05-04,US,7.42502775652724
2026-05-04,JP,2.28246200078568
2026-05-05,AU,2.62271254077222
2026-05-05,CA,3.39523865001045
2026-05-05,DE,3.4678958560726
2026-05-05,FR,0.637432097900036
2026-05-05,GB,2.5857721813822
2026-05-05,IE,2.28989711109766
2026-05-05,US,7.42136767200912
2026-05-05,JP,2.28866905561855
2026-05-06,AU,2.62820239266553
2026-05-06,CA,3.39892586877478
2026-05-06,DE,3.47962720154761
2026-05-06,FR,0.639948688197489
2026-05-06,GB,2.60082931894961
2026-05-06,IE,2.2985362444283
2026-05-06,US,7.41916923620608
2026-05-06,JP,2.29322734165513
2026-05-07,AU,2.6061924297651
2026-05-07,CA,3.38816552790175
2026-05-07,DE,3.50935766932366
2026-05-07,FR,0.64542849678033
2026-05-07,GB,2.61731823508427
2026-05-07,IE,2.30285746007835
2026-05-07,US,7.41239820490847
2026-05-07,JP,2.29203857326709
2026-05-08,AU,2.59518583072365
2026-05-08,CA,3.39047400305429
2026-05-08,DE,3.48613204007561
2026-05-08,FR,0.639370972520294
2026-05-08,GB,2.63072887609115
2026-05-08,IE,2.30231250680558
2026-05-08,US,7.40080151874496
2026-05-08,JP,2.29095245988391
2026-05-09,AU,2.56508764454135
2026-05-09,CA,3.3812526596822
2026-05-09,DE,3.47009031512573
2026-05-09,FR,0.633246592404193
2026-05-09,GB,2.63645459391989
2026-05-09,IE,2.28305098243496
2026-05-09,US,7.37760954420134
2026-05-09,JP,2.29709259019454
2026-05-10,AU,2.55302963422786
2026-05-10,CA,3.35378698004531
2026-05-10,DE,3.44150119704337
2026-05-10,FR,0.632349399476638
2026-05-10,GB,2.65631573970342
2026-05-10,IE,2.26490811175347
2026-05-10,US,7.31536476464417
2026-05-10,JP,2.33749194307912
2026-05-11,AU,2.53625403865328
2026-05-11,CA,3.35804399060544
2026-05-11,DE,3.45140767698198
2026-05-11,FR,0.63387784663276
2026-05-11,GB,2.65918452371257
2026-05-11,IE,2.21243636537991
2026-05-11,US,7.30784375425497
2026-05-11,JP,2.35988123657746
2026-05-12,AU,2.53233884439698
2026-05-12,CA,3.36308045913536
2026-05-12,DE,3.45576664562974
2026-05-12,FR,0.630426095941042
2026-05-12,GB,2.65464562738158
2026-05-12,IE,2.20427178542183
2026-05-12,US,7.30764044667904
2026-05-12,JP,2.38376430320105
2026-05-13,AU,2.54612530983662
2026-05-13,CA,3.37286402513014
2026-05-13,DE,3.47134210551055
2026-05-13,FR,0.627252674865578
2026-05-13,GB,2.6626541700575
2026-05-13,IE,2.20523312386281
2026-05-13,US,7.30182634530465
2026-05-13,JP,2.38201087201051
2026-05-14,AU,2.57822188480608
2026-05-14,CA,3.39077182108654
2026-05-14,DE,3.51884518104615
2026-05-14,FR,0.635407323644555
2026-05-14,GB,2.67225504619063
2026-05-14,IE,2.20195852475257
2026-05-14,US,7.28586017597051
2026-05-14,JP,2.39547818890823
2026-05-15,AU,2.57217924743098
2026-05-15,CA,3.4241456396268
2026-05-15,DE,3.56675950690649
2026-05-15,FR,0.634294573377198
2026-05-15,GB,2.68788512062157
2026-05-15,IE,2.19385300495195
2026-05-15,US,7.26875844418104
2026-05-15,JP,2.40086627605425
2026-05-16,AU,2.62233030472928
2026-05-16,CA,3.47607400780559
2026-05-16,DE,3.63298419648812
2026-05-16,FR,0.637506915055027
2026-05-16,GB,2.7070143147565
2026-05-16,IE,2.21426854637564
2026-05-16,US,7.25938050185838
2026-05-16,JP,2.39957274953869
2026-05-17,AU,2.65599015882366
2026-05-17,CA,3.51635689031122
2026-05-17,DE,3.68754583540623
2026-05-17,FR,0.637996056603384
2026-05-17,GB,2.70114349189827
2026-05-17,IE,2.21042056376197
2026-05-17,US,7.29118273624295
2026-05-17,JP,2.42057882197663
2026-05-18,AU,2.66799995805996
2026-05-18,CA,3.55504784784221
2026-05-18,DE,3.6955775095663
2026-05-18,FR,0.636000353231593
2026-05-18,GB,2.7017133213552
2026-05-18,IE,2.21060043453224
2026-05-18,US,7.2656981543651
2026-05-18,JP,2.4391499578822
2026-05-19,AU,2.69775457664381
2026-05-19,CA,3.55002117234836
2026-05-19,DE,3.73226521266315
2026-05-19,FR,0.664347595288861
2026-05-19,GB,2.72943587578691
2026-05-19,IE,2.22897620187456
2026-05-19,US,7.24221148999322
2026-05-19,JP,2.44386774528521
2026-05-20,AU,2.65610125362323
2026-05-20,CA,3.56026064562258
2026-05-20,DE,3.77157256362326
2026-05-20,FR,0.67995233261369
2026-05-20,GB,2.72758305495474
2026-05-20,IE,2.21979248526817
2026-05-20,US,7.21664006965229
2026-05-20,JP,2.44804860876348
2026-05-21,AU,2.63687177186293
2026-05-21,CA,3.54380781691839
2026-05-21,DE,3.70173847244251
2026-05-21,FR,0.671143273301091
2026-05-21,GB,2.69958171784455
2026-05-21,IE,2.21153112653446
2026-05-21,US,7.19773184650072
2026-05-21,JP,2.45052899601918
2026-05-22,AU,2.64850810534983
2026-05-22,CA,3.52435752841738
2026-05-22,DE,3.62995569276346
2026-05-22,FR,0.677175874396371
2026-05-22,GB,2.66819660880108
2026-05-22,IE,2.19640391834884
2026-05-22,US,7.1842454506649
2026-05-22,JP,2.45031755924372
2026-05-23,AU,2.60611282420306
2026-05-23,CA,3.49363260445093
2026-05-23,DE,3.53826316624934
2026-05-23,FR,0.6720503870152
2026-05-23,GB,2.61290944873205
2026-05-23,IE,2.15876824910563
2026-05-23,US,7.18001598915649
2026-05-23,JP,2.46839323164978
2026-05-24,AU,2.56056404963375
2026-05-24,CA,3.49442103750412
2026-05-24,DE,3.45944683430035
2026-05-24,FR,0.669827878036045
2026-05-24,GB,2.56819826006264
2026-05-24,IE,2.14050029377891
2026-05-24,US,7.15689914672174
2026-05-24,JP,2.45810780580193
2026-05-25,AU,2.54601106009796
2026-05-25,CA,3.46743057886631
2026-05-25,DE,3.46998226645927
2026-05-25,FR,0.67485275744677
2026-05-25,GB,2.53156683067797
2026-05-25,IE,2.11306380719048
2026-05-25,US,7.14082505245775
2026-05-25,JP,2.5396654513461
2026-05-26,AU,2.49876074201547
2026-05-26,CA,3.46883434373206
2026-05-26,DE,3.41608438846068
2026-05-26,FR,0.646364792785226
2026-05-26,GB,2.4750883748462
2026-05-26,IE,2.07303942506243
2026-05-26,US,7.13795152218661
2026-05-26,JP,2.60500936822351
2026-05-27,AU,2.50682004828269
2026-05-27,CA,3.44306586084891
2026-05-27,DE,3.37582469474358
2026-05-27,FR,0.659781440850268
2026-05-27,GB,2.46964302908791
2026-05-27,IE,2.06333097257873
2026-05-27,US,7.14884965436135
2026-05-27,JP,2.64911554390021
2026-05-28,AU,2.5175200489731
2026-05-28,CA,3.4541521629236
2026-05-28,DE,3.409874650974
2026-05-28,FR,0.693187066170658
2026-05-28,GB,2.49456021610551
2026-05-28,IE,2.08331390719092
2026-05-28,US,7.15670723526977
2026-05-28,JP,2.66551788665283
2026-05-29,AU,2.5301093723326
2026-05-29,CA,3.45497742160045
2026-05-29,DE,3.43020860220884
2026-05-29,FR,0.703280344131945
2026-05-29,GB,2.50877960009587
2026-05-29,IE,2.08879816184157
2026-05-29,US,7.15361380520732
2026-05-29,JP,2.67105620704483
2026-05-30,AU,2.5398544755624
2026-05-30,CA,3.45380418591999
2026-05-30,DE,3.47080850621967
2026-05-30,FR,0.712591288528196
2026-05-30,GB,2.53412952532819
2026-05-30,IE,2.09982613339816
2026-05-30,US,7.1585323235533
2026-05-30,JP,2.65511337734681
2026-05-31,AU,2.54636076160811
2026-05-31,CA,3.47332240248439
2026-05-31,DE,3.49887356821013
2026-05-31,FR,0.715666364406743
2026-05-31,GB,2.58097812224601
2026-05-31,IE,2.09724704148451
2026-05-31,US,7.20050270704253
2026-05-31,JP,2.62659908430228
